peak_id	target_group	log2FoldChange_vs_all_rest	padj_vs_all_rest	mean_log2normcount_all_rest	mean_log2normcount_Basal	mean_log2normcount_Her2	mean_log2normcount_LumA	mean_log2normcount_LumB
chr21:16022580-16023081	Basal	5.4051202768575	1.83536390855487e-76	2.38826987836237	4.29590992508196	2.76804282569905	2.36341400903112	2.45752435511627
chr8:78052458-78052959	Basal	5.371477108281	3.13340043557373e-55	2.18036676011179	6.06671023742909	1.38672798347666	2.9749555686468	2.64342630588328
chr8:78051910-78052411	Basal	4.80980365343433	4.92202848859376e-58	1.78993591824937	4.60697393908643	1.57711151389471	2.5581572613424	1.89644897952758
chr22:40989257-40989758	Basal	4.45945535069453	3.86987045360896e-79	2.86642381137876	5.84555033345552	3.85036612758852	2.78190743214743	3.3042437347303
chr2:835042-835543	Basal	4.31585671106924	4.69372104836182e-31	2.5045061128844	4.62138954782362	2.45868862057777	2.79717715846925	2.54134884137071
chr7:63826704-63827205	Basal	4.31267890529077	1.14626778143476e-16	0.660096196022318	2.04107846459416	0.765750789003248	0.652653284587237	0.534234436090801
chr10:36823961-36824462	Basal	4.25464015086617	5.5696589850614e-51	2.27730956846824	3.80519344976927	2.10261048603349	2.33392115999417	2.38737228729238
chr4:189822547-189823048	Basal	4.16811377951779	2.28898115323784e-41	2.61173746173938	5.08726452882952	2.16871529147629	2.82606638039813	2.67882725777576
chr20:54156914-54157415	Basal	4.10732820087147	2.73181363770533e-63	3.1857173506978	6.0180501530289	3.31190495490639	3.32288917325655	3.274737479891
chr13:60676706-60677207	Basal	4.10545887553511	1.62217728571393e-41	2.66856898002244	3.79113468056356	2.17634995295438	2.74742978430585	2.47132474183089
chr3:194146622-194147123	Basal	3.98409686268017	5.77611488578649e-70	3.45690376313149	6.11258681437705	3.91630532370971	4.53990531105609	4.21564810838484
chr15:100325605-100326106	Basal	3.96259263271875	2.46140577548314e-54	2.80653965410183	4.30155561750913	3.29284589986789	2.80137515117286	2.88055260314055
chr8:85400827-85401328	Basal	3.92267685822561	5.68312085900837e-44	2.61772229421754	5.20446417484017	2.96454814233378	3.12438268129036	2.66698773008379
chr17:15675903-15676404	Basal	3.89361436893468	5.43812453503802e-36	2.14776881133803	4.84096247627949	1.83286956791336	2.15308677232401	1.80917842933073
chr10:129761906-129762407	Basal	3.87235550955753	5.12250034249203e-53	2.99011041663083	4.64264834661629	2.8955663085034	3.28196920021522	3.14873895181676
chr11:37025121-37025622	Basal	3.85541907039268	2.57860903456884e-40	2.55139641569061	4.37532801525515	2.43071122819635	2.4290510051427	2.44789544991881
chr11:98092388-98092889	Basal	3.84442695304315	2.57210890465089e-33	2.34238569091002	3.69267292435213	2.03073860677651	2.49294234176499	2.39881099037315
chr10:29262533-29263034	Basal	3.81602127315172	2.1047380003164e-56	2.47774451178569	5.12917328746716	2.79842699991846	2.95947529424389	2.79331443628682
chr18:4903593-4904094	Basal	3.80926622836938	2.3790726278344e-37	2.22932243668876	3.84896161357116	1.89726787850868	2.46393160717165	2.21699295651625
chr6:125367964-125368465	Basal	3.801806905519	5.35057132990161e-49	2.29029585019232	4.39135424291417	1.88082709534463	2.55110747324535	2.24147769857873
chr7:6919643-6920144	Basal	3.76155191354981	9.24876559608292e-62	2.5215096937543	4.18918091609501	2.07833422699442	2.22147667809424	2.47049259110899
chr6:21514813-21515314	Basal	3.73860560995258	3.46505641514096e-48	2.72464681181239	4.70831319750512	2.67988780737694	2.83565013724405	2.6585132160873
chr13:64396877-64397378	Basal	3.71745614403295	3.09776856081697e-36	2.71030152845192	4.652878891195	2.33334804776523	2.55872806412649	2.55012042956254
chr6:81994627-81995128	Basal	3.70989969728117	1.31712094950588e-45	2.86030873433738	4.52320646488962	3.01225369092389	2.76406626637595	2.67337420943188
chr7:149890716-149891217	Basal	3.70986679206353	6.57957318507234e-18	1.55770407297829	3.17316592396589	2.55093036827928	2.08118308145432	1.9404661143406
chr2:159240674-159241175	Basal	3.70032139422569	3.59688745503077e-99	3.44878419827241	6.04634139961921	3.3784748023331	3.49193066626388	3.56210785011574
chr11:118862684-118863185	Basal	3.66137239984234	9.18433795650835e-69	2.65402122584077	5.18432284985598	3.33766687739724	3.33764607578279	3.03726231062328
chr6:23719870-23720371	Basal	3.65845202907037	6.05748842796672e-52	2.68101150519562	5.3650657327941	3.25800281273415	2.75450745779661	2.88341462303429
chr2:53373265-53373766	Basal	3.65733718935824	2.224312041942e-20	2.51376659047713	4.67635288695547	3.42769527659879	3.28842673597871	2.80715220400283
chr5:14081757-14082258	Basal	3.64666464833026	1.4412695765139e-42	2.83032863662573	5.24154908244455	2.74148467792336	3.26484903257749	3.08603791663121
chr6:19161343-19161844	Basal	3.62347950284142	4.833439585167e-33	2.33972551164519	4.26643710453497	2.45814269920308	2.72108105530465	2.71623628305488
chr4:73279967-73280468	Basal	3.61809102202123	3.77672478551952e-64	2.54666900167371	5.21930610796163	2.76505856283989	2.86792673988043	2.75241490363657
chr9:125090867-125091368	Basal	3.6172581266642	2.23284483657448e-67	2.52754685702883	4.8422943569196	2.55026912235319	2.61515659318013	2.66069304199086
chr14:97791893-97792394	Basal	3.58747042450866	1.27154987788016e-35	2.45432043826585	4.89338432629974	3.45045573504407	2.75596623973073	2.73479642039711
chr10:123554563-123555064	Basal	3.57361771667988	6.97612445182073e-40	2.67297896329494	4.05742511596482	2.76824450736958	2.76665718983669	2.77552764814809
chr8:107358325-107358826	Basal	3.5700351060458	5.0944922730059e-37	2.78869390403022	5.51602068874372	2.28056860953859	2.96451659630183	2.89146406187885
chr1:175367896-175368397	Basal	3.56876440562585	7.78981538670909e-25	3.03274592393525	5.28853005030642	3.74330926895182	3.31407865332109	3.4057221397777
chr8:51358682-51359183	Basal	3.5680070426483	9.05452980558925e-37	3.24997822053443	4.66527912060384	3.27718114811923	3.44712451360971	3.35751777306889
chr13:95529312-95529813	Basal	3.55584541726168	3.06306388612465e-38	2.7990226599309	5.43498836298063	2.67492478646493	2.81919428335685	2.45874232310394
chr8:132029777-132030278	Basal	3.53120898489316	1.4412695765139e-42	3.02096585974944	4.345989286677	2.98759075766872	3.28185987149017	3.09422319771741
chr1:233858721-233859222	Basal	3.51047249036483	1.61716387313897e-40	2.53427762813621	4.43185795219338	2.50096831844861	2.80592334287036	2.67461093862452
chr1:246034454-246034955	Basal	3.50693347634649	3.60915729425259e-45	3.35984658543594	5.7683580236185	3.83352430337934	3.62652517998634	3.4008404577184
chr8:81809618-81810119	Basal	3.49723508726149	2.21954342410324e-50	2.86261684651394	5.98362397143428	2.83074822231886	3.15068282283729	2.86521183697029
chr8:132505922-132506423	Basal	3.4957617509062	2.83884593755408e-39	3.1031107965631	4.94245811761234	2.87508924714557	3.06218179678694	2.96043126840644
chr18:50487217-50487718	Basal	3.48131994689562	1.09927854074367e-42	2.39092697509406	4.33957459924926	2.02335907458261	2.86672522161861	2.51675469921184
chr7:129059676-129060177	Basal	3.47899848855248	2.6029311252727e-56	2.87225078581163	5.19317114227849	2.82493835090363	2.81668086348964	2.95408758112685
chr6:131148821-131149322	Basal	3.46957281963458	6.18889818959775e-44	2.45462608061771	4.62149429755368	2.05832516738737	2.54417051465154	2.27479164525199
chr1:53639986-53640487	Basal	3.46206881466766	1.84691463169969e-44	2.96911790790167	4.82810101247687	2.95637048165103	3.05085460103899	2.8264617954269
chr1:246033901-246034402	Basal	3.45604486604688	8.30857431963806e-50	2.81114512016573	5.13874595174153	2.9153668360601	3.28367632216973	2.8983894052586
chr9:105428851-105429352	Basal	3.45304158196066	9.52093219798536e-47	3.0532554649095	4.92501501428813	2.17876547000283	2.83893996303492	2.65793502201316
chr11:126579662-126580163	Basal	3.4341161983297	2.12014427248705e-41	2.5868737274173	4.56113190345838	2.46564176906074	2.4812303929555	2.459964428624
chr1:223851025-223851526	Basal	3.43382218940455	1.15558760795892e-24	3.24832441002731	6.4361265478498	5.63603819787058	4.5417503390853	4.07548690701818
chr11:126580354-126580855	Basal	3.41103348242517	9.53543686380515e-47	3.2267948453972	5.2470958304999	2.82811316767149	3.29731615611136	2.89458616759187
chr4:187285749-187286250	Basal	3.39935329496561	1.5348258456427e-34	2.302218853345	3.90732902583377	2.1008481368589	2.607115277989	2.62513132553729
chr19:20577061-20577562	Basal	3.37471608367876	1.61103604337588e-13	2.12028380199281	4.93959574801827	2.69269252794	2.5942615954878	2.51324574278586
chr3:129701134-129701635	Basal	3.36298752403297	9.57693769475879e-40	3.06556468009412	5.45611079338702	3.11982482956286	3.09679425133527	2.95164193301949
chr2:15155956-15156457	Basal	3.35893802383377	1.33416882637098e-28	3.24720210131002	5.3856114625449	2.90133814888255	2.92257385292087	3.07902010671525
chr1:150719759-150720260	Basal	3.34501844110391	1.05109159736803e-50	2.65515544401617	4.89163934760742	3.03872821281474	2.76647054260573	2.85592885102811
chr8:116329716-116330217	Basal	3.33982862429374	4.06946216873699e-40	2.49269856363936	4.74137550581629	2.63329820262899	3.11026751741247	3.21174169179454
chr1:223140477-223140978	Basal	3.33310125272023	1.34912262169668e-36	4.4753542021645	7.60006725701884	4.82730342430415	4.9644137503734	4.92228432133916
chr1:148324997-148325498	Basal	3.32779131347059	1.6334429355413e-29	3.34123105076722	5.93258640856381	3.55459907298767	3.3876065989762	3.32061307106262
chr1:238164873-238165374	Basal	3.3219350402498	1.0004154543403e-45	3.28040382983296	5.73628881662981	3.12304890311644	3.4057026736193	3.57442489752349
chr8:63364054-63364555	Basal	3.31973761059016	1.95566702366579e-27	3.01833944231939	4.90073819497435	3.51267898208737	3.36560827356036	3.09511189266077
chr16:17429125-17429626	Basal	3.31069051794218	4.77685507672947e-49	2.6510223463402	3.99890120091056	2.20627050632965	2.84338153971035	2.64032682164016
chr20:38339938-38340439	Basal	3.31057970349884	4.07379187298436e-37	2.93621844466001	5.00085944982915	3.75002223405684	3.28933684517597	3.07349433139036
chr12:42901936-42902437	Basal	3.30757797379791	1.82716856556669e-20	3.17951444060975	4.94640694467069	3.35607280144549	3.13702526772676	3.14720450344782
chr1:175369670-175370171	Basal	3.30582017996907	6.17827398360756e-21	2.83068246356515	5.00144378935416	2.76010697326233	3.25503795065058	3.24993282894355
chr6:24376188-24376689	Basal	3.30552756357136	7.7105357485899e-32	3.1969389931417	5.02778854276849	3.65291885335748	3.13336500926328	2.81366279555981
chr6:41623385-41623886	Basal	3.30191803256107	5.95837217171714e-30	2.83049380618138	4.52550464693975	3.96684513544867	3.73141175156469	3.43769488035486
chr7:6913496-6913997	Basal	3.2989816325304	2.13427388687037e-46	2.51201865375325	4.17941625626057	2.23496942914729	2.42655930072222	2.06915757554471
chr19:14906680-14907181	Basal	3.29368274317576	3.14591035044411e-29	2.48171032396182	3.42553623783551	2.03271124524254	2.49770970731506	2.3373142651879
chr8:48884696-48885197	Basal	3.289103213406	1.44993047240465e-16	2.78556508417544	5.64649683125805	2.11089740681613	2.7749107343568	2.47100962073841
chr8:143685729-143686230	Basal	3.28488728985772	3.87995459367933e-66	3.68948733265441	6.32089159911224	4.47332027840053	3.98897292231302	3.9580903277118
chr2:118843625-118844126	Basal	3.28446482037481	1.43961211555146e-27	3.38246283085259	5.89465662196322	3.38412546708519	3.5878871692826	3.4107885720907
chr16:70324944-70325445	Basal	3.28222273621003	1.30076201317349e-38	2.92842523546029	5.13975045880875	2.8368832358472	2.81462313784018	2.71867450813324
chr13:100086037-100086538	Basal	3.28007471295627	1.73161905573882e-23	3.84205703789131	6.10393000272033	6.82799660426373	4.50202792630368	4.49922475778134
chr15:26538530-26539031	Basal	3.266262249717	2.53747654692469e-32	2.10113192851914	3.6616187793001	2.03229708258487	2.00355034774418	2.06104052351822
chr2:70885778-70886279	Basal	3.25907617974811	1.0616721265149e-32	2.52865900482495	5.2999349171725	2.79642595824333	2.84181686469804	2.5186744728943
chr15:27931998-27932499	Basal	3.25897179233686	1.27632454816093e-24	2.57668427167494	4.63712031523407	1.9951733465985	2.71592797696636	2.45707350770981
chr19:37476195-37476696	Basal	3.24723400904868	1.04202727689213e-48	2.33859441133744	4.15707951009492	2.10930692775342	2.4501917968266	2.4466644248004
chr3:125970146-125970647	Basal	3.2466389576852	3.79955236098441e-49	3.37989827329486	4.89078732050179	2.9926797089217	3.14804871453767	2.97188184635887
chr10:12890940-12891441	Basal	3.24050229419836	1.74267438337529e-21	2.3665527625607	3.73750517085307	2.31969202907449	2.54694704307313	2.61451973086285
chr20:16129298-16129799	Basal	3.23338258529383	2.13992471315799e-18	2.97868724111989	4.63532430500427	3.15257098844548	2.66787879676381	2.91836824290253
chr17:71018784-71019285	Basal	3.23292729733358	6.26662059642532e-33	2.12714144126337	3.49820886641101	1.74555191456603	2.54628739013805	2.26599110682053
chr8:127552777-127553278	Basal	3.23283287996686	9.90752205739509e-21	3.38340279221173	6.29134019234757	5.04600349359041	4.88776833924552	4.63360279508791
chr19:22878885-22879386	Basal	3.22897289552813	3.15293227140535e-31	2.42794724796788	3.67326389605275	2.35969080503727	2.53533921198343	2.29804746776016
chr2:75700674-75701175	Basal	3.22860153310378	1.02138830812616e-55	2.96633726602808	5.16533511183782	3.35727887867807	2.91332718807903	2.65614419606136
chr1:53675666-53676167	Basal	3.22353015542522	2.38866411613859e-38	2.87130086216806	4.3204055267693	2.87398744854852	2.8966739563168	2.83419465565224
chr13:61166132-61166633	Basal	3.21089626794857	7.84910748802928e-34	2.73667913822911	4.04431253548288	2.67340422595035	2.93768021914295	2.78052600137637
chr16:13777709-13778210	Basal	3.20197679331816	8.30790068520263e-33	2.76029681053149	4.46529286604086	4.03289078048687	2.97014279096884	3.29548100449655
chr6:33086298-33086799	Basal	3.19625942362111	3.65040948462299e-25	2.47693232272279	3.85913102145919	2.11653601206061	3.01335190884414	2.24822951552838
chr7:141616620-141617121	Basal	3.19604600570654	7.03609468278276e-31	2.6495993273024	4.1096284284856	3.52721914941533	3.29224074184227	3.14339185217499
chr1:238959422-238959923	Basal	3.18826476561164	2.88363474615585e-39	2.73991559780672	5.19976909819529	2.44451583131452	3.05553664439763	2.73352800746187
chr15:21516094-21516595	Basal	3.18259338493025	2.90416643035902e-06	0.672442655426433	1.69380766185902	1.42798917893365	0.618509758369391	1.08996165285384
chr18:31074946-31075447	Basal	3.18122065578359	2.63890420370334e-26	2.94855695545995	4.47714279807492	3.01880469897431	2.94725644026226	3.11933727756161
chr1:218643178-218643679	Basal	3.17589822168817	1.91571401420702e-26	3.01376360062759	5.71267724908148	4.19002780074209	3.46412037880626	3.59640493590064
chr5:35404654-35405155	Basal	3.17282684089108	3.78405822810978e-18	3.32328966438395	6.49699120829347	3.81393374560071	3.24895259962692	3.22589008030416
chr6:18652798-18653299	Basal	3.16169604803781	2.29501267030706e-32	2.48036622236342	3.88084728370108	2.21198597327941	2.64147127206156	2.58008154381046
chr19:21907413-21907914	Basal	3.16031991582733	1.49463508653671e-34	2.88155609616579	4.7849382205202	3.1521491717502	2.8162528965832	3.0750353671594
chr6:14408493-14408994	Basal	3.15493805486239	1.50087823413556e-32	2.87565652110645	4.63155971199529	3.22231641992766	3.30776852398139	3.11557761460012
chr10:29250000-29250501	Basal	3.15416090398579	2.23608059698062e-18	2.8036032160705	4.682150250195	2.54376044473616	2.97632081451471	2.85718531382782
chr4:126492036-126492537	Basal	3.14918951717333	2.18567036231398e-28	2.78480921849791	4.89231561101495	2.53567291334439	2.83125919884056	2.89184395537407
chr11:71256060-71256561	Basal	3.14354468336647	1.21971478952426e-27	3.8852071467864	5.90829157822475	4.58376514552116	4.33348221277085	4.81970518783262
chr3:175001697-175002198	Basal	3.1407030896527	2.156126529754e-32	2.93346432491961	5.5411707459706	3.2685482608514	2.87425148945577	3.19350480623689
chr18:24721909-24722410	Basal	3.13880732008195	8.23266045567331e-33	2.44119909016445	4.09565082415108	2.12480429406392	2.42245714407827	2.39544922196943
chr21:39728948-39729449	Basal	3.13428786746811	1.35268876434376e-46	2.75396406995246	5.31036449707072	2.70133266716248	3.24912841197156	3.00638991268902
chr1:191805579-191806080	Basal	3.13080270411895	1.31627746157978e-20	1.80797150782582	3.32379527590236	1.36465280511782	2.07736560269989	2.10393488625065
chr8:115803574-115804075	Basal	3.13044108198708	8.1070718553662e-20	2.50826740331543	4.40691243920482	3.2956559603232	3.62939192830729	3.67949730364553
chr1:147752372-147752873	Basal	3.13024573672065	6.70114743037636e-32	3.14293470272947	5.31456468658601	3.05009411311608	3.37680965622864	2.99727939872143
chr7:41559402-41559903	Basal	3.11650770146456	7.4734129921874e-22	2.23442991738365	4.79356280413049	2.71840793770764	2.20220166562087	2.36148647139236
chr3:135526807-135527308	Basal	3.11530784875138	9.23226945418351e-20	2.62887379830714	3.24839463472172	2.17973052716686	2.61515853678118	2.85617987033685
chr2:30181285-30181786	Basal	3.11338932648374	2.21028548588406e-38	2.98912869143617	4.87522904007108	2.80203547957414	2.84221590635895	2.851208965282
chr18:24286592-24287093	Basal	3.10534922405321	2.47633099333791e-36	2.44493026598332	3.93243024993986	2.27055732964679	2.69115787047506	2.52760470251011
chr13:100313301-100313802	Basal	3.09740233620269	2.34496429408738e-40	3.00908801683519	4.80254756376561	3.50583595362184	3.00116460370219	3.18089430173839
chr6:15243274-15243775	Basal	3.09377476113222	3.60915729425259e-45	4.53116136075108	6.60941211021563	5.25352934122826	4.9790736697274	4.9740246468463
chr4:189035608-189036109	Basal	3.09142651748764	6.44590050718426e-26	2.58472456350131	4.44962127658351	2.36787546297206	2.67102187522672	2.67207082471834
chr17:8576853-8577354	Basal	3.0905590508356	8.8945136714044e-48	2.70093878382426	5.00225285329711	2.45325939418244	2.86299953472412	2.71871727472
chr8:116169838-116170339	Basal	3.08931576391728	3.97938677713866e-25	2.92899447483923	4.99992122223781	4.38735134723134	4.10897497414461	4.18876756631364
chr8:31399528-31400029	Basal	3.08471118763029	1.65055012626097e-18	2.58157418632803	3.98705064655704	1.99393775095488	2.82336034428911	2.5791848136884
chr8:63439367-63439868	Basal	3.08270537883407	3.30165579821857e-33	2.36587287196435	3.60596012985086	2.01615063910226	2.26610565345526	2.39650220885689
chr8:74988714-74989215	Basal	3.08206397208573	2.12585975558337e-20	3.12750179163313	4.30707439658405	2.3796403315712	3.58769497787323	3.39795237348045
chr6:111936895-111937396	Basal	3.08198178005978	4.50398960266523e-35	2.7782341186437	4.23941457502458	3.08561465702433	2.69908290942152	2.58682214355361
chr16:14245644-14246145	Basal	3.08023397759746	2.34496429408738e-40	3.17294853724318	5.24997509093434	3.45134558808164	3.73105366615669	3.73537840661557
chr8:132446502-132447003	Basal	3.07464375791063	2.74852965563932e-24	3.24333352052364	4.9307871196054	3.31644732569773	3.73680561933033	3.25137701582866
chr8:97475464-97475965	Basal	3.07230259134856	1.07797034147168e-30	3.24988258757228	5.70741238462506	4.32100728163499	3.48235691440992	3.81831661645328
chr6:24376855-24377356	Basal	3.07167920352748	1.32451291361917e-28	2.71652985667447	4.28023111612671	3.88214515808366	3.07808636260654	2.8837539635666
chr7:152814395-152814896	Basal	3.04733199516155	5.14882694494494e-27	1.79967411407088	3.53130811935825	1.39882779536663	1.52021197574772	1.91695076525921
chr8:55969573-55970074	Basal	3.04290385980397	4.09472120516898e-42	3.36141797046545	5.1952242229576	2.84803282676105	3.43007105715225	2.95752906182445
chr12:69019655-69020156	Basal	3.04110452921747	1.31957983988403e-31	2.65125588312188	4.55194449312363	3.94822775940914	3.29776890007299	3.0800931749405
chr15:72182057-72182558	Basal	3.0371179100926	5.36376835894928e-38	3.5509350845883	5.76531528537539	3.89860753668339	3.87999502297962	3.58969402077756
chr6:165940369-165940870	Basal	3.02335951270579	1.78616346224883e-16	2.99365568411401	5.18488109116959	3.44577753635878	2.96088095815502	2.68916265571611
chr16:75558627-75559128	Basal	3.01850108057828	1.4412695765139e-42	3.68598391947511	6.0214926155968	3.23631109977653	3.46916264895087	3.34922929730983
chr19:37730035-37730536	Basal	3.01589625612244	5.02049107859181e-14	3.00369900035639	5.57347245704154	4.26959707125011	3.14241916890903	3.72573947222294
chr2:4809412-4809913	Basal	3.01214011916651	3.53762439371132e-26	2.40880614196417	3.36448717119823	1.70375937899738	2.61437113516613	2.44130058469611
chr1:161078989-161079490	Basal	3.01210048175193	7.06572531886684e-28	3.56601962277287	6.15464420227476	4.51124396120071	4.06062113812932	3.97644016695209
chr14:20729451-20729952	Basal	3.00598361306904	3.1545558013099e-47	3.25950749092224	4.82568179739994	3.08300844477695	3.26581024868092	3.28946797313207
chr21:32846052-32846553	Basal	3.00449516352044	5.99239981414929e-31	2.71491655585017	4.53503995987481	2.85865624199673	2.56516277584744	2.79241266542636
chr2:216429829-216430330	Basal	3.00309373522077	1.77511642886142e-45	2.92797704725928	4.511227126679	3.04273219391346	3.00307456494982	2.99678807601634
chr6:125368623-125369124	Basal	3.00166269983496	3.031935733175e-26	2.08624212114177	3.79717091946422	1.79096287413506	2.46200703779642	2.06516160703128
chr11:71256638-71257139	Basal	2.99318329180732	6.32307545305929e-30	3.49419701844914	5.17685369357226	3.90343982006416	3.87275894609679	4.39472874345017
chr2:8399719-8400220	Basal	2.99058796580227	1.22331827490355e-18	2.85898678869283	4.01744588268862	2.38274176182591	2.703860307359	2.73580493187783
chr20:51876677-51877178	Basal	2.98280534887645	1.26397359881312e-21	3.01133374049131	4.23697939426803	3.4622640611586	3.00500404213901	3.1642115978697
chr6:15220775-15221276	Basal	2.98013110562662	1.82636560313698e-39	2.81529682042838	5.16617768152387	3.71476481775858	3.31132635487236	3.41317915355319
chr16:23298483-23298984	Basal	2.97660076686036	1.57716760333462e-15	3.09652864018342	5.06687157166879	3.09716559445711	3.80770245829277	3.55509472118657
chr15:89022564-89023065	Basal	2.97654574185023	6.52747151471599e-45	2.99497097615992	5.48076828906383	3.37877418219145	3.44843410487653	2.93471889619575
chr3:36129718-36130219	Basal	2.9722100068052	2.6613414035206e-31	2.58135215199543	4.75094627189792	2.49691699957097	2.90856640782923	2.81107484734578
chr6:163577025-163577526	Basal	2.96438974802001	1.85823705787878e-21	3.72890505924914	6.20602665906108	3.28911036769956	3.6899140383792	3.30255655170778
chr8:80204035-80204536	Basal	2.96151560513399	1.75272129869893e-36	3.67985244960896	6.18053954403381	4.47493817773319	4.00252313335321	4.15582397518117
chr19:24184887-24185388	Basal	2.95730876031053	5.98057758082133e-41	3.01023882580787	5.10423951218766	2.96336142477564	2.90970686617355	2.90746418854343
chr17:72054745-72055246	Basal	2.9523596140017	7.20107775014418e-36	2.77640239060525	5.19986247206175	2.1646680589274	2.99709718820411	3.09790292626883
chr14:72770619-72771120	Basal	2.95110860050865	4.72721172568647e-28	2.66688105432235	3.88050316605681	2.72335269948538	2.54098396646691	2.55637484358077
chr12:21307709-21308210	Basal	2.94954241367345	5.05907028975849e-26	2.52485609279741	4.46297139114025	2.18186956957149	2.38384483033822	2.37309586054247
chr1:206261428-206261929	Basal	2.94738776772422	0.000189433985297697	1.40188394509308	4.42424730451505	1.55576185498678	2.12705468411514	1.86678059286073
chr7:63827335-63827836	Basal	2.94163140366388	1.907106991678e-17	1.59985207063635	2.54267477501445	1.51793341038802	1.22779704057051	1.8535769289267
chr10:121369571-121370072	Basal	2.939907544531	4.22520990847102e-26	2.76240194547298	4.06152372386336	3.28956772787606	2.94400981009727	2.94307960277839
chr1:95474569-95475070	Basal	2.9391032674911	8.44488907639524e-21	2.75480921341215	5.20243921223412	2.16060342039824	3.00858819154089	2.60571334823282
chr13:77463505-77464006	Basal	2.93528001285363	1.09157568388637e-19	2.57925289340533	3.52110924765103	2.34465200925727	2.73545282091994	2.19567053087512
chr9:114205750-114206251	Basal	2.93314514092942	1.64536722047481e-37	3.85374157603835	6.60542523192328	3.68435701413889	4.0983750004953	3.9858310916126
chr1:225713230-225713731	Basal	2.93285054764183	1.83116504599367e-38	3.39832017607419	5.77969460241289	3.87296634708499	3.81756987502661	3.95784942849559
chr7:7405375-7405876	Basal	2.93134495021669	1.42502316380929e-19	2.66833430443333	3.608564052566	2.26874967644731	2.44572358327615	2.60921170207654
chr1:54975643-54976144	Basal	2.92994687504699	1.96680706988647e-31	3.75722987599474	5.96472157002368	4.40896707302737	3.83915060767803	3.99955021976547
chr6:20568420-20568921	Basal	2.92983166397333	1.5737772348261e-41	2.7728745377175	5.15201564390765	2.5535149423416	2.83943011640148	2.4715132823474
chr2:176440351-176440852	Basal	2.92761086862222	1.62021915904113e-27	2.83604609134549	3.90459362998126	3.90143209049035	3.55188461231868	3.48503836401965
chr2:44240127-44240628	Basal	2.92661444812107	1.37508581835891e-35	3.15313926510617	5.56344262539651	3.5051391665719	3.26052692510923	3.19618477539218
chr20:51876024-51876525	Basal	2.92131924120167	1.69915108551749e-20	2.84042145725258	4.02343034012368	2.95183940499776	2.68610952572094	2.84282441838701
chr7:48173916-48174417	Basal	2.91920570597677	2.08361380284632e-17	3.66595863258817	5.28609110855295	3.64173275377959	3.52063289234185	3.2611858453183
chr8:127142385-127142886	Basal	2.91813447038767	1.40748756559718e-35	2.9601431235291	4.85345864997011	3.32058100434923	3.0963914871478	3.16417882371738
chr2:70889359-70889860	Basal	2.9172361453895	6.82065079823517e-33	3.23084210264767	5.55228749883649	3.47704623053863	3.31490724140673	3.30095442899904
chr7:138829291-138829792	Basal	2.91715868732107	7.22516387083215e-34	3.37014098292964	5.5519074120153	3.60327567221753	3.39594737737351	3.4742415167249
chr2:19120199-19120700	Basal	2.91211953142872	5.05535855956413e-23	3.11051755395737	5.13560882527351	2.66098177667869	3.54937180629917	3.0687311251559
chr6:42297158-42297659	Basal	2.91130211587239	1.76054545974909e-43	3.19137523777317	5.28137604511754	3.80683083686436	3.43464731187218	3.33762417232669
chr1:66077829-66078330	Basal	2.90994798640767	2.19971571177255e-24	2.4351571480665	4.38969746143877	2.06165113658035	2.5442109627091	2.53173348173971
chr6:19326007-19326508	Basal	2.90914743873189	5.00665548894657e-27	2.97751796409037	4.75229061950895	3.26907601657025	3.73464849702962	2.91592748343057
chr3:125970705-125971206	Basal	2.9074302511322	5.57991056103643e-36	3.04074321116406	4.36548984281498	2.39574523016055	2.95660182606291	2.6998553203564
chr17:72054040-72054541	Basal	2.905209093287	1.66920337571748e-32	2.77259959020269	5.08403415778239	2.28875197529748	3.15574366122254	2.74930397362405
chr2:60563065-60563566	Basal	2.9047285167997	2.07028547995046e-34	2.60953327561691	4.49941865654644	2.16718464417788	2.35311856681982	2.53302801631889
chr4:180377656-180378157	Basal	2.90083559539833	1.55562946365238e-26	2.76777587791463	4.27339239010951	2.61802097720062	2.98185227758483	2.84765074493204
chr18:6483839-6484340	Basal	2.89789991164238	4.20879840120303e-23	3.15450666449655	5.85929853197168	2.99542536561656	3.68095598526164	2.92136289581025
chr6:33496904-33497405	Basal	2.89375833153627	1.18915672951905e-23	2.96118178454575	5.00485073169241	2.78574442840183	2.85459166450612	2.94901492405886
chr11:44345484-44345985	Basal	2.89166959497832	5.97582168984224e-30	3.15299383381641	4.64228459277821	2.68372691528559	3.1534713190509	3.15251326117237
chr10:104905161-104905662	Basal	2.88640397685704	7.85449044447293e-24	2.60758068848191	3.48441818652733	2.28951073925406	2.51996115085662	2.47997010377548
chr2:24683407-24683908	Basal	2.88299822236635	1.05109159736803e-50	2.88686703009129	4.75498177765383	2.99945550695304	3.5010210124531	3.02650735869114
chr3:159080781-159081282	Basal	2.8828566420408	6.07101285610471e-28	2.71536952206203	4.06006304411988	2.79263386712923	2.85508573975246	2.77762101222367
chr3:42992721-42993222	Basal	2.87219016753857	2.18447046448728e-16	2.69552373745004	4.30357321602759	2.21229100362477	3.21181109978175	2.80209800704946
chr7:26244052-26244553	Basal	2.86748162165274	4.54166164637233e-18	3.03337130677275	5.51955301473707	4.7763790205009	3.19795791900012	3.43566719580164
chr4:169927194-169927695	Basal	2.86588393596258	1.79803411889055e-20	2.66332574360632	4.04660108421627	2.74368435140534	2.77166440968401	2.6597145209475
chr5:32472865-32473366	Basal	2.86566034927585	5.92153663164677e-36	3.2022244754396	4.61973150427348	2.8844723354609	3.2616587731819	3.05806455846088
chr16:46858072-46858573	Basal	2.86473016009913	6.16828849615133e-28	3.99124665044866	5.83952426618389	4.27513067255523	3.46143933598716	3.61824306766364
chr1:197221576-197222077	Basal	2.86460148000461	8.34613429475086e-38	2.84974422107368	5.35156147236699	3.43999622664236	3.66373090694141	3.48336124945213
chr6:15223704-15224205	Basal	2.86374297315771	1.30780972621873e-25	3.15436287201958	5.58101490672361	3.31744649119285	3.2979720675431	3.40030324185655
chr19:18797340-18797841	Basal	2.85592267986201	4.64646405643083e-33	3.34852352233659	5.59013229472729	3.97981978969132	3.57028449075167	3.77018319549322
chr8:101391536-101392037	Basal	2.85207569363089	2.74611286833352e-17	3.51453135250286	5.94344730820365	5.3550260762937	4.39084050845324	4.59794458068074
chr20:56861228-56861729	Basal	2.84981643209267	4.95274732532832e-35	3.38457726386823	5.47725729648469	3.67771344154151	3.7965130020867	3.64764819191606
chr2:60261935-60262436	Basal	2.84759016787866	5.10478198484959e-24	2.93646046079145	5.0013463826605	2.83443011068294	2.98218376372608	2.74942135523482
chr3:171612148-171612649	Basal	2.84558322526227	4.27668629951229e-31	3.48575489696004	5.53768226103602	3.48006665652941	3.41737051035	3.18014188745225
chr6:107140557-107141058	Basal	2.84426442746882	1.05703015131009e-11	2.84041107343159	5.39190627534518	5.0792500469372	3.64609384597936	3.63438728886992
chr12:11888004-11888505	Basal	2.84286675550539	2.16418768218128e-59	3.51146940592335	5.5187357143651	3.52152000503367	3.52556056911261	3.68939222998022
chr2:58313920-58314421	Basal	2.83769375103174	1.86217585112977e-38	2.88626961902486	4.87103711617396	2.63207180965187	2.99227014152257	2.95102805384556
chr1:225430244-225430745	Basal	2.83735356524642	1.05561944251937e-66	3.77194621266207	5.87497738725623	3.45201716917988	4.0495052235202	3.74277704087471
chr8:117794902-117795403	Basal	2.82848729343349	1.5222046248591e-32	3.09308426845573	4.92760945844961	3.86872195221774	3.33906979807887	3.28482956305363
chr6:1858157-1858658	Basal	2.826574850061	8.04328704412406e-26	2.72722869902312	4.37538594071624	2.5024873438872	2.72040551085427	2.5294185861549
chr2:70990705-70991206	Basal	2.82106742005195	1.62863958669764e-40	3.4783832206076	4.99804422969946	3.34299204775138	3.66662252432277	3.46724132755574
chr8:46589032-46589533	Basal	2.81872425764158	3.52765394926091e-15	2.97766202758005	4.69614559864387	3.28524417389827	3.31733958845929	3.32007366349283
chr13:94033770-94034271	Basal	2.81731975001604	4.11885166833388e-11	2.89401162284868	3.92943567849812	2.10543376605743	3.00748641175401	2.37102546474916
chr6:21415339-21415840	Basal	2.81490364097814	7.37580077034409e-16	2.55260127860147	3.99189679196077	2.46232237285959	2.85490803298006	2.71813095807249
chr14:64127601-64128102	Basal	2.81489506202194	1.54684125288153e-45	2.72722238011886	4.85622040123414	2.87470747133728	2.68834154011115	2.6342039683727
chr9:97980435-97980936	Basal	2.80850370251863	1.13566636131412e-18	4.11448872226336	6.00530442456568	3.58452271995027	4.06156904574082	3.70655797420417
chr1:26025466-26025967	Basal	2.80794329096783	2.55113466382182e-12	3.55227997047386	5.155910819044	3.35659442765594	4.10980063264209	3.61368142268284
chr6:35790483-35790984	Basal	2.80624707100895	2.56400109527931e-23	3.28789809565186	5.24524329335813	3.99577865507326	3.49632250049054	3.52191737447781
chr4:188219857-188220358	Basal	2.80390013756261	1.1857985096115e-11	2.75062041851277	4.74226230981233	2.49952424360932	2.83595852026124	2.58868543665587
chr2:238500154-238500655	Basal	2.79983889778319	7.85808056117953e-21	2.93831136474229	4.71993561686134	2.93797881305505	2.88330501520348	2.89921318434942
chr2:215340541-215341042	Basal	2.79818377260017	1.23319901114023e-31	3.15981377436198	4.53562841536769	3.28506147021969	3.46889377814796	3.28505022305124
chr5:74007630-74008131	Basal	2.79808913337693	1.98518102578372e-31	2.6524113906682	3.85514492432004	2.2491689972468	2.8590855741639	2.54663197045113
chr8:96596000-96596501	Basal	2.79772420682091	2.91593451083728e-26	3.533546603716	4.85322246663958	3.3233294467933	3.54678480843272	3.68453332033836
chr11:113759416-113759917	Basal	2.79572708609891	1.04074905294799e-25	2.95363364887208	4.83633071820825	2.81298562754978	2.8035667808005	2.58030045884398
chr6:33096258-33096759	Basal	2.79147978443827	4.28980340804548e-36	2.71624057322629	4.36694945633416	3.22115667020047	3.11259782796888	2.87070790189051
chr1:161268068-161268569	Basal	2.79018635653802	7.39021966433524e-40	2.66947024669722	4.20256629048528	2.83553315514259	3.01644693328575	2.85259152275696
chr20:56815130-56815631	Basal	2.7900092418885	2.64056433960863e-22	3.11234961165939	5.6455116588353	4.19666661437531	3.49186758400033	3.77829126559254
chr6:32571548-32572049	Basal	2.78882815504336	0.00209431964805755	1.05093909110287	1.86824262621238	0.843205522741299	1.69808267284613	0.514891274939991
chr13:89673838-89674339	Basal	2.78664591344951	1.81788852261451e-11	2.33067073983685	3.87570206163639	1.75292742561583	2.61751647680218	2.13249794581732
chr19:16400220-16400721	Basal	2.78497571754522	2.37464141410531e-21	3.4534090236471	5.70230299596663	3.42786994748265	4.05284854991572	3.71141019228195
chr13:97721982-97722483	Basal	2.78370951914791	3.28895602738406e-21	2.53376478005851	4.27223878617197	1.83921669256121	2.29626312914916	2.23483442185686
chr15:99184812-99185313	Basal	2.78356329290034	6.70978429187961e-28	2.71357383349645	4.40248079457369	2.48121026727299	3.08505290297244	2.89527826888243
chr3:113351147-113351648	Basal	2.77560341471554	9.86424546209132e-13	3.29757455141479	5.4984090797464	4.03025894253278	3.30270958945226	3.26251265817565
chr8:122344673-122345174	Basal	2.77389738781229	7.92339579013749e-27	3.14668359889099	4.87569275463317	3.15902012220864	3.44893197494425	3.36869556413285
chr10:121351494-121351995	Basal	2.77305265366418	6.42741572940446e-17	2.63202738921138	3.90957715730739	2.7747257814257	2.78499033200284	2.45081575734689
chr5:102751541-102752042	Basal	2.77140160246211	5.50963363051528e-48	3.61174711570891	5.70966718802173	3.26164304740612	3.53825694178732	3.5384873744078
chr3:175511281-175511782	Basal	2.7712812289068	1.16339614979472e-20	3.13707460510234	4.93920307730483	2.9141375528904	3.15502132809488	3.02424745226964
chr10:126429031-126429532	Basal	2.76841263647491	8.13793213057227e-29	2.67670921364243	3.67346309816103	2.54149558074062	2.88076925456855	2.7857581993977
chr16:3041314-3041815	Basal	2.76049979304245	2.79044648790775e-36	4.07611427459816	6.47581490773743	4.48716279969619	4.53409855634027	4.49251652892816
chr1:247046854-247047355	Basal	2.76018373185483	8.20318693930754e-39	3.36734885037567	4.98472796676374	3.43977310308157	3.43212050064367	3.43978137071811
chr18:24361890-24362391	Basal	2.75985348365261	3.45889794424888e-27	2.74669982868205	5.24640642751485	3.42871506904241	3.54328965067409	3.41924089516392
chr8:124568069-124568570	Basal	2.75768545731457	1.31289729097784e-23	3.84340599689437	5.92652576471759	5.23069484892902	5.11770109688872	4.85432181396385
chr18:26494615-26495116	Basal	2.75674418318464	1.60300317410213e-31	2.59843611041731	4.52216358151982	2.53785335305599	2.79937150891917	2.67134528626169
chr2:44766147-44766648	Basal	2.75613330955434	1.26640511217004e-26	2.33369786274341	3.78340395552733	1.90359502032071	2.3703905257379	2.24728723399227
chr2:29775195-29775696	Basal	2.75592250816854	6.54171008404358e-17	2.45691830171397	3.7426777062038	1.91868794767296	2.81994073993233	2.51841702416269
chr1:243007038-243007539	Basal	2.75393593770056	1.36610001418024e-15	1.98971095037767	2.9532921318542	1.58815332983818	1.70000010019985	1.93367481785908
chr1:195518285-195518786	Basal	2.74932788126786	3.36857475876177e-34	2.98535898478633	4.71498141615273	2.82059003437256	3.12965890155473	3.19169855695704
chr8:114890215-114890716	Basal	2.74845579923933	8.153498395285e-24	2.58172954272405	3.50960006381461	2.59187494168774	2.8185997439121	2.99774142649496
chr2:315867-316368	Basal	2.74760969498129	1.74039380887344e-37	2.982169541372	4.62104342310466	2.6058427988041	3.06379761846758	2.81347295692868
chr1:200875157-200875658	Basal	2.74488535332966	1.4412695765139e-42	3.46322300275493	4.89330397131147	3.60818483244472	3.59088235257682	3.66752946426015
chr6:134009044-134009545	Basal	2.74407247205812	1.40028840219899e-25	2.87401247277274	4.78507700595951	3.02273664916701	2.70212488945662	2.71630824638395
chr6:1437644-1438145	Basal	2.7408704360885	1.90914505860994e-43	3.59477769207535	5.19726725749468	3.41154847521998	3.71541321754682	3.44890077196712
chr8:66740809-66741310	Basal	2.73934076941546	3.80443994873596e-23	3.18340207109831	4.89559242264089	3.33715696964862	3.98385578793007	4.04448890977265
chr10:8296370-8296871	Basal	2.7364266127058	2.54998791710047e-11	3.09480493259111	4.78866796510834	3.11605968151711	2.87828919662188	3.24942742931366
chr11:96142195-96142696	Basal	2.73273058700795	1.15791408356939e-19	3.20690861182162	4.8669552438217	2.54655439066493	3.22626549051238	2.87742811175435
chr18:21643108-21643609	Basal	2.73195830380509	2.12014427248705e-41	2.70248915258186	4.33056617216333	2.55910207828353	2.65451710799997	2.52590545643833
chr18:48745791-48746292	Basal	2.73039518245155	7.09242849734815e-20	3.55905169082135	5.8849955982492	4.86537512436749	3.74744424340076	3.83076638057101
chr11:37179621-37180122	Basal	2.72806540553992	2.01785076095557e-20	2.55491394868125	3.47444346500008	3.06068111588976	3.1160088766255	2.69697459786751
chr12:5221409-5221910	Basal	2.72788879131939	4.05000315997253e-22	3.17378802783985	4.22102712772116	2.90106374236138	3.14704641590903	3.06713210404852
chr1:149793593-149794094	Basal	2.72582264478418	3.08485422856272e-15	3.77981622707275	6.26796155749253	4.56062844557226	3.89652805314629	4.42544821073724
chr15:99102061-99102562	Basal	2.72437195436481	9.46516114953644e-33	3.57012023321351	5.19632996457484	3.74299996536795	4.40836489562904	3.75621624855586
chr1:54685283-54685784	Basal	2.72177069086646	5.00153443883686e-24	3.19399567305472	4.58331833832014	3.17792990055563	3.05137565403451	3.1959927159239
chr2:35339169-35339670	Basal	2.71760356474579	4.1912547390674e-24	2.52803992708287	4.01647013238495	2.73361098978014	2.72349065184135	2.60688642349499
chr20:12630943-12631444	Basal	2.7117868559074	2.69276211256539e-25	2.63169223067194	4.10202959578231	2.29510253181174	2.67550486972347	2.64260565373799
chr1:210394944-210395445	Basal	2.71018472102896	1.61028464438821e-21	3.19924069469757	5.00042205341298	3.47062274655615	4.36277626203549	3.89628494613071
chr7:149109732-149110233	Basal	2.70529984809392	5.67173347338938e-41	2.76461990483419	4.70158502158999	2.60858209147775	2.78283132111224	2.63699969801578
chr4:129341435-129341936	Basal	2.70386045843982	5.43999255229934e-30	3.30956126242101	5.34956637723572	3.13324032271566	3.51480141295976	3.34968607624953
chr13:26835452-26835953	Basal	2.70344065127432	1.59869831234041e-23	2.66357410845856	4.47450602948313	3.03319428407373	2.76553868336006	2.58356475599172
chr8:89900679-89901180	Basal	2.70159017663951	3.06671530262213e-21	4.41691410104318	6.87825711430933	5.81005628167352	4.60609438933494	5.27242457721776
chr7:98009430-98009931	Basal	2.70104555511843	4.70983534634921e-11	2.99156499862579	5.66688017466446	4.50280681150341	2.92240101443837	3.28347456531402
chr1:44332036-44332537	Basal	2.70028906923393	5.0358309686009e-15	3.30511892349077	5.19273154263102	3.34923363306028	3.33766538224688	3.40368584643214
chr8:124698158-124698659	Basal	2.69965409766862	4.35314082679039e-23	3.35626354502557	4.82487205361001	3.30532503865389	3.33640777674594	3.42525935096311
chr1:172296256-172296757	Basal	2.69847591739745	5.28454294812165e-19	3.36755504659142	4.72612209964775	5.06338876309968	3.51542142054759	3.86949381983479
chr3:51535985-51536486	Basal	2.6956400787223	1.81529670695108e-26	3.27327832222153	5.27569794443103	2.91449383024951	3.1410362401741	2.97014837577755
chr6:32247328-32247829	Basal	2.69114817732658	1.10352988164616e-33	2.91326046299279	4.56729453773332	2.41008083164126	3.14238127743877	3.03515536146681
chr2:179038673-179039174	Basal	2.68683889287202	3.17760071219923e-23	2.37973947952932	3.71682192705338	2.02472801397122	2.56676209349157	2.01493027384953
chr6:79823110-79823611	Basal	2.68561060700281	4.37754229628409e-22	2.18604969018098	3.28146320600016	1.79662899680225	2.2873463528931	2.12892748496993
chr1:103295747-103296248	Basal	2.68533926831672	1.22333285977086e-11	2.68884530135272	4.49523919739555	2.68045066227824	2.94126995546605	2.5494381062397
chr8:65944661-65945162	Basal	2.68310648034198	2.79044648790775e-36	3.22014866903896	5.49768026147362	3.45826883690915	3.57576347252376	3.41796860750482
chr8:6134690-6135191	Basal	2.68166788660832	1.66761758567467e-09	2.98513891949991	5.30041591678875	2.53209064145692	3.21672089279422	2.8111638966323
chr1:186321196-186321697	Basal	2.6807313636065	4.80404232076227e-18	3.16970853371326	4.74323075079426	3.72546838879196	3.28964182683123	3.73513875329386
chr6:39638077-39638578	Basal	2.67881686724933	1.4119450406395e-20	2.83443053532908	4.48626099459856	2.97625546353549	2.90500864409201	2.92435158643383
chr1:217227843-217228344	Basal	2.67222273388614	3.31527458642512e-20	3.07230120253744	5.01309666253783	3.98448925852615	3.414011003011	3.47017151543165
chr5:1551169-1551670	Basal	2.67107117218735	4.90053565001657e-17	3.34021671645464	4.55216697158057	3.21542875795691	3.44268300014565	3.47948081726479
chr10:772158-772659	Basal	2.66526867168407	2.03515071201818e-26	3.7572863181432	6.11006095558964	4.16851006495096	3.7571893550513	3.88277004405838
chr1:175382193-175382694	Basal	2.66496949465306	1.37277922126055e-18	3.00016864717034	4.31400946696381	3.50484330315566	3.44411652809405	3.08890261673054
chr2:44774925-44775426	Basal	2.66155189241114	7.64427002872782e-27	3.17391626292773	5.61611793728105	3.67583872086855	3.53565230530934	3.31178937433057
chr7:73303739-73304240	Basal	2.66010669366433	2.12014427248705e-41	3.54497500055958	5.29041450310738	3.71607953797939	3.43413358950225	3.56096849836331
chr6:10517342-10517843	Basal	2.65711715684962	1.77956559619708e-19	3.14966356814703	5.17759068708659	3.37552759605741	3.20762582760984	3.09134013067509
chr20:35612786-35613287	Basal	2.65624595116435	6.46085576835961e-41	4.35134618961844	6.53988612078744	4.59617490281788	4.1069057718203	4.4836031116492
chr10:24012306-24012807	Basal	2.65284436065992	3.47124652094761e-23	3.15436460722104	4.2832229506755	3.44206401724355	3.74767299640355	3.57766865705794
chr18:21203400-21203901	Basal	2.65036542996045	1.12098863197497e-31	2.489433962381	4.00878776913049	2.68319826052701	2.7320033428834	2.55526838010419
chr13:59269393-59269894	Basal	2.64965587548662	4.95874763392215e-13	2.81704801026523	4.76320261451996	2.40187095553699	2.4592742965121	2.62354916866351
chr1:191600250-191600751	Basal	2.64906943975084	5.103079432293e-30	2.46494577896936	4.5404735300937	2.48010170064467	2.93544751400314	2.97948942213755
chr1:171785109-171785610	Basal	2.64625070297797	5.74327463280504e-22	3.75375884317106	6.30781165864976	4.52818492706904	4.32348610496956	3.96218860924282
chr22:29519952-29520453	Basal	2.64191296354664	1.3566528687435e-12	3.33735075797902	5.50994034257022	4.79728349410225	4.38392853600789	4.6254388627826
chr2:66131397-66131898	Basal	2.64178401646897	4.26227944637198e-25	2.58918112694812	3.33688814212348	2.38640545022761	2.58765323387048	2.65407134335936
chr1:226286782-226287283	Basal	2.6405207158931	1.16458348126702e-30	2.81731701665077	4.76907220113587	2.7885500690613	3.15895465226448	3.17212883419642
chr11:126581846-126582347	Basal	2.64049530688647	3.66383833172776e-28	3.24861019296198	4.60727825225892	2.91577982894124	3.18274402859154	3.13546701829374
chr19:40182637-40183138	Basal	2.6376916772019	1.68567024998053e-32	2.84216144666426	4.11862918301046	3.19321171642573	3.02642410105184	2.93759632048458
chr2:96462591-96463092	Basal	2.63545477878602	3.16563375312502e-11	2.52086502728052	4.61761900398161	1.94746196729411	2.10950958139553	2.33138904208605
chr7:10909071-10909572	Basal	2.63397370846132	4.91906776274967e-21	2.70329069082808	3.88379357728278	2.10973494877325	2.80275466189347	2.62195157221836
chr6:35775010-35775511	Basal	2.63303624708936	5.16200056349405e-25	3.1150333480787	5.40479600291402	3.72541127421716	4.11334803918572	3.81448460992774
chr6:35290168-35290669	Basal	2.6313810824179	2.72824153893501e-56	3.71362656983586	5.35386159169975	3.82846730254572	3.96565998597437	3.8189434062183
chr2:38442010-38442511	Basal	2.63032129355984	2.42751389339944e-37	3.59696743921448	5.87106591940962	3.66977587218006	3.63272159783451	3.45557851959231
chr18:51137063-51137564	Basal	2.62771247840433	1.67146600182634e-21	3.44459575934382	5.44054662077156	3.13403846915442	3.03097274120128	3.30396838003431
chr10:23996834-23997335	Basal	2.62766785280361	4.54903071782678e-25	2.42925897478144	3.25816726092814	2.59414498156153	2.53803817183719	2.78366286515489
chr8:115965251-115965752	Basal	2.62587290048844	3.89227260840617e-15	3.09343794454939	5.35342418599171	4.58882649353028	4.30283675715402	4.08611531742456
chr10:7326048-7326549	Basal	2.62315353356722	3.98150376582431e-16	2.90927224255219	3.62365003607958	2.98604508014616	3.06333723845405	2.85071025759008
chr15:84803163-84803664	Basal	2.62185019055853	7.73436537618845e-33	3.70217681002111	5.8863167656032	4.01829309922999	3.95819747555174	3.97572057153245
chr10:7327105-7327606	Basal	2.61934906619568	3.84545580547565e-27	2.60352163045465	3.66451481536016	2.70445909261859	2.84340281647421	2.67838812537787
chr8:100611813-100612314	Basal	2.61687392024739	4.73090645585882e-27	2.66410553144334	4.44756129363354	2.71085789111773	2.94743701471249	2.90132332098957
chr3:57542802-57543303	Basal	2.61621957782838	8.95696187271316e-26	3.07373790466929	5.29854920575336	4.24788674266049	4.06832863666802	4.02223563013272
chr19:8112527-8113028	Basal	2.61591624322956	2.12466030559022e-19	3.00657008274264	5.2850673455058	4.0383133460728	3.34533061508782	3.74547737440303
chr11:66106438-66106939	Basal	2.61558165497965	1.41162750276507e-30	3.68101587173604	5.23554470443603	4.2080272249397	3.76493438222912	4.20746407256741
chr2:161878964-161879465	Basal	2.61327674735285	7.27343279196963e-23	2.32542901344099	3.02590444733337	2.11668855848233	2.5200204885629	2.58683109670771
chr12:4944341-4944842	Basal	2.60992020457441	1.23479976890424e-15	2.9220301997605	4.07481124537785	4.63166418261116	3.32619720305607	3.4010260669774
chr3:175864862-175865363	Basal	2.60527814365372	8.75436730142974e-24	2.95468983033843	3.88147848055931	2.83201835622338	3.0969760710178	2.99569983490301
chr6:26248104-26248605	Basal	2.60449496581536	3.96060909113906e-33	3.62234986349714	5.72984724520223	3.64416576938519	3.73935505481341	3.78466378015335
chr16:86868103-86868604	Basal	2.60448671930796	5.5852733329499e-28	2.93494438198734	4.33386510896844	2.9651817529667	2.98821604982414	2.86975675558968
chr18:26278329-26278830	Basal	2.6014923991399	1.05957000414143e-28	2.67217940580901	4.11826359634209	2.02312145708108	2.73467037909159	2.56784242306116
chr11:43744795-43745296	Basal	2.59987392949029	2.47405509248222e-38	3.29511583716227	4.46303917645286	3.20897940931341	3.23016691474151	3.08712144332409
chr1:8151412-8151913	Basal	2.59702957048484	2.73968613333604e-38	3.56399869446081	5.40240329277613	3.17948191938213	4.02724378689839	3.76853139226481
chr9:7455760-7456261	Basal	2.59685154870671	6.13366526026087e-20	2.74427405823256	3.71791300964349	2.29435688452275	2.26214658011256	2.62346336447397
chr9:81108792-81109293	Basal	2.59448690553186	3.60034242656202e-15	2.45211756580301	4.00494938093398	2.16711382084854	2.28052474930154	2.43775585464185
chr10:123429791-123430292	Basal	2.59414993486483	2.21927326459208e-10	2.95473593980385	4.79780054310072	3.30941275540244	2.94979189642512	2.95594046354662
chr20:10140642-10141143	Basal	2.5910415744108	4.30920611758984e-23	2.82472218596959	3.88065161146127	2.91070929300636	3.32376893781671	2.99936007116566
chr7:65249700-65250201	Basal	2.58867846302515	4.94366791576972e-18	3.4266734482468	4.68764595019031	4.09904974488509	3.96418887110723	4.10787947761284
chr18:25810705-25811206	Basal	2.58866262885506	3.65191621915456e-27	2.81902538446409	4.67021675293382	2.28551569554174	3.39084536703807	2.93213029262803
chr2:19663526-19664027	Basal	2.58724629900236	2.41006924864138e-27	2.41646512152493	3.963041929198	2.1865065938947	2.50824898569854	2.54005185588938
chr6:18629610-18630111	Basal	2.58256060584053	3.13004202971086e-18	2.38098757265085	3.20417510838667	2.496763825102	2.38961873962403	2.385346188444
chr8:115780681-115781182	Basal	2.58234171836615	9.13060219348872e-08	2.890584592339	5.51313312779219	4.92589109117824	4.93381612191002	5.29422281596103
chr8:127370121-127370622	Basal	2.58147846194464	5.66578545109684e-22	3.28930319994224	5.35714109080458	3.89589086568876	3.67829642929264	3.6290094141915
chr1:108813192-108813693	Basal	2.5809141952589	1.08298439227967e-14	3.84118474700975	5.95323464429008	6.01355588728663	4.92735541134222	5.54435043406771
chr19:43599934-43600435	Basal	2.57927778771333	4.97263806285266e-27	4.05792309184313	5.49866802537639	3.95170185412835	4.31351363209725	4.21576244903431
chr10:22110427-22110928	Basal	2.57872711007396	1.38193873105925e-12	3.02233894329958	4.87046062836107	5.54889546107387	4.4128112955557	4.5224767695144
chr2:8540923-8541424	Basal	2.57371864645227	7.96062627827725e-39	4.02461340538903	6.11999530604908	4.9138028694006	4.83845673043549	4.5307949576514
chr8:124837041-124837542	Basal	2.57270446942923	3.70755480727522e-18	3.03955696586175	4.84303568835976	3.07652121741826	3.0521080087612	3.31246799098503
chr11:71434546-71435047	Basal	2.57167902395071	2.69529812718613e-31	4.12191938709948	6.32820269342726	4.88036999178001	4.38034761758569	4.46337568935396
chr6:138815187-138815688	Basal	2.57102817679737	4.88631187399328e-22	4.18517856185655	6.3260021335857	5.61198982953549	4.99665731805482	4.74549206561325
chr9:97316132-97316633	Basal	2.57028086091687	5.76263162719233e-29	3.15485374095323	4.97992125417534	4.01217289153904	3.37386198885735	3.49411423363353
chr8:82432623-82433124	Basal	2.56938445683124	3.60509509170459e-22	2.75616301880124	4.12019926881893	3.08600054705264	3.15342742762549	3.38028894404168
chr10:97450125-97450626	Basal	2.5675078145243	1.5597316828463e-55	3.84306408107203	5.63318668404644	4.57536937743189	4.28287327547083	4.33810339360429
chr1:238961759-238962260	Basal	2.56589127140944	2.16811498702564e-12	2.91212513208605	5.40154388288447	4.58198551076518	3.73679837235222	3.27526483291819
chr2:135464689-135465190	Basal	2.56146334464782	5.51824729683703e-17	2.52606064286837	3.80045213618407	1.94691857885466	2.15136902861286	2.50180982320548
chr1:192724026-192724527	Basal	2.55966117609093	3.20286238066785e-20	2.73273906243117	4.42096543677545	2.5634910817314	2.9491977188815	2.65334655467767
chr1:183208112-183208613	Basal	2.55954849793222	1.4779626765759e-23	3.12008485088555	4.49382849837895	3.04751140514908	3.50023495125725	3.17086029031793
chr6:19835550-19836051	Basal	2.55519515810441	8.41987838253486e-16	3.83055090769643	5.81264274786223	3.31871939131304	3.82217305131322	3.37484957936666
chr15:96020732-96021233	Basal	2.55374601808126	2.15402201479404e-12	3.10968647419129	5.83922007641338	5.09195769608117	4.07397438974666	4.05543834130725
chr10:119136677-119137178	Basal	2.55339743098311	1.58139311360106e-10	2.72678904582787	4.06402633519535	2.58564213534439	2.85353735898908	2.51226880452858
chr4:41315289-41315790	Basal	2.5515501752323	8.09881125901494e-15	2.94961721844578	5.44291149983457	4.31047420697138	3.43089360022862	3.68344660683526
chr18:3349980-3350481	Basal	2.55107256723886	1.00049820468718e-30	2.75035439771476	4.69138925287028	2.61872411088991	3.04479107540252	2.72684324532984
chr2:118837578-118838079	Basal	2.54659962618631	1.14188758488247e-29	3.39712356371144	5.31902361703389	3.20139884952933	3.23734740169942	3.18029489712972
chr10:70698152-70698653	Basal	2.54599308264719	8.32007310424075e-27	3.12570566847021	4.46529922635614	3.28662381494475	3.06955632429468	2.65446885067617
chr1:221246813-221247314	Basal	2.54228035880188	1.58021901193495e-11	2.61299666961267	4.40168941769065	2.41873444258135	2.53847013108761	2.67838464968321
chr18:61797654-61798155	Basal	2.54220040612378	1.87168589921134e-06	2.99560159915212	5.12230734318092	3.73956771625142	3.427333358873	3.33766300124133
chr2:7772537-7773038	Basal	2.53725704391745	1.36675737937068e-22	3.13303473516533	5.30830124783191	3.50406547266268	3.60774959583525	3.30236743053874
chr3:9602962-9603463	Basal	2.53373709777241	9.26419621411163e-33	2.85303150524086	4.50426957979009	3.17225067965458	2.66452825352474	2.72919675151657
chr5:10751650-10752151	Basal	2.53345338252944	1.07411804877234e-29	3.05008882131361	3.50911034450075	2.59111856937241	2.91689550551467	2.83109517045923
chr10:15032694-15033195	Basal	2.53233069588233	1.79699730199658e-37	2.52183513729838	4.47502097825936	2.20659836543653	2.36670260436717	2.41032104598356
chr2:5729416-5729917	Basal	2.53167675585284	4.65304164351757e-16	2.90341589389719	4.26049281396631	3.92500617662187	3.14306113341953	3.04159324984907
chr16:19951051-19951552	Basal	2.52807972231841	7.4879360010663e-15	2.46062283556031	3.85733813235156	3.51488538289964	2.86254135059258	3.25781915267571
chr1:200875890-200876391	Basal	2.52763605577363	2.7919429108544e-35	3.0624653699981	4.58432021081092	3.24595036533712	3.11630866763804	3.18336335784275
chr7:44591203-44591704	Basal	2.52728762605053	5.54903165912758e-19	3.18152825188436	4.87818167511665	3.06202816482601	3.2615961545176	3.14272743417935
chr10:12287011-12287512	Basal	2.52497379220928	2.5848624099082e-39	2.91187355761606	4.99476009155563	2.94490566681651	3.04497819956866	2.90679862574671
chr11:113312756-113313257	Basal	2.52469252140802	8.16635509104584e-30	3.7408721149106	5.32773597974904	4.26920260079089	4.20144117075547	4.2509094991454
chr16:70457416-70457917	Basal	2.52107787670951	1.98045317222505e-17	3.43203861652281	5.21555109554066	2.88375415455593	3.1610466676351	3.1162209549008
chr2:118841097-118841598	Basal	2.51928431123929	5.53304989504792e-19	3.22579403874351	5.0860023019938	3.12132199413174	3.42238533791078	3.09921541735727
chr19:13917162-13917663	Basal	2.51869387937583	7.32723225624122e-41	3.46715599771847	5.18360490072894	3.8029994485591	3.53130138712562	3.60784416610003
chr5:4369090-4369591	Basal	2.51719264090115	1.81559579424197e-19	2.64833086498873	3.94468941903753	2.43108059278761	3.25360099606943	2.79712392428589
chr7:32438495-32438996	Basal	2.51598924890255	1.41332729837044e-23	2.5667619354372	3.9139805801733	2.55830955820905	2.69662522255502	2.4005296764478
chr19:13020271-13020772	Basal	2.51268770688121	9.0738720459004e-18	4.31429921938319	6.54636324085681	3.94253481090294	4.80305640515731	4.06705745794558
chr16:948773-949274	Basal	2.51181010484337	2.4195908863243e-12	1.97105716929698	2.79326319499347	2.61061586586241	1.96173467447489	2.24044738209512
chr7:27491446-27491947	Basal	2.51158157007011	2.26547892877402e-10	3.52438531271451	6.03699448717432	5.20131164775477	3.15775674482555	3.86891735725688
chr6:41506618-41507119	Basal	2.50997823742932	8.50443362957347e-29	3.42638623522155	5.29960142650957	4.19855245533993	3.66235175174741	3.8178732323403
chr19:8547544-8548045	Basal	2.50958624644258	1.75838409609266e-43	3.20608454115021	4.93282439672336	3.66562983587095	3.09463932887063	3.52560878293655
chr1:223521699-223522200	Basal	2.50910651833473	3.37258833852569e-24	3.22456195077962	4.58639662269626	3.61933733861268	3.91913921681195	3.70785958191405
chr16:87057216-87057717	Basal	2.50883223718958	6.54231009595555e-24	3.01860499295599	4.25210441870046	2.92022268427762	2.87165731496116	2.82061077524456
chr6:140494556-140495057	Basal	2.5088264181605	1.32256002847266e-18	2.89378736003768	4.45492284369571	3.63144793476343	3.09859072068018	3.50123670131062
chr2:9971843-9972344	Basal	2.5082050041182	6.84359903463525e-21	3.54134524448414	5.92117249979788	4.3320730066139	3.88972664124101	3.95917304547717
chr9:92160656-92161157	Basal	2.50805312390896	1.28767210683165e-34	2.96312550742169	4.54802509908032	2.8509982532588	3.01856859422586	3.19419803650014
chr2:118815258-118815759	Basal	2.50731986285707	9.90788777354246e-27	3.01125223247265	4.22656496633062	2.79855734281515	2.90652830992059	2.93192857079667
chr6:10417591-10418092	Basal	2.50308056472104	3.05305600190379e-11	4.06135961506782	6.63685312792368	6.23444383947567	5.73927535398219	5.75690117689896
chr21:13255282-13255783	Basal	2.50233403075142	4.4291730006532e-14	2.64916970319066	3.62788109217836	2.53581567139714	2.56851775816628	2.5451324244393
chr19:36116727-36117228	Basal	2.50191204621904	5.76514731527795e-38	4.61004921703877	6.51000989736871	5.32049291462652	5.21658490349179	4.97395911110238
chr7:46493115-46493616	Basal	2.50112186294191	1.5452387826953e-18	2.96544853089023	4.7701225669682	4.09506299928293	3.49364137013984	3.28295679349064
chr10:78648158-78648659	Basal	2.49943661989597	5.26290908172573e-13	3.09804908072497	4.78913988612819	3.31920219202947	3.50536903716662	3.15720828644008
chr3:184599128-184599629	Basal	2.49939916892686	1.58464549377946e-27	4.15985143825587	6.42802572527376	4.63262192367433	4.59060122176476	4.53371803487718
chr1:228202802-228203303	Basal	2.49872413673247	2.09692797635709e-10	2.59487424947262	4.80853253017209	2.28680281230395	2.72476212810932	2.64682699580451
chr20:1891317-1891818	Basal	2.49867499963603	2.66953035307357e-25	3.86426126975197	5.64274593275798	3.32002512938489	3.78058009740714	3.55963763959219
chr2:96414867-96415368	Basal	2.49813668006392	4.76682009035891e-30	3.07852727969378	4.5169287957259	3.07965349439044	3.48245314222733	3.07881682852625
chr10:5717228-5717729	Basal	2.49693288954799	2.34496429408738e-40	3.06189695753704	4.64964825990402	3.3002396714795	3.05531448082471	2.9534688972589
chr1:37744780-37745281	Basal	2.49358087947339	4.22520990847102e-26	2.48587774504939	3.81668719350118	2.70793407225814	2.60768258436988	2.40784154549763
chr17:78464497-78464998	Basal	2.49302527173662	1.62411610586511e-25	3.20195601574813	5.16377747888351	3.59826171305278	3.22641489459497	3.30390054812696
chr19:14069992-14070493	Basal	2.49133366390469	3.94658444178809e-15	4.11274869326107	6.22409358621396	5.49213992936205	5.53587013939009	5.57195251947283
chr1:186633778-186634279	Basal	2.48904293198843	3.58568621015181e-24	3.12095030555259	4.22637848401563	2.77810899489143	3.39957066563363	3.24386256257659
chr6:150275393-150275894	Basal	2.48851069375278	1.72070802118224e-19	3.11895829981322	4.86904013357065	2.85729552366954	3.04906147632494	2.81012866824974
chr16:27720146-27720647	Basal	2.48580784328644	1.20501223119868e-17	3.25113984653531	4.93934440262527	3.05818114397833	3.64585796473873	3.43128031835081
chr1:231770253-231770754	Basal	2.48461899563824	9.58682338633176e-31	2.84286464371412	4.69405899809715	2.47041408467468	3.23779653531331	3.29802185720006
chr7:7488936-7489437	Basal	2.48457333103948	1.40385690455804e-17	3.07323499301351	4.8879743176012	2.78318494985182	3.05720327310363	2.77980688962336
chr6:26219557-26220058	Basal	2.4844448161208	2.65201408768767e-32	3.88790148229235	5.56493377843091	4.55513500066083	4.20207805065504	4.47945865609871
chr6:28737657-28738158	Basal	2.48401832211908	8.82033664861088e-19	2.47815295166191	3.71582971248823	2.39076627989415	2.151289639208	2.27242931911716
chr2:99658851-99659352	Basal	2.4825742567833	1.23459213702766e-20	3.40230043485635	5.20597541602544	3.99087039017647	4.50039238297001	4.42769519736242
chr2:38244313-38244814	Basal	2.4825542598305	2.54030734179312e-16	3.41550363374594	5.66976216256764	4.19501274623591	3.61112352324365	3.47046381575204
chr3:156455692-156456193	Basal	2.48229570045359	9.66494635704021e-13	3.32941658836134	5.1613547120176	2.9432486306655	3.35571558913971	3.20315954262651
chr22:30411192-30411693	Basal	2.4788637847244	3.42966308143698e-28	3.65691856347069	4.90621393786216	3.84899565889739	3.96410986792007	3.9662658297115
chr19:12192361-12192862	Basal	2.47513749550897	3.91161815146932e-29	3.17668342898098	4.60784858572824	3.46033327724926	3.39979820669482	3.22704861278957
chr9:136884706-136885207	Basal	2.47306427019255	5.30710651047684e-17	4.85880990008658	6.92422730093725	4.72824608794454	4.87473825524944	4.74095656382137
chr10:49578202-49578703	Basal	2.47287391861613	1.1230689495201e-15	2.97686391264025	4.54589743542481	2.96637420007759	2.65062336446192	2.80998488438202
chr6:15502596-15503097	Basal	2.46807183909813	7.45671664597333e-10	4.17653830304857	5.85908216605028	3.90942562867633	4.37029268371576	3.83123842407296
chr10:29728065-29728566	Basal	2.4664038786107	2.89019164573828e-18	3.23872465381419	4.8732310410516	2.94451202359061	3.10526139976015	2.90911410122116
chr8:46122792-46123293	Basal	2.4663180280661	4.29143205535926e-22	3.15254005645087	4.79273279429473	3.31800866593872	3.54064026373471	3.29613184039339
chr19:35598376-35598877	Basal	2.46123386317663	4.99536318991549e-19	2.99662440973918	4.53845008096815	2.57993728853168	2.83152867863101	2.55320230742799
chr18:30626544-30627045	Basal	2.45894123168529	1.33009790422998e-24	2.84760033732501	4.74074903112028	2.40441940474745	3.03686173468195	2.90599986311401
chr14:102414457-102414958	Basal	2.45792769941616	2.38981260392457e-35	3.06726829493793	4.28860447843024	3.07018339668587	3.16463323230624	3.11160741295355
chr1:239288587-239289088	Basal	2.45650980470202	3.44622319693734e-11	3.00727667128712	3.99052071732539	2.85020378240884	3.13657988952061	2.99989386665357
chr3:123977387-123977888	Basal	2.45500479407238	8.85165778575681e-20	3.38360449067685	5.25608501934813	3.04047113454324	3.39398133379209	3.18299561952308
chr9:14561019-14561520	Basal	2.45395503959771	9.16574085700708e-23	3.09402566984719	4.9874743220358	2.78719153862322	3.23451031317307	3.11861736866125
chr6:10418217-10418718	Basal	2.45379716979742	7.76192673093567e-11	3.9649053186959	6.56690241722156	6.17284723160259	5.70389685741609	5.74423702717041
chr9:6625307-6625808	Basal	2.45262537874939	2.24285945465221e-13	3.12935417391782	5.21253144624231	2.54404862779798	2.88026010055454	2.84313776017461
chr7:4602654-4603155	Basal	2.45058346615852	3.05576283266624e-28	2.98119124091489	4.45922544942327	2.60948701329193	2.88318004800078	2.75901612115677
chr1:152089200-152089701	Basal	2.44928485128281	8.51387249106488e-09	2.30892755769651	3.89749520646003	3.18496785959537	2.48062131511155	2.70980535885623
chr6:10416071-10416572	Basal	2.44925085418043	6.53522044295152e-12	4.11815324542226	6.62410150429835	6.2717854048597	5.53826109425154	5.62754693913036
chr2:62310316-62310817	Basal	2.44677515262554	4.90420298699465e-28	3.48831933784443	5.40592481444095	4.22812002537236	3.56642970902105	3.81684761935392
chr1:148304959-148305460	Basal	2.44596841492153	1.51235108497723e-21	2.94289227927597	4.56687445981885	3.00812331671956	2.99232137186559	3.01434016763476
chr19:10641837-10642338	Basal	2.4445675616761	2.40496054742581e-26	3.97636146213387	5.30316842253003	3.79290861840736	4.08077557931349	4.00767818949703
chr6:26385667-26386168	Basal	2.44420938027876	2.56352663114668e-12	3.63777558870415	5.36079644196764	3.56243595964277	3.49789883866443	3.64145764898891
chr1:239872154-239872655	Basal	2.44397836174103	4.23890277085582e-17	3.14213484948925	4.36239619374164	3.85027601776905	3.33975861285408	3.12911014180885
chr3:113253221-113253722	Basal	2.44332626294252	7.11679964384272e-19	3.16137447046386	4.60127218513477	2.90571294357466	3.2611350088172	3.19158479637019
chr2:28721607-28722108	Basal	2.44225884378752	2.62788504765494e-35	3.41886382813969	5.31943066440756	3.59213636130727	3.39372481383896	3.453554741366
chr1:246055019-246055520	Basal	2.44196318275137	3.74162743259647e-27	2.87574643111128	4.5135301116336	3.10334492753384	3.03095101028567	2.9165945333739
chr9:14337801-14338302	Basal	2.43971126073023	1.18056978991798e-13	2.84100649172716	4.62865201920025	3.95987465708855	3.02122872966676	3.00038601464424
chr20:35527301-35527802	Basal	2.4392464777494	6.02186283002606e-13	3.34260846724217	4.72387706410973	3.26249681329763	2.91891878715075	3.4910624393149
chr19:17153052-17153553	Basal	2.43908371518484	1.74814788218893e-32	3.25191936983291	5.31251230458449	3.5757628660858	3.45075240773828	3.5260965020817
chr2:202003951-202004452	Basal	2.43839481758292	2.69249562517056e-23	3.25431714284132	5.53497894647887	3.34490957084497	3.39300552660956	3.43691940982601
chr6:73106968-73107469	Basal	2.43785335587014	6.54152182223967e-18	2.55889443681405	3.57684856731063	2.12896749837891	2.75663346224498	2.5948473975245
chr15:41317013-41317514	Basal	2.4375189117345	1.58817483413388e-29	2.64535678691498	4.11605894470619	2.73858208282512	2.76264470004914	2.61366343053204
chr8:66524587-66525088	Basal	2.43376364955035	3.61192879067504e-15	4.49971872909966	6.89825946813303	5.509418230695	5.35378957389338	5.89366577922863
chr21:15603644-15604145	Basal	2.4335121363356	1.88153002711901e-24	2.84235559040824	3.55107341565711	2.63167606053399	2.81038216369551	2.79601225105758
chr1:231779636-231780137	Basal	2.43182903806377	3.16003146134267e-12	3.17185994161088	5.24653157699885	4.50504142991292	3.66097308753945	4.1679382182767
chr11:35226707-35227208	Basal	2.42990442656427	3.18688162072425e-28	3.50308439403913	5.6158396772769	3.82514976378118	3.77015247495639	3.67258337242707
chr17:77395194-77395695	Basal	2.42857502727631	1.51313987148786e-29	3.9919962740016	6.24109588821518	3.85883043282535	4.17918812216906	3.97897775532158
chr8:116938945-116939446	Basal	2.42635594110074	5.42692524994572e-13	3.45399083767717	5.83848524235759	4.95553768975115	4.6020912258672	4.93731179735776
chr7:153216898-153217399	Basal	2.4254654123805	3.17004778765586e-23	2.8938695025964	4.14471861275731	2.78579952976106	2.85726664197537	2.77990720592853
chr6:36916131-36916632	Basal	2.42489062706385	5.72356458692744e-10	3.92696579872025	6.1747376915611	3.64986204386043	3.82903927179702	3.78088499588433
chr19:45612703-45613204	Basal	2.4240693803231	2.00734915788829e-34	3.56422499421159	4.69837800490715	3.46108376703071	3.6355949864151	3.41617203632802
chr5:28275882-28276383	Basal	2.42384970023102	3.55635330151793e-21	2.50868940850146	4.09668678730566	2.35955544172693	2.77026141460231	2.39709787140837
chr10:102507480-102507981	Basal	2.42301240645985	3.23460939154361e-13	4.23097891800805	6.1504061331644	5.4051426341521	4.88780043279078	4.82024748610424
chr2:118840208-118840709	Basal	2.42280211465175	9.34060101047508e-20	3.13462190752902	4.98797918079184	2.73970103688273	3.00522721731343	2.99010595741603
chr19:37487229-37487730	Basal	2.42277311346	5.32965513060015e-27	2.04580988852972	3.47377726257221	1.94752286709342	1.95105221496532	2.14170409163286
chr8:59699344-59699845	Basal	2.42269531094936	2.45672533997243e-23	2.71246520870212	3.5396768005582	2.73684190430772	2.65204078157685	2.72444317414655
chr6:106630894-106631395	Basal	2.42052634955896	1.20484159771033e-12	3.19386749399504	4.35699647862969	4.11237707982389	2.89768136906744	2.93803164483374
chr7:96941151-96941652	Basal	2.41988787089682	5.80986687200177e-18	2.77227857422283	4.09961161372236	2.49969172360153	2.89383870292796	2.69578603178702
chr9:97979676-97980177	Basal	2.4194466708349	7.23710728185858e-27	3.87359205856485	5.46062202454595	4.36565981271292	4.15774071448972	4.02018404825853
chr1:218969878-218970379	Basal	2.41918225615107	9.42801745590209e-17	2.89900603879219	4.42270749596231	3.63594126717	3.74028433053103	3.08308889427653
chr6:41708826-41709327	Basal	2.41702857772745	6.84649346366966e-43	3.9276169092969	5.69175229489393	3.96028697917576	3.64053130872828	3.89168518725895
chr8:65863745-65864246	Basal	2.41654528794479	8.13488663345051e-24	3.09537498158848	4.64050404572353	3.13038482519441	3.35713003760466	3.34597011684943
chr11:117926275-117926776	Basal	2.41651675395831	3.60147359231468e-20	3.33238434712239	4.47974064799763	3.22494644894516	3.38246742248616	3.44527521047462
chr2:173424778-173425279	Basal	2.41487554513357	1.55256123793503e-23	2.94864974510303	4.73580558138183	3.19264377864957	2.98487812487117	2.97549048651239
chr9:124396251-124396752	Basal	2.41453838609265	1.02578880644304e-33	3.16499007694399	5.04284413784993	3.72631412609778	3.13751373673425	3.23580181732981
chr11:123169018-123169519	Basal	2.41349791802475	5.35430150977581e-23	2.9916886695124	4.27518216413353	2.45060811458839	3.21977801812333	2.96379452807275
chr12:21241379-21241880	Basal	2.41261120789256	2.15268228523979e-15	3.18273955852338	4.71399432591988	2.8837805007164	2.92917656277414	2.92036996390739
chr8:75643316-75643817	Basal	2.41166437339881	4.94240884162057e-22	3.06251233959871	4.4118476610235	2.63844178192332	3.08338495541015	3.1000701714831
chr4:52116401-52116902	Basal	2.41072663756538	2.58668268378748e-17	2.54850254399741	4.1083144564505	2.00546598466964	2.6191887488912	2.50021241741404
chr10:29012626-29013127	Basal	2.41021427264385	6.0187022190847e-25	2.81377206889593	4.91322369565263	2.84865136273444	2.99200455634761	2.84311336781604
chr19:11658087-11658588	Basal	2.40991074797421	6.13735890737474e-15	3.74492175544334	5.85884951780226	5.7316722342803	4.50255317435669	4.71890499746539
chr17:45691442-45691943	Basal	2.40935323307473	1.9834925737482e-20	2.76094943730821	4.15467455226978	2.39716733760124	2.90563520023952	3.01091948160174
chr18:47089871-47090372	Basal	2.40849197160974	6.76419972515784e-27	2.74550553537243	4.32746236041569	3.06143004624793	2.93203551844006	2.94558902936384
chr1:165699527-165700028	Basal	2.40640062954885	3.61347287720253e-23	4.03671087379381	5.95677464828339	3.90694636003645	4.16000284078656	4.13282777815359
chr3:189765654-189766155	Basal	2.4063875018964	1.8340749481571e-14	3.50551549528293	5.81654728144651	4.54862644082097	4.61187642270023	4.57148031449528
chr8:81744295-81744796	Basal	2.40612756050462	2.49985586330943e-35	3.17885031831598	5.06490749190115	3.37485654301334	3.24076894624613	3.49488632916058
chr7:4364739-4365240	Basal	2.40142487972051	1.31289223422292e-12	2.88683382034133	4.89853478331837	3.44706350217063	3.17763101080265	3.12834856111699
chr3:198160664-198161165	Basal	2.40106004188306	7.85648182611981e-06	2.09948745828076	4.69998619789267	4.40864349682038	3.31497805796792	2.81861202453734
chr1:151259389-151259890	Basal	2.40059504526928	3.78831581354046e-12	3.79503968513282	6.31979135012575	6.06203708567689	5.33887173593701	5.41690240019553
chr8:143031285-143031786	Basal	2.39713986929512	9.76985320651106e-31	3.89050366981977	5.73892747987858	3.93201413067022	4.14483164196227	4.28428665743702
chr15:93041478-93041979	Basal	2.39706556920343	3.50711429715961e-20	3.44849331836744	5.90150045105335	3.87529069354262	3.83132167443873	3.70625877532618
chr19:9080556-9081057	Basal	2.39621533253739	6.04857354135439e-22	3.20775292632993	5.01866839962722	3.79255673340417	3.36611534696371	3.14684330657345
chr19:19517737-19518238	Basal	2.39250107256767	2.23255238805775e-45	4.31275245407265	5.93206024379566	4.61355171700435	4.31182272449148	4.46220118926361
chr11:93859088-93859589	Basal	2.38995796174101	6.16828849615133e-28	2.80957335601159	4.43962029092688	1.89982655945384	2.67301964340352	2.71049571858747
chr2:73898651-73899152	Basal	2.38694776977582	1.68533629514957e-27	2.78646478691381	4.41879593153488	2.5315554390536	2.78512805084115	2.72614566054965
chr9:14562581-14563082	Basal	2.3863013351101	5.62374208083441e-22	3.1650090536816	4.90118732485255	2.8916578044843	3.24073259686598	2.92096031575064
chr9:775585-776086	Basal	2.38491250956956	1.71125231115651e-25	2.74169366359414	3.86474432297995	2.53910567499059	2.97068440670558	2.70045049312701
chr1:150720598-150721099	Basal	2.38404084776832	2.44839210612574e-23	3.03783778126576	4.62300690656166	3.20157527986336	3.33241804058023	3.22382122910369
chr17:13104494-13104995	Basal	2.38056093516422	1.54123676330735e-13	2.83285455723422	3.5762601362695	4.56483935302035	3.21521128676796	3.50716331955642
chr1:175369148-175369649	Basal	2.38050547643502	2.06976754694651e-17	3.03911748755562	4.26651584351874	3.15244350939878	3.25776422642225	3.234675718397
chr16:86574078-86574579	Basal	2.3803925134593	1.08468606011404e-26	3.24095465626565	4.76605990519267	3.11091694199138	3.043139831754	2.83916720393516
chr1:222287187-222287688	Basal	2.3777361947289	5.42932395422338e-22	3.14937662977156	4.6134430231887	3.67264706392407	3.34570216707308	3.18342898427257
chr8:129472296-129472797	Basal	2.37648981635152	2.61396864063955e-15	2.49615524898498	3.42210920394971	2.03308590796148	3.14517993906475	2.69770677663739
chr7:142515142-142515643	Basal	2.37376241820702	4.10564924553211e-24	3.76692111510099	5.13259810501443	3.07049958281661	3.79146572851036	3.83510112348398
chr19:54995716-54996217	Basal	2.37320766024134	1.10089853910506e-13	2.9187242804895	4.40475860866136	2.83030921457024	2.87560211648986	2.73209303797832
chr7:121756650-121757151	Basal	2.37240402225811	1.29460630865933e-13	2.92820722688436	4.16547344028267	2.13119803211268	2.86900185740526	2.76704977121789
chr3:183097757-183098258	Basal	2.36918535685648	9.87111597619804e-19	4.58972237012964	6.53861527962412	4.86504911965638	4.28598944878189	4.14097252387968
chr2:5741233-5741734	Basal	2.36762462169761	5.78302088780933e-09	3.13162342900243	4.89352524540141	5.68381440190538	4.32556824523843	3.94915805294814
chr10:91477239-91477740	Basal	2.36732526439058	5.14304340348197e-17	2.95633298772724	3.91773207366521	4.27261735294865	3.16294155880173	3.54681492914704
chr1:204831728-204832229	Basal	2.36587573071538	2.38236154846123e-18	3.32930943151921	4.73388528991218	3.9303281747769	3.64668347510799	3.77260792608751
chr21:20027865-20028366	Basal	2.35990029261842	2.98666817306612e-17	2.64826704567612	3.5757212264262	2.29270859042974	2.75388308513874	2.78886891030145
chr22:40975882-40976383	Basal	2.35911012801522	1.46024690397757e-34	3.08820144382394	4.48633543867551	3.55490253976246	3.18687678047069	3.21486472421984
chr2:70892283-70892784	Basal	2.35894653111685	7.36646617087012e-25	3.07638776787032	4.45303017725636	3.19668779180691	3.06167664551428	3.04406714614126
chr8:51901967-51902468	Basal	2.3586672107217	4.2890227746228e-23	4.39242986887543	6.37618905333963	4.53940688136187	4.37685162338394	4.21094913693832
chr20:56701579-56702080	Basal	2.35832372497605	5.09704522079219e-25	2.94514119877967	4.54634839341465	3.21677611890427	3.44576160169569	3.2465061208334
chr1:162226508-162227009	Basal	2.3574909552415	2.0818268028231e-17	3.45985978127647	4.25092920612645	3.89491186294045	3.86909464514588	3.97035196612844
chr20:56751108-56751609	Basal	2.35746532124602	4.01301319184878e-18	3.2753100449215	5.44032097121504	4.90458466078567	4.17819002212804	4.36039156904465
chr2:25734911-25735412	Basal	2.35541203469654	7.24611787194397e-31	3.1201849874599	4.87049402107347	3.07844680190612	2.90479502327427	3.03283914236802
chr6:90000765-90001266	Basal	2.35509940939267	2.23372370077854e-21	3.42287708361204	5.29049388032668	2.73576727238843	3.7319468184419	3.26176261623208
chr6:137163797-137164298	Basal	2.35408387133324	4.45047653582335e-27	3.32370716950111	5.380108587373	3.89661416184277	3.53324819120442	3.50610133966918
chr6:104186811-104187312	Basal	2.35228124580833	2.48082871203198e-16	3.30629228290228	4.63159722837287	4.19154349446731	3.7832920418584	3.64340615655299
chr1:79230665-79231166	Basal	2.35140757824975	3.19682054261406e-13	3.46902979952079	5.44876204686409	5.27811694365438	4.11631380047956	4.25967580812135
chr11:130516355-130516856	Basal	2.35092594490529	2.84186220891782e-16	3.59697985028464	4.54437752578956	4.49688584072954	4.14167638196204	4.13450596017381
chr7:101277139-101277640	Basal	2.35080064894316	2.47845131608561e-13	3.09441133747261	4.93459535074376	3.06043434173946	3.44984466676793	3.10979127765927
chr7:22788638-22789139	Basal	2.35024411556632	6.74742325174039e-28	3.10475838976467	4.81503151570622	3.19866740284427	3.11612198322914	2.95126730206805
chr2:70890336-70890837	Basal	2.34844903080617	1.92759810386261e-28	3.28184536312689	5.09507829180141	3.58097030912435	3.47309767607337	3.45095831774414
chr6:159305117-159305618	Basal	2.3480567145739	1.00441832486995e-07	2.27644105046903	3.77664059096862	2.02322235790513	2.62797788754665	2.47789368971841
chr8:116330346-116330847	Basal	2.34753008223039	9.55587991415588e-22	2.45606533699815	4.06528447814638	2.66708345793399	3.25205854688767	3.18704688513872
chr11:34514283-34514784	Basal	2.34630691038726	2.49207667781835e-15	3.63948763009731	5.63261614079252	3.84635434463024	4.25317732757503	4.14022797670858
chr1:116239866-116240367	Basal	2.34300018066493	2.77705688605889e-17	3.20066419079222	5.20850358923946	4.0064356877447	3.72839999898105	3.52310337591539
chr10:78307515-78308016	Basal	2.34287817964498	8.95967413857553e-34	3.12314026189021	4.8184947732142	3.28533448197815	3.26375125351291	3.1489518184793
chr1:186445970-186446471	Basal	2.34114601735482	6.61755909512767e-14	2.53843546572712	3.85011096133839	2.33843378426212	2.53532003700671	2.56009617067382
chr19:22422815-22423316	Basal	2.34082676013608	4.88633210208454e-11	2.59747980190526	3.91649845153101	2.8134741379142	2.98920177664882	2.87393719639701
chr18:21222514-21223015	Basal	2.33948092259643	4.33602547205388e-24	2.84878464185352	4.60752086875376	3.43794027979816	3.42190602120344	3.02197667177155
chr1:116368242-116368743	Basal	2.33659080062164	4.5913577652477e-30	3.31664567129936	4.39295501565445	3.1670082206989	3.10662500823121	3.03170186820498
chr16:4737508-4738009	Basal	2.33616932571966	9.08897945019714e-19	4.41938082168572	6.10499067833718	6.0290483752239	5.1927855896834	5.56498944233918
chr6:113257701-113258202	Basal	2.33436534969001	3.71671874486725e-20	2.33717034099445	3.42657864242521	2.33452185159778	2.25748132754035	2.15514728943897
chr2:182893266-182893767	Basal	2.33410826013455	3.19993624004607e-31	3.21770942535107	4.46729683242646	3.10936901413971	3.13912768342022	2.82035752430457
chr3:197911867-197912368	Basal	2.33410601202626	1.01971057400752e-20	3.25138368908267	4.90858106904053	3.08737032591558	3.29707633853929	3.05766845357103
chr3:134758951-134759452	Basal	2.33410268027781	5.19152799007506e-21	2.7661711885009	3.90524866418449	2.29466862030632	2.75805123715832	2.80402061097904
chr3:58613838-58614339	Basal	2.33408046471217	3.85203420670841e-25	3.20957988379224	4.6198623184547	2.93665934373067	3.25876642963595	3.17564399068899
chr8:118490838-118491339	Basal	2.33377866614516	4.33202268607365e-19	3.17133025850544	4.36948547086662	4.13070076300042	3.40436634886883	3.5330537500689
chr3:69008874-69009375	Basal	2.33320119904107	9.67724889129697e-13	3.49935003323382	5.04139489772364	3.15711045862964	4.08364242593386	3.50605758898917
chr9:133209324-133209825	Basal	2.33296763746727	1.86686242272661e-12	3.45958741945289	5.70471509505291	3.93617281748645	4.41346789255956	4.11134180621399
chr17:5480946-5481447	Basal	2.33235863848054	1.08117026916098e-19	3.09578310550958	4.58808742150526	4.13420591330608	3.05256915387388	3.21801459976901
chr8:25126417-25126918	Basal	2.33168399688196	2.78478741176191e-07	1.88302695693229	2.41050069110883	1.41837076772941	2.04882111460284	1.57875832024959
chr21:46463163-46463664	Basal	2.33105555338684	2.32430061625071e-32	3.26256836774983	4.93620047014868	3.07587052669985	3.16476430369328	3.26901012336741
chr10:46289197-46289698	Basal	2.32994457103942	2.64209973166599e-29	3.38342538093437	4.97498833766577	3.253177593334	3.53646730773887	3.48532756049079
chr15:71225010-71225511	Basal	2.32965911677588	2.22540715159829e-11	2.85837544006125	3.36929028135248	2.83619577623754	3.30552572400051	3.2902000152755
chr6:10395823-10396324	Basal	2.32919890656604	2.03023102029539e-08	3.33333358392461	5.75633882357488	4.10958738087799	3.82852136072307	3.6969955659836
chr18:24142251-24142752	Basal	2.32874498282721	9.07680946094596e-10	2.96470180983906	4.51374611267904	2.73483432681859	3.38587894527854	3.07233043106987
chr2:65878411-65878912	Basal	2.3266096945447	6.29161403470462e-17	2.82294038010857	4.22780946458835	2.59759067410161	2.61693982099555	2.63563376755154
chr8:51760494-51760995	Basal	2.32342716423089	3.43642919086243e-17	2.55420841608908	4.25434392746079	3.45887503306996	2.70568228030982	3.04693565807295
chr8:60971515-60972016	Basal	2.32021749979391	2.95532762343048e-24	3.31928888205515	5.25380066306181	3.67064073095989	3.73818773086381	3.77445329751385
chr1:225797389-225797890	Basal	2.32010169828592	2.6820605091285e-18	3.2606690340038	5.15274837196577	3.602595125597	3.41601149741877	3.42254802901573
chr1:176167579-176168080	Basal	2.31975260696284	1.68967215949253e-35	2.99767226684611	4.3998616353066	3.34159369557556	3.03936769685676	2.83381667722433
chr15:78342035-78342536	Basal	2.31870052804089	2.8602621307418e-20	3.24712006950609	4.64581942271641	3.79318515697415	3.54890545444361	3.40256391662182
chr6:47280423-47280924	Basal	2.31779964251666	1.43560059700396e-10	3.38928709482194	5.26620478067384	3.80331621663415	3.6159521169905	3.33470602516235
chr5:101483136-101483637	Basal	2.31572467793425	1.17294112086232e-18	3.07731870551629	4.04050303984847	2.55926111904692	2.79279096411191	2.95681943200232
chr1:148278936-148279437	Basal	2.31546134014792	3.48703689730144e-18	3.11039765412803	4.76876442939012	2.9757769997108	3.20880084173153	2.93830413332779
chr7:8355970-8356471	Basal	2.31375475656674	2.33914812763042e-13	2.90603664956252	4.12128422926291	2.35220076304757	2.92326252296887	2.5362188548303
chr8:127732482-127732983	Basal	2.31351591584214	6.6041120243228e-24	3.99120613088679	6.04970326626086	4.41053985645184	4.51058685253577	4.68558578247904
chr11:22423601-22424102	Basal	2.31203925824624	2.47190257446951e-16	2.45217356729223	3.23570795202983	2.22044603718009	2.72868437360617	2.34756076199287
chr1:28548270-28548771	Basal	2.30995543582555	8.2755162449335e-21	3.73672573602374	5.64093995567179	4.49857167181512	4.36373031371549	4.09552635730933
chr8:46580573-46581074	Basal	2.30915461785006	9.73534829775917e-14	2.89735841034159	4.70021732174857	3.51701204459487	3.27299240039498	3.27401531653182
chr8:65027029-65027530	Basal	2.30518107170194	4.21208703934372e-15	2.73561128854049	3.88084447623577	3.23600733489389	3.12652865424851	2.89090301652088
chr10:22501903-22502404	Basal	2.30449524039188	5.14540792711693e-17	2.87929140230605	4.31693261106397	4.30822188372964	3.22918841979847	3.0785926559099
chr6:42988560-42989061	Basal	2.30335414301214	3.60509390634291e-18	4.06305318366225	5.63418564836633	3.54434428492797	4.04212404144294	3.81564110083251
chr2:101892272-101892773	Basal	2.30310387504911	1.72029346611018e-24	2.90406047548394	4.35554088907218	2.63274190511115	2.86819183312031	2.73837625531304
chr18:24364149-24364650	Basal	2.30266605638558	1.31471293320009e-25	3.19775554209613	5.13990205870271	3.9213616311138	3.93762974617876	3.82512137445231
chr9:69668532-69669033	Basal	2.30090643987822	5.67058172169231e-25	3.22320910139286	4.79592129769939	2.99840029227235	3.74962272852661	3.36745430173123
chr12:8820605-8821106	Basal	2.30017150212548	2.21587123252135e-08	3.424802808054	5.66539653850588	5.41424366255987	3.87720703194703	4.35493820147488
chr1:244284332-244284833	Basal	2.29854571383963	7.85489817699167e-16	3.4707495517678	5.37380111375203	4.9160586938351	3.96675735790783	4.02465986046427
chr6:140190170-140190671	Basal	2.2981724649755	1.02124071168332e-20	2.36785888226693	3.90135838939	2.28742545673324	2.53574148305308	2.40177239211202
chr6:128577063-128577564	Basal	2.29732176878612	7.41126298781043e-24	2.6767365224357	4.50327663406848	3.28798826930344	2.63884888772981	2.67015982984951
chr9:106093479-106093980	Basal	2.29497852286868	3.09869324329681e-18	2.62936659474757	3.84608601949864	2.52066237515116	2.91677848945776	2.8108296020853
chr7:105463798-105464299	Basal	2.29384055487529	1.16477508342084e-31	2.69819909128701	4.3136389954749	2.63612228736982	2.86150583402254	2.57516175774692
chr4:38750825-38751326	Basal	2.29200202659528	3.37258833852569e-24	3.72544187294486	5.32440359460119	3.52455771028964	3.85388374866151	3.53002009173926
chr6:159256897-159257398	Basal	2.29046002102997	1.35090092580289e-22	2.48867819687871	4.05293499718893	2.36501340182069	2.87117026494836	2.57225465595776
chr6:20830448-20830949	Basal	2.28864480677249	5.46269035316211e-20	2.83886995696755	4.67549662850814	2.46574663247634	3.32364800808083	2.94248520609968
chr7:129790181-129790682	Basal	2.28862318026564	3.04354993530218e-33	3.15291266726404	4.36071221503342	2.87255542656266	3.14366023387886	3.1356708634382
chr16:55666458-55666959	Basal	2.28658621925861	1.67106511934609e-16	2.9466646535899	4.57476191387262	2.59971068375675	2.9429231279793	2.55968334383759
chr12:120908674-120909175	Basal	2.28611491886101	8.048451540303e-30	3.39031686318511	5.23660996057164	3.54418118338262	3.53527678237384	3.23511466456905
chr20:56721130-56721631	Basal	2.28325220362734	1.36665991025097e-24	3.22875336487166	4.7055863260305	3.61163823773773	3.80815672905175	3.80465127507368
chr6:166361894-166362395	Basal	2.28313960080159	1.15963924580513e-18	2.79294402725789	4.658314732842	3.21075987222686	3.24941689952281	2.94096960761949
chr20:37068719-37069220	Basal	2.28271490851673	5.43567070023617e-16	3.090410203834	4.71319551789986	3.08255591360921	2.79590347355246	3.08718211322589
chr6:5938240-5938741	Basal	2.28038723256539	4.20743922873537e-20	3.18465591873019	4.85029551421146	3.15909132119989	3.10374711479732	3.25738271936299
chr8:65928519-65929020	Basal	2.28012240902641	2.31458465840298e-11	3.68108450667008	6.053514448172	4.13610195999291	4.15172459387973	3.97237645660518
chr8:83069187-83069688	Basal	2.2789658171881	6.23640766020789e-17	3.29680327686781	4.68766462878737	3.21403946868846	3.35851762837177	3.46201333107235
chr1:85112236-85112737	Basal	2.27827367183461	8.75079776251322e-20	3.06878902505391	4.83976226464841	3.22506753417143	3.16225893097215	3.25040416825979
chr18:6371733-6372234	Basal	2.27759715061397	8.13373066351076e-15	3.43148594652379	4.90962460765939	3.07137719170369	3.21624464850052	2.93240378679432
chr8:127709984-127710485	Basal	2.27758804830929	1.36903731048347e-16	2.78432380015725	4.7880614923214	2.58551277956091	2.8777257623738	2.9379984792799
chr19:53008007-53008508	Basal	2.27599885085061	9.65076549604988e-09	3.34335379291312	5.48804206220846	5.25681208177829	3.88751451330273	4.12699966105724
chr11:34500089-34500590	Basal	2.27568356114788	3.54174906446065e-16	3.67065445594446	5.80183891318665	3.99311195274571	4.34257117693124	3.9660585463169
chr13:63076385-63076886	Basal	2.27559846442463	6.38939782600829e-16	2.42908806218851	3.47805271009422	1.79647307563089	2.33362501247983	2.37891778169117
chr8:51358024-51358525	Basal	2.27396713575403	1.72214577175496e-14	2.61330355782206	3.65726498047749	2.34678761200279	2.83855786121728	2.67037418406588
chr5:15157766-15158267	Basal	2.27278892501832	1.28303431221729e-19	2.99923947629538	3.78683159984338	3.14842670809236	2.90736636537607	3.19004530736645
chr18:49493460-49493961	Basal	2.2711712197182	3.62493706115426e-15	3.35044641869982	5.16584506601445	3.12266421380142	3.31236209929223	3.1428886852569
chr10:34972546-34973047	Basal	2.26909402929614	8.38541378128601e-14	3.80938046694507	5.94370100410284	4.95449650519133	4.35046575376507	4.05982653883359
chr15:83959504-83960005	Basal	2.26904013621257	5.68248249136345e-13	2.38298444831975	3.7819060931919	2.11672227037872	2.35492144552165	2.3686515041893
chr10:114902070-114902571	Basal	2.26861318450295	2.53135152164144e-09	2.5233516783598	3.7518030405095	1.93653742067874	2.54972852740721	2.42904457386863
chr6:36915564-36916065	Basal	2.26770207712506	6.23291545121091e-17	3.79974392137939	5.86402256806111	3.8121397067851	3.71134439172121	3.75724173643943
chr9:89085189-89085690	Basal	2.26718800862303	1.4119450406395e-20	2.79117690704879	4.12988243241962	2.45575593124409	2.97082708811652	2.90196464382257
chr12:116603396-116603897	Basal	2.26645111354197	9.6708296408397e-17	3.58686899755817	5.33593507246166	4.03269793044684	4.20679622058019	4.05839235015262
chr13:69091737-69092238	Basal	2.265700100543	3.08378564955017e-15	2.60514341083124	3.16850601492167	2.72957681067126	2.9840467448799	2.76374736211074
chr22:15776883-15777384	Basal	2.26542745570836	6.29268591173233e-07	2.18551671234155	3.84168983943361	2.21685497464991	1.68299669192984	1.81058483241017
chr2:11696450-11696951	Basal	2.26286921725675	1.59715435844362e-31	4.03065922651212	5.97852448796244	4.19366782121175	3.91026391794405	4.05029927879249
chr2:220348475-220348976	Basal	2.26202605738072	2.10946627706034e-18	2.60958282448558	3.78154846894879	2.27011029241603	2.46087702991791	2.60774756025873
chr2:202030599-202031100	Basal	2.26159001626325	2.3606909461687e-30	3.33833444126701	5.25752377574234	3.26371876134859	3.73190616992201	3.31977395307579
chr19:36955899-36956400	Basal	2.26088736511742	5.47943768522806e-20	2.67488763205772	3.58701269665142	2.62386208655192	2.72854907984659	2.67344580270052
chr15:100631991-100632492	Basal	2.26088666177673	2.96431425428918e-29	3.52389679871032	5.06670975262361	3.46575203680133	3.48252591236237	3.42117032902892
chr11:34510668-34511169	Basal	2.25995935224783	1.13712579167179e-32	3.40828354417278	5.05543690097888	3.07243161899104	3.6775875021318	3.44998085634233
chr17:70795831-70796332	Basal	2.25749506807921	1.05587725900252e-17	2.19510610892113	3.37272864794781	2.20262592241621	2.43804910439326	2.34566066958463
chr4:18754230-18754731	Basal	2.25716528134089	1.04749011675909e-12	2.93423466718787	4.21858753097349	2.37479047645553	3.13327976287386	3.00319439026089
chr3:143612473-143612974	Basal	2.25668450017432	4.99536318991549e-19	2.71640662279297	4.40483218610657	2.16252769328197	2.60123356796247	2.17338298633728
chr1:162793987-162794488	Basal	2.25593493864837	2.46366650997124e-07	3.22129767523242	4.74349504568037	3.35657907938632	3.65962005311883	3.76974149263206
chr21:46379820-46380321	Basal	2.25379661639882	6.01360366744908e-20	3.52743167837059	5.3036149776977	4.04070234116368	3.76232714195468	4.13728454666463
chr2:28679300-28679801	Basal	2.25272695329891	5.74871287789529e-23	4.18170214765911	6.32196500391566	4.68941501408981	4.61053258345237	4.10732309054512
chr8:87751435-87751936	Basal	2.25268323435793	1.42908460794344e-11	3.3786925300859	4.89746131931998	4.26109791718465	3.51674236761556	3.97430534275024
chr18:25371835-25372336	Basal	2.25242001466388	7.76726897180797e-10	2.55808744083638	3.90915007527	2.10720780386218	2.68633823880832	2.42222823071246
chr2:43487096-43487597	Basal	2.25089554513892	5.13946434271719e-32	3.74768284525967	5.39100297007303	3.90201853669879	3.92433444715633	3.76293958435848
chr1:241994107-241994608	Basal	2.25002830765614	5.84200476800797e-23	3.3118217693867	5.00884588346665	3.08157346570526	3.3536692099905	3.35853300952301
chr17:72311191-72311692	Basal	2.24993411499999	1.16214577483311e-22	3.1435969466678	4.64177041391943	3.97152966280803	3.81466731275683	3.78283919051813
chr14:60638540-60639041	Basal	2.24889114922768	2.70435006182214e-17	2.72709855021209	3.94432402298368	3.19277831975074	3.08567391077331	3.09426437016543
chr6:52126375-52126876	Basal	2.24887707397678	3.08932542035815e-07	3.24729229635341	4.75727613835236	3.87226423416078	3.12062069698883	3.08970653164149
chr1:202309675-202310176	Basal	2.24780399798364	1.23746274431814e-29	3.48750104485071	4.91499140142677	4.08180711003034	3.68996091533762	3.61235094284624
chr21:35361127-35361628	Basal	2.24677216837101	4.88323657140021e-14	3.24685406891407	5.30081980949658	4.9135720028534	3.91160873277415	3.88417355604922
chr6:168229346-168229847	Basal	2.24673568346445	3.18466131467195e-19	3.38459774962274	4.83125270004459	2.89560223593622	3.26599597661019	3.42326285201559
chr8:116383508-116384009	Basal	2.24648452804402	3.75019826385975e-15	2.95957020409078	4.60250451031895	3.24707755949692	2.97492771221869	3.28672694262889
chr18:79398005-79398506	Basal	2.24607393601515	2.40039917228239e-25	4.35515292568637	5.7263049990459	3.99466136472776	4.56275624436404	4.19055184097966
chr9:103505155-103505656	Basal	2.24548783019067	2.03148824947961e-13	2.64347638186124	3.88891373574412	1.95398323370929	2.59939606577233	2.56382308526253
chr15:93180604-93181105	Basal	2.24372734025949	5.18529261973748e-23	3.37779952233004	5.42525315347134	3.20523163257309	3.49230862043619	3.09546127881576
chr18:25675412-25675913	Basal	2.24171242469338	4.07112249460202e-09	2.93619792859204	4.36955381481155	2.81330014522767	3.11604558960077	3.0550594927033
chr18:2156191-2156692	Basal	2.24030496532776	8.15330542351629e-08	2.45196647327611	3.58111868371032	3.91228564201569	3.96567166514512	3.59632179227857
chr3:43624850-43625351	Basal	2.23972410637451	4.67663243870334e-13	3.81967026660185	5.78296172357759	5.39703755622722	5.26928006794716	5.25842814449965
chr8:48960222-48960723	Basal	2.23894389839051	2.49860931211556e-13	2.75312819544221	3.62114272472028	2.96237194951377	3.20194798145771	3.06923675627626
chr6:111927360-111927861	Basal	2.23876461167895	9.81420204971622e-16	3.0997809964041	4.60001302324468	4.63218820663502	3.29792754986853	3.16965715783057
chr9:35255742-35256243	Basal	2.23855602250782	9.39834180705889e-21	3.18506414560005	4.77606473384792	2.6239073042773	2.59344122973229	2.60505199665179
chr3:40876040-40876541	Basal	2.23820828429338	4.51354559615758e-15	3.47128987346662	5.4120773748518	3.57305862939896	3.6189610352946	3.51915202312101
chr3:113213864-113214365	Basal	2.23689451215049	6.28388542068852e-11	3.63692526867921	5.08039956208688	3.63837240788453	3.82773900580845	3.45950985174016
chr1:173380856-173381357	Basal	2.23675251572524	5.88584731850572e-11	3.37602128253098	5.16729499007231	4.11928033751521	3.47942816357762	3.60540539965949
chr5:155543514-155544015	Basal	2.23566555753339	2.79291031372857e-18	2.59524678241482	3.70036475774533	3.02437509171543	2.86100947247662	3.03735195842002
chr11:70490769-70491270	Basal	2.23318664406198	8.29509893397661e-23	3.5395395996995	5.04798059699361	3.71723340718446	3.89680786981135	4.10308646072336
chr2:218845757-218846258	Basal	2.23270738400267	1.23179130883877e-15	2.96261801904499	4.3738859792951	2.79911526445637	3.21804847463673	3.00660378160094
chr6:10070810-10071311	Basal	2.23199253179167	9.08038532570898e-15	2.35484639348915	3.5441119958231	2.33134313127723	2.49041376124392	2.35978867061232
chr6:28949166-28949667	Basal	2.23183530230271	9.97857649031094e-13	3.54410284743628	4.52423028891618	3.85374438118152	3.07950668904342	3.23036016358394
chr6:106833072-106833573	Basal	2.23015684126137	3.18800714985085e-13	2.85451971959831	3.83979494043297	4.06090836586508	3.2740419840105	3.15971253252638
chr8:51968954-51969455	Basal	2.22961405599608	1.52608451826382e-20	2.74505481031323	4.29370268047553	2.65665073405972	2.7015579329117	2.64574248087132
chr2:31426070-31426571	Basal	2.22950845925223	8.37481385624963e-28	3.20390119325468	4.81923419101051	3.92136381640013	3.46028994214105	3.49545122667805
chr9:8012910-8013411	Basal	2.22929300929925	2.76013698116366e-11	2.68721638787217	4.32765009346365	2.20382465255874	2.59319895117877	2.50470486940798
chr1:218643704-218644205	Basal	2.22922887455519	1.38515637792013e-18	3.01906930097796	4.8553618993391	3.73109615459294	3.54156494810551	3.5726248589134
chr1:186631730-186632231	Basal	2.22777300948064	2.79683203264589e-21	2.4823215610512	3.64668056217571	2.16176666315287	2.55659069487891	2.426071584063
chr8:115776343-115776844	Basal	2.22579961276937	5.34777795945127e-17	3.35547942832218	4.91764589850351	4.30695758693238	4.10175468214543	4.45382145291706
chr18:26494061-26494562	Basal	2.22330874200446	2.62156215776237e-27	3.130625281274	4.73003261577638	3.02036884883539	3.37735907965365	3.21255629655221
chr10:25178327-25178828	Basal	2.22305637026685	2.63906508703661e-08	3.07158362632382	4.0713859151024	2.55557523275001	2.80312676039386	2.79990816742636
chr6:150135575-150136076	Basal	2.22276933725531	9.70307885049731e-20	3.09549736325118	4.80582876452556	2.97749734353582	3.10682857434089	2.55057525250458
chr6:150854981-150855482	Basal	2.22060687763866	1.77377655030261e-14	3.98734204699467	5.85236258360093	3.95523341878455	3.8869983346593	3.56372371589552
chr19:23023204-23023705	Basal	2.21994029242457	1.22150812722014e-17	2.74428160142091	3.63712274392857	2.59788494935977	2.73300309382334	2.80362150775215
chr2:26340786-26341287	Basal	2.21975225945802	2.06794337619725e-15	3.66898427045448	5.30989992834377	3.82781062888692	3.39006699260956	3.35753201514308
chr1:225466011-225466512	Basal	2.21926634075243	3.44239927424188e-28	4.04661730810311	5.92212220403404	4.247003992155	3.99709861396357	4.19637475430545
chr7:54581504-54582005	Basal	2.21738636093804	4.14733189537831e-11	2.51564862037997	3.8280247606448	2.55996216744218	2.66226213451432	2.38316427553914
chr11:69199872-69200373	Basal	2.21610069161787	1.85207444347437e-14	3.08458654051591	3.87327618233311	2.68974914992355	3.01504314445187	3.14114698066627
chr8:98681708-98682209	Basal	2.21534224241766	1.89257770593867e-13	2.75854859935652	4.42347381281355	3.73515831248113	2.91847998309391	3.25389127987937
chr2:187171010-187171511	Basal	2.21380247120642	1.97958034420581e-21	2.85405031146232	4.15252062964904	2.10922048319149	2.97022335459142	2.66183940568904
chr3:32886857-32887358	Basal	2.21346913097801	1.95742690094037e-16	2.9019087930236	4.3206365028932	2.37954557237712	2.91426021290927	2.71424997504335
chr6:27740013-27740514	Basal	2.21335196615712	4.24922925069626e-21	2.38442835913655	3.13108530983609	2.3211656106264	2.57593758673739	2.32973761613262
chr6:39170539-39171040	Basal	2.21322645456711	7.92167066180178e-12	4.05427906747692	6.12089087263838	4.75296000205864	4.19356576097944	4.00400824404684
chr7:66199929-66200430	Basal	2.21307311985597	3.11502860995781e-20	3.48763179562133	4.51743982599712	3.07305700515801	3.21223625943294	3.19030149340873
chr7:55950648-55951149	Basal	2.2130178191509	6.23611740860578e-18	4.47889062151307	6.42190576195556	4.53940296751949	4.30710983982927	4.31017608945256
chr10:29249499-29250000	Basal	2.21158062330393	8.4688002569417e-10	3.15003872520741	4.67610143995579	3.0515665579893	3.35018054347792	3.12694480964763
chr2:28719094-28719595	Basal	2.21105714288183	3.8908132812102e-20	4.0892608111048	6.21995094219025	4.99795301346611	4.11536079527476	4.10003656174263
chr17:81915681-81916182	Basal	2.21090491781931	2.70053430109762e-39	4.81999115732605	6.2861381869604	4.79111982901415	4.69979109535043	4.77328311886387
chr6:24618058-24618559	Basal	2.20991719707014	3.04189836572339e-19	2.53836510346089	3.4372644296766	3.12311224717285	2.705150533545	2.50559958623446
chr3:183066891-183067392	Basal	2.20930048980558	1.9579685407242e-19	2.73370472671087	4.5780604626834	3.56080538961924	2.80601327876603	2.71534531143839
chr3:65052134-65052635	Basal	2.20805133689414	5.90959625101549e-10	2.97188040502548	3.96720513975361	4.14481245716613	3.07325185104559	2.88174060829099
chr8:74987097-74987598	Basal	2.20804094064667	8.15991002459894e-14	3.17103299755371	4.37971544296917	2.71726209342858	3.37306686091394	3.44835562577277
chr1:165610209-165610710	Basal	2.20767198485029	1.18223179265915e-13	3.41098494103459	5.09819063104574	3.8735491175137	4.25868320867715	4.1134820549284
chr3:87418448-87418949	Basal	2.20265893280819	1.8470428888491e-18	2.62015479888596	3.76192670614101	2.40303436352417	2.75164595146351	2.60340394440432
chr13:46178738-46179239	Basal	2.20164702505148	4.25362479704289e-17	3.1261620947677	4.33552047569524	2.60718840701099	3.14362615918558	3.02641497783202
chr15:78345677-78346178	Basal	2.20086284607899	1.24213640170241e-07	3.18575420799226	5.20286532757377	4.12634496055022	3.81896047160902	3.79495435866978
chr8:102408588-102409089	Basal	2.20073857801263	1.51630470419683e-12	4.46199871138478	6.28293833457096	4.98794468460488	4.7628102452636	4.60892517393372
chr8:116939608-116940109	Basal	2.199947807041	2.64235398572834e-10	3.41365656420104	5.46212762271212	4.78156613273637	4.54512250871938	4.97635029764825
chr8:135905066-135905567	Basal	2.19924141842805	2.46943830811545e-12	2.71567975695515	4.53435975364885	3.22407947800368	3.70636586986162	3.03996971786697
chr6:36946591-36947092	Basal	2.19827452228709	4.34613968303451e-18	3.56736785879219	5.51282339263895	3.33539162054581	3.40948975328768	3.43255071864211
chr20:3377576-3378077	Basal	2.19803170170208	8.81132409720236e-24	3.31095097809008	4.70187521832764	3.5623173766391	3.38961929122394	3.4832697847769
chr10:13385369-13385870	Basal	2.19729293272293	3.99401366841001e-16	3.36124126115313	4.74926441892739	4.15706901535253	3.56318815157472	3.37380614768816
chr6:155212063-155212564	Basal	2.19699314747513	6.7785759051991e-24	2.64498050525307	4.10796851815961	2.27764093663475	2.64588252592725	2.53585808882339
chr6:147878583-147879084	Basal	2.19687022667389	3.82943989161479e-14	2.61649849811875	3.70034500491208	2.71812616958706	2.60268756362567	2.35648062864457
chr1:243949413-243949914	Basal	2.19576956943522	3.5942446238862e-17	2.63544925956403	4.26460635236749	2.25031856619597	2.97054460957047	2.85634430120625
chr8:42610919-42611420	Basal	2.19548692819545	1.41176726680581e-22	3.21255802964939	5.27507122305643	3.21476570861567	3.39619666383397	3.42538282936665
chr2:50429822-50430323	Basal	2.19334815058899	9.2558665850475e-13	2.74916108870174	3.57898529595814	2.22291514956745	2.63250460327314	2.50297891111238
chr8:144370295-144370796	Basal	2.19237027360427	4.08976637954695e-13	4.35123863742522	6.54056710504304	5.22805908154003	4.49563110513718	4.65212886037075
chr6:60913645-60914146	Basal	2.19091890077178	7.98775117989831e-17	2.70004750094274	3.5512403551403	2.82973361383172	2.76762241565727	3.05732842065139
chr22:37985085-37985586	Basal	2.1907022135567	9.11275798507103e-08	4.00455660183894	5.51842892339932	3.70772928198101	4.17650340344693	4.00352895440473
chr2:129010171-129010672	Basal	2.19006858187316	1.15613721920311e-18	3.16156410319385	4.31867753660379	3.64276736255597	3.65879815607125	3.32888547995609
chr2:186537623-186538124	Basal	2.18968940038179	2.44832378897265e-15	3.07337160681792	4.77716146592521	3.08926383883876	3.03527612892684	2.84241491025809
chr19:2698248-2698749	Basal	2.18956758780969	5.74743556241407e-16	3.29001323487208	4.20297843666851	3.01354155066297	3.23073430508258	3.10220373360114
chr12:42615507-42616008	Basal	2.18809935024107	2.65998833567568e-17	2.17645659178814	3.47364340274359	2.2287205707318	2.34315470058577	2.37420545466285
chr14:21278607-21279108	Basal	2.18740621162321	1.38560544169533e-17	3.21233077968117	4.85673004911389	3.05207896422259	2.8859068619675	3.35355619356165
chr7:67435204-67435705	Basal	2.18669994970795	5.07078159893388e-09	2.6828432480383	4.04430123747142	2.54622361463017	2.99151774973427	2.96804459356844
chr22:41442198-41442699	Basal	2.18650987552323	1.62416598607339e-16	4.70043563100781	6.35903554291291	4.48219148371365	4.55772573904626	4.34248753438003
chr1:1765021-1765522	Basal	2.18599220645244	1.08088619897665e-23	3.99988165740247	5.60252467640103	4.53798494068766	4.03255226546996	3.87457531005373
chr2:16744470-16744971	Basal	2.18501748850227	2.32367480534028e-12	3.27543355235721	4.91871936524375	3.3098995339431	3.14690875084844	3.19251380323392
chr2:27359277-27359778	Basal	2.18464191785779	8.73275429519793e-19	3.29158901730938	5.18672745199914	3.88831991872152	3.36936766902107	3.3690362016644
chr17:41584419-41584920	Basal	2.18381566029544	1.63787559240451e-07	3.77385572620413	5.82851840706654	3.16861391024144	4.43919667388009	3.9060998496008
chr6:27539050-27539551	Basal	2.18343841846507	2.57778111584201e-09	2.16246051066393	3.51863082355367	2.81989564576163	2.15912513541649	2.03400034002613
chr2:55636066-55636567	Basal	2.18342789086169	1.04572402092957e-21	2.93051318710969	4.06437479370305	2.76960781268039	2.82703121991408	2.96652619017563
chr6:14044946-14045447	Basal	2.18307711066547	9.13399211298235e-25	3.03962826325534	4.61403732360894	3.19835657541012	3.13724221918597	3.02323888047716
chr12:43662644-43663145	Basal	2.18238281487378	6.70127936197987e-05	2.60559750676248	3.54734214802577	2.44081623895351	2.64807672066918	2.40355694555566
chr18:44341204-44341705	Basal	2.18202956978794	3.65649596638381e-14	3.06055222074155	4.25996917175058	3.81107227912472	3.28395712722171	3.02172096816223
chr6:107141156-107141657	Basal	2.18136559826065	6.78003536464505e-13	2.58361506862219	4.1274133858154	3.93035097403654	2.80242510687465	2.79115121353558
chr2:70898367-70898868	Basal	2.18069285158479	3.63670863723336e-27	3.61660768488742	5.16388564547698	3.62620704653041	3.62025161875689	3.74014417425385
chr2:218846914-218847415	Basal	2.17810926533738	6.13142184898106e-26	3.83212793386252	5.79295269846915	3.85155386185871	4.0277280405491	3.97382615875469
chr9:18916288-18916789	Basal	2.17775378069715	2.9448450377662e-23	2.89602667185838	4.43400851543764	2.56215493998937	2.98817307390726	2.80061593494968
chr1:89744389-89744890	Basal	2.17726599715083	9.96493582149715e-26	2.79606989347398	4.64109276973798	2.71568776254427	3.2732442839854	2.84210984329187
chr9:6579609-6580110	Basal	2.17665034890004	2.85229781315678e-18	3.30197126279801	4.31011280173412	2.84381737288463	3.13494521505996	3.1755356812573
chr2:5451014-5451515	Basal	2.17604606412149	3.75019826385975e-15	2.66254398269024	3.36259924804763	2.9027345464743	2.79373404857546	2.74460990856725
chr16:14609224-14609725	Basal	2.1742524346858	2.16997959174429e-17	3.16813290853643	4.81663415684002	3.17127911730076	3.4199346829763	3.26193848425321
chr17:72795889-72796390	Basal	2.17350347563116	1.33886757200904e-13	2.92324129114631	4.19400781242045	4.52107569522613	3.23038860399714	3.73755627040896
chr6:29662330-29662831	Basal	2.17317335745944	1.49057484709405e-18	3.08217347822695	5.01113625074556	3.12232680500406	3.40503052785182	3.29510688581666
chr6:125272652-125273153	Basal	2.1724513924007	7.75331363385117e-31	3.77172844970791	5.22821075051037	4.18873091650124	3.49373111667405	3.60450738572412
chr10:5498806-5499307	Basal	2.17186812508311	3.7191643019868e-13	3.98522105227215	5.93420294067023	5.35791892122226	4.6890526173074	4.74155824104881
chr1:205451211-205451712	Basal	2.17131076542672	5.30889518546025e-10	4.29509519781052	6.41147986688181	3.52100990208144	3.65935239784552	3.69061178678349
chr6:106661777-106662278	Basal	2.17066006596844	1.13072568420414e-06	3.2993630969874	5.23639504496877	3.92284854084465	3.24155105520075	3.20298514040397
chr2:202534303-202534804	Basal	2.16857893539753	2.63117981106895e-05	2.80321408062823	5.10916256343811	2.08066665138147	2.62223316748746	2.51616775698112
chr3:60775177-60775678	Basal	2.16817330851583	1.85032408382459e-10	3.07393917976834	4.72078829867506	5.00838761178987	4.26924516379619	4.19482122376429
chr14:96772876-96773377	Basal	2.16517288329757	1.64704634557108e-13	2.5290611627373	3.92978179777483	2.29462283540648	2.65361169436993	2.75638473503148
chr17:72116525-72117026	Basal	2.16330768924789	1.57904928356056e-19	3.96374553454809	5.74884867185597	3.44047004827911	4.52040848927887	4.24929596047345
chr12:121676148-121676649	Basal	2.16230182599092	1.47630032377641e-46	3.72380124482965	5.52029432505805	4.2368822876594	3.90428876074395	3.89165703108359
chr16:23386336-23386837	Basal	2.16227781680989	9.86424546209132e-13	3.68037936333766	5.46653351988691	3.8608195666096	4.25894285399501	4.34902824763576
chr1:143712324-143712825	Basal	2.16179613041374	1.51994286682197e-13	2.45035588133394	3.13297626798857	2.15088258486981	2.77971393140747	2.43450083719963
chr7:99944651-99945152	Basal	2.16125911763611	3.102350539492e-14	3.1649473312485	4.85687818762974	3.98859865842897	3.7798762053032	3.56558455757505
chr2:85052833-85053334	Basal	2.16116058786321	5.8373014179361e-15	3.6967228883975	5.46379807836243	4.00185474710451	3.83120603381395	3.70725719678536
chr12:124282268-124282769	Basal	2.16048846000136	4.66952039890974e-20	2.6961090687562	3.84009640717864	2.65145610604367	2.85781277618034	2.67323639419766
chr7:153216363-153216864	Basal	2.15971700395137	7.19313092107522e-18	2.49698836964811	3.71802628045669	2.03127673007989	2.22583472884978	2.6831333551903
chr22:31223296-31223797	Basal	2.15926614710053	4.61514827842198e-19	3.95022935685555	5.37693636339873	4.23974657985968	4.12946319994937	4.14766629895188
chr12:5398100-5398601	Basal	2.15769114415338	1.18452900298832e-16	2.47381937560758	3.63188382614414	2.5209387039389	2.30870769830197	2.379059584486
chr7:30189382-30189883	Basal	2.15760361562874	2.51338906550176e-17	3.55794853413212	5.09066741963348	3.40015230569921	3.45041646490033	3.2385082547925
chr10:77668580-77669081	Basal	2.15719260236099	4.28393889085543e-18	2.98051575604268	3.87961418233737	2.87969638017227	3.04464472387571	2.8725697175394
chr2:220783561-220784062	Basal	2.15693680003901	3.72820256173473e-13	2.8620227965802	4.35954091201853	2.30927895907389	3.32762623080363	3.01257039753919
chr2:67696208-67696709	Basal	2.15692666596897	8.80821128428216e-11	2.91455129399546	4.17836323706679	3.77711976288686	3.48473345548891	3.38800702841711
chr7:153220399-153220900	Basal	2.15354217478208	5.40740345947557e-09	2.65921475446053	3.99220197695095	2.52438189740493	2.59575516315426	2.69044689539823
chr11:20115876-20116377	Basal	2.15265082045237	1.15378321570181e-08	3.35330511486365	5.33653059519391	4.89421978029321	5.4333044103493	5.22560911106311
chr16:12416858-12417359	Basal	2.15174148516998	8.99360225621905e-17	3.35703520193264	4.86096458055546	4.05794271271103	3.13495494532903	3.3520133876079
chr8:66926238-66926739	Basal	2.15161917704176	9.97763142427875e-11	4.5900383042721	6.5854216408466	4.82927075534012	4.38011755752118	4.67945821376357
chr19:58178167-58178668	Basal	2.15047359776279	1.81100261277819e-15	3.03312839572806	4.15606200254217	3.46016904592165	3.3375558407558	3.23329286716176
chr2:44934180-44934681	Basal	2.14997029984089	8.66709675985727e-12	3.72741539769298	5.48444612868131	3.71671633956681	3.65353368654507	3.35950564207237
chr3:176701554-176702055	Basal	2.14952081595919	1.37661768183459e-15	2.62393519069405	3.75921527161727	3.01094173249513	2.8327270665095	2.77681712557103
chr2:135464117-135464618	Basal	2.14895959820885	7.55995005215642e-19	2.68914872669129	3.57386499518611	2.35532380378654	2.51759847771979	2.37472930440679
chr1:227623039-227623540	Basal	2.14827247966775	1.49310198270029e-12	3.11777834656524	4.69678453293272	3.49391496365958	3.31603443433297	3.22164738216685
chr11:66762015-66762516	Basal	2.14815702324133	6.28999243085857e-19	3.31212033574867	4.84788325050813	3.4250072570243	3.40554548373416	3.45628612186847
chr20:2616631-2617132	Basal	2.14670471003082	1.23897522657284e-11	2.98372387590769	4.42067049632529	4.48111235527075	2.89553005587483	2.96312394481909
chr11:34511933-34512434	Basal	2.14600688635098	1.77673861584727e-26	3.59502359240567	5.01692853944466	3.35027909046845	3.76411551280609	3.83988082512527
chr4:119184737-119185238	Basal	2.14541832373341	2.19493789133663e-16	3.09485017275743	4.90559680285598	3.5996509985327	3.84276930284373	3.32528349899593
chr19:23302427-23302928	Basal	2.14283211344639	1.1868040928697e-14	3.19524066755372	4.15660744082198	4.78185757647075	3.43951196461203	3.81032047248068
chr6:37374597-37375098	Basal	2.14260259098188	1.20284781606095e-22	3.25918992767264	4.63668734618248	3.1577094107544	2.99379918544142	3.23205235061393
chr20:38300482-38300983	Basal	2.14114013328276	6.59023917412641e-19	3.65430984576691	5.45099398605313	5.01240736673832	4.59072309806359	4.65742670592892
chr8:124124360-124124861	Basal	2.13998412825438	3.42368126493559e-05	3.52429503353926	5.39193856658614	5.26114348247702	3.09669949662107	3.96521518247944
chr2:165797596-165798097	Basal	2.13912982831373	2.61452826497501e-15	3.15147810138076	4.63442627930502	2.91108924387618	2.8185726863857	2.93402170685597
chr20:37068198-37068699	Basal	2.13894070907311	2.5252862824827e-20	2.94874104047989	4.49991186260947	2.87657900423202	2.80144738673174	2.95610233694628
chr11:68125915-68126416	Basal	2.13866688752453	3.62465133239605e-28	4.53712266567554	6.06318643864352	4.82729515335424	4.55498628740875	4.65671307216034
chr7:149122136-149122637	Basal	2.13755559791335	1.30236422776204e-19	3.69053005825731	5.17920301638141	4.02443124532519	3.45891614966293	3.47453958761555
chr10:5714840-5715341	Basal	2.13734011900188	6.1615891137609e-30	3.37627008419528	4.95645191674304	3.40580598446042	3.30775767152068	3.4669159797613
chr12:21305751-21306252	Basal	2.13713125749682	1.17081178302636e-10	2.89301770732544	4.17633792568025	3.39596116457709	2.76685177307402	2.84306134919495
chr3:113215115-113215616	Basal	2.13682136666947	7.20600188135417e-19	3.37135917311939	4.65603829183841	3.44803016963662	3.48968100794464	3.39798539933371
chr8:41307607-41308108	Basal	2.13631024314302	1.56611508122917e-08	3.20026486727807	5.31828556927983	2.88812843429235	3.96982406605111	3.47639906283716
chr1:246849424-246849925	Basal	2.13553961329212	8.71343012591519e-18	2.85477679933456	3.7441489696459	2.77763096726676	3.12731904362416	2.82258983549127
chr6:47505279-47505780	Basal	2.135466679473	1.42034606559572e-08	3.02415836762025	4.63390626020593	2.91029612490757	2.64226294998174	3.0610018133419
chr1:247045958-247046459	Basal	2.13451722619134	1.77673861584727e-26	3.12825477462997	4.43622046521405	2.95726859288555	3.23246653077688	3.13031623068965
chr7:70808208-70808709	Basal	2.13394251475799	1.68814798815735e-18	2.76339701905666	3.72871608666285	2.57235252636469	2.94557350285657	2.96579832275447
chr5:1890228-1890729	Basal	2.12822433697442	1.23505147505721e-13	3.2479296551813	4.33243109800234	3.32502630748628	3.71660242174338	3.508428222339
chr2:36768447-36768948	Basal	2.12739109097516	4.16833051413713e-27	2.70409418226358	4.11480330319588	2.5465254922089	2.9071386172998	2.90051651993292
chr7:11294087-11294588	Basal	2.1271179906315	3.67340421439118e-09	3.15538834343197	4.78733035825618	4.45484534958928	3.59238593795753	4.03717147799002
chr13:98299098-98299599	Basal	2.1268023255281	4.67258452578527e-22	3.82316816035799	5.42504581104025	3.86220862628213	4.14316004528668	3.86295238127176
chr3:193387588-193388089	Basal	2.12570090568534	4.23224308462812e-12	3.12087421765993	4.97298914373385	3.91033582673297	3.1546546953992	3.23647429727362
chr1:184883890-184884391	Basal	2.12528376347317	3.97554148719234e-21	3.33834992654893	4.80727831228893	3.53271123054837	3.83176519673765	3.62763656270324
chr19:12031779-12032280	Basal	2.12496979030936	7.99606778609653e-25	3.26224436237508	4.16517059614876	3.35810604197145	3.33972372760274	3.28589246645829
chr3:126438600-126439101	Basal	2.12261198145561	4.93007550345887e-19	3.49292326996984	5.13850963988455	4.14479867239817	3.55487193866434	3.848146581307
chr3:33936813-33937314	Basal	2.12175534655149	1.4089200688349e-08	3.00363345440531	3.78199848023608	2.83365734677329	2.98877758980127	3.06852938503315
chr4:52312689-52313190	Basal	2.12167866953927	2.3486953527752e-10	2.91287380084615	4.37275912130705	3.00419484658584	3.47128467442129	3.06193452002395
chr5:74013148-74013649	Basal	2.12151921129577	2.14735087433879e-09	3.01898020322099	4.37724038428321	2.86651566321574	3.2658949178626	2.99362927342961
chr8:97753230-97753731	Basal	2.12130760493589	5.93518046028667e-22	3.24171033061313	4.95076968557298	3.36791817306903	3.46963873506092	3.60421949014347
chr17:38252360-38252861	Basal	2.11945084693991	1.14264443077877e-16	2.26001021796272	3.18214754161891	2.38077607466624	2.01043924923723	2.22147639771305
chr3:51636741-51637242	Basal	2.11932621297896	2.44621638801011e-26	3.53038765246187	4.86859514154317	3.77273075647908	3.51760565845918	3.55476953611606
chr1:236255789-236256290	Basal	2.11898992403761	1.77075585223652e-16	3.01690334622621	4.25748814091057	4.54647016972333	3.65010150462288	3.56921584914939
chr1:145713595-145714096	Basal	2.11868803086803	5.56158915169109e-11	3.70158728454706	5.15282334247562	4.08460338780578	3.84909489893093	4.12292359263039
chr16:17465728-17466229	Basal	2.1186725715573	1.47632025931839e-18	3.32143876052341	4.15608000944887	2.49173411502183	3.58734041207788	3.2412363063881
chr8:63365908-63366409	Basal	2.11736691592906	7.49406905428448e-15	2.96736388586832	3.99624313437306	2.95583748193268	3.07546302183733	3.04088153327264
chr8:43040862-43041363	Basal	2.11700057528654	1.23415022379597e-07	2.20962786956259	3.11162584938907	1.80477028744084	2.19393114287099	1.94273871476116
chr7:97869932-97870433	Basal	2.1144885465939	6.52030483945947e-15	2.97813498473127	4.50751653173403	2.68840637687808	2.50205417646344	2.78546263016684
chr1:113054065-113054566	Basal	2.11436206339284	5.85655874554524e-17	3.27326923036388	4.21152367931855	2.61029167003084	2.89513370559929	3.11909053697293
chr20:2463537-2464038	Basal	2.11418703390616	8.16635509104584e-30	3.48752512758521	4.72494224020737	4.30554802170438	3.59377573626033	3.6406785582228
chr1:172620503-172621004	Basal	2.1136465771399	1.32514955374187e-19	3.17021414739122	4.34876370410748	4.01455538961325	3.55192431384806	3.60748295316605
chr6:150162743-150163244	Basal	2.11331080828568	1.55761543510729e-18	2.76467010158238	4.06433628676819	3.24364686862226	2.73427652983735	2.38114476928257
chr4:186193126-186193627	Basal	2.11308459914734	2.32482332461806e-10	3.66694087869778	4.53056714435356	2.72598393142163	3.47559979781662	2.89249223457031
chr2:8017631-8018132	Basal	2.11303155932883	1.05382661543062e-09	2.81001448996616	4.09196558468349	2.72713905292653	2.92218562623182	2.77026502795562
chr15:82846567-82847068	Basal	2.11178887257539	1.75048379160717e-13	3.43509651384856	5.26016699802624	3.45826838114007	3.54805010712426	3.45062933102322
chr11:77920951-77921452	Basal	2.11100808909429	8.1917951631972e-13	2.66959139019758	4.42091025620099	3.60604244805507	3.34406353741712	3.08969058183871
chr9:99557783-99558284	Basal	2.110396381634	4.85902095670002e-05	2.066531740743	3.39300110153458	1.61276557296108	2.42999170041414	2.0142876737647
chr2:119222206-119222707	Basal	2.10933675072889	8.3067064727786e-18	4.15834070823628	5.2110405058897	4.3950457316747	4.34567546670526	3.98879366784662
chr20:1821768-1822269	Basal	2.1081491381589	1.25425408937203e-16	3.41624057736407	4.60562412061283	2.97491802383857	3.30075776387438	3.37510204321533
chr8:9409408-9409909	Basal	2.10785725777048	1.25971623988152e-12	2.71828086223475	3.72191890090996	2.17606657675157	2.29166493977244	2.32461351377637
chr4:84668835-84669336	Basal	2.10775459384941	3.51583340369861e-24	3.16389429346859	4.65903798187073	2.65643460634249	3.10014273634721	3.17959006741232
chr19:16717959-16718460	Basal	2.10498080809648	7.33959055770731e-22	3.60492508421939	5.15715094627904	3.6499102522618	3.4017874875894	3.37996252841477
chr2:15278217-15278718	Basal	2.10460387988265	2.72144847899726e-18	3.1109141809732	4.28043341236171	2.96991364202089	3.04944162289842	3.00629504031962
chr3:154079181-154079682	Basal	2.10323233737922	1.24264109881979e-19	3.41845459947054	5.00509729705119	4.2040065726762	3.7683909515488	3.75393129628936
chr8:58235498-58235999	Basal	2.10220068099633	8.44404968545471e-10	3.05473020544834	4.81068437235027	3.37178828676974	3.64015534871673	3.84916720648617
chr6:106545181-106545682	Basal	2.10087775208466	6.86699757267617e-09	3.12953701443389	4.63830804146811	5.46520758407853	3.84829393633664	4.12917833481131
chr16:55328276-55328777	Basal	2.10029090522496	4.41355767559172e-16	2.97677139859853	4.49896399788626	3.86351311052641	2.74096019440025	3.11677403817135
chr6:75746245-75746746	Basal	2.09924675594226	5.64795319039625e-13	4.42069048222906	5.86695240920641	5.09058684343998	4.8722990290687	4.7782683091945
chr1:224200215-224200716	Basal	2.09903197160522	2.67668564106456e-22	3.57696168868468	5.38053786780372	4.44342298516232	4.00865662999026	4.13011359575347
chr1:165374281-165374782	Basal	2.09860871633377	1.51233734737235e-14	3.30283754976789	4.86698701730682	3.58797362770119	3.89276432774336	3.68814178174812
chr14:72929434-72929935	Basal	2.09846162785015	1.71581652280963e-12	3.97622012180695	5.37090633509843	4.99061601462689	4.20524582622902	4.4551765418428
chr20:56805873-56806374	Basal	2.0980742942906	3.36655502695393e-19	3.71524746351195	5.58812777329072	4.68215962439447	4.34532209752697	4.39323771349955
chr15:66440547-66441048	Basal	2.09774617511946	1.7337952224313e-10	3.02642599410413	4.16668314447757	2.76417985157482	3.01481147944842	2.52060973061877
chr7:94702335-94702836	Basal	2.09622421358747	9.16450446993212e-10	3.18007554438968	4.80259641582495	2.89600124511505	3.08131743412479	2.72938893291229
chr2:7791200-7791701	Basal	2.09424688852293	5.87433946341588e-11	3.22560886361496	4.86374151919004	4.86639576856869	4.44480769876354	4.510941417339
chr7:96316922-96317423	Basal	2.0939815085745	4.57500595238431e-13	3.87626035247849	5.22845823411903	3.76341865896648	3.32013976712915	3.19754012856349
chr3:179674472-179674973	Basal	2.09394741836736	6.46426057286469e-17	3.10241729760618	5.00365847140876	3.10170227647205	3.17011010675272	3.15269852694607
chr6:1616005-1616506	Basal	2.09260095987865	1.25544613719255e-09	3.90777135410857	6.00277731551394	3.20823555358846	3.45644953648583	3.25322897358162
chr10:128163642-128164143	Basal	2.09245259949276	8.19963823650433e-22	2.64296454292943	3.72353370717444	2.49835308651403	2.53584756074598	2.71540729431882
chr8:116241934-116242435	Basal	2.0918200725069	5.76123218516881e-12	3.07273757259196	4.79334481936051	3.59934103102205	3.87816155204157	3.5296022385974
chr6:7007930-7008431	Basal	2.09060011134529	1.98562310129774e-10	3.33492393702087	5.33226886732987	4.94872648672496	4.7036141694007	4.49950752017728
chr10:42463260-42463761	Basal	2.09017080624534	9.1399928170803e-13	2.54686644869268	3.48953573428982	2.40253534326336	2.38964196227521	2.41993121618827
chr1:88186976-88187477	Basal	2.08943199208469	7.29269533140585e-11	3.04626757563663	4.68080074694641	2.8974119102335	3.36347418051626	2.97107652526543
chr8:115661431-115661932	Basal	2.0893759089771	5.42268614915464e-07	3.58366019771884	6.00440362734499	5.05903226938971	5.55837225459044	5.60740099134915
chr8:135254283-135254784	Basal	2.08782128164597	3.12213712861464e-12	3.26993961404629	4.95573692033561	4.24107735545409	3.56442838115625	3.51874265027952
chr3:138304095-138304596	Basal	2.08780797881856	9.95792699787933e-21	3.39415099430664	4.12699220714743	3.27153663720504	3.25178919052746	3.11206475506219
chr1:211638759-211639260	Basal	2.08741957051926	1.40757649153857e-09	4.07550541578115	6.25770656865295	4.87385959146556	4.36511151594949	4.11386720830627
chr2:15127800-15128301	Basal	2.0873750868886	2.75929168396807e-12	3.02394010467497	4.43147905884331	2.67710782167423	2.85160182801445	2.92613392399899
chr2:71447262-71447763	Basal	2.08699642801352	2.57174681835002e-15	3.34517821519846	4.82668567511643	4.97522281410133	3.64782810995494	3.95166922339185
chr6:125745127-125745628	Basal	2.08687558157547	2.41791897481719e-06	3.77021587185269	4.9164433038588	2.75909935180772	3.26452051185111	3.01957296520001
chr19:53006417-53006918	Basal	2.08677697543282	4.71807402676431e-15	2.83380171693659	4.21445198372932	3.58457575655595	2.76203442266432	2.56477621557307
chr7:6873288-6873789	Basal	2.08527440453986	3.89263266075375e-13	3.1565382258573	4.95997472857786	3.57900896483644	2.98049277282223	3.24963686698123
chr6:39199550-39200051	Basal	2.08324192289971	2.10705711580072e-14	4.03333955577789	5.92557008987921	4.01004172915637	3.84145821989458	3.840219371432
chr10:7456270-7456771	Basal	2.08251713775893	8.30437254738784e-20	3.09668830451405	4.08931089516388	2.96017928979672	3.0453059825197	3.14306621915318
chr1:243015165-243015666	Basal	2.08172129351181	2.05179212835075e-10	2.45470217911099	3.4110241279123	1.90446889319947	2.2042108720924	2.20420468828801
chr19:17770183-17770684	Basal	2.07964965930167	9.9492618995546e-25	3.57463661740387	4.90393131610643	3.64931581544911	3.39725337972969	3.53161337849908
chr17:72115818-72116319	Basal	2.0791489298686	1.30928691647207e-15	3.72721036526506	5.52682432924032	3.27427154809712	4.23965642061729	4.1978576302015
chr1:82823313-82823814	Basal	2.07845040170226	2.85155298677591e-12	2.21006364068153	3.07631407404443	1.81785822710277	2.52884857564336	2.25754649764444
chr1:202756478-202756979	Basal	2.07779720687329	6.34642564944181e-28	3.20239049767659	4.64356976736815	3.76239911087665	3.51212590363159	3.25042781204822
chr1:166770071-166770572	Basal	2.0770680626788	8.34272086488778e-15	3.24644101721176	3.93105953717806	3.70858216829335	3.46040202949854	3.68477980140418
chr12:42825751-42826252	Basal	2.07683599251277	3.21665377901133e-11	2.9930649359216	4.59882949767909	4.480433550625	3.80767557973456	3.93082736210291
chr15:29042848-29043349	Basal	2.07653202413546	3.78564966100096e-15	3.11809403293122	4.37883888496747	2.73111648523109	2.90954388457804	2.65437442040031
chr10:124415303-124415804	Basal	2.0759100464135	1.46932484998976e-19	3.89555573411858	5.20005355652316	4.19242040370464	4.35673504245725	4.09023705745301
chr10:14992145-14992646	Basal	2.07582999176188	1.6529260859485e-10	3.4990256311653	5.28836921982325	3.22192941526508	3.21354509930543	3.30270671102362
chr2:25185108-25185609	Basal	2.07457340396904	1.49711341129639e-08	2.88132452419037	4.84010009812608	3.74218112804762	3.09584096822178	3.18564344786514
chr7:64968719-64969220	Basal	2.07454587467796	1.00511877165018e-11	3.18299184984398	4.13941171368238	3.209605553884	3.28212636216895	3.20659194130897
chr17:45745880-45746381	Basal	2.0736521041564	6.68763483624577e-15	3.12281239851312	4.24968634804759	2.91556702478319	3.0880518390617	3.05209791874301
chr22:19456587-19457088	Basal	2.07311268580288	1.51313987148786e-29	3.38365407565085	4.26631252314869	3.43397121677287	3.25024927363946	3.20305996311002
chr2:161254433-161254934	Basal	2.07154564508799	3.34861705699815e-22	2.93368641567172	4.32917506935948	2.69537853923741	2.71791393983297	2.74139370551576
chr3:135439094-135439595	Basal	2.07102603832509	1.2120282939482e-05	3.51608712524128	5.03886134118772	3.34206171368151	3.05968516854393	3.27852567207549
chr18:50419065-50419566	Basal	2.07045361436472	5.58422964660185e-15	2.48224388143232	3.72196700995475	2.98299563043776	3.16217522616089	2.95406592003794
chr1:199306937-199307438	Basal	2.07029839729966	9.88353919758226e-16	2.47185897392862	3.28484275332332	2.30062386780894	2.74281797203035	2.62455341314389
chr3:183693990-183694491	Basal	2.06804292768079	2.59198543838413e-14	3.86129638450097	5.65333972099639	3.65423745465505	3.62356369777382	3.58918219562583
chr10:30607094-30607595	Basal	2.06794817481294	2.23523329716056e-14	3.01263805089248	3.83645791651655	4.1180010521607	3.96053590587833	3.80094672298027
chr4:38659367-38659868	Basal	2.06756294269963	8.40753382469966e-36	3.42597811684693	4.86383830984941	3.2077387970153	3.7011230352967	3.49981588058125
chr3:158751379-158751880	Basal	2.06557165414125	1.14496095212487e-15	3.52605534681183	4.89109874900595	4.03371296066535	3.77714563772145	3.83197983619573
chr1:177106934-177107435	Basal	2.06269801677083	1.35435377233625e-12	3.00572537870992	4.36991255261887	3.72441855916241	3.54570196355077	3.3392648474433
chr12:133094465-133094966	Basal	2.06210244051963	6.45141311196994e-16	2.94453100802436	3.95682628809689	2.80632641392818	2.88886306086962	2.76991486447705
chr18:25348302-25348803	Basal	2.05889295986329	1.9989756520528e-13	3.1138890592454	4.51973695237428	2.42789730568898	3.62227330261965	3.16507086244835
chr13:45378727-45379228	Basal	2.05696387858321	1.0438533834668e-07	3.0143902195013	4.97418514648088	3.191176213484	3.2025765020932	2.90456771606205
chr10:74730194-74730695	Basal	2.05676538562745	2.61283757493205e-11	2.98598831801146	4.16211561126338	3.60670517122334	3.08960520179618	3.1665852172613
chr4:154495480-154495981	Basal	2.0566145584347	9.71778156203127e-18	2.60441189562058	4.02491839011324	2.11715095691488	2.70155022972115	2.61731126284459
chr5:4510066-4510567	Basal	2.05625095739969	1.04600755481666e-12	2.64513167671497	3.25710392171624	2.73633927593347	3.31662556351875	3.13544174164813
chr16:71519388-71519889	Basal	2.05617134757224	1.10977899312326e-16	3.00998656301114	4.07026620798267	2.77480245650578	2.91155339835914	2.89024803607295
chr1:28695992-28696493	Basal	2.05603362245133	2.73442671891148e-07	2.49718851420725	3.73581953339028	2.36320382095454	2.4260829514083	2.20191511237129
chr16:69847700-69848201	Basal	2.0556614357589	8.34269692765643e-21	3.67470146744231	4.77095192904262	3.11990217495115	3.47588785654684	3.19023068168674
chr16:971903-972404	Basal	2.05561399560147	1.32514955374187e-19	4.7081546276181	6.1501195377294	4.75664218115524	4.57741802693444	4.61214603686088
chr2:175457878-175458379	Basal	2.05545973721298	1.1040727218349e-13	2.90873911746114	4.22257975861476	3.30297338566811	3.04149351012061	3.05723494929455
chr9:40196147-40196648	Basal	2.05532265258915	6.96757546090298e-12	2.2787565856218	2.67960655680423	1.58686404104905	2.27269627175939	2.17115469460099
chr1:165171713-165172214	Basal	2.05475742796958	2.21339018087918e-13	2.55564472935915	3.30407418529702	3.13103154706674	2.95429429588188	2.84474123876845
chr17:34725496-34725997	Basal	2.0536238322778	5.46513763990451e-09	2.82440054751277	3.88260515884388	3.01198534506584	3.01214938882342	2.95301426674972
chr7:46219490-46219991	Basal	2.05325389322221	1.22012030119872e-11	3.91011582164754	5.49034062766186	3.96668970580162	3.7180346278997	3.55897203134464
chr6:41535803-41536304	Basal	2.0531773684435	1.18659914061355e-17	4.01514109965728	5.45106712386046	5.40696476442963	4.71915592655547	4.70778844416928
chr12:38343805-38344306	Basal	2.05259980860329	4.56060206675105e-11	3.10617101868353	3.46526859513508	3.22680337958724	3.20935671520286	2.64995903290127
chr21:13183409-13183910	Basal	2.05233753717907	1.58545097454017e-07	2.09678075942485	2.46234392820923	2.81191276764502	2.69557936854345	2.52556434412551
chr10:29256413-29256914	Basal	2.05230535890753	3.55181249314858e-07	2.90743591154156	4.60371285409975	2.4603690071892	3.02948859287281	2.78220713893386
chr19:23785334-23785835	Basal	2.04934368803619	4.15266085268503e-19	3.35142368108615	4.93562959854989	4.13767406549402	3.56264332874601	3.66324077542841
chr1:153356055-153356556	Basal	2.04870948577136	9.06382966567928e-12	3.65264351248377	5.51983399067372	5.66986401554233	4.22560357529025	3.98706033644769
chr1:239388484-239388985	Basal	2.04724209704572	2.10979841678734e-09	3.21690737371547	4.05617356319145	2.61777750215099	2.79210234531365	2.81319637606819
chr19:42165050-42165551	Basal	2.04691465628569	3.3890162904593e-20	3.32447468967183	4.75320127782856	3.33904046974204	3.2916440544783	3.1556940725184
chr12:48631077-48631578	Basal	2.04503010854558	8.21975095182002e-14	2.97005444467747	4.55782032953395	3.26643281556411	2.97649564695288	3.19164785791283
chr4:127367835-127368336	Basal	2.04426103664311	1.01771590695434e-12	3.29463061410525	4.4958499704371	2.87855554031246	3.05804798589646	3.01090746910463
chr3:184578177-184578678	Basal	2.04299329758203	8.08524968390565e-19	4.01668391563088	5.74339290072766	3.9600522103946	4.08550291010029	4.11639652217549
chr17:34876049-34876550	Basal	2.04022637441454	8.7519785920518e-15	2.74654795852779	3.81643619669205	3.27481935314969	3.07005284793398	2.67943500292403
chr19:37470379-37470880	Basal	2.03923936047167	2.17522000275996e-22	3.5065614648362	4.87925509613499	3.49568930414815	3.51704639488128	3.38705395052166
chr2:33910786-33911287	Basal	2.03706177998592	8.44207079563559e-14	2.74421257265796	3.9610169890728	2.52369136086888	2.74610586178722	2.67572765675325
chr7:92445573-92446074	Basal	2.03626153100105	7.27952676222973e-14	3.62422206778944	5.43164687538599	4.14070776818235	3.85960879663174	3.98407179177774
chr7:105435137-105435638	Basal	2.03615326660147	1.8082182233412e-18	3.2174183690217	4.61025779200785	3.30967684131385	3.08578327503689	3.25337789414279
chr7:55367399-55367900	Basal	2.0359153550761	8.4490121737771e-19	4.36902482698057	5.93402577683893	4.29778363827368	4.1048735271334	3.96689691965776
chr18:48755694-48756195	Basal	2.03530519667749	1.09238928274407e-19	3.47647193909081	5.36919771971601	3.97975077657997	4.28532798757686	3.78436433176257
chr6:129680591-129681092	Basal	2.03519347015657	1.39119194534753e-28	4.03380156807156	5.52597693092412	4.26792727738591	3.99519847945725	3.70937177665457
chr4:126564425-126564926	Basal	2.03434960334756	8.85874214379184e-06	2.78113709598742	4.2595324447261	3.97941350535067	3.3904699594209	3.47683210028716
chr20:5044113-5044614	Basal	2.03385676144765	3.73166333482539e-09	3.36227571215664	4.97681838763611	4.03875265082346	3.3626110758795	3.33628145954306
chr8:115662222-115662723	Basal	2.03344858652601	1.23022336661371e-07	3.49056690795657	5.4978629066834	4.57894267841439	4.98820594221511	4.86738380234474
chr12:14984708-14985209	Basal	2.03297872405903	1.00256888880768e-19	3.07719181054009	4.3762869714051	3.05589331890579	3.336411947072	3.24730174003607
chr6:150141070-150141571	Basal	2.03289685590104	1.34664243014065e-11	3.92110852713967	5.56377931717039	3.650656281149	3.94054235618788	3.26273003147664
chr6:125426632-125427133	Basal	2.03284372360954	8.70759316193739e-14	2.52809201423245	3.76404634035928	2.22403214388063	2.57430109308749	2.40692203599676
chr22:41831255-41831756	Basal	2.03278372242332	7.41003550887992e-27	4.97886305363682	6.79118410012582	5.79836050059686	5.06683132827566	5.21036994784831
chr17:78465495-78465996	Basal	2.03242938799553	9.32471091160195e-10	3.09701815316151	5.10659562214586	2.90026881628321	2.8019740953874	3.05488308678528
chr15:74274614-74275115	Basal	2.03118878603021	1.32198960628603e-18	3.29028481125673	4.31870952236006	2.89852832243286	3.29856851056767	3.20602766015445
chr17:30243221-30243722	Basal	2.03000995491789	7.19617041888061e-07	3.48745452350717	4.80327651554135	5.47583999720151	4.46053616907963	4.68022322023813
chr16:70567129-70567630	Basal	2.0297764572508	1.09744857829374e-41	3.73061857277004	5.34252656507515	3.66094970868173	3.38137505922722	3.52752338397081
chr19:58465705-58466206	Basal	2.02849109973384	8.43025073007314e-36	4.5496416467793	6.11707772359718	4.93099439551783	4.78979036398155	4.7035661191318
chr18:35948201-35948702	Basal	2.0273846764053	1.23862450724255e-09	2.95626912582494	4.20989005011478	3.51270200071308	3.15938192746529	3.02118876998453
chr3:171586433-171586934	Basal	2.02652967265882	7.43120566418642e-16	2.86317354924622	4.15932053532977	3.63919971676327	3.05167360735218	3.16282906762451
chr6:169393776-169394277	Basal	2.02541048811882	2.78713006253646e-16	3.07043767243627	4.03109548289333	3.2074643932908	3.17536076324114	3.28829223749934
chr18:30447266-30447767	Basal	2.02520202906009	5.22848457278214e-09	2.51764886612216	3.70674438827802	3.3488566204263	3.1484326140602	3.30383084826784
chr20:56631838-56632339	Basal	2.02209644003417	3.37628397361826e-09	3.58175778855817	5.77325709878992	5.21403688414178	4.61292696078768	4.51958896064198
chr5:178520776-178521277	Basal	2.02158734660935	3.94670620714503e-11	2.92605075183115	3.8060186262757	4.2934564306574	3.39706422107551	3.41343024816164
chr11:32949647-32950148	Basal	2.02110277769517	1.79501606526475e-21	3.20649833858938	4.51017353526591	2.60878907211635	2.97530489845507	3.06466954514698
chr6:60912512-60913013	Basal	2.0201316126935	2.32507325721017e-11	2.7741501214087	3.32233881019854	2.93556995188176	3.09161330534409	3.03946596436962
chr18:43443829-43444330	Basal	2.01894509067708	1.85346476186956e-11	2.54796798587302	3.31943425144199	3.03820408342347	2.86660890786314	2.91442650990182
chr2:70897815-70898316	Basal	2.01735413305239	4.19535529498632e-23	3.52365935236464	4.86331598001639	3.8422450513075	3.5432601889619	3.69162579445956
chr1:180951053-180951554	Basal	2.01718921491255	4.29398967528677e-28	3.9791574552485	5.67706900787261	4.61644696759755	4.35510991278719	4.32487658618452
chr7:56358870-56359371	Basal	2.01711273004163	3.6182164767481e-06	2.52019789612116	3.01804188243148	2.38100862059971	2.12113271792159	2.16849664021679
chr15:77503204-77503705	Basal	2.01570101361278	3.86405292131627e-14	3.92923780645545	5.64323095112792	5.08830589492445	4.15133772121411	4.33002080950747
chr6:144093321-144093822	Basal	2.01428215278333	1.16946515933474e-22	3.54600976936941	4.90902911017234	3.43796373148365	3.6983776443822	3.41831526722265
chr15:87807945-87808446	Basal	2.01427471038854	0.000154742961839545	2.70300231177453	4.26997219314128	5.67204604269776	5.12915457470399	5.13322411289853
chr1:225378241-225378742	Basal	2.01259599995321	6.35353618081021e-15	2.61305833790912	4.30220677683157	3.32105424519009	2.84656564391781	2.65109895380525
chr1:82366560-82367061	Basal	2.01171239989231	1.72387243997402e-07	2.47911423513958	3.35518089969077	2.94509069376893	2.46144319272276	2.26949438768313
chr5:141188398-141188899	Basal	2.01155113818311	2.16210962390665e-16	3.08896722947581	4.39566607262024	3.08109119626764	3.1231615224561	3.10236355725
chr2:5743948-5744449	Basal	2.01115177838896	1.43269353966294e-12	3.27103660429901	4.48947524875072	4.94000300334961	3.90746381926884	3.73162895509477
chr6:26248695-26249196	Basal	2.01113251421444	1.08648807117048e-17	4.21782413878918	6.08971293283488	4.50716762078731	4.43962190048805	4.42991978896535
chr7:139432039-139432540	Basal	2.00964484394774	1.32918161531381e-12	4.0717459478576	5.79330012641767	5.32485417349356	4.69097348749865	4.93949935708579
chr6:6805241-6805742	Basal	2.00893521764969	1.19086913272297e-22	3.83006439276342	5.12686271970315	3.58045148546758	3.77720493887296	3.80675583594916
chr19:37269434-37269935	Basal	2.0078897514454	8.1373838016132e-05	1.74541646168893	3.05300570992841	2.52382979515097	1.37281964848308	1.60567019269248
chr6:125194015-125194516	Basal	2.0073317309982	7.46452064448184e-10	3.30377618889062	4.38599822456866	3.44573073233643	2.93811337587043	3.08709969201103
chr16:17893632-17894133	Basal	2.00569945400453	1.21500561734947e-09	2.32679415371861	2.78616457627018	2.0402743981832	2.45791643789593	2.3957124299054
chr1:44362682-44363183	Basal	2.00511732322021	1.94875045355159e-08	3.10137511658266	4.26807004441926	2.94774447569816	2.91879937586681	2.73862548127635
chr19:13226423-13226924	Basal	2.00355722972289	2.25540615073183e-19	3.36556817795698	4.5949192976248	3.51697584936422	3.31717053721076	3.17850573795799
chr10:8591217-8591718	Basal	2.0034485163884	3.63396248641779e-09	2.68013078180147	3.54910582979545	2.10564930814464	2.90805653430203	2.94296499769025
chr3:56590712-56591213	Basal	2.00318907090885	6.26686338460587e-12	3.17564745521429	4.6670714357916	2.90854686544348	3.41847621984867	3.2556218463513
chr19:9061937-9062438	Basal	2.00183172816236	6.40494718045857e-14	2.75284009161524	4.2942407006656	3.30084713863731	3.23203822958731	2.92395389640584
chr10:3321082-3321583	Basal	2.00019867343283	5.73293591330253e-18	3.11728909216195	4.7162139964024	2.92010578188767	3.05336350513695	3.20080871177914
chr7:69692934-69693435	Basal	1.99875264002874	6.3393952550849e-13	2.79851621550365	4.1840769669708	2.26995693738983	3.0501675104915	2.85182497392813
chr1:242183294-242183795	Basal	1.99871453997384	3.72833356194006e-13	2.59568793368514	3.71594935345947	2.51541298411769	2.58078415871481	2.6869190421726
chr6:21128579-21129080	Basal	1.99762844637135	7.61281649011374e-05	2.87042747879603	4.61979598645167	2.40099127751822	2.76448061178216	2.6507014495713
chr5:170785340-170785841	Basal	1.99642542245673	3.38672188867265e-15	3.00925587625683	4.582081422431	2.65230602550322	3.209893970773	3.14412180620099
chr16:2337814-2338315	Basal	1.9958904872803	7.68867855950896e-14	4.17012719127171	5.50040448769629	4.13624475303764	4.78535958183899	4.46529516250534
chr1:165373763-165374264	Basal	1.99399798239128	1.43503654030742e-17	3.25740961712385	4.48571948628759	3.12413146444775	3.43076748525929	3.39819625706631
chr18:42268771-42269272	Basal	1.99392776858309	1.27212875753178e-09	2.83228500390073	3.58561506111239	2.44145831565839	2.81817298355546	2.56540763013312
chr6:168726476-168726977	Basal	1.99340597116628	2.41846525659861e-13	2.94092009019504	4.29908594328431	2.63106603819343	2.94040927729854	3.0211785055031
chr2:106492334-106492835	Basal	1.99312751168264	1.49930956474463e-11	2.25020149512417	3.65227687840681	2.24527213874275	2.81181244218551	2.46675595906449
chr5:139400439-139400940	Basal	1.99310279172672	7.73436537618845e-33	4.14389228083564	5.46564446269874	4.48809818283122	4.58957430576178	4.61816768295304
chr4:70221190-70221691	Basal	1.99309633197487	4.17220444941342e-07	2.2590275109311	3.31148157991036	1.78709946281527	2.46051125901341	2.33901968978102
chr2:63837777-63838278	Basal	1.99286086862667	5.83461096924693e-16	3.86328545757118	5.1176551985642	3.85910155842926	3.7565804495275	3.72400369736227
chr16:2787383-2787884	Basal	1.99216166436603	2.18447046448728e-16	4.02096818531416	5.37115519532973	4.10621611270141	4.1066626399623	4.07252157727361
chr1:161084539-161085040	Basal	1.99192782282644	2.75675353018289e-06	5.06926268762233	7.37230927009898	6.74310590940007	6.31274569430286	6.3096018924945
chr12:12088100-12088601	Basal	1.99098491780213	1.11900957983853e-05	3.54114257298682	5.26650178221945	3.24404092369639	3.51771189509701	3.27880671747428
chr8:72743117-72743618	Basal	1.98991053616963	2.34773089596983e-15	2.76023179381575	4.01232836255761	2.48448550290066	2.81904429592467	2.70281975797972
chr2:151390171-151390672	Basal	1.98937699880467	6.48472162804021e-21	3.13023651944826	4.49987752026764	3.16165166367874	3.20523812294683	3.35428653195479
chr1:216901915-216902416	Basal	1.98913125900511	1.88808175991896e-12	3.24064048129552	4.70796386408596	3.51436266327589	3.77145411630522	3.93074051452707
chr6:10400847-10401348	Basal	1.98849928085276	9.14714557172229e-08	3.40452676803432	5.27245530592662	4.28596144019065	4.07284290360845	3.99848082653765
chr10:5487440-5487941	Basal	1.98845774348579	7.0611642824893e-07	4.17449513546364	6.10722765997715	5.41604313191708	5.10826889889491	5.381335474602
chr18:48558118-48558619	Basal	1.98765883955014	2.32674454014624e-11	3.02797680785502	4.62439979693444	4.33091130653824	4.26393152417093	3.85870593740881
chr2:119174909-119175410	Basal	1.9873596215502	1.73168439853363e-15	3.31825216573833	4.75923338542138	4.15939891528056	3.42428566699279	3.32953980634194
chr8:140022528-140023029	Basal	1.98701418727458	1.397927909491e-13	2.95035209839824	4.07386488920677	3.46825437858471	3.3224357460303	3.2537405186576
chr19:39007022-39007523	Basal	1.98678882616475	3.68227439423057e-14	3.26874971341961	4.91396334036264	4.32846348983586	3.62662726214046	3.99830083033608
chr8:115804180-115804681	Basal	1.98644167071294	0.000656196067893119	3.15707884467861	4.51685986139489	4.25852140496879	4.89647475647637	5.11060447223134
chr3:75727335-75727836	Basal	1.98640061925697	7.24197220877041e-13	3.25167772950022	4.43849304795005	3.66571784067857	3.31519958005289	3.40660206239281
chr2:9150017-9150518	Basal	1.98600040075861	2.53160536712503e-15	3.60502644024008	5.01328100675311	4.31898865743853	4.00244228644607	3.73426828982687
chr6:10428138-10428639	Basal	1.98537774044535	1.56017697064906e-13	3.72463628101496	5.5139300264088	4.32649369450538	4.25040148062126	4.13586740135837
chr6:32652875-32653376	Basal	1.98429034664049	0.000378995629435319	1.73142999017086	2.36275429447017	1.90135594450661	2.48858497829357	1.32537430920714
chr19:40439366-40439867	Basal	1.98398103576368	1.68227895282376e-19	4.80632518706275	6.55021924436638	4.71017409694696	5.12366481294333	4.91312299589511
chr15:93246727-93247228	Basal	1.98237435001288	4.11945331599555e-12	3.1276327661409	4.63299171780742	2.44976242624195	3.09126040813192	2.89048361738994
chr18:46041615-46042116	Basal	1.98144408088727	6.36660592205702e-16	3.38655547167371	5.18332609098447	3.3997221543786	3.65423552038275	3.38801617050956
chr19:14026571-14027072	Basal	1.98061097797167	2.84154835775375e-25	3.41957653863278	4.76255610288683	3.2571241176462	3.31237256112884	3.51515770048464
chr8:144237540-144238041	Basal	1.98057708423136	2.78349048592592e-22	2.62081306361997	3.51143096105393	2.64595154064035	2.68667358660704	2.79621507002993
chr4:65732744-65733245	Basal	1.97923246045276	2.00801704072039e-15	2.97197627678241	4.00793128215083	2.99794723860921	2.88686299452356	2.87385100878051
chr4:185563593-185564094	Basal	1.97913095248609	4.01900305551535e-17	3.29688130316911	4.53259705544815	3.58080184942997	3.94347725187115	3.74966679172338
chr16:17977004-17977505	Basal	1.9790416953975	1.30380308499781e-10	2.63855879847214	3.42881142078899	2.47351792039948	3.17133567429107	2.81974513461608
chr6:1553654-1554155	Basal	1.97768614884624	1.41780552113432e-16	3.76159859114932	5.41412060788318	3.54372508150149	4.16288936906633	3.52740781090834
chr7:64293182-64293683	Basal	1.97743577420263	7.93857451272119e-15	3.15270163193904	4.15691541585826	2.93599006358029	3.19438630311165	3.20596644190715
chr1:167557319-167557820	Basal	1.97530739062325	6.64197482298474e-18	3.67719363818343	5.14684009563307	4.26534236896553	4.13712114688764	4.30659736355018
chr19:23913906-23914407	Basal	1.97497148586197	2.7298564309614e-08	3.90795564670925	5.86075505376071	5.63974417294994	4.50556522239042	4.60524607799956
chr6:150639857-150640358	Basal	1.9729045650899	1.20921404317821e-18	3.4065943735262	4.8466558907788	3.1177651641103	3.04517453056813	2.76849889640555
chr6:106390730-106391231	Basal	1.97242500880171	3.97717421756883e-11	2.86509924035159	4.29584559362006	3.26789376400475	3.09619509226838	3.17927170998678
chr1:155654082-155654583	Basal	1.97162761393653	2.13784913648554e-21	3.50484768058293	5.16949908362877	4.43026654132675	4.13662721909046	4.29608787711208
chr19:49738209-49738710	Basal	1.97149838571774	1.20933382767498e-18	3.22550309117876	4.28402631661098	3.19380566011822	3.12542832966219	3.09942923799209
chr2:27208423-27208924	Basal	1.97141215929195	4.35238692063885e-27	4.02747789606907	5.57664844296668	4.92306950966883	4.49347158062003	4.47944497711687
chr16:10585175-10585676	Basal	1.9705603783739	2.21651364943999e-13	3.49474443769559	4.64140609769903	4.05343070197509	4.28348705142185	4.04840159680009
chr8:115781489-115781990	Basal	1.97042217704863	1.81019410148833e-09	3.26974665871682	5.08573053575015	4.50270440841317	4.6132533503895	4.88202932933186
chr16:84502490-84502991	Basal	1.9702575828269	2.13250512020865e-14	4.7523381488168	6.53185324467317	5.44883654709005	4.56915842726651	4.50854734703453
chr10:5464494-5464995	Basal	1.96994020566646	8.37401349106036e-12	3.83139532013277	5.78867391095466	4.80298786632381	4.66596386739407	4.77002663856727
chr11:94590073-94590574	Basal	1.96901603811238	2.18016134771386e-08	2.93711173108039	4.02834441619777	2.42492095551269	2.54187713537158	2.62447426221192
chr1:157091601-157092102	Basal	1.96896330708214	3.48200753958283e-30	3.85779146231012	5.59399718053473	3.97654552652155	4.36743205102939	4.10989015741945
chr3:155607628-155608129	Basal	1.96892333931966	9.58720702068701e-15	3.10038878591045	4.51750894817542	3.30153240904258	3.09629750393902	2.8656332585145
chr8:85466758-85467259	Basal	1.96709772143439	2.27716210306461e-09	3.55649756461728	4.52256999537995	2.84815202498471	3.89768395952245	3.09272537944179
chr6:27897788-27898289	Basal	1.96450648460945	6.68261307715124e-13	4.13944901460623	5.86839225578231	5.4351200435293	4.20864477135739	4.6657800295384
chr19:17154615-17155116	Basal	1.96385801110857	2.47633099333791e-36	3.68215566301912	5.25622649775864	4.11625768393349	3.9885582685859	3.89224680809867
chr6:84777823-84778324	Basal	1.96277743688334	4.62351396529541e-13	3.02034647188011	3.73673167038262	2.64625221983766	2.79453535589217	2.71126924493656
chr10:80664893-80665394	Basal	1.96193706141426	2.33047079377563e-10	3.50223173237201	4.85556271742975	3.59063820666284	3.27058663997608	3.46761779288367
chr6:35755583-35756084	Basal	1.96050349710697	7.14361953456031e-13	3.19039036128139	4.51537346154882	3.97959338642296	3.52098952157062	3.46733897896793
chr2:11545073-11545574	Basal	1.96017049896975	5.44574413451195e-09	3.06013544196981	4.53999761930199	3.30198735918488	3.86981322060724	4.2043330744612
chr8:126967903-126968404	Basal	1.96009391980815	2.66251711907854e-09	3.00644636670577	4.56480938261529	2.51701936624101	3.0664637507577	2.71963199602247
chr20:50311637-50312138	Basal	1.95983826671178	1.62729562890667e-20	4.43403932162208	6.14551124912956	5.01271719113738	5.10110539924609	4.86565930699807
chr19:22739206-22739707	Basal	1.95948668666181	7.36082728117562e-09	2.71376692760264	3.57053363629599	2.61434672589028	2.64508620798248	2.57936259501234
chr1:151840487-151840988	Basal	1.95926576593892	2.33214364033438e-12	5.36297242388469	7.25171586768082	6.11722736731068	6.24833767195329	6.00706571013984
chr18:40985444-40985945	Basal	1.95892033688532	4.99700891074954e-13	2.2938307312248	3.21736046618471	2.26678215385427	2.69317416736494	2.09721467977654
chr12:7282560-7283061	Basal	1.95809620551083	1.52659153315663e-12	2.44925128364829	2.95108030715097	2.17555829638318	2.52842984088583	2.45078954083948
chr2:190511921-190512422	Basal	1.95699058534428	6.19003031535999e-23	3.23386927795485	4.7752609540879	2.54721156980875	3.29494330860188	2.98147016773325
chr7:56620787-56621288	Basal	1.95580323850028	1.43294660115273e-08	2.60491948777633	3.56947759289667	2.11151587720014	2.52236726427462	2.60263471567519
chr12:12018929-12019430	Basal	1.95552891565993	1.00159847041383e-19	3.38035091592655	5.05269991294451	3.6741926289412	3.67720904830963	3.40463520428906
chr6:35783482-35783983	Basal	1.9553948198752	1.09877453291252e-09	2.85974515576247	4.35161770668395	4.82716543870861	4.07232331325759	3.91983224974765
chr4:75936341-75936842	Basal	1.9550746703306	1.50803010350811e-22	3.16851915942288	4.36337866486191	2.92840121146026	3.0195923507004	3.19967750044678
chr2:25478719-25479220	Basal	1.9541914074625	6.39484146750895e-12	3.24824103933036	4.74716504018161	3.68976433104649	3.19379088167155	3.30282126285032
chr8:97476448-97476949	Basal	1.95410723175446	6.4011826062396e-14	3.09001878876704	4.31524342757477	3.92133896061885	3.28169560469587	3.51912466927912
chr8:127733241-127733742	Basal	1.95265793619781	5.42428064925467e-19	4.86931896364343	6.63124731143421	5.16861518571332	5.15130680370296	5.25585026529792
chr19:45727702-45728203	Basal	1.95251598800485	8.20381179937678e-27	3.99547069076099	5.55551820392851	4.31384923108131	4.4374416105164	4.30729802468311
chr17:40011209-40011710	Basal	1.95147543938141	8.14233200133372e-11	4.27638372456332	5.68126870055558	6.04800098919858	4.2492920255622	4.87326310850643
chr3:175619427-175619928	Basal	1.95086452582268	3.88625069229243e-08	3.38819422138684	4.77527972277266	3.02507591095498	3.28878962796248	3.2505793834721
chr5:16987707-16988208	Basal	1.94991571781784	1.00127553269733e-05	2.84597054526444	4.09961996422574	2.48750747871247	2.87506580631156	2.53136108362971
chr8:123186113-123186614	Basal	1.94931045311196	1.85133097982746e-14	3.52999955863255	4.80346068550508	4.05088622875896	3.80578819926678	3.98855096238499
chr14:64049447-64049948	Basal	1.94879576110486	3.41005221045993e-08	2.72420791014247	4.20469610766265	2.77628647440506	2.69699228010029	2.54699208078634
chr5:180180878-180181379	Basal	1.94795930965043	1.28688864199963e-13	3.20563766175019	4.54470562605847	3.90856587264796	3.89431928162998	3.48036479170069
chr8:54175357-54175858	Basal	1.94735840076016	3.00259014519537e-16	3.51752252727197	5.01552275826688	3.58735260933535	3.48363679612203	3.60996151195718
chr17:38253298-38253799	Basal	1.94720907644512	1.9746233695136e-14	3.14136389076192	4.2526099312371	3.32516245099486	2.9184240915596	2.95404504557009
chr21:41984863-41985364	Basal	1.9469462018757	1.47297967108107e-10	3.38667542780117	4.45006250019993	4.20860438770565	3.87697012498305	3.64238936038514
chr10:5499880-5500381	Basal	1.9446758066039	1.66611050951173e-11	4.1792577279373	5.86790742016382	5.76440078380477	5.17279114811052	5.26041672530899
chr3:176515041-176515542	Basal	1.94365785084583	2.32353502307559e-14	3.04149296281473	4.03184994747515	3.63072687794187	3.3073378610355	3.15823996657634
chr16:19632801-19633302	Basal	1.94297754917266	1.05225813734505e-22	3.13879147218531	4.18750784547921	3.21166242042372	2.92481530617633	3.26583877883335
chr8:126375965-126376466	Basal	1.94286220284376	7.37599364434165e-10	3.12593041458398	4.74540676151837	3.82332459151063	3.57175152069087	3.37722815922047
chr10:100615831-100616332	Basal	1.9428045829175	1.46633784155448e-15	3.00030786221918	4.51575622215401	3.43091714396285	2.97428709062327	3.16280231765565
chr8:127700500-127701001	Basal	1.94271605402469	4.25389721371948e-12	2.97966773932987	4.50770697479324	2.91972090990437	3.21972368985683	3.32234350570956
chr6:108201537-108202038	Basal	1.94240902044529	3.91310819969056e-12	3.31863942427386	4.6142927668903	4.60836597467878	3.49465807261184	3.21335291309433
chr2:99709763-99710264	Basal	1.94125854365337	9.69143005047387e-10	3.35100622212308	5.05418685577274	4.73120833680223	4.36155324175964	4.44547724407205
chr12:407319-407820	Basal	1.94077686781124	2.16344201093851e-09	3.76166462549026	5.31865412427726	3.56551859155318	3.35990902509664	3.29500737504572
chr8:72744725-72745226	Basal	1.94073136723265	1.56069136555966e-15	3.23740467552439	4.54757591069694	3.36383476332137	3.33766349524254	3.23796759035863
chr7:25899623-25900124	Basal	1.94004059980786	5.08324318507165e-17	3.24201588425079	4.54201901886166	3.50162279824335	3.53163747230945	3.09167434784598
chr18:50197511-50198012	Basal	1.93715732935099	3.02951433079149e-19	3.17097990069461	4.61367690450951	3.04016427474811	3.60627324233939	3.36672513379294
chr10:36995759-36996260	Basal	1.93473651841188	5.77130354856173e-06	3.43509097862171	4.96795937765044	4.60737798101737	4.00864608738539	4.27545222552505
chr10:125090796-125091297	Basal	1.93442317463906	6.9220797174047e-20	3.65433715333113	4.72950704939986	4.14529034919868	4.02798392611614	3.91357390551852
chr6:42691347-42691848	Basal	1.93316512877998	1.95649049014257e-23	3.70404724423566	4.93460693542122	3.50118225258246	3.69278736774513	3.61476216816524
chr19:12112177-12112678	Basal	1.93204548891293	1.83970887677838e-15	2.57458027724833	3.57641854560924	2.60436978322945	2.61937608597597	2.66741306314984
chr7:135322515-135323016	Basal	1.93052388079349	4.46399222479401e-14	3.30919336438662	4.67579132648304	3.21456240005405	3.01774276843068	3.00353334236023
chr9:87670037-87670538	Basal	1.93043451270982	6.64553820969468e-14	3.47723402239531	4.03816754816269	3.0193593253158	2.95723256592303	3.05912315699196
chr19:16508304-16508805	Basal	1.93032520991176	7.39793266462439e-28	3.50952448176594	4.95493247711593	3.59981205540772	3.42362931056487	3.6640122388653
chr20:56911811-56912312	Basal	1.93003839054031	3.91804946252284e-12	2.89404448178829	4.07670545492266	3.60405559046506	3.25961602102262	3.37933879871588
chr18:11978874-11979375	Basal	1.92986995322694	2.22993425789131e-13	4.34930453862686	6.00835345119908	4.31902859113812	4.07843698787335	4.1667701212703
chr2:65950361-65950862	Basal	1.92959186595502	1.04142593871742e-15	2.92753919474221	4.08979110308032	2.58300920147651	3.01214142976185	2.720240701208
chr2:68094581-68095082	Basal	1.92922549624667	1.12567620405974e-16	2.72817275800839	3.54649059988242	2.66717726170279	2.91629349985741	2.56007569961582
chr6:33725447-33725948	Basal	1.92615427375307	2.36589667489713e-24	3.53118950812425	4.73996612487818	3.82783026597174	3.91084475564121	4.0050454364593
chr12:12665095-12665596	Basal	1.92589797535384	8.18804280871676e-05	3.02786008212729	4.94637641941358	2.96743094321392	2.55661437462317	2.77001825260159
chr20:48227284-48227785	Basal	1.92512614149013	1.01852665325896e-07	2.7909384769465	4.51428007745939	3.74929479524565	4.07637927194165	4.12294651891175
chr5:113775613-113776114	Basal	1.9249125139622	2.37260305070352e-14	2.95734770991996	3.88157633457073	2.55675964589559	3.17628705408332	2.93287435459239
chr7:17231379-17231880	Basal	1.92360045656436	1.18900340692601e-21	3.36559874228111	4.2111963616175	3.00998228148695	3.47256003816912	3.34333826480949
chr9:97981464-97981965	Basal	1.92334666303307	7.84196066348111e-13	4.60067696614581	5.89600028051658	4.00041760026091	4.35485316087131	4.18406748105269
chr16:4629030-4629531	Basal	1.92329774195636	7.44069575963531e-10	3.78564282192914	5.0660515075786	3.78117192105104	3.92048218067883	3.77387828905215
chr19:9009394-9009895	Basal	1.92313040786857	1.32658711653018e-06	3.39751623486695	5.29531041498465	3.76254757479416	3.45108513142649	3.61495494513769
chr12:5989674-5990175	Basal	1.92278876959877	1.22331827490355e-18	3.2002453280852	4.59364253425947	3.85863899589458	3.26712793844781	3.18775000016782
chr2:121195416-121195917	Basal	1.92120058816742	2.50732657900169e-14	3.88667110511212	5.52250461003785	4.10299300215928	3.9979293479271	3.56527125418953
chr9:37798703-37799204	Basal	1.92094818374093	5.0058367693462e-07	4.12678312184039	6.02583015614708	5.75185285910341	6.19416997263748	6.18558657109251
chr7:152936477-152936978	Basal	1.92059686944904	1.05211102707414e-14	2.9241615513332	4.02598375595842	3.10270621705794	2.87954660910059	2.84129714690695
chr16:4377449-4377950	Basal	1.92010243721447	6.3194460281041e-11	5.21415568394607	6.8528837837203	5.5465600510404	5.52198790182838	5.50003877178155
chr11:57428103-57428604	Basal	1.91988264186219	1.14626778143476e-16	4.0095233281564	5.76260025140098	4.31849453229796	4.52339031124524	4.29554115562098
chr7:36522542-36523043	Basal	1.91980935277155	1.18176034488376e-12	3.0375239358928	4.30895886300377	3.15698210874547	3.13844240679275	3.24116343322389
chr6:45918537-45919038	Basal	1.9190584453468	2.00145262676832e-13	3.24616821467827	4.49032111289999	2.78469533238475	2.98700060046164	2.9543423880482
chr6:44727103-44727604	Basal	1.91774175200196	2.58364987118909e-16	3.12588987998413	4.73676569268071	3.32784544090201	3.21993305400041	3.12332350112935
chr20:56769821-56770322	Basal	1.91690019606798	5.57335618355338e-07	3.33690980926935	5.169471998082	4.2403312190995	3.69581500694806	3.68836096118479
chr20:56819915-56820416	Basal	1.91677529310906	2.72246319986485e-16	3.08128886976732	4.24598181198797	3.69042330419313	3.74830683642526	3.63129320466884
chr16:3139401-3139902	Basal	1.91633251501044	4.16813947686479e-13	4.46789469055223	6.0615811694189	5.25463278279592	5.59009466770567	5.58941501575302
chr8:89755033-89755534	Basal	1.91585098235877	1.10816975964895e-15	3.51233645358429	5.00058297246127	3.43547373529356	3.57595866221012	3.5325983759152
chr9:2120303-2120804	Basal	1.91497330636717	2.19909743234466e-14	3.26076720321732	4.71940131135754	2.95893386575877	3.62977135706045	3.12541876939403
chr6:43102245-43102746	Basal	1.91459851284602	1.37947611614343e-23	3.03938307915655	4.32370486372636	3.52324544612673	2.98841897715485	3.01942138539387
chr2:61926663-61927164	Basal	1.91380872122823	9.85000536848239e-08	2.90631204788156	4.40425477820989	3.9888543036155	2.97271412796796	2.86874970500046
chr8:120970060-120970561	Basal	1.91378982461557	1.96700955136376e-10	3.17969795281181	4.75670532073643	5.33313811996734	4.0252626647051	4.07726440476507
chr1:83994028-83994529	Basal	1.91338033955325	7.67492377833426e-15	3.66541168371335	5.12094510482663	5.1624935269113	4.10859587465079	4.09147188939243
chr11:130090216-130090717	Basal	1.91310145402887	1.01264076224012e-09	2.97098654468439	4.47399636553364	3.40453117399605	3.01262206023823	3.56735178015382
chr2:58386818-58387319	Basal	1.91298231671952	6.75619298788496e-06	3.21744881160456	4.54770354490847	4.33001149499515	3.50317391554606	3.47228008198306
chr10:5069639-5070140	Basal	1.91163749607866	3.41203138232177e-10	3.42022722892584	4.93953720064959	2.94341540808113	3.09098119743006	2.84994752895436
chr7:117444572-117445073	Basal	1.91162866795547	3.07716608072624e-07	3.15951445805462	4.29793671000807	2.65396427593103	2.79644665393362	2.9979261877392
chr9:133168966-133169467	Basal	1.91150851882954	2.16016343845773e-22	3.68518393019339	4.64009409985509	3.68675954475164	3.50675696604162	3.62506374520834
chr6:4829571-4830072	Basal	1.91067744356974	4.68083354468425e-09	3.15372796606985	4.75543144517176	3.4734760275366	3.11793446774766	3.11996359161968
chr19:36665738-36666239	Basal	1.91036883724186	5.2953139290772e-19	3.88839094442687	5.44749825925766	4.15154615437858	4.21802622679543	4.0220608335206
chr1:167826155-167826656	Basal	1.91031754557055	6.7115936705493e-15	3.45188141792611	4.53704233035189	3.30872641806177	3.58205962377681	3.26508397520145
chr5:174003734-174004235	Basal	1.9101015458156	5.40740345947557e-09	2.52327140442235	3.06221217273846	3.70069250801378	3.26535590411675	2.98511143612901
chr14:23958129-23958630	Basal	1.90970365191193	3.26512770429157e-08	3.38379950146197	4.46883468416411	5.75611852251363	4.41249467627783	4.51741897000831
chr7:126149028-126149529	Basal	1.90919722920822	1.5044016374329e-08	2.97162676482049	3.77790453127061	2.57630151758071	2.59629115053398	2.81482583385163
chr11:44749071-44749572	Basal	1.90895968459141	1.22803216375328e-07	3.19406770825979	4.46607236073118	4.43962780389692	3.25595118389235	3.29743473996421
chr8:98894911-98895412	Basal	1.90795825275704	1.04940723802193e-10	2.98203236845197	4.23786169452764	3.72815764155949	3.09665321200741	3.71134932959542
chr1:36730096-36730597	Basal	1.90587650571011	9.04818129553493e-14	2.91744454404744	3.92084927242293	3.22329515204328	3.02757897793022	2.9908705890636
chr12:133145885-133146386	Basal	1.90518914243584	4.2803544508838e-14	3.10173687422524	3.77056566460292	2.86273121820843	2.88460676513099	2.99422706239846
chr3:9865580-9866081	Basal	1.90454942831692	2.6623188977667e-15	3.53176398196449	5.33238929111044	3.79807866124004	3.88475960259889	3.63943320509743
chr7:6485160-6485661	Basal	1.90407022395698	4.96570668012062e-15	4.65950657560718	6.44290888491142	5.38551182853257	4.70020611574668	4.99871116699147
chr7:138954263-138954764	Basal	1.90286587557156	7.4983047805403e-13	3.69473676434809	4.18373811752353	4.00751528180436	3.62140606215427	3.67043323073286
chr7:26135468-26135969	Basal	1.90282073487035	3.85175794947924e-12	2.83470101710562	3.66899564284935	3.97303331763584	2.95521163915786	2.9455167241234
chr7:152029099-152029600	Basal	1.90026097443488	4.15064166056107e-11	4.11477414562551	5.62758400693052	4.8619963728596	4.27959188887998	4.4451483195508
chr6:50820851-50821352	Basal	1.89979970682059	1.17824289445711e-05	3.77999280433834	5.524142442467	5.23238553329317	5.02765662005951	4.37146217631249
chr10:3341346-3341847	Basal	1.89960431719225	1.56657125928288e-09	2.63169342388171	3.77679511741774	2.19277624516074	2.52872666745819	2.69712064293026
chr9:37857578-37858079	Basal	1.89950572498707	2.8846639577812e-13	3.05163642132169	3.89271469112872	3.29860157241239	3.7829736074299	3.62114541419768
chr2:118460352-118460853	Basal	1.89730463086808	5.170090438471e-07	2.9340347830816	3.40789739179509	2.53570141870659	2.65666415098685	2.53852030674599
chr2:46989841-46990342	Basal	1.89711052056153	1.30746737388954e-14	4.46542304478136	6.31651120146769	4.51496598348134	4.81645723000936	4.53628865634688
chr6:15001470-15001971	Basal	1.89700063367866	0.000520782218274765	2.91591387380799	4.78784681895544	3.05673657424217	2.98377468475401	3.03744723977476
chr2:217284191-217284692	Basal	1.89662798602464	4.7005669261563e-11	2.95951228915276	3.73133102119168	3.04754445714038	3.28431216527012	3.14703300323208
chr10:125329870-125330371	Basal	1.89655532726205	1.51630470419683e-12	2.96555587783931	3.65554105668478	3.84831740861414	3.45949937532045	3.45819160918956
chr1:156265186-156265687	Basal	1.89653043760955	7.78318383892804e-35	3.83327607604882	5.07450059087792	3.92873859962818	3.95960220085575	3.69109899465732
chr6:127389653-127390154	Basal	1.89651487022629	3.09380742836918e-06	2.91627354470275	4.46506191979584	2.82669955261513	2.6353877272374	2.51173742742433
chr4:168586750-168587251	Basal	1.89593296587226	7.26268998164019e-14	3.80109845339975	5.44264553884509	4.87938333971466	4.64981277702543	4.56387769241244
chr21:35796754-35797255	Basal	1.89526439284055	1.65687268406336e-06	3.24369884028017	5.11087822474192	3.53693992870021	2.91251223886712	2.62927711974312
chr9:114570748-114571249	Basal	1.89437095938338	1.73017569967058e-10	3.29810872531712	4.54659547362135	3.11760886673533	3.52453238656066	3.0881876909088
chr1:91227521-91228022	Basal	1.89403808154545	6.0214504422328e-11	2.81424406152852	4.44647995268865	3.20419302207399	2.90240717132193	2.98636593295017
chr10:771528-772029	Basal	1.89356637598888	1.42114071332286e-18	3.32948599977202	4.84846622370956	3.7248089355154	3.39493741063103	3.52017196939603
chr11:69872678-69873179	Basal	1.89338430227332	4.48079228393676e-10	3.10658107277679	4.06223221193447	3.30556390057144	3.28860601612838	3.56775807594054
chr2:42103762-42104263	Basal	1.89329355081929	3.44670683044175e-17	4.06519938064625	5.5923245236122	3.779188375582	3.76967432552872	3.62537982799361
chr2:97347832-97348333	Basal	1.89301049106929	0.0013473233265547	2.58872837274997	4.20467452163444	3.75047593421588	2.48796936046554	2.75025350686226
chr3:186998989-186999490	Basal	1.89235704009636	2.79116741747616e-07	3.96348241665471	5.69298194071885	4.60738832309396	3.50477583822031	3.93534555331994
chr1:161087025-161087526	Basal	1.89135577832815	9.45718843879421e-07	4.70989472670076	6.74247465568626	6.19263794024059	5.55095716351938	5.52755962872002
chr1:155647855-155648356	Basal	1.89108111554227	1.08356612551073e-10	4.81968394296389	6.56412288190574	5.63735617697453	5.17434203250781	5.2460297326046
chr8:101839196-101839697	Basal	1.89003345793561	4.01168831393932e-13	3.04497761070694	4.5016061458642	3.39249500245006	3.39926139273591	3.33477963511354
chr10:43216417-43216918	Basal	1.88945642028975	4.8183911250754e-19	3.55442508201571	4.80350053760365	3.76651811129196	3.67029843600358	3.60933774818297
chr9:136549613-136550114	Basal	1.8893272346473	1.2704599476434e-23	4.6870354266162	6.17383385948271	4.7286933859799	5.06725908162834	4.69870930969454
chr1:172423289-172423790	Basal	1.88783621905831	1.62249797043266e-19	3.09217514911331	3.94208110138071	3.24980644515358	3.28486283129925	3.22059296959267
chr7:85659308-85659809	Basal	1.88719772087163	1.65909767804501e-12	2.81108977278041	3.96561019414277	2.22298272550407	2.70786550707333	2.4241544210329
chr3:174864106-174864607	Basal	1.88715856394696	1.87185410706164e-10	3.39991326417989	5.18999679271295	4.72341964936747	4.34798904196181	4.38057541676274
chr2:33595335-33595836	Basal	1.88705271194596	1.13837730234524e-13	3.1565409667767	4.23480060693663	2.94762432188766	3.04405674906734	2.93921137185267
chr17:72005521-72006022	Basal	1.88700548722965	5.53458223746857e-11	2.93691412609125	4.01996627861699	2.60781496085292	3.15227132142282	2.99913624585968
chr8:127708566-127709067	Basal	1.88642425435112	5.89045322465212e-11	3.22822216339762	4.86583932094545	3.13424329318709	3.38633113512242	3.37998038818804
chr12:9328810-9329311	Basal	1.8859574229419	4.6638432550886e-16	3.13584391887955	4.1474226557226	2.94749507610625	3.12591463251643	2.99833569387958
chr1:230780516-230781017	Basal	1.8857492830043	2.04673519967042e-12	2.9296140533845	3.91377294052303	3.05610891843986	3.25847873330028	3.12191574510288
chr6:109256816-109257317	Basal	1.88424880719509	8.67896467362334e-06	2.97017517370873	4.06851465177485	4.98901183152011	3.89146540415472	3.83602822464982
chr4:127307321-127307822	Basal	1.88322162998997	7.43534034267391e-08	2.53771104079362	2.97322394559074	2.77857009834315	2.61903225578845	2.72922051955047
chr3:184573316-184573817	Basal	1.88321989714752	4.94366791576972e-18	3.74833675928398	5.37584272715655	3.82254931513102	3.66997303161962	3.79983105623921
chr9:9399941-9400442	Basal	1.88270348311293	2.51177666822321e-09	2.60562884800644	3.69574630127452	3.34087067027978	3.12317527512473	2.66321964404182
chr6:21956679-21957180	Basal	1.88239406364609	1.22061320475301e-14	3.43613936275756	4.42186585212954	3.22689941277497	3.20121087155024	3.21172731054718
chr19:16891740-16892241	Basal	1.8807065082885	2.44083758369353e-17	3.96053351156943	5.19539541405708	4.27659121906133	4.09236706875046	4.01284398384912
chr17:51262986-51263487	Basal	1.8805787774027	5.43867639226805e-15	3.91772743304178	5.21642853738744	4.0009038313214	3.75390597747779	3.96160219782411
chr1:65360055-65360556	Basal	1.88017741355075	1.54976269571359e-08	2.51396546067458	3.27774565452662	2.31861875801201	2.43272100178511	2.29957442706094
chr7:142090432-142090933	Basal	1.87939727118082	1.97314835306518e-07	2.57853225722813	3.1837200830087	2.3332478269358	2.73250540728764	2.44650915285464
chr6:19834819-19835320	Basal	1.87864285140947	3.13302323062863e-10	3.81982724653357	5.10779536630491	3.17508484800773	3.60468447502638	3.151712295985
chr19:17265453-17265954	Basal	1.87837761654185	3.08045237702002e-33	3.96349062910219	5.61563742088615	4.41677984819481	4.06393376049843	4.16794803736985
chr18:42126572-42127073	Basal	1.87801063506889	2.75359021464445e-10	2.78361455502863	4.02202936868611	1.92620829968475	2.76990453748877	2.60073870526977
chr14:48868496-48868997	Basal	1.87771522567827	2.84472102619656e-09	3.13319359284503	4.30687931306547	4.47741406444441	3.61633530746035	3.66060978068059
chr2:172956101-172956602	Basal	1.87756167438028	4.07847641782779e-08	3.22433118458475	4.87246579968669	5.3836243895988	4.57495124877093	4.55892016860141
chr1:172497845-172498346	Basal	1.87605546669822	1.46713944939846e-09	3.58229088555349	5.36936803350514	4.69413169320669	4.0877863327466	3.79847824165014
chr2:70894480-70894981	Basal	1.87498647770121	1.97987552280128e-18	3.46536312737754	4.83718667332792	3.7034155307031	3.65735298427318	3.69958212681466
chr8:127705647-127706148	Basal	1.8733027787412	5.38952335598143e-12	2.91523392072403	4.5400962384376	2.84813878441332	2.81593525534626	3.14438863373636
chr6:85096915-85097416	Basal	1.87255374336425	1.27368088390735e-11	3.02716767117852	3.74845287043881	2.98375384197967	2.83562910756278	3.0917492089629
chr11:68303938-68304439	Basal	1.87150091646388	1.38816796601916e-14	3.99843766816321	5.29314096010491	3.92541009999493	3.86071904705101	3.94754146774678
chr22:43514249-43514750	Basal	1.87122631486632	3.98271584237141e-07	2.77437809509933	4.0776632456277	4.00519005717156	3.41280985688036	3.65729033184768
chr19:23916163-23916664	Basal	1.87045248173332	5.27194094139705e-10	3.34330419526451	4.88126302015458	4.29329004072076	3.06546759538332	3.43999630546438
chr2:63759114-63759615	Basal	1.87010388248015	4.9568916370754e-15	2.83460288080406	4.13499742969365	2.78782477871349	2.97406303949859	3.03877141468568
chr19:14024628-14025129	Basal	1.86919578934361	1.11018668329254e-18	3.48140783780957	4.64390306932609	3.37825332527983	3.47869802792522	3.53313832150866
chr22:29697066-29697567	Basal	1.86813327936318	1.18437061331534e-13	3.61429207502776	5.02608952499767	5.12885600672546	3.88521117100815	3.88036923621728
chr1:216833533-216834034	Basal	1.86704011950067	5.17562503891225e-13	3.12288231210984	4.04828672686693	3.40325591303728	3.6233701925356	3.64926667461135
chr20:37070040-37070541	Basal	1.86654504305643	4.33036953610808e-05	2.5833049851375	4.35108109549835	2.40503184413077	1.71673031721209	2.28125524251405
chr6:26252517-26253018	Basal	1.86528920191871	1.23709104453165e-08	5.06714803852715	6.86618407648096	5.05134001051231	5.52378168814829	5.29710265748227
chr7:106655939-106656440	Basal	1.86481876814388	2.04766287569046e-20	3.41113967812455	4.62419632190559	3.39248975138632	3.48932002360085	3.36099261573297
chr6:21601272-21601773	Basal	1.86344853355238	2.26164713591354e-11	3.8438012037612	5.52821451197702	4.13580918895844	3.94947494860189	4.0440764973212
chr1:205124968-205125469	Basal	1.86288518097497	3.78874291126132e-11	3.0283414930641	4.61493084436793	3.138038837346	2.91791529372209	3.14394968883211
chr8:115659787-115660288	Basal	1.862773088948	1.23261737730747e-06	3.33451933284852	5.33042826324544	4.73906352539588	5.33957902428448	5.15070154057345
chr1:235906379-235906880	Basal	1.86220277151129	8.42043799975621e-09	3.70126002931188	5.07814359717103	5.35848435396065	4.35272282066326	4.17726776083994
chr2:135793829-135794330	Basal	1.86206073480287	7.23302097654759e-17	2.76894492275313	3.75931653239823	3.33870277852471	2.88285765403046	2.51784922936596
chr6:26253833-26254334	Basal	1.86146447621186	2.13291325206919e-07	3.86466054302673	5.78599955793099	4.80811594035697	4.63867754166412	4.63912954682229
chr17:19830514-19831015	Basal	1.86080981084172	6.07093909973858e-20	2.78444315796567	3.96498514124621	2.34315613829519	2.96768138534817	2.67671340882512
chr9:136184835-136185336	Basal	1.85917353017209	1.02589508434038e-19	3.08278491801182	3.98746214918157	3.09309803594334	3.16258037719924	3.08749877417078
chr15:48982772-48983273	Basal	1.85896783586772	1.24172951320273e-10	3.12907179978006	4.75282162704456	2.93159043424946	3.24765291621505	3.05167428820846
chr19:10519577-10520078	Basal	1.85845461910438	5.31283083085179e-16	3.45250728204598	5.06133965366371	3.68682267055256	3.37419808626273	3.56529757891161
chr9:110466600-110467101	Basal	1.85480174956606	9.19950376148578e-13	2.39826741491794	3.42585079612344	2.25132053034001	2.29013342941508	2.48800807764446
chr10:29115227-29115728	Basal	1.8544084612515	2.0720447051825e-08	3.12739699431186	4.64354197922822	5.14923914346532	3.78859763494111	4.29238549483731
chr9:35935180-35935681	Basal	1.85348026249781	1.20458741441456e-12	3.66189032748956	5.09061533804004	4.31759501887199	4.09541927967563	4.13183099131211
chr4:95571508-95572009	Basal	1.85318210427547	3.00272103834267e-13	3.36619018830223	4.63430273875438	4.02774493920574	3.74733086941328	3.60933703711983
chr17:5055480-5055981	Basal	1.85195881261878	6.06129710595516e-06	2.83543225053663	3.98413940225514	2.32162534159294	2.67286113101327	2.45712529429493
chr6:108269048-108269549	Basal	1.85168670559469	1.04587829169129e-07	2.98720314891433	3.45126468390722	3.12508174472138	2.75713821207051	2.58168577067513
chr6:43055237-43055738	Basal	1.85056609696068	4.07032929188338e-33	4.57784066955452	5.84714475979295	4.61797503770994	4.30670374982371	4.54845612993728
chr6:14998836-14999337	Basal	1.85046278840423	1.09385807750102e-14	2.93182800822795	3.83431446422681	3.17661121693979	2.95301261096681	3.10590597169933
chr17:2013183-2013684	Basal	1.85014615625752	9.09374540403188e-13	3.69115573276733	5.41722421505729	4.74911154403574	4.99058112508645	4.79337442367205
chr1:192451311-192451812	Basal	1.8494305975505	4.09850248546588e-14	2.51435331073031	3.21674782601683	2.24092255381854	2.79087612862837	2.61196816576976
chr20:31797628-31798129	Basal	1.84894919900771	2.57854351513146e-16	3.01099434213019	4.41712147948837	3.35495255893092	3.01966791583748	3.00600128957196
chr19:23821512-23822013	Basal	1.84797134816277	8.21674692295416e-08	3.77808051784337	5.58387424634297	5.94804369362591	4.55701135503768	4.73266508429886
chr8:143766644-143767145	Basal	1.84791307449095	1.81708403473585e-11	3.49754940892676	5.2400298499351	4.12477176446532	4.15791914564829	4.40240236959201
chr17:571157-571658	Basal	1.84772281746911	3.03763916263772e-07	3.205784361821	4.54900298501067	2.64970389091943	2.86898875241171	2.7228965952623
chr17:41581944-41582445	Basal	1.84692848091978	6.35641670319001e-10	3.7292133406426	5.15013057946011	3.27329320465468	4.16183216149607	4.02203677149633
chr11:74016820-74017321	Basal	1.84634353330025	2.31697078626482e-12	3.9844300311675	4.97040971958432	5.05035005518996	4.88915717016933	4.64479275589041
chr9:109753277-109753778	Basal	1.84571438256311	2.8453925619405e-08	2.67051098620199	4.04322356807266	4.79892718591093	3.21700096551196	3.00017683629767
chr2:10755534-10756035	Basal	1.84558940433607	2.03890650750162e-11	3.44999565399907	4.93362168548693	4.60105645761086	3.60814595566481	3.80004005842916
chr18:15134447-15134948	Basal	1.8449366837786	1.7265661290508e-06	2.33868557670482	3.23258131920153	3.87369049539708	3.03543631066237	2.75381207999845
chr1:156128137-156128638	Basal	1.84481063974421	6.33090888448592e-16	5.67757473777123	7.32646148461148	5.64457851565791	5.80882963009271	5.49615298433854
chr1:156006162-156006663	Basal	1.84216351824461	7.46195080602096e-14	3.92798200437406	5.69209464753509	4.24787305871797	4.4800500727207	4.43824428530634
chr3:184908787-184909288	Basal	1.84176092426071	9.21934641945416e-07	3.29235963878292	4.40462723504416	2.87346759792327	3.36469731851794	3.00942914149148
chr1:182021062-182021563	Basal	1.84077233823287	4.71088229419515e-08	2.68665630539903	3.60034241079912	2.55502686837271	2.66985852162028	2.67560077463879
chr8:116262271-116262772	Basal	1.84061246753132	7.47582181346607e-14	2.79086570402158	3.87003141998482	3.16190806372531	3.4734550949615	3.36989175276496
chr8:67037577-67038078	Basal	1.84051240505669	4.2049284830535e-05	2.44574570673869	3.69770404839214	2.52901783711911	2.51139464221722	2.49112664740002
chr2:4816868-4817369	Basal	1.83987205697686	2.48384752358686e-09	2.22905923627408	3.29083374367643	1.6625795076093	2.39900498506518	2.40491910971415
chr9:86508786-86509287	Basal	1.83979823458164	3.48774577914434e-05	2.45925677060393	3.79251015777148	2.01255168082722	2.12003274970206	2.41058346140477
chr6:15250527-15251028	Basal	1.83960157880401	2.82471712454651e-17	4.73210870306084	6.22062463895369	5.64788448193663	5.3817611614392	5.41018938609386
chr3:170965631-170966132	Basal	1.83958257900902	1.42458386085153e-09	3.20711784762508	4.56153466794569	2.54457330161746	2.76718153318413	2.8857844023817
chr11:59054739-59055240	Basal	1.83932926646936	1.94722062902013e-08	2.83053074882168	4.41226034370374	3.50042574087448	3.02337776928136	3.19971256062504
chr4:187481738-187482239	Basal	1.83920212754654	2.11031814027118e-08	3.28994886724687	4.94080855452325	4.31646994725641	4.10232286182066	3.81302435610118
chr3:26052677-26053178	Basal	1.83776088363072	1.48970129615409e-08	2.59012284241966	3.30602501707397	2.08991816947021	3.12011311012155	2.61788065082667
chr3:137763144-137763645	Basal	1.83761562180693	2.67195843689222e-10	3.48641327416256	4.85118125645766	3.16515670505527	3.25640679071067	3.06430538035143
chr6:53561814-53562315	Basal	1.83700722869912	1.96311497394318e-07	2.70322680368139	3.45414982504651	2.3830197244381	2.45552786918532	2.65928815082914
chr7:30188240-30188741	Basal	1.83691339413553	6.99561614383545e-23	3.26957475672132	4.57763809189499	3.24261469167178	3.34358109404036	3.1484894156792
chr2:172050662-172051163	Basal	1.83687891864142	1.03891368273268e-05	2.67204367869043	3.62147812580146	3.01056352012076	2.64630123468464	2.92063308734491
chr2:16852627-16853128	Basal	1.83625571490402	9.41610926191174e-10	2.99112749803335	4.22021709359509	3.37371108015027	3.34006133022636	3.07997689524804
chr2:172097721-172098222	Basal	1.83588437559893	7.32800068343247e-11	4.41259450089331	5.72267248428439	4.58840998982088	4.27219542367148	3.9744893247098
chr1:212557397-212557898	Basal	1.8349898411216	7.08932645626134e-24	4.35983068376398	5.83734341946241	4.23226770745503	4.86733996743303	4.48279981114009
chr17:34724966-34725467	Basal	1.8336462905106	2.98332067334289e-07	3.41157528576305	4.34526692807238	3.40805340475224	3.35198793771242	3.44592891465924
chr6:27507253-27507754	Basal	1.83361805420914	4.17858101504014e-18	2.80021153833765	3.89056164783943	2.93696871433127	2.76087989204511	2.60603714875904
chr11:15062579-15063080	Basal	1.8335791588562	9.7520098978214e-08	2.96667425771362	4.0551200621583	2.93210150878035	2.84956605540904	2.83462472275597
chr8:51901333-51901834	Basal	1.83246703183751	3.10383524924518e-24	4.38869429840042	5.86675358522766	4.84954276868373	4.57754243326268	4.53011352702974
chr7:55950141-55950642	Basal	1.83143372104428	9.48500033222267e-17	3.93073014748383	5.44201221441775	3.88466050046284	3.86904213835975	3.7340353663502
chr2:210009657-210010158	Basal	1.83084817025468	3.07560969896534e-14	3.29812519507336	4.21290054072399	3.54875097038703	3.10762429072327	3.11623797242042
chr2:62311805-62312306	Basal	1.83072729527666	2.13888763637298e-22	3.15246200813627	4.35980584324757	3.41719368443426	3.26463690018477	3.42221576961535
chr2:45940006-45940507	Basal	1.83056086893443	5.54903165912758e-19	4.10239356526062	5.4416026854492	5.30042765624674	4.85035267486279	4.70277329399052
chr13:56906870-56907371	Basal	1.83024302669448	9.01933129039116e-12	2.82778294472927	4.22524371970327	2.55719240752152	3.14061634602539	2.67341805771353
chr1:180949941-180950442	Basal	1.82985943477002	2.29897676129103e-15	3.8402053539006	5.24086530514769	4.55241434527056	4.27422786109783	4.25579536178524
chr8:101792322-101792823	Basal	1.8297271322424	4.82058188690271e-08	3.33585314538161	4.81967778803554	3.46307146068427	3.60944264009877	3.17438218612803
chr6:29662949-29663450	Basal	1.82958630360511	7.18730574458484e-14	2.839067333397	4.35205705780515	2.89175963889207	2.95649136811333	2.83662183348515
chr18:13256572-13257073	Basal	1.82913749683027	1.59497482100222e-14	3.4796067801249	4.40038329976042	3.40233012832717	3.54747767455031	3.86667578851183
chr3:79056482-79056983	Basal	1.82811884125881	1.30274985065887e-07	2.7383157741287	3.76259203780014	3.18600255964204	3.06747273893809	2.98106069039549
chr6:29678658-29679159	Basal	1.82639013998619	1.65909767804501e-12	3.27947773184169	4.49791742458101	3.12262976391837	3.19298324577613	3.16513678203417
chr1:162290941-162291442	Basal	1.82508102373324	3.13302323062863e-10	3.26918088895764	4.43090542379181	4.30099020179496	3.54092532422461	3.93520161589568
chr2:43296497-43296998	Basal	1.82462331759655	3.2049742031352e-21	3.6397279144619	5.01697687989099	3.80142186036443	3.816554702936	3.75080995025732
chr7:95104-95605	Basal	1.82394797636219	7.94047323372556e-08	3.08203067907905	4.20979333249294	2.91610164947711	3.17318843003916	3.11042224369891
chr6:36197912-36198413	Basal	1.8236124803764	1.21219269189787e-21	5.00303692069574	6.46905625686452	5.6421177920748	5.27724393120838	5.21376676268521
chr1:230005036-230005537	Basal	1.82278061617673	3.41432857458314e-10	3.38897672176638	4.52807978403728	3.66843893514053	3.98135829231304	3.90691307888545
chr18:23536158-23536659	Basal	1.82266908861749	1.02081661791832e-14	3.65982155317746	4.95697228596888	3.77848809240996	3.52478676280654	3.50907551857893
chr14:61154707-61155208	Basal	1.82225156135081	3.2142905234466e-11	3.05563944655647	4.31086213895	3.15513270357826	3.53694171501619	3.33193064693736
chr7:131704545-131705046	Basal	1.82219074121593	3.11005797485869e-12	2.6475752714092	3.38442130850055	2.2751439485839	2.87548172469164	2.33655572087515
chr19:38383134-38383635	Basal	1.82057187677819	4.20797633516252e-13	4.46889694841821	5.91444419997215	5.47367468979042	4.4168441728948	4.45520153926218
chr6:10387194-10387695	Basal	1.81937388124436	2.02686133285501e-07	3.63571449975067	5.32529721175853	3.75450018181866	4.2931275598349	3.76144570658709
chr14:89892980-89893481	Basal	1.81766330110675	1.49025652232651e-11	2.91386551435061	4.37394729763119	2.82132165963527	3.03569852025263	2.9734724081686
chr4:54378420-54378921	Basal	1.81717523567385	2.31360574692317e-10	2.51100945094036	3.66780938866163	2.03949993333841	2.60963940948736	2.4836740909589
chr2:45584542-45585043	Basal	1.81689206501697	1.16419130134917e-26	3.24639544545672	4.25461056466401	3.06646771385199	3.28560127426202	3.21455557098683
chr18:35967806-35968307	Basal	1.81678969083585	5.34749469060514e-08	3.37963048037889	4.74643836353947	4.79592147730097	3.99256211867102	4.0233313996165
chr6:10415547-10416048	Basal	1.81638829805252	9.06181432993608e-07	4.62970306010618	6.60631260998642	6.45924207217118	5.75591346166795	5.81479012824876
chr19:32520460-32520961	Basal	1.81592086408839	7.89345045196138e-10	2.62424814722666	3.81596980176253	2.16218634813007	2.54134998516081	2.49846559186857
chr7:41280499-41281000	Basal	1.81561901858133	1.78413744720049e-12	2.82503446917625	3.71112208795509	2.60936617985309	2.96800492735034	2.86375940102039
chr11:57632041-57632542	Basal	1.81546466434832	1.69333604317873e-09	3.19871369530171	4.09377966962777	3.28251703366942	2.97014831145195	3.15114865435229
chr4:107713534-107714035	Basal	1.81535252056701	1.91838944236046e-11	3.08388438088672	4.72125463625182	2.90411314340611	3.05166330553139	3.10742912531498
chr10:27293849-27294350	Basal	1.81504318843931	3.548582653607e-17	2.85648669321359	3.83595881667798	2.68407937461925	2.79172556528969	2.92776632326366
chr1:55302910-55303411	Basal	1.81485712584441	1.09828340191076e-11	3.00813532259468	3.94916290134956	3.54159466172821	3.55845851759974	3.74983247496157
chr1:233108175-233108676	Basal	1.81441307336122	5.34549537546127e-13	4.0854723714175	5.58318104384655	4.34971904628463	4.60158843398726	4.42098565797137
chr6:139355705-139356206	Basal	1.8137706878838	6.27100201132643e-10	3.09553946848001	4.72735956690124	3.65772877602234	3.33768363749781	3.27389203800815
chr2:42164547-42165048	Basal	1.81368243628458	3.98165792738554e-11	3.07410638325604	4.80931647725835	2.76373976196306	2.9350811336674	2.93300553111163
chr10:48610160-48610661	Basal	1.81361027411978	1.84081812758308e-10	3.30224413244607	4.01431911077529	2.99152246908354	3.2489288720516	3.20351080163091
chr8:66509276-66509777	Basal	1.81327066883753	9.81826221911e-11	3.64020531276296	5.21715755169629	3.27692750313945	3.7868305139331	3.91709127131352
chr6:157430237-157430738	Basal	1.81224725799512	5.42536418755458e-14	3.49852424018959	4.66048301260403	3.59163576146481	3.56629621981126	3.52261045862156
chr19:41015118-41015619	Basal	1.81221326680623	1.67590148407171e-06	2.74033246294178	3.61526820961903	2.17779831339229	3.03417598458362	3.12594686499546
chr4:35346218-35346719	Basal	1.81173574034423	2.74891432862713e-10	2.72832183565277	3.39047170380185	2.86831658415652	2.80949931913451	2.70128522215891
chr10:8922948-8923449	Basal	1.81082183914493	1.96469513714524e-10	2.71415757077984	3.62799684815476	3.37156065680294	3.5658711683298	3.47919045072905
chr8:127553485-127553986	Basal	1.81063281700876	4.70143426854026e-08	3.27225724437692	4.94229714518165	4.44133404534193	4.184021017571	3.81773628424526
chr19:13733767-13734268	Basal	1.80972991313274	2.74953930736502e-30	3.94176654856265	5.4500970161488	3.92920466976066	4.05772414179728	3.94097275596744
chr8:46191146-46191647	Basal	1.80933369712891	6.32712760256881e-10	3.22162568016309	4.45965408514403	3.11752308084112	3.43775905623122	3.46637618975062
chr2:10763823-10764324	Basal	1.80877328815494	9.57876942954516e-10	3.61136996502957	5.13375647593247	4.11140427718102	3.37447240247614	3.4222902458691
chr1:245141155-245141656	Basal	1.80794613814038	1.15918828346283e-16	2.7386577594439	3.53763644038579	2.65142894534739	3.09556730423403	3.00735258377996
chr9:7416999-7417500	Basal	1.80714305194589	1.33787179310244e-06	2.40617992606129	3.05716192026902	1.71437782283378	2.40879734812475	1.79968534736739
chr5:172439163-172439664	Basal	1.8068318350065	1.11985917704586e-12	3.82784994660236	5.10025589809509	3.91288992881898	4.00302634699746	3.85861488591457
chr7:99506241-99506742	Basal	1.80653251070927	3.63261880322106e-12	4.79660082001918	6.07599709642422	5.38696177146133	4.41761471009281	4.57977873203135
chr17:38395071-38395572	Basal	1.80527846095948	4.21158566448361e-15	3.03705068444064	3.81084844696322	3.19009742849966	2.96305841642459	3.19228782968498
chr1:149415317-149415818	Basal	1.80501793104891	5.52605845808877e-05	2.96854515061206	4.708824591717	4.45744750554431	3.76910572797687	4.2771537043293
chr19:13936000-13936501	Basal	1.80432553017393	4.94378451340407e-17	3.87816436246936	4.83735134908061	4.00421616331718	4.13036483044714	3.97371268818782
chr12:27428420-27428921	Basal	1.80389590848827	3.08643307394769e-11	3.18172360788983	4.65974100300634	4.26478383014972	3.39033032543393	3.59418292533078
chr2:11070217-11070718	Basal	1.80348179534621	2.80260903836127e-12	2.78916946716091	3.81263612754582	2.89110441202119	2.9437939117911	2.98794588665601
chr8:55905589-55906090	Basal	1.80346878744848	8.03018921156634e-14	3.86261507622246	5.12250739393992	3.11465170192637	3.66961835567161	3.5431051973078
chr18:63965867-63966368	Basal	1.80346391292586	2.60468526755794e-07	3.26934764265967	4.17301527214486	2.57236453960444	3.17173652522387	2.96361175462264
chr9:37463010-37463511	Basal	1.80328731545515	3.33381651799392e-24	4.17913169319415	5.60891607347282	3.96787084877672	4.20773391189163	4.05238325601971
chr6:41657618-41658119	Basal	1.80281873430921	2.86631339428959e-14	3.53052657325925	4.79066703297357	4.22024949292431	3.69362020348704	3.7532653272396
chr9:33230578-33231079	Basal	1.8022133043682	4.74665530910917e-10	4.44383377329194	5.40729547079655	4.93522076004077	4.84128102672671	4.61555048012072
chr1:229574356-229574857	Basal	1.8015414002472	8.97996438545346e-20	3.37641795429909	4.62014672555241	3.71164011408769	3.47166923170094	3.56519834667945
chr6:104987221-104987722	Basal	1.80010144044752	8.24719164237479e-11	2.74641604924024	3.79659507776989	2.49002244589683	2.75634337226616	2.87299496718687
chr1:182637771-182638272	Basal	1.79983334015866	4.18009551336769e-15	3.56625741757951	4.8627371343577	3.82061938895191	3.58262830361136	4.0524618431963
chr6:26220332-26220833	Basal	1.79979747502637	2.87070732792489e-14	4.12389531045841	5.47240449400823	4.7430765582586	4.17093861302166	4.59966118954693
chr19:22426315-22426816	Basal	1.79818501545143	1.29968214820188e-07	3.00101943971482	4.39886315256942	4.16292912922788	3.78699944740092	3.613747919843
chr8:115564337-115564838	Basal	1.79769709898433	1.10146081916425e-07	3.94985400063794	5.83714853338095	5.11844025221618	5.06168574745578	5.04631020116952
chr2:75173728-75174229	Basal	1.79722848389556	6.97167733912183e-10	2.98415528216315	4.13498870992296	2.37026366302109	2.78960050846229	2.89501368750055
chr20:722570-723071	Basal	1.79706964984734	4.32694103107406e-12	3.41729659072743	4.77448316575295	3.89710162248126	3.46870360150937	3.57786376520872
chr5:128225091-128225592	Basal	1.79666307078088	5.62686889770944e-09	2.84093844131161	4.08916017994425	2.61201333388685	3.2773729505226	2.6353028483808
chr6:35786137-35786638	Basal	1.79614416417588	4.09560896069747e-12	3.69587936956294	5.18452998169967	5.19817947417148	4.56732748156686	4.31383993512354
chr1:234540007-234540508	Basal	1.79604117743545	1.3676520440184e-16	4.62545812390452	6.25482617912815	4.52934204693995	4.7641489015138	4.6400707443831
chr8:43041508-43042009	Basal	1.79559455863192	2.73455267110279e-09	2.90312324564052	3.81692034308379	2.72668955444553	2.88466166442411	2.7652803755277
chr8:144287622-144288123	Basal	1.79557001995626	6.50518317257115e-16	3.58528337037717	4.49839993528965	3.60248325224938	3.71570803776515	3.64164376444153
chr6:136356542-136357043	Basal	1.7953557380794	4.28071401099756e-14	2.88824601338863	3.86784832440929	3.21383576175538	2.78776145631217	2.88928855844896
chr19:38347965-38348466	Basal	1.79477909167893	9.29521708503676e-16	3.68551529167261	5.0696010562532	4.0922780912513	3.51305081374121	3.98408287277696
chr20:19761008-19761509	Basal	1.79462924013106	1.5188246240276e-14	4.29648324032197	5.51169161820377	4.92736342813799	5.01218297076614	4.71894697111731
chr2:121453286-121453787	Basal	1.79446746720765	1.04387544803106e-22	3.29922644540641	4.21977851794693	3.0664069620112	3.25078934592822	3.26404411863757
chr19:35603563-35604064	Basal	1.7943584344182	5.77233450404126e-15	2.98955351643085	3.78401931852038	2.77189510876161	2.93821047475957	2.50779460081782
chr20:42737667-42738168	Basal	1.79421712104275	9.48868626306952e-09	3.30857376800317	4.2405629503258	4.96241305694837	4.27547342442446	4.08859139106246
chr8:20931688-20932189	Basal	1.7933263857466	8.07811487822827e-11	2.37144743112113	3.1731571528425	1.84896362102517	2.43648388830759	2.16962806585963
chr2:5437581-5438082	Basal	1.79203680350535	1.33671199086189e-12	2.75401838882187	3.52098707240117	3.39820547064251	3.09689861143315	3.11576278827744
chr19:13919672-13920173	Basal	1.79185806715413	5.70394284072673e-28	3.71310391152879	4.85828183581878	3.92233480937162	3.65459052806084	3.88552972736048
chr6:158191756-158192257	Basal	1.79132137756542	3.86863895247755e-07	2.94082806189532	3.69137976206648	2.80079434780482	2.84834204716642	2.68680173734444
chr2:197450393-197450894	Basal	1.79055148360192	1.70847164977503e-12	4.59379450049529	6.50342336583996	4.48786653397871	4.38223797108693	4.31468479072777
chr19:13914737-13915238	Basal	1.79021361542414	3.21076556919465e-10	3.02221211963061	4.08560083755545	3.54909869662013	2.98877336916913	3.12405685072099
chr8:46892960-46893461	Basal	1.79006139415404	3.49443827573201e-08	3.16227445791866	4.20600141853048	3.97073674780554	3.55529841165294	3.87608318936013
chr4:140980901-140981402	Basal	1.79002188936082	5.4953043026715e-08	2.34393904067941	3.27845430462327	1.95432261774261	2.48328905989663	2.18587470123803
chr12:12271289-12271790	Basal	1.78989166071659	3.72904379357529e-12	3.27954056919483	4.56540146243194	2.97822659052069	3.26399841066987	3.0808737384762
chr12:54609993-54610494	Basal	1.78960416811591	1.33696148306834e-05	3.26410518168162	5.03007061227357	6.30790083384382	4.61025342695114	4.36744935247337
chr2:38551447-38551948	Basal	1.7895822161096	1.22023553515493e-26	3.15263613652352	4.56866831963799	3.0118339520725	3.18894837406959	2.93315897931707
chr1:226035663-226036164	Basal	1.78950886803311	1.13179120553854e-14	3.5502090443392	4.87484341366439	3.00655067505992	3.45926499896194	3.4178202542665
chr20:62197275-62197776	Basal	1.78920793606124	1.21307116145074e-21	3.10763563187712	4.44746925122197	3.55390277674687	3.19013219857419	3.18920639313857
chr1:204698849-204699350	Basal	1.78882521257034	3.63697727198415e-14	3.6151681130442	5.05228010938681	4.62751527689968	4.0619289383919	3.90439735249944
chr14:35832819-35833320	Basal	1.78828621137732	1.79983445547515e-09	2.63643068440666	4.12632086968263	3.2836885509627	2.72358685822984	2.6802951639217
chr1:45350057-45350558	Basal	1.78646805408189	5.92204103280254e-12	3.77251152713326	5.12282111516218	4.79724187161375	4.06379348974302	4.1285414574675
chr11:71245843-71246344	Basal	1.78581942018103	1.29298764693693e-10	3.63335601904248	4.8585206593122	4.1102510468695	4.1433089231179	4.52905277417108
chr17:42973262-42973763	Basal	1.78553209024561	6.48926697509448e-07	3.28421176556752	4.91936318458252	2.44225256202176	3.4069106325372	3.545008931576
chr1:89738217-89738718	Basal	1.78466300721177	8.06584379190988e-15	3.46168129573495	4.32321337190431	3.32961360974659	3.4863895610465	3.43065873216078
chr2:232571701-232572202	Basal	1.78451570269502	1.2125997697133e-07	4.01991098475602	5.1606448750916	3.31955963986325	3.49500213432696	3.46432267261626
chr10:34342031-34342532	Basal	1.78444661479746	3.77114123030256e-12	3.2899829999472	4.48060055060374	3.68555266429249	3.02464966573083	3.13359963724897
chr14:102064025-102064526	Basal	1.78401823568318	5.61673116180343e-19	4.0168197220879	5.31061911544372	4.19349165570307	4.07394253273943	3.8953000100507
chr1:201472427-201472928	Basal	1.78312616657862	1.63023309892445e-13	4.27221504350853	5.93419150639603	5.53169537276242	5.18388149014212	5.14906454305595
chr9:13715309-13715810	Basal	1.78255358752563	1.47244637431106e-12	2.92699902860993	4.35798582277846	3.10700988202256	3.34795060174984	3.04885183128866
chr8:70215726-70216227	Basal	1.78229615512934	1.98672424005984e-11	4.15812782023434	5.58383990569698	4.09363993423886	4.10654104754905	4.02540798205887
chr19:36557464-36557965	Basal	1.78188940482513	3.83789402435175e-12	2.58287022900244	3.4070602807741	2.62522030721089	2.55994349163313	2.46049571420886
chr7:70581233-70581734	Basal	1.78098590633701	1.75397248322743e-11	3.50068186160379	4.91456294834445	3.68266237564851	3.68406232145054	4.08152524382842
chr19:16726067-16726568	Basal	1.78041671337862	8.94857898350959e-20	2.98154827398117	3.97917981117223	3.12749252016737	2.90741738851333	3.11128580663905
chr7:150269171-150269672	Basal	1.78005066906889	0.00931101152208705	1.71894364980223	3.25004955200459	1.55064159098571	1.87460577542127	1.81705146861699
chr12:85565229-85565730	Basal	1.77964517058047	4.47667040834511e-07	2.71598398927057	3.20477494881149	3.19200972926883	2.84653728157161	2.86677266693819
chr2:33398263-33398764	Basal	1.77909943176128	2.17736639727855e-14	3.27894393732866	4.52819684391326	4.01461143788518	3.40532103634059	3.44564540231948
chr1:28720970-28721471	Basal	1.77872135733991	0.000358216211576388	2.98300867261955	4.402216432436	3.63748730748555	2.47580132527967	2.56678425353735
chr1:175370224-175370725	Basal	1.77771146214716	3.28250441478839e-09	2.85032451535874	3.92419470142036	2.95320619716527	2.98299819529324	3.04644528836981
chr2:75705916-75706417	Basal	1.77761276026021	7.77317371973081e-12	3.6964461142714	5.16680962082043	4.10592093937726	3.98655014099061	3.85921200347233
chr10:36373414-36373915	Basal	1.77725451703109	1.36422517256108e-11	2.74460033448097	3.75812640735379	2.79903800695204	2.54071629981107	2.93738696565023
chr1:156060214-156060715	Basal	1.77722849895721	5.10837998489139e-09	4.68535859132633	6.52282972869585	5.57748667503512	5.26090946660286	5.41158471763543
chr16:71609152-71609653	Basal	1.7763915429919	2.16811498702564e-12	3.03865411632625	3.90269139678583	2.93962706144785	3.56112093985459	3.15824227775307
chr1:161090014-161090515	Basal	1.7759058373537	4.27181771466787e-07	4.38462521514525	6.14333384467805	5.51616311288036	5.29363672779387	5.31471547272276
chr4:57154939-57155440	Basal	1.77499162526679	4.25247767420434e-06	2.88989998774992	3.6770977615259	2.17653140359898	2.88292740031911	2.64171379942193
chr14:105495343-105495844	Basal	1.77441265102545	8.03151433976919e-11	5.02451308883327	6.24670041532163	5.72652549333012	5.58353702596225	5.26371532257781
chr13:75486171-75486672	Basal	1.77391052757029	1.39303086951896e-09	4.13668166460001	5.46475449810725	3.35335941217811	4.39678262444849	3.79021455427143
chr3:134608002-134608503	Basal	1.7736354005983	4.76906642120272e-12	3.68198218041218	5.20558538758923	3.50926455526482	3.7403512910036	3.76151544411687
chr15:22572097-22572598	Basal	1.77212506535112	1.72466006453729e-08	2.33316522593434	3.0531971674844	3.24225042038591	2.66045905319087	3.06037487620228
chr21:16915975-16916476	Basal	1.77191590332763	2.149544472141e-13	3.00796453358739	3.87154725927972	3.25849424087693	3.30054279195842	3.32620680234013
chr2:129242145-129242646	Basal	1.77158319101966	2.04860230020142e-11	2.91324497495918	3.9696643851993	2.70653219294435	2.92989325581257	2.90448176126449
chr6:21100977-21101478	Basal	1.77107580425365	5.92061403975589e-11	3.61823105341783	5.07627076336715	4.24206874474327	4.37138261465088	4.12771343998346
chr6:158569129-158569630	Basal	1.77095605068676	1.57713252156019e-10	3.46024088557939	4.51754862843314	3.09276909638051	3.34147487780503	3.4600003624136
chr1:156694556-156695057	Basal	1.770673299182	1.29412816422352e-05	4.57475425881233	6.55007305942914	6.37681643943687	6.23219100951904	6.34856451098474
chr10:5500550-5501051	Basal	1.7696138434364	1.05108524963536e-11	3.89619176956862	5.48732500161588	5.07448813112633	4.66695099130819	4.85089923601224
chr21:33775820-33776321	Basal	1.76853246861719	6.25504684505446e-13	3.39087086724843	4.70892846642638	4.19420385549115	4.00392377082587	4.34482081811357
chr3:169170463-169170964	Basal	1.76785580574368	9.75651301499933e-08	3.20140553508897	4.26801914134898	3.31795507614101	2.88516271815184	2.86581220986196
chr2:119844878-119845379	Basal	1.7672701219382	1.55350555079286e-05	2.55229079622536	3.57781135142774	2.37536382362561	2.39140403907495	2.56698823491766
chr6:108468279-108468780	Basal	1.7672454713356	4.03311136338693e-10	2.45089995776039	3.40563375587966	2.32881630432241	2.26877514672906	1.9800288549001
chr16:3428028-3428529	Basal	1.76685294627625	2.2512314298852e-18	2.71200662049962	3.72518337842162	2.68920691197808	2.91649681472721	3.20580166062246
chr1:28720321-28720822	Basal	1.76597405200728	4.62570721081389e-10	3.2691601385568	4.3702955569968	3.6165081645595	3.04976570046633	3.1485997024833
chr7:150040174-150040675	Basal	1.76566068612518	0.000131805136866022	1.81240180103204	2.91383572578117	1.41441412777663	2.06690847917813	1.75144683475908
chr16:11558595-11559096	Basal	1.76392654230488	1.31658988055533e-12	4.02480678098646	5.38826379666036	3.82959924231197	3.96430583528336	4.01601437706027
chr16:2973821-2974322	Basal	1.76255928526563	3.61560038217315e-12	5.28810435590249	6.35243731977139	5.72193032993268	5.06814136810909	5.4504068449991
chr14:21022594-21023095	Basal	1.76195878066186	1.14264443077877e-16	3.96169339333339	4.89508113786365	3.665238507758	4.04660006767811	3.79597217667155
chr8:94076910-94077411	Basal	1.76174158308813	2.62682038130813e-10	3.26825276278614	4.21628431437516	2.88561369013055	3.59811622723807	3.46627243023413
chr10:28684130-28684631	Basal	1.76153318571219	2.40276073423347e-08	3.99592769585083	4.99129556663557	4.57876619427053	4.37109531969778	4.39916508021114
chr1:231800933-231801434	Basal	1.76150926655542	6.37690217510594e-07	2.85117336814642	4.34152802364573	2.54866246880895	3.03537185246198	3.11240143729933
chr19:36117358-36117859	Basal	1.76145978337883	8.52488471388538e-22	4.00725172752135	5.39912630966888	4.63775674297657	4.49671081205437	4.31652268384335
chr5:274247-274748	Basal	1.76084117588018	1.10123066161276e-17	3.96835852030204	5.10290075001345	4.21702884643748	3.97507497299892	4.07899324055937
chr2:47286940-47287441	Basal	1.76023607801897	2.89172057150054e-21	3.30254799802693	4.27474887324005	3.47343239581768	3.31479885245498	3.38226914054603
chr9:137089064-137089565	Basal	1.75951036409929	2.89411670911228e-09	4.95644615856223	6.69632972367151	6.27944738019153	6.02751536109629	5.91689859229348
chr2:136142200-136142701	Basal	1.75934485302607	3.80674074207025e-10	3.40463033492562	4.52202117794394	3.04025962301031	3.32695498843509	3.22253332807979
chr6:79822502-79823003	Basal	1.75911980272508	6.66405687374964e-10	2.41094311765619	3.00966059270751	2.03771393995677	2.44574105191864	2.08857255875137
chr21:15299010-15299511	Basal	1.75817413802163	1.91483321891607e-09	2.41656352051974	3.52063283854498	2.97053345413913	3.26807121215815	2.76879875822192
chr12:1828115-1828616	Basal	1.75802612675947	4.71049739355774e-15	3.7809078288166	4.49154854777142	4.34458257889332	3.99988896149392	4.20222482307196
chr7:149557660-149558161	Basal	1.75801573506648	9.34916870961365e-18	3.33930478374033	4.32303408030652	3.28646520149783	3.09060942059442	3.39675631526422
chr8:8712124-8712625	Basal	1.75779133133319	2.94490266301711e-12	2.8754808216665	4.1140100742344	2.72098725007464	2.71355098962931	2.75463425942092
chr5:170802943-170803444	Basal	1.75766837060144	3.13165655489173e-09	2.95327425157048	4.51056703501452	2.62033679494614	3.32597752204988	2.9540300578485
chr6:139348687-139349188	Basal	1.75765740995666	9.54971026652217e-06	3.0148168337277	5.08838187671296	4.38825815724845	4.18878731449371	4.04400456431597
chr20:35535292-35535793	Basal	1.75750711669591	5.38628983913936e-15	3.13127443430565	4.13422758397126	3.34876777948101	2.87699627358501	3.44835133369145
chr10:13381976-13382477	Basal	1.75622064522786	2.21339018087918e-13	3.5179794960902	4.76057995915988	4.0214157984908	3.74404241541614	3.2575718010465
chr8:139892631-139893132	Basal	1.75578986813829	2.92323837421526e-14	3.88808886696576	5.23168152148758	4.61490821175694	4.42426598031683	4.37971887956605
chr11:34854331-34854832	Basal	1.75564173476476	5.96831681619248e-06	3.57020171019326	5.14097531493266	3.11394186027911	3.00220702977932	2.99725910712932
chr1:226646590-226647091	Basal	1.7552660434564	7.28495568686159e-18	3.75592664509426	5.49612129630674	4.03105855787029	3.88227262580394	4.02991225494098
chr7:74154572-74155073	Basal	1.75492743567859	8.32964561688771e-06	2.66630666163539	3.41096447062979	4.83458121019601	2.94168031548366	3.49180255519385
chr12:9241753-9242254	Basal	1.7533371312629	2.08151410451173e-10	3.38725691237168	4.26960925211545	2.81857414179903	3.3393868889939	3.20940297030943
chr1:46128301-46128802	Basal	1.75214370719609	8.20583079615852e-06	4.68081939546241	6.78393932134119	6.96546114066664	6.19681559250014	6.48059859922695
chr6:104908539-104909040	Basal	1.75130474377066	1.31922646838431e-06	3.18895131109627	4.23441722571723	4.56098086954792	3.24637415495877	3.64109706903477
chr1:156709114-156709615	Basal	1.75053323333059	1.52105148228004e-17	4.54813859530396	6.21216333775024	5.29579327340657	5.35603357668633	5.26145034963278
chr2:6177773-6178274	Basal	1.75028622756712	1.94169050980225e-10	2.72510119645191	3.64247784347491	3.2081372742287	2.75749150736962	2.7479636272196
chr4:100074934-100075435	Basal	1.74903142139448	1.28107383588125e-10	3.09334669849692	4.15231705172218	3.47154051676372	3.06125208642988	2.96826398719217
chr1:180222245-180222746	Basal	1.74896053009846	1.67722909592232e-20	3.14078477621092	4.22688666639026	3.18961712135832	3.33459448007071	3.27743680361109
chr12:67676133-67676634	Basal	1.74876037762344	1.05527465794542e-11	3.05074418660445	3.99025032543521	2.39556648100988	3.00972540162454	2.62132700419027
chr1:187349942-187350443	Basal	1.74813580812957	4.65022091619888e-12	2.73338014653104	4.09127240765772	3.44805569242205	2.8418340331549	2.89602563030021
chr10:102085246-102085747	Basal	1.74794811024343	9.9165687808114e-08	2.75639726132999	3.91406271498634	2.64867587697597	2.84429534373145	2.55337377473088
chr8:101697631-101698132	Basal	1.74755800267624	2.45258806344244e-06	2.56689857244945	3.78259843144465	2.58417769871272	2.72502075360912	2.69611155077067
chr2:73382574-73383075	Basal	1.74679316702603	5.6396188761674e-21	3.19924303404834	3.90942539501321	3.44449285627466	3.2482428766874	3.26013479893092
chr21:46095319-46095820	Basal	1.74661407002159	2.92464238313451e-14	3.38453214016439	4.73818429832281	3.45967461221302	4.04890696500252	3.85695219339021
chr8:17716013-17716514	Basal	1.74637668230172	7.64500498394656e-10	3.54405238157054	4.66754364065502	3.15265731045718	3.5221616065454	3.25270582512436
chr8:132465429-132465930	Basal	1.74632847087037	1.9537048651957e-13	3.1572643009268	4.45456549566306	2.6777343783404	3.35693794220922	3.04025845664356
chr7:85655432-85655933	Basal	1.74588606020918	5.55762567266442e-11	2.8424955968862	3.81713640327246	2.42894357925097	2.84673808266662	2.69865800158174
chr6:106860858-106861359	Basal	1.7457543604875	1.58692315936282e-08	3.36557951432765	4.30824671003069	4.1537260431723	3.04491930066565	3.43205563102451
chr1:241108218-241108719	Basal	1.74506775415513	1.28406078654354e-07	2.73135892512909	3.94141338154241	2.87679535443461	2.84160216436115	2.91311461157419
chr1:36207960-36208461	Basal	1.74476210499214	1.96300815692157e-10	3.9083115607652	5.63407032851586	5.24274019589807	4.99349583069594	4.85111250926145
chr10:46303542-46304043	Basal	1.74425682859676	7.89046976418105e-13	3.11473817237952	4.50674639247512	3.68216161534789	3.68660088375141	3.52510671174913
chr12:43130664-43131165	Basal	1.74410134281857	1.15285041044618e-08	2.56416907775355	3.36333318975455	2.31107255153728	2.67538706519806	2.37115194148272
chr14:48850975-48851476	Basal	1.74401348360587	6.26686338460587e-12	2.571866821396	3.22056893264715	2.56061991338136	2.75267193859915	2.86985424635525
chr8:123316076-123316577	Basal	1.74288298127681	2.93745953742158e-05	2.61099539816065	4.3262563122136	3.03480894803284	2.65278996399611	2.50883020600019
chr1:232459778-232460279	Basal	1.74277362946255	1.52138133007849e-09	3.39813361480922	4.74262124830243	3.23351963241552	3.70851818135099	3.6195742247934
chr8:115599257-115599758	Basal	1.74267542684666	4.03445797033126e-06	3.53224058202949	5.51482033196385	4.93995021323839	5.59153110537279	5.550972210095
chr8:135187363-135187864	Basal	1.74255140066906	1.07480461642099e-07	3.31376573108775	4.29915446392031	3.59701028315683	3.46577838216741	3.22979292071696
chr1:151740833-151741334	Basal	1.74247633423009	3.34690751265936e-11	3.84219873330212	5.49581277267923	4.9514705203205	4.70190350374215	4.88615234567273
chr20:719798-720299	Basal	1.74126921708186	3.69203541017753e-06	3.44048521894504	4.52299856603533	5.19958464351732	4.0633126226105	4.10660644606848
chr3:31445660-31446161	Basal	1.74116929435571	5.41861421907858e-05	3.19777369992999	4.87742265590648	6.00204136853605	4.444328625967	4.74884602320046
chr7:12396413-12396914	Basal	1.74104881748339	4.96774841824584e-11	2.57598023764053	3.55348980925892	2.44301875368629	2.63263058039191	2.51806635282902
chr6:31621915-31622416	Basal	1.74085823070456	3.48624866434016e-15	5.7926538921157	7.24817002670167	6.41502006306082	6.30049181723661	6.04965483735941
chr6:41590646-41591147	Basal	1.74069309866341	1.48212125324122e-25	4.49682345776641	5.73844534271301	4.77732466503765	4.64089931427301	4.58193000966344
chr19:14376700-14377201	Basal	1.74049766388805	2.78584117172632e-15	3.49030506953557	4.75511030577049	3.37780794867749	2.86869882654316	3.28356090616636
chr2:111695456-111695957	Basal	1.73994057485886	2.50156496714646e-22	3.60590772175121	4.64072109848259	3.55646712804391	3.5480431147258	3.45363850597238
chr20:62293097-62293598	Basal	1.73975005545197	6.04606933019884e-07	3.90042740733288	4.79774338725365	4.0414121908834	4.0076538164259	3.89725198267407
chr1:203689050-203689551	Basal	1.73874240931623	1.20921404317821e-18	3.35747944431333	4.16529556989256	3.73263211697493	3.76402828894787	3.8811866567412
chr1:150169808-150170309	Basal	1.73709617385262	1.85757392332672e-14	3.88109532473598	5.17540751221532	4.07633804050327	3.92925839844339	3.88958276216504
chr1:109951025-109951526	Basal	1.73607914143384	2.74191843611527e-06	2.62347511967376	3.45619875389424	2.22702252255074	2.80866829199494	2.84998613223537
chr10:128930520-128931021	Basal	1.735624752325	1.31060341572133e-10	2.66749742090888	3.32819941571789	2.2217774327085	2.69496528062488	2.4510358556872
chr19:14754829-14755330	Basal	1.73554812367787	2.18211752273314e-14	2.85301831561984	3.79306647980312	2.79623970512743	2.93586327144178	2.77743704584484
chr22:37548054-37548555	Basal	1.73364193994194	1.17263057163197e-08	4.46923693507143	6.16430368205801	6.6093288861355	5.33591500904655	5.0818015429416
chr1:152043851-152044352	Basal	1.73337819436241	7.46074021454533e-08	4.53195680806789	5.62437270314454	4.10936482871688	4.35356803215511	4.36465779497251
chr1:245802997-245803498	Basal	1.73251663115073	0.000211866712293413	3.14477781245062	5.11597748267046	3.45776318462134	5.1751410176077	4.60311392049522
chr9:123460130-123460631	Basal	1.73211551246471	4.67146079407409e-11	3.21831665740703	4.29504195710482	2.79729174437461	2.70938931208937	3.21156633976976
chr2:8999748-9000249	Basal	1.73204447819529	1.75165765588975e-07	3.8395757372241	5.46031695210942	4.12420724485906	3.79143261201724	3.81089603856726
chr6:26214477-26214978	Basal	1.7316101147082	1.84738074112472e-07	5.17270025409505	6.50054655631005	5.79057282866507	5.34139611907852	5.73269180729289
chr1:231789985-231790486	Basal	1.73159562884674	1.91481997596049e-15	2.97963658677314	4.1113321810642	2.94433565928158	3.09135077857882	3.22646006264264
chr6:26283711-26284212	Basal	1.730272180778	4.4291730006532e-14	4.77431880275018	6.04061120952023	5.73582706136321	5.21217664646702	5.24021107181706
chr11:68279608-68280109	Basal	1.7300979768698	1.04925564109867e-18	3.03552247107971	3.99586121154159	2.85572753722534	3.20357025595888	3.34824523753134
chr21:18091083-18091584	Basal	1.7298473659036	9.85741899355169e-12	3.44046387282528	4.29040518091657	3.2467784318426	3.47461956408882	3.61052311136927
chr2:202035894-202036395	Basal	1.7293112601532	3.13777367327581e-11	4.43835130197274	5.87874310687945	4.36177306183598	4.66249481992074	4.34762763749729
chr2:202029944-202030445	Basal	1.728467846217	4.16530349885173e-22	3.55520355360446	4.94158098333829	4.16913331341488	3.75611611186419	3.7579946602271
chr1:155080804-155081305	Basal	1.72840547187824	1.07765186829013e-08	6.37564058305177	7.84215968879903	7.03873455421999	6.66792418037741	6.63941779142619
chr3:17238026-17238527	Basal	1.72805366565152	1.75472546757344e-09	3.24383031477224	4.42137813283941	4.6065041066632	3.19362254575987	3.55209263724748
chr6:110536482-110536983	Basal	1.72796237728965	3.72456112634712e-10	4.04289426125245	5.54530880219067	4.13948540366687	3.73438689943229	3.41512480176721
chr17:4472188-4472689	Basal	1.72742625337785	5.9811243686003e-10	3.18504502831763	4.45992145721133	2.92701129719399	3.30947226433797	3.02737103006339
chr6:163971147-163971648	Basal	1.72713686475616	5.30485785122964e-12	3.27737838056681	4.37231195812353	2.91380256203424	2.98375547038542	3.1799250519085
chr7:8371676-8372177	Basal	1.72566869220487	9.82801404646341e-10	3.45212824837504	4.87828518386989	3.7546955627219	3.09953858832985	3.29131231735343
chr5:133368829-133369330	Basal	1.72541188123928	1.26696771763003e-07	3.04918705476501	3.81968770369001	3.04294488372853	3.04015437932934	3.07157704673613
chr16:85665272-85665773	Basal	1.72534975218315	9.53100532801556e-22	4.31177516167355	5.60367950696318	4.71718276860783	4.57511764690478	4.60921329123691
chr6:27142201-27142702	Basal	1.72463083868146	8.0787192899605e-11	3.98897159387909	5.2348926420848	4.38702648035116	4.03521923679109	4.32304816861601
chr7:15688893-15689394	Basal	1.72437667134002	9.5081983275434e-07	3.12114141002957	3.63643261411397	2.77290412299609	2.78833662999582	2.81560346411033
chr6:2464604-2465105	Basal	1.72397087375079	3.09099657175605e-09	2.99408861874176	4.51547374289053	4.024129961484	3.92386639111529	3.65168115505222
chr7:68078131-68078632	Basal	1.72336935236495	1.0681768468733e-07	2.74424753249501	3.98999570722428	2.62188539384917	2.79209393252713	2.6479520978642
chr7:143266463-143266964	Basal	1.72226818809005	4.42451960441998e-21	3.46793051111196	4.38701694041053	3.24341243532424	3.35263967695469	3.41808769440703
chr8:58564409-58564910	Basal	1.72162544906768	5.64510666863702e-10	3.51538670888312	4.98734930173005	3.8484131596233	3.64904626887457	3.5355948399389
chr19:39026274-39026775	Basal	1.7213954201165	8.03439593845826e-06	2.93534019125929	4.08330904971623	2.92716981580845	3.04254865518668	2.94630928322958
chr8:127722217-127722718	Basal	1.72137251663732	3.68654692302105e-11	2.94389532482107	4.37113738836848	2.58171871771445	3.25773969843002	2.96163688661291
chr6:100310686-100311187	Basal	1.720877126074	1.64554002827303e-09	2.1923888241837	2.50839544381268	1.89666001369918	2.06135341135631	2.13170748538119
chr10:46285281-46285782	Basal	1.72050462108834	1.05241119930475e-17	4.25654005507421	5.64053742283307	4.36865317310925	4.29007705920991	4.29469002183253
chr8:123206063-123206564	Basal	1.7192017696674	2.99437962920743e-12	3.84529611978371	5.27837983238346	3.78958419045419	3.80408679187523	3.85465679368012
chr2:19541808-19542309	Basal	1.7183957760055	3.91999039003347e-07	3.75615273340705	5.31479977087124	3.78329661202051	3.49051841840821	3.45525419662522
chr7:57214495-57214996	Basal	1.71817820373955	5.5846816696038e-10	2.90584164496654	3.46429000671592	2.93704753493439	2.83348871507395	2.94672551452313
chr19:58001441-58001942	Basal	1.71793011752706	3.76747418794039e-08	3.73416997184937	4.89714251527728	4.24624567013811	3.87363986031417	3.88079432228152
chr1:219379617-219380118	Basal	1.71743288241002	9.16619208494757e-05	3.18966897397776	4.40514550796583	2.90732224156379	3.22991600114467	2.82687825856296
chr5:57454894-57455395	Basal	1.71691448103161	1.03827948135241e-06	3.02615667803471	4.33215989323563	3.11782480274433	3.52944176266711	2.86909924432863
chr7:138722928-138723429	Basal	1.71688931164225	4.93141549933299e-05	2.91416092318843	3.96427046267852	2.44964506057082	2.69622370863486	2.64485701965187
chr12:1835874-1836375	Basal	1.71672707291059	6.58482895411065e-11	3.83060546677851	4.56805943964001	5.21239528935116	4.31439910351424	4.66698420363124
chr6:10011388-10011889	Basal	1.71670859143	1.4317558718616e-10	2.65641025187351	3.5343735729803	2.88197656112057	3.28028311220481	2.78622405714534
chr6:10386228-10386729	Basal	1.71655079099153	0.00026974181212816	3.55531657315218	5.20542051021484	3.71959926753999	4.09320012034038	3.82470588037738
chr5:42815808-42816309	Basal	1.716133872824	2.10107645052411e-06	3.4473728144152	3.9782213352655	3.95492322732603	3.58984445793363	3.65612132878591
chr19:13003450-13003951	Basal	1.71484828034492	9.92277234874139e-10	4.31191582416759	5.8808667972519	4.29016985285049	4.70958740870784	4.38797790556752
chr3:42990595-42991096	Basal	1.71472635997674	1.38294790691996e-09	3.04449098995133	4.0228451433922	2.87934166740516	3.84961885882821	3.44118982389368
chr13:73053458-73053959	Basal	1.71440722838228	1.39518072161098e-09	3.42976143111595	4.47894180674983	2.84260700678587	3.0014439443145	2.95112722249496
chr2:128894457-128894958	Basal	1.71429799324786	8.48117324987795e-11	2.75308732786622	3.76978413274379	2.56787656286756	2.85304397222509	2.7968482084384
chr8:119805363-119805864	Basal	1.71306742255122	2.74013924562895e-13	2.90910750633459	3.83061656539783	2.90409485031133	3.04502753472155	3.06574538410603
chr1:204002922-204003423	Basal	1.71222281908513	4.48003675416016e-07	3.34437558687087	4.7203238531574	3.80474654746734	3.66471263660706	3.64428901915381
chr7:56078703-56079204	Basal	1.71185895344959	4.19463690262985e-12	4.4039691847205	6.03074252027917	5.12053252746014	5.03534999393647	5.0028963304207
chr5:161287307-161287808	Basal	1.71132820090205	8.91137106472601e-07	2.89592039000426	3.50929913667853	2.23510606679734	2.90868618293657	2.89489254360203
chr7:102401700-102402201	Basal	1.71105116322743	5.49407450338691e-21	3.89397801405375	4.5945344924559	3.92320510564268	3.51017440199205	3.64264307373129
chr10:101130110-101130611	Basal	1.71085681104609	1.25218155747647e-15	2.98279575717299	4.0940616397551	3.77925155442739	3.25259322515254	3.1044258086728
chr7:135233437-135233938	Basal	1.71009599616294	1.13199633133093e-11	3.46260320047626	4.72057781574594	3.73844630229157	3.28483980111703	3.72731278423191
chr2:136178934-136179435	Basal	1.70998409382568	5.3798316795981e-05	3.28264095856478	4.50138731408095	5.17848919929359	4.74926913314379	4.82400381408534
chr6:1595377-1595878	Basal	1.70911169678117	3.29468792582402e-25	4.3494973871133	5.91863103312869	4.15366456735225	4.18179066374033	4.06550642577196
chr1:222304603-222305104	Basal	1.70881359394487	9.01202899974893e-12	3.09584696823256	4.03302401491501	2.83585410725209	3.28942232164194	3.1397342228458
chr21:34862130-34862631	Basal	1.70880070560187	6.08883223182563e-12	3.85297753249398	4.8057226030812	4.46529795150031	4.74399805761765	4.44843813435714
chr5:128225798-128226299	Basal	1.70817810927568	7.77843521919459e-12	3.06372047040097	4.0430693150885	2.77139389283669	3.36093847813867	3.1570169741469
chr15:99107016-99107517	Basal	1.70805806381998	6.57438046036344e-12	3.87606283122655	4.85649429500294	3.79977033341625	4.28175522348464	3.82923864408883
chr6:28950077-28950578	Basal	1.70799671282877	1.89804683200524e-17	3.82582267127198	5.00235685250137	4.19752848665746	3.63621390296742	3.55687538751596
chr4:144888994-144889495	Basal	1.70791046995685	8.39088300848743e-05	2.53706380799412	3.82758753250785	2.14483908819061	2.17419816680927	2.43466786549817
chr2:83703368-83703869	Basal	1.7067562287366	6.7867599629212e-08	2.8457594307215	3.79725719488535	2.93580237419328	2.59884132265176	2.67752555393067
chr3:158926064-158926565	Basal	1.70675077457926	6.44057154389961e-05	2.91333631297209	4.30148799174218	3.542503054149	3.56111836025795	3.13532568260366
chr11:82671348-82671849	Basal	1.70601758656303	9.53304268490771e-07	2.85181025993036	3.84797432565058	3.86459200641116	3.42369482606502	3.67320100022965
chr6:88970126-88970627	Basal	1.70585117382305	4.86339171756701e-17	2.94064202792764	3.63381268489016	3.09789560233028	2.76097024918278	2.87552497935776
chr6:32172935-32173436	Basal	1.70555636396706	1.44503689859683e-16	4.61429019761502	5.86680398472449	4.48011212275858	4.85883852427832	4.61540787916621
chr19:36374853-36375354	Basal	1.70515052839079	3.39012409096601e-09	2.68239423910933	3.684263332349	2.75209309950942	2.97226135356421	2.42081296880682
chr17:19488529-19489030	Basal	1.70488560277214	4.15209325678236e-15	3.41161994377723	4.41071506782233	2.98486243413728	3.35270174161838	3.330750217988
chr1:151767629-151768130	Basal	1.7048148771418	1.79983445547515e-09	3.82007670277805	5.27248723482392	4.2784064814826	4.27935776382665	4.06380977396705
chr8:115987119-115987620	Basal	1.70431406065942	0.000107257434062321	3.40471514298938	5.18149175166987	5.47871858674883	5.16152868612101	5.32789465382702
chr1:40510160-40510661	Basal	1.70430391995292	5.19254030687015e-16	3.06456290444485	3.91641197158395	3.27083545673197	3.12156965036195	2.93669461748746
chr12:9345849-9346350	Basal	1.7042041846767	9.97988762599582e-09	3.00344127067159	4.13638400851699	2.88182584816407	2.89482476649897	2.86686512118601
chr19:23918327-23918828	Basal	1.70333105524381	5.00416580782674e-08	3.01748872055597	4.13136270604415	3.77895435348598	3.1377424674293	3.13333733174811
chr20:2153226-2153727	Basal	1.70329027360469	1.012882104524e-13	3.24360982774727	4.03286857391157	3.66575216276439	3.32547618685912	3.24075315213075
chr22:39357409-39357910	Basal	1.70259312924546	1.93837032708341e-05	3.93973659906491	5.01529636791448	4.42747739995065	4.01651644136617	4.04570567090942
chr19:28258033-28258534	Basal	1.70258654601205	1.06538389235138e-06	2.50558116533153	3.18953960550527	2.83753674810452	2.70702670507336	2.83251505412944
chr19:44346459-44346960	Basal	1.70246812279487	5.43110275401873e-06	2.59499594824757	3.64480766928661	2.24622537945302	2.53849539274113	2.35069377810436
chr15:93121240-93121741	Basal	1.70206697296098	2.63993086489305e-10	2.64805214500944	3.42284456672704	2.71678955630491	2.7571853239759	2.71795068973842
chr11:129615967-129616468	Basal	1.70080446034694	8.06601296708448e-08	3.16801955598535	4.61525388467378	3.7816459234453	3.92770360085732	4.06061935711235
chr10:27253076-27253577	Basal	1.70075630463011	2.13465684921564e-12	3.77412713469085	5.25170975093484	4.02312907106073	3.59373191090168	3.85170019132949
chr8:144506481-144506982	Basal	1.70065344061138	1.84569906967835e-09	5.55456979743133	6.9327348997455	5.67679561169154	5.88129940774361	5.96490532725779
chr20:3202155-3202656	Basal	1.70048945832686	7.8160623533572e-23	4.05679917870602	5.31418675729133	5.09192620698036	4.47520803379445	4.3346149432432
chr1:193167203-193167704	Basal	1.69915700082007	1.79595659116741e-11	2.95808584409623	4.07135297464186	2.97546143938492	2.95169186162869	2.81470249552344
chr1:215377682-215378183	Basal	1.69844677536905	1.36853993750193e-10	2.50529851638967	3.27055329979038	2.41480150898087	2.93786267155604	2.70626027824378
chr7:82715218-82715719	Basal	1.69821913332953	1.78404230251231e-11	3.02174388260762	3.70849575303249	2.63538942071212	2.94155656704969	2.9949261765884
chr3:183097247-183097748	Basal	1.69740100881841	9.01761288948819e-16	4.35896779523566	5.72725709300219	4.45231659227057	4.04687557280305	4.14959770336105
chr19:33735675-33736176	Basal	1.69681385439398	5.08840364569327e-11	2.99396299373751	3.87522547971745	2.87376345259547	2.85429757795545	2.97394871404032
chr10:29159438-29159939	Basal	1.69623713457781	2.49154705810651e-06	3.77517430916652	5.35296686467546	4.39300445633896	4.15913565462984	3.96266252356418
chr8:115665119-115665620	Basal	1.69599613662461	1.52405739632848e-05	3.95235182969331	5.71656314239272	5.34215727894019	5.1925978657964	5.20637806496647
chr5:22585366-22585867	Basal	1.69588196313411	9.93443336822915e-06	2.76706520026587	3.80884341162892	3.47163110714207	3.36814282749223	3.15308334208831
chr5:85604926-85605427	Basal	1.69566159422811	5.65514479659662e-08	3.33983584548717	4.75223552698004	3.81772570031357	3.6363827713534	3.63686346504563
chr8:143767302-143767803	Basal	1.69512242491419	3.80612825300755e-05	3.90501033586605	5.61397242044918	4.79655422831341	5.19634529063889	5.30123210198795
chr11:107842360-107842861	Basal	1.69463833060326	6.47091365338412e-10	3.99313895429321	5.42109766614635	3.59156771996287	3.42387986984411	3.48522360611518
chr1:111229017-111229518	Basal	1.69427273880719	1.05816213771828e-08	3.78325234396618	5.44875547612158	4.0406030161883	4.2058092214175	3.94339187883251
chr19:47552118-47552619	Basal	1.69412266798213	1.38429348913574e-05	2.98636434490127	3.65207374433934	4.33783624755115	3.28015572252403	3.14863389336164
chr5:7521456-7521957	Basal	1.69405687712607	2.8592445159923e-07	2.84204837258244	3.68287238076815	3.32934411838293	3.19603181447882	3.64028735550187
chr17:81041982-81042483	Basal	1.69396029071235	1.99900044085716e-16	4.45996435711462	5.43457148152142	4.11717611279399	4.58146949042798	4.5173700544435
chr8:100775170-100775671	Basal	1.69333924492634	8.45794926650376e-08	2.953097057798	4.45404539754313	3.86257500305342	3.16053316247768	3.35371097753702
chr6:72776518-72777019	Basal	1.69302702360725	3.46445648867718e-06	3.12979310053524	4.07198741875567	3.33476528083213	2.86286238308035	2.94106338413123
chr6:161284576-161285077	Basal	1.69277514480473	2.47072136381748e-06	2.89029309906249	4.40977674873315	2.20771814317561	2.68257124922701	2.43802645177449
chr8:130136000-130136501	Basal	1.69217600844145	1.10748217287759e-18	3.75813701480275	5.2180702041997	3.79291868079856	3.70148951064325	3.79474121807435
chr6:106749490-106749991	Basal	1.69210416865101	7.35053238798005e-05	4.3058792602418	5.53671687932383	5.61375874852237	4.34540552744631	4.36205618807145
chr8:127669999-127670500	Basal	1.69172761283649	3.45809116303756e-08	3.94380529677716	5.78331906617414	5.25841313428419	4.78548707218855	4.63420712023222
chr2:74088688-74089189	Basal	1.69055308471125	6.42193423569642e-20	3.39307366643658	4.36147875481548	3.95660741369176	3.47940289892851	3.63398617360181
chr11:33705187-33705688	Basal	1.69053750449481	1.5028823269812e-12	4.79925675879178	6.11984091706128	4.74660211771848	4.98193788727889	4.91181744694871
chr4:67648342-67648843	Basal	1.69048177570223	3.1752795181509e-18	3.02191549811894	4.057244647136	2.80721203055828	3.01078943778259	2.9449986988249
chr1:233245282-233245783	Basal	1.68794131815467	9.90097393817818e-11	3.84689635651992	5.28101608116414	4.09089600884403	3.77843982155742	3.74141535842106
chr2:64889741-64890242	Basal	1.68757453679282	1.22304616031942e-07	3.17629323035147	4.09639613821876	3.00817163696075	3.54051103653595	3.52505523913345
chr19:13086863-13087364	Basal	1.68680145075674	6.12885917134936e-18	4.27879890449692	5.59168581991202	4.03847196080483	4.23078267087062	4.08975680324911
chr20:41231125-41231626	Basal	1.68671892088889	1.22448007011457e-13	3.3724574168569	4.22609131555818	3.42457791175744	3.54793389514542	3.22305702231141
chr6:27294424-27294925	Basal	1.68556805977366	1.16420498389796e-06	3.04020584324312	3.60345574546566	3.0485185942799	2.38075539920436	2.5240974809443
chr6:43579875-43580376	Basal	1.68491724946468	1.73896124767049e-05	2.88447593008086	4.15846305829804	3.20414122402784	3.16709436900161	3.23978393612736
chr8:116913244-116913745	Basal	1.68433222387569	1.78068018181479e-08	3.46490635561701	4.49696685252926	3.7362740126672	3.6782497265247	3.88341745275706
chr6:164153433-164153934	Basal	1.68432366561119	9.69742689198577e-06	2.61478716705116	3.53792780995156	2.95637655715436	2.66624918182812	2.28119400904723
chr8:30304313-30304814	Basal	1.68309205591475	6.19646285266987e-12	3.1040820610474	3.9644074529482	2.84420477333281	3.52085254850096	3.05692569113104
chr9:86131153-86131654	Basal	1.68290703021213	1.32689872536918e-11	3.54732787795374	4.77662129988277	4.30667743235282	3.68740082782305	3.66686507749887
chr19:14540681-14541182	Basal	1.68261534697529	5.65880951771874e-14	4.03387369936649	5.11086147508772	4.67841817278457	4.13347340717525	4.337551038366
chr5:43071673-43072174	Basal	1.68225227792327	1.76909556241984e-22	3.47272520194102	4.19204565567655	3.37375880532636	3.60691791429765	3.53656996290387
chr7:139482131-139482632	Basal	1.6822251067889	1.19800985011741e-08	3.51081649767809	4.85685862174902	4.17312589817182	3.92700882504934	3.94644026418871
chr12:7439188-7439689	Basal	1.68114518030608	1.60238726097902e-05	2.42611167406787	3.17616441706708	3.12382045740758	2.62295212029654	2.92144007069808
chr10:68537772-68538273	Basal	1.68064062437507	3.08678058740792e-15	3.17177849215255	3.98968531937259	4.02140564711938	3.32909136364378	3.5120440929233
chr17:72117095-72117596	Basal	1.68036389408706	3.98297048847454e-08	4.59873437838957	6.21290112270158	4.05062309383959	5.16666638888433	4.64711020474467
chr10:8593365-8593866	Basal	1.67967864562651	1.23436275972904e-05	2.56621985113391	3.65539215577784	2.5345115623645	2.62070119370684	2.80203088618879
chr19:40947527-40948028	Basal	1.67939942739056	0.00012274441137986	2.80345934559096	3.34247104063941	2.72345204177446	3.90295700702204	4.19833416158758
chr19:16720199-16720700	Basal	1.67921692174518	1.14330498619377e-11	4.09858277240081	5.52317259571165	4.253942638212	4.07190935792618	3.79920527123191
chr1:229343694-229344195	Basal	1.67902231953963	3.67109063643876e-13	4.84631862510859	6.3370228967693	4.8822083083131	4.615892204203	4.60528720216455
chr13:26728163-26728664	Basal	1.67859472916641	3.56230320195857e-11	2.76509332045984	3.73129030038672	2.48178113290874	2.68572685459924	2.78172458848033
chr8:69024992-69025493	Basal	1.67844413477465	5.77293389017234e-06	2.88399472911579	4.26410410460916	3.74114876797257	4.09810594181278	4.14441372965188
chr6:108075372-108075873	Basal	1.67833450870474	1.02856934796185e-20	4.93581898671985	6.0383751396648	5.08040605740889	4.57197105778749	4.3798490114465
chr20:62301080-62301581	Basal	1.67821947173089	3.19110741259387e-24	5.19006352416473	6.45564172986639	5.67178571228764	5.27691559771652	5.36641308028754
chr15:78297870-78298371	Basal	1.67815658103767	1.98896994112475e-18	3.90896056343937	4.87740281736968	4.23729786394698	4.09696821703455	3.92001575323045
chr19:16396675-16397176	Basal	1.6781452226134	1.09398749048341e-17	3.32596100698448	4.49420982675001	3.20989370186196	3.42287778090203	3.44395586232511
chr15:48960091-48960592	Basal	1.67790709559252	1.69696508427551e-08	3.07582247937693	3.98473609122229	2.69691170036202	3.10089832093044	2.80724220965072
chr4:188022845-188023346	Basal	1.67686666063757	3.29225239794768e-06	2.75670271463773	4.32778002801636	2.98745246275809	2.66961834473653	2.4461921340286
chr9:133317446-133317947	Basal	1.67657522771335	9.08038532570898e-15	2.7662747868268	3.80962704341808	3.12682115265025	2.82993491572283	2.67937880995394
chr19:38029080-38029581	Basal	1.67641942294356	2.24508850980535e-15	3.67322849581221	4.82918837484554	4.73093759214415	4.2935333097813	4.09997808231989
chr18:48123987-48124488	Basal	1.67634862011885	5.99379948840013e-10	3.64020812288286	4.96522952295347	4.12860167265455	4.71369446114153	4.59736639170646
chr18:48756457-48756958	Basal	1.67600328148617	9.64496626483178e-06	3.50308682503533	5.47517019748556	4.81776135514541	4.4964954210084	4.02747575709588
chr6:26213926-26214427	Basal	1.67558385415389	1.1121792847633e-07	4.68066692689771	5.99016626756304	5.39285493122665	4.78296851438553	5.31326238785287
chr7:44690019-44690520	Basal	1.67521649878409	5.44181456683516e-18	2.94011234811227	3.8524213259753	2.81797730626669	2.9129114750582	2.78011210335252
chr17:72114681-72115182	Basal	1.674605092299	3.69379112634824e-18	3.33961580274635	4.65034515598529	2.94638240921532	3.4787860785695	3.61369601304727
chr6:27143057-27143558	Basal	1.67346009612138	2.05468893382299e-12	4.57112520178916	5.84422797810937	4.90569643364897	4.4156073331377	4.88976612003338
chr6:41550349-41550850	Basal	1.67321457707134	1.43450766633968e-11	4.22975912388921	5.62265448963789	4.82262891451603	4.60321077638289	4.44837870025755
chr1:241970256-241970757	Basal	1.67312296026455	1.2633692449434e-06	2.81861334812609	3.85377157050713	2.61032026984207	2.68250412378644	2.74010801654608
chr3:46659183-46659684	Basal	1.67253385290963	2.66580857117765e-11	3.76884155963991	4.83001225148877	4.42204081726149	4.09567438081957	3.98030018969542
chr1:166169264-166169765	Basal	1.67227043324652	2.09204607963459e-06	2.97658461575296	3.97007232980794	2.22877717538453	2.87199177495214	2.87810622794703
chr19:38147718-38148219	Basal	1.67169334545853	2.56996503718801e-15	3.21340523439073	4.29419023085407	3.53007666128192	3.51487959541633	3.23678970628476
chr8:123661215-123661716	Basal	1.67163326813484	3.08779104024055e-06	4.29695160553635	6.10977260067887	6.27924179224101	5.88435797704942	5.94452314689968
chr2:9954805-9955306	Basal	1.6714372026018	2.6361686689052e-10	3.56952060966031	4.75579228994307	4.10473466585135	3.61618360391746	3.84269110721284
chr19:9070665-9071166	Basal	1.67131584815164	4.88211353481161e-09	2.57685515215144	3.93765310861316	2.86397266016608	2.42158262790204	2.49039477330797
chr6:36850123-36850624	Basal	1.67063073057741	1.96861218686624e-08	4.2784551047686	5.59129599550674	4.7189459051556	3.98064553572622	4.38043810677201
chr6:17579557-17580058	Basal	1.6704876902934	3.42844185141572e-06	3.05958025301449	4.43225388918558	3.45212436899175	3.20768355577088	3.36925672935607
chr8:85179084-85179585	Basal	1.67009357915871	1.94687422278916e-10	3.90220897151543	5.15000157837543	3.20750936160383	3.57209332109822	3.64761611920125
chr20:31915571-31916072	Basal	1.67008705635724	6.33343692589316e-05	3.26856818123695	4.3447080342104	4.70474997416257	3.51683685549115	3.66179398678314
chr6:118773649-118774150	Basal	1.66894091660076	3.11005797485869e-12	2.88902796594869	3.69485719078653	3.09402271965103	3.06947175925147	2.67922155646832
chr17:22266198-22266699	Basal	1.66872531297866	0.000104980443763313	3.44286554544045	3.94322761112964	3.77461429837536	3.12908135775028	3.29306930060317
chr14:19676538-19677039	Basal	1.66853446081279	0.00522537791671172	1.52272351196309	2.94221223286065	0.961496278929407	1.18719611307616	1.17898582031302
chr19:36330683-36331184	Basal	1.66773403206391	2.28531911267627e-06	3.84061171954295	5.5192683664784	4.38232889606091	4.77701194727239	4.19519631196416
chr10:97719512-97720013	Basal	1.66756927879749	1.71817556078067e-09	4.4109619377242	5.63261618366923	4.51296425860454	4.348386449186	4.39703427203302
chr11:34117601-34118102	Basal	1.66662003453573	7.70862725868712e-11	2.87595381757251	3.2874704863937	2.6475681810275	2.88396102154868	3.07073747467245
chr7:28985231-28985732	Basal	1.66641463474316	4.96057226189795e-10	3.93388359621446	5.41532562598034	5.37042437302871	4.40750875374497	4.3734716684308
chr17:4701048-4701549	Basal	1.66620124545373	6.10903998573647e-30	3.63103442851627	4.72738164339285	3.4968606622382	3.61105024385619	3.39633226274109
chr14:72928863-72929364	Basal	1.66600916999387	1.99362674334306e-06	4.50998807811612	5.86577129043099	5.43208522532845	4.90255598298928	4.85259089553233
chr6:27143975-27144476	Basal	1.66531751655558	1.22796924194044e-10	4.55536294927037	5.81017506488971	4.98656205333279	4.57562762280376	4.78580851591237
chr10:5497504-5498005	Basal	1.66503078229225	7.91860913791058e-09	4.11358878392295	5.59291701151803	5.60654827095679	4.67943343467464	4.82615269509014
chr20:48855903-48856404	Basal	1.66486049342825	2.73328010739819e-10	3.3387693305193	4.59650762551862	4.16381538323078	4.05500942511809	4.21041090975405
chr12:95410711-95411212	Basal	1.66403088081613	4.5192494300293e-05	2.742056685745	3.99533218374642	2.65501966482542	2.82425358418106	2.67014454251233
chr3:18865450-18865951	Basal	1.66398245675716	0.000166168642304413	2.52542252521548	3.54574288330183	2.4357666153442	2.62015877742782	2.35125761962085
chr21:44936628-44937129	Basal	1.6639702620144	2.96999331038706e-29	3.59144525038777	4.92999959615343	3.6717264324685	3.58883505211302	3.44337502379568
chr3:51520397-51520898	Basal	1.66374459215296	2.84794405993207e-11	2.85565040447811	3.70334865663385	2.55341513493039	2.87691761049839	2.68600597875454
chr12:32942960-32943461	Basal	1.66320000028539	4.78271789688922e-07	3.17684402684829	4.39150503015613	5.10255759894122	3.32962811892221	3.57483215232182
chr6:125200278-125200779	Basal	1.66315136058167	2.26047887113482e-08	3.52304289993723	4.72032920535239	4.50663555795382	3.31513689677013	3.54450055495969
chr14:20798980-20799481	Basal	1.66306526422103	9.09135001669713e-15	3.60400996779676	4.82091056415564	3.59876724440681	3.32800221002805	3.69505541074978
chr7:92465060-92465561	Basal	1.66229962899515	6.02509343629249e-10	3.25356035707636	4.48079715247461	3.85916378784983	3.4026625948201	3.37330052809928
chr8:89981418-89981919	Basal	1.66180505098419	2.95918061277715e-08	4.67390968008185	6.21232013135415	4.50124772588439	5.04098183501485	4.93807451232672
chr2:88694590-88695091	Basal	1.6601881485746	1.25637967521153e-12	3.51836803989229	4.187306405149	3.5505020636401	3.33578583468385	3.50114756966645
chr19:38291905-38292406	Basal	1.66009638468296	3.44933954146022e-07	4.04273612690179	5.8145373210571	5.59832985610139	5.13669621475662	5.00210830122991
chr17:42054061-42054562	Basal	1.65968548420943	9.49160710916156e-16	3.60010387821344	4.64602252888978	4.21260075841418	3.54527371659407	3.86246440930043
chr5:170396981-170397482	Basal	1.65911943916456	6.60847185801108e-06	2.86129457819442	3.81107751352321	2.36696609557067	2.82773686828205	2.84354149752179
chr7:37295306-37295807	Basal	1.65893829866961	5.69695856166448e-05	2.78805551442299	3.98228995258298	2.26406741470213	2.40027827488062	2.56307714560636
chr7:151732750-151733251	Basal	1.65884921877099	2.57009322164063e-22	3.88251400358056	4.76130873297683	3.95401412659487	3.99690307684864	4.07530462527059
chr8:60627953-60628454	Basal	1.65693822534703	4.88633283340109e-13	3.02018684596213	3.91451629117379	3.69398606994964	3.51538625468511	3.21363159212882
chr15:41897293-41897794	Basal	1.65611335785821	2.22660951091497e-10	4.32859879959451	5.955065819604	5.37131094746851	4.96769732998251	4.87157342623558
chr5:85671174-85671675	Basal	1.65587153099083	0.000221088639093879	2.77206920186679	3.83726965299761	3.63664792105371	3.16115322406439	3.25517125312441
chr3:121688021-121688522	Basal	1.65568516688708	8.21984704867031e-10	3.38303296318936	3.94016866093687	3.35995010035291	3.22684383758226	3.31438637701718
chr19:49660275-49660776	Basal	1.65556986186981	2.1412201032962e-24	4.72464534366463	5.8456514652404	5.03897786174231	4.64252560599926	4.82878142802028
chr2:86436067-86436568	Basal	1.6554586063383	3.26788555348194e-23	3.32757510817485	4.15491328130097	3.31489331256686	3.41037052905871	3.40632293913633
chr6:149263837-149264338	Basal	1.65537670283199	1.6184355351292e-12	3.14957922660603	3.92642435428602	3.06131758240027	2.98942566629915	3.09149880344177
chr2:1716307-1716808	Basal	1.65521600750623	2.3585303688357e-09	4.08397567653983	5.41013776438074	4.28045726723273	4.81232779412135	4.30976755076641
chr15:59825870-59826371	Basal	1.65437499206013	0.000155635361634875	2.67677508765931	3.85613535044102	3.29726820406774	3.27914639802503	3.01675215190472
chr10:13615825-13616326	Basal	1.65431029850649	4.23518964252001e-11	3.31083774691081	4.58571104806194	3.64041636669766	3.44664713518995	3.43008949238922
chr10:112946743-112947244	Basal	1.65427069884434	7.43988879526513e-11	4.18724180186218	4.87765937649531	3.41481899192233	4.02164520796476	3.56735425274203
chr12:6321168-6321669	Basal	1.65411494576322	4.99356464722811e-16	4.62524595290452	5.98508072489998	5.53198035174765	5.24778184289813	5.2570125346846
chr3:101633083-101633584	Basal	1.65383453052636	2.92708057057334e-12	3.38109815349205	4.03571126671911	2.98365262422417	3.09225041689309	3.44220479195791
chr9:100415979-100416480	Basal	1.65342972372173	1.41975026185312e-05	3.22692881664216	4.86653882635856	3.16601244570575	2.67198761366665	2.90694254508114
chr17:37796026-37796527	Basal	1.65319801483722	2.22440786157254e-06	3.7688303032185	4.95943626148677	3.36106004178017	3.40605943338424	3.44470419308389
chr16:66161291-66161792	Basal	1.65281199596452	9.36229646068067e-08	3.22228642930073	4.54084031760555	3.46126285032776	3.28610972344383	3.18191528719091
chr6:89277787-89278288	Basal	1.65273486933412	1.4297426533828e-10	2.66027093962463	3.53184977434273	2.34266475695822	2.64513654480919	2.53580144479858
chr1:206064875-206065376	Basal	1.65199818021855	0.000939702951974454	3.57920459032268	5.3810879286737	3.08392121211624	2.94695160269094	2.92570794800564
chr5:164117937-164118438	Basal	1.65169384397611	1.86252354447648e-06	2.76196589723213	3.61511658652156	3.06125277738408	2.79222409021171	2.69183682459831
chr8:66986325-66986826	Basal	1.65150433310147	0.000286265793106606	2.84030175807105	3.4795015056366	2.62271702951084	2.7499767890639	2.78486496663239
chr8:89755627-89756128	Basal	1.65124884439571	4.84007665769514e-13	4.60540940149473	5.98141633742575	5.02643407594261	4.5872610991421	4.96083264056213
chr15:99121422-99121923	Basal	1.65117216221329	1.31623861208523e-06	3.84211653538893	4.80094271329412	3.58525464927002	4.08797453366025	3.71889049330741
chr6:27288343-27288844	Basal	1.65101646832922	1.23844974409168e-07	3.05114535905339	4.19010328848609	2.93009424191271	2.64198893658029	2.54694296136665
chr12:31225122-31225623	Basal	1.64998375449717	1.12323244207274e-10	3.94595251629409	4.9569603311474	4.62714512461698	3.70195947920481	3.83702162038869
chr1:46271674-46272175	Basal	1.64991003535742	6.32762876213383e-13	3.19606714013013	4.28866876842679	3.56652480839373	3.25016603926949	3.32316795573275
chr15:78349217-78349718	Basal	1.64974469538828	1.06344182734273e-07	3.20036496235991	4.56959786459839	4.17333977817229	3.69310348087469	3.58150770950887
chr8:89761442-89761943	Basal	1.64935230915586	1.27675641526423e-10	4.08587821381417	5.47491219596182	4.66949526195155	4.10937465962246	4.55827514263521
chr4:183723782-183724283	Basal	1.64925963498802	3.04002618349821e-16	3.84401419272468	5.12052251372904	3.61949831193585	3.99565274004496	3.70094585604103
chr1:204588778-204589279	Basal	1.6482449093303	4.28917393615763e-07	3.31792424669081	4.83893641353006	4.66522253859364	3.98960002479732	4.27827227436482
chr1:9333456-9333957	Basal	1.64785622885891	2.1868698195846e-20	3.80059101993201	4.67353068751911	4.2191339505697	3.89330680377532	3.8717957513544
chr3:184572202-184572703	Basal	1.64741468491523	3.76979691055516e-11	4.04755841564964	5.48353014514356	4.31331416356712	4.09619639871207	4.13571937876736
chr11:19075531-19076032	Basal	1.6462392901303	1.73004821021921e-10	3.48092388911265	4.82872123388417	3.4957857793821	3.35575400094014	3.36123338570351
chr22:42379096-42379597	Basal	1.64613329149005	3.98246846050649e-13	3.85638154870723	4.97518340571046	3.60322805769025	3.83357917075305	3.36956089945824
chr5:170753279-170753780	Basal	1.64594858408077	3.2752651738848e-06	4.00963832718877	5.72723090822748	6.17228542000709	5.02210866018133	5.07103781544126
chr17:77057961-77058462	Basal	1.64482180188178	0.000588059297651108	3.12942869293261	4.55945100216614	2.61083064873959	2.92096294539227	2.907186141512
chr8:140508972-140509473	Basal	1.64427388262552	3.77352451917426e-16	4.96948340777213	6.18529815765597	4.84263180573281	4.84305805276872	4.81995279892338
chr18:36291872-36292373	Basal	1.6441789298923	2.2356817063341e-11	3.00784439892585	4.2003364721687	2.51530951883246	3.53147910081678	3.19518637092066
chr19:27635265-27635766	Basal	1.64414426690814	1.56972031752516e-06	2.31215937603245	2.9793606282031	2.44381245795607	2.34602564254489	2.30164185676991
chr1:206233122-206233623	Basal	1.64400379862353	4.07986989471693e-05	2.40438634752286	4.06039224726079	3.42195787648514	3.5041123511376	3.55727791270563
chr20:36061674-36062175	Basal	1.6429286059527	2.35182537479644e-12	3.66673190325707	5.04591635586923	4.46235770790322	4.34476548901316	4.26156663567637
chr7:7175051-7175552	Basal	1.64199993216905	4.82747976511734e-09	4.10633754696232	5.57523036264031	4.78798098466405	3.89357049845447	3.69938153930122
chr2:47951793-47952294	Basal	1.64018769766716	1.37837459575033e-11	2.70613814633077	3.53256651308814	2.94523600418844	3.11887140812216	2.89362890972532
chr2:5694251-5694752	Basal	1.63988909175265	0.0018578441607821	2.63279296988347	3.61011847101678	3.72727073319653	2.82558063496557	2.59164520495141
chr8:116811458-116811959	Basal	1.63789834722472	2.26856222934679e-08	2.93064223258815	4.08300663923643	3.2177379566337	3.20807587888586	3.35429488693182
chr12:82458000-82458501	Basal	1.63718966804574	4.76239710275418e-05	2.99925065377259	4.63298984080645	4.40603146119568	3.48280120925185	3.97062877523683
chr19:23316240-23316741	Basal	1.63697974134164	8.79393203991046e-13	3.0749669301158	3.68235790105212	3.67937155671036	3.31621253037012	3.30697114209858
chr15:79973775-79974276	Basal	1.63681877731204	6.90846000651473e-08	3.40397313202416	4.41806001104994	2.96577312349502	3.26191500673787	3.33686262628586
chr8:75644462-75644963	Basal	1.6363075554605	4.83714239922172e-08	2.34614007654804	3.03893660720059	1.83362814747057	2.70294835900557	2.52416039884873
chr5:134971183-134971684	Basal	1.63610551196093	2.23305602385836e-14	2.92996325056068	3.86985640449986	3.76914665841423	3.6037623422969	3.6151349042225
chr6:85095025-85095526	Basal	1.63562492199607	5.17758176737847e-07	3.08417296877352	3.97031679644434	2.78420477856405	3.24771612354416	2.96099737063489
chr19:36082295-36082796	Basal	1.63536611471974	1.4119450406395e-20	3.21517765014667	4.4754896021277	3.34358994201988	3.2213893269918	3.30097600461232
chr1:194999659-195000160	Basal	1.63521546066052	6.1980709756032e-07	2.52833740572257	3.68273690966053	3.2337897533888	2.99000311346431	3.0096231957846
chr19:23793403-23793904	Basal	1.63496976389226	2.66132163130578e-10	3.06349112939009	4.15924568978304	3.31701755813744	3.01501984262744	3.13836323172628
chr8:139815758-139816259	Basal	1.63476448299483	1.76329440122017e-13	3.70761180232908	4.8909167139755	3.94432352744311	3.87500122457171	4.03624606445165
chr8:41098061-41098562	Basal	1.63445059226138	2.06910770747874e-09	2.95192099383499	4.09242423514592	2.57424543884818	3.29462156458249	3.15177117319799
chr6:168725718-168726219	Basal	1.63430785105836	0.00018108951521978	3.13473744320239	4.42309638740598	2.73122569380217	3.26353170340379	3.40778689335156
chr1:244868059-244868560	Basal	1.63372464589397	1.02216405427665e-09	3.70392230287733	4.71458201874697	3.20689786156502	3.92466723674233	3.93060694326762
chr8:9249554-9250055	Basal	1.6334202411671	1.8257543987516e-11	3.03842575255818	3.7418868937613	2.5293438317685	2.51939525062003	2.56574849961914
chr19:16721085-16721586	Basal	1.63286667671134	1.38700198364706e-10	3.48268696409979	4.79551108600484	3.75533512034805	3.69115975817561	3.43334479879225
chr6:105593091-105593592	Basal	1.63254958883535	1.84865874289725e-06	3.48662530733753	5.19175716417982	3.59192853488527	3.3358734437691	3.08834915682406
chr1:40918470-40918971	Basal	1.63242555545092	1.86307887349482e-07	3.90295628524084	5.30480653286844	4.77834215686875	4.94602789393718	4.74461232535827
chr1:10696025-10696526	Basal	1.63230412234969	1.15183229035653e-12	4.76687478270373	6.23411818755262	5.31192636871755	5.39920168745516	5.26182169184414
chr12:132847159-132847660	Basal	1.63178475631769	2.47368555178699e-12	3.5541767052254	4.47631433436184	3.56141954121256	3.46872654986971	3.44181413485456
chr19:12870317-12870818	Basal	1.63146188787986	5.31283083085179e-16	3.74636650033375	5.00288694197551	3.90353454036289	3.65557396931408	3.68815571280852
chr7:41701324-41701825	Basal	1.63144766163068	2.51369952100882e-08	4.26871347785849	5.83630701982163	3.74265963733459	4.49497857195624	4.2153441350664
chr6:13765518-13766019	Basal	1.63144722607893	3.94053218858922e-08	3.41060300128511	4.17136754920565	3.36480578766177	3.2665007735467	3.06267121775212
chr13:41139548-41140049	Basal	1.63118804199285	0.000411267278039447	3.4091454697606	4.61853969307973	2.61834553673243	2.67259431551731	2.47817953124236
chr8:46483588-46484089	Basal	1.63108389894137	1.01047712322671e-06	2.79968492486361	3.41326880237902	3.83749721217618	2.84457105112938	3.03599827770988
chr12:3827552-3828053	Basal	1.63046444484179	2.81032913675243e-11	2.67789655697874	3.43815345812397	2.53763838686356	2.49212618671451	2.81157943068954
chr10:126082803-126083304	Basal	1.63012528522737	6.24318864154809e-12	3.27946545276442	4.14278432185878	3.64853767669483	3.57987828849047	3.5743492089558
chr10:124462655-124463156	Basal	1.62927109834591	9.07603521445571e-17	4.15587754228102	5.40876579321988	4.48526808622923	4.16001703536494	4.01463287215871
chr8:127530022-127530523	Basal	1.62914486210784	5.74213811621611e-10	2.96699683696278	4.41993948974738	3.02068083323852	3.73576102924669	3.39607745816572
chr8:101084832-101085333	Basal	1.6277433952925	6.19467529087581e-15	3.33203843535614	4.41326885257891	3.32029646007703	2.99059621239687	3.49294600549975
chr6:26522817-26523318	Basal	1.62745791203709	5.53563444206983e-10	4.75024736162364	6.16279979970005	5.23614114469483	4.38115735799583	4.49352508882982
chr16:20344561-20345062	Basal	1.62722980889313	2.99688465598933e-05	2.82790207995688	3.60891073065752	2.50929179337158	3.19545011604335	2.99928721774596
chr19:14139193-14139694	Basal	1.62697284205269	5.64409112248554e-18	3.97102716751675	5.31570969988148	4.36300396384653	3.91148431154449	3.87076232282214
chr2:101966868-101967369	Basal	1.6268293456412	2.09934450218524e-10	3.46691010977581	4.93047873894054	3.33974645993923	3.37538152417279	3.11530934094942
chr16:35792809-35793310	Basal	1.62659108438569	7.54080210684877e-10	3.04061415765456	3.92466826034101	2.76284029319186	3.05993692416087	2.85296890907355
chr1:147286197-147286698	Basal	1.62595137442816	4.24419623490889e-09	3.37099200893589	4.32185971313767	2.82033502112661	3.41618756122573	3.22882369228504
chr8:117892583-117893084	Basal	1.62549478166905	6.59768040426245e-13	3.54578364060993	4.87745986960564	3.42243104634769	3.72676257005648	3.56865414585002
chr19:13046789-13047290	Basal	1.62516339582173	1.25425408937203e-16	3.40957600946839	4.74148636703999	3.1742425102021	3.55234188728553	3.26563266727481
chr22:50694889-50695390	Basal	1.62496067844369	1.40341191307481e-15	4.23067962964397	5.56829062557917	5.4443465374987	4.88120860575627	4.62064695074702
chr9:107398792-107399293	Basal	1.62495221911232	1.24525643664751e-10	3.47954986546186	4.34139290470495	4.63942313939553	4.02855021962305	3.93500576854211
chr6:131780049-131780550	Basal	1.62438296447019	9.24974822959656e-05	2.44150026695804	3.7561565511029	3.58006523885083	3.06767241121807	3.1292373561925
chr7:56613724-56614225	Basal	1.62434757167559	1.07199338124133e-09	3.1409433491646	3.61801086459727	2.43804584113653	3.22880702137553	3.02588816004311
chr3:111992924-111993425	Basal	1.62432285557376	8.37401349106036e-12	3.31263165030882	4.19011925302423	2.89228569011658	3.34773695715696	2.96734112100872
chr12:49332300-49332801	Basal	1.62375159385479	1.42106901212213e-12	4.41825471090754	5.81325433881281	3.82253138576294	4.4495173338207	4.14506983141861
chr1:192607227-192607728	Basal	1.62358143761111	5.12467813985165e-15	3.44717514201385	4.6156060742348	3.39963600670258	3.6567074053058	3.44144167587913
chr1:88332283-88332784	Basal	1.62313238755561	3.93793538660115e-11	2.95164141804156	3.35671864297766	1.91651556086777	3.19233029757604	2.76785264588541
chr8:51977561-51978062	Basal	1.62217048544161	1.74282275035246e-07	3.45660553231298	4.84510913690213	3.40990546125007	3.24903688978499	3.27143147535647
chr6:117480629-117481130	Basal	1.62179326000612	9.83913586948608e-14	3.52144795623964	4.54680868141676	3.06141933666346	3.44787871523766	2.98726167873663
chr8:130221804-130222305	Basal	1.62171515133962	0.000165114878824497	3.73196035996446	4.9867463619988	6.92084297804233	4.4327946582504	4.68396021902062
chr3:130001911-130002412	Basal	1.62133794010034	2.4999110450986e-10	4.23104252192548	5.66662686297853	4.45065738097348	5.10424772116658	4.95028821545424
chr11:93547835-93548336	Basal	1.62038041824946	1.56611508122917e-08	3.22720966615647	4.37900920056158	2.82649526794238	2.99084357590793	2.97518131101948
chr18:59033200-59033701	Basal	1.62018520885952	9.52049937164723e-07	3.08708702257116	3.88852645083455	2.63908025398909	3.18709238470307	2.84604959817241
chr6:111985728-111986229	Basal	1.62016200693944	8.50182538880036e-07	3.91219349019561	5.20519617503056	4.41191993166421	4.28526043292121	3.90294075223577
chr1:30688074-30688575	Basal	1.62009974572414	4.56927683896984e-09	3.23660770040791	4.29144611856379	3.56144687506155	3.57431794736557	4.02055292356714
chr7:47332226-47332727	Basal	1.61956668411341	1.47084517261334e-09	3.80333571774006	4.42469001631193	3.67000955395635	3.82890724316964	3.39028539719245
chr21:15370427-15370928	Basal	1.6191776954252	0.000254802410179021	2.83562679300199	3.50318659112827	2.10056718564555	3.23357742314163	3.12118822871628
chr16:4136979-4137480	Basal	1.6190867699117	1.71231948516289e-13	3.53649290777389	4.55170476248701	3.60591348874709	3.42871750548272	3.8846152952099
chr15:88699921-88700422	Basal	1.6190785511664	1.21138747067931e-12	3.29301758362082	3.90040734077739	3.57087669408946	3.25264029789844	3.17166399211373
chr19:40436309-40436810	Basal	1.61872449511866	1.65739112818422e-19	4.41218324901874	5.35983731508995	4.46258306625295	4.59697476990167	4.53993794536972
chr2:61014043-61014544	Basal	1.61795397948817	2.96617763647306e-10	4.12673393567586	5.67576616925916	4.95204245811395	4.61113303529079	4.36592635182824
chr2:119370323-119370824	Basal	1.61785505248529	2.04919052825957e-05	3.25190163666368	4.65285789971481	2.97053786520669	3.65766962488077	3.27679309539693
chr17:63711614-63712115	Basal	1.61756143948533	5.02253423419662e-16	3.17522639136018	4.32184601048325	3.26953733398384	3.22675255575633	3.32528296629494
chr9:106419853-106420354	Basal	1.61690812125271	2.72902813827848e-05	3.19088423419142	4.90208002799574	3.31211998457102	3.51047725499198	2.83035042589813
chr3:150375028-150375529	Basal	1.61639070723254	9.38742930599414e-11	3.4965895669461	4.67254406484522	4.16885129072542	3.58236877502627	3.71863456922606
chr18:835789-836290	Basal	1.61576006303563	8.19394190984478e-12	3.33857746076545	4.24947789535398	3.1584075616074	3.20864326249511	3.19112075063079
chr1:155231696-155232197	Basal	1.61557534234944	1.13124265491197e-15	4.49453027297754	5.69130963639297	4.70762068276051	4.96369624486536	4.71555422976764
chr2:120219807-120220308	Basal	1.61542711600223	1.2532877237988e-14	4.08816053843545	5.31822206590833	5.55880994034543	4.89868216751051	4.58444272637669
chr19:36490795-36491296	Basal	1.61401958685453	2.80430414580181e-14	4.31022119008167	5.77978928314106	4.55734787955198	4.24136103197705	4.0939497778098
chr6:134172456-134172957	Basal	1.61380281257308	1.52832868434972e-05	4.91343747994569	5.87065383608224	3.88984195267803	4.15612439051047	3.68218658261184
chr2:159178411-159178912	Basal	1.61380097507977	2.03884610108332e-11	3.78524819248562	4.32418449715362	3.70758190014313	3.95564642092429	4.09291365366646
chr22:37980790-37981291	Basal	1.61290228345798	4.15310020929256e-05	3.97655924775549	5.22876140358346	3.47304713544695	3.99880572059031	3.82081897508184
chr12:52268900-52269401	Basal	1.6126523148442	9.21740494492432e-10	2.82161892040213	4.11373952818393	2.7053302391796	3.13980051793444	3.01541992868772
chr6:108199983-108200484	Basal	1.61207656202785	6.89373276782702e-08	3.8570791136526	5.11324857035027	5.11698786514177	3.92586845156478	3.91836352918686
chr1:203222767-203223268	Basal	1.61199224530624	1.21196232291777e-11	3.30463251852547	4.35459712566035	3.32824606366414	3.7095387065498	3.75561960097126
chr1:35869493-35869994	Basal	1.61179733998056	0.00419742545708895	3.29738399315648	4.46811093402902	3.02944283738977	2.71470049167755	2.95110811398791
chr11:44574013-44574514	Basal	1.61162919398675	1.71658702501689e-11	4.38108012544971	6.00637282276549	5.12539370691803	4.96353019747598	4.48340113982301
chr18:147092-147593	Basal	1.61145052859192	0.00020392950084574	2.61740534714333	3.95884119205031	2.90091794504828	2.61216595765607	2.69714007967784
chr8:127546968-127547469	Basal	1.61140153478542	7.72427482824383e-11	2.56696346008953	3.94033903285221	2.73574112886416	3.26159001833878	2.73825227777016
chr2:36698184-36698685	Basal	1.61135612567306	1.36729751956951e-09	2.72248377218938	3.65242322435958	2.56701831006032	2.90619352060452	2.79806714478439
chr6:106976739-106977240	Basal	1.60995826428396	0.000604497809473187	4.45615228242477	5.91868964013079	5.82806264082445	4.53282506715829	4.29847672067066
chr1:224450136-224450637	Basal	1.60934061274301	3.74375317940746e-06	3.70091192949606	5.20472577199621	4.93104065100897	4.40230102730941	4.53699973889335
chr3:162112703-162113204	Basal	1.60923428008606	4.01913099144359e-06	2.26930130590815	3.38791287240527	2.01564853504761	1.98160886703662	2.06725951910138
chr6:137172943-137173444	Basal	1.60899696171136	0.000114004377941937	3.61525096279644	5.45939905426963	5.28562079671968	4.3734600966407	4.2905175854258
chr1:180489916-180490417	Basal	1.608805911902	2.62381539379095e-12	3.20549619295977	4.16939297760601	3.37348260481941	3.55485538243382	3.35374448486608
chr3:114379436-114379937	Basal	1.60880070676499	9.99005939006754e-07	3.49247459799178	4.77936327852995	3.11001199995694	4.2990553656731	3.59153190283672
chr2:36757356-36757857	Basal	1.60836757464346	6.89256325706254e-13	2.76768830261514	3.81309782386587	2.59638364074452	2.81822974984016	2.7585831570064
chr6:27141642-27142143	Basal	1.60828671869167	9.80817601368175e-09	4.17238435631681	5.42250400538617	4.34280514411992	3.93954437261216	4.53494587288652
chr7:152761254-152761755	Basal	1.60754957741093	1.36914060273665e-15	3.95747813934707	5.27185291622377	3.4473768011895	3.68418631437448	3.57194708994233
chr7:152853057-152853558	Basal	1.60656064291302	5.59207799169821e-14	3.16325785477627	4.4234837625131	3.19194127661711	3.17795861882285	3.05515056997024
chr7:149569183-149569684	Basal	1.60641617421591	1.26523293032538e-09	2.89796224249611	3.46323657331254	3.30505783609562	3.05052702470209	2.93266126981459
chr1:28549326-28549827	Basal	1.60609291798067	3.4394313336242e-16	3.66929694963619	4.93311988333828	4.27199605450607	3.90963923107101	3.72988034595518
chr8:115663890-115664391	Basal	1.60559346873858	3.15679581073999e-05	3.84851726432858	5.48444287801014	4.97631505145896	5.01763055103623	5.18809086626902
chr1:226322934-226323435	Basal	1.6055724825929	2.69556426072342e-12	3.36346576691552	4.52340985046266	3.3744106059554	3.49512038955602	3.4702794807128
chr6:110974435-110974936	Basal	1.60469698901864	3.06531247101913e-17	2.91118675312244	3.71784208828639	2.8913370789204	2.88141732304931	2.60206447769469
chr8:53028981-53029482	Basal	1.60412141376785	1.54545037331617e-08	2.42221491168344	3.12264469362736	2.3199924293544	2.65496768106704	2.5454676154815
chr4:188035312-188035813	Basal	1.60348813918992	2.34400184401238e-08	2.56926127794535	3.34141555418799	2.34716670584214	2.64608655376562	2.5627457117318
chr1:53523243-53523744	Basal	1.60301525220366	2.43220016318832e-14	3.55349052150451	4.61116838296598	3.62007496485541	3.72801981750459	3.40954337624638
chr2:27048764-27049265	Basal	1.60253555858118	5.48534353895338e-22	4.37056571328717	5.74987181813815	4.62191614739478	4.16398607201401	4.28922831416018
chr8:123184880-123185381	Basal	1.6020475829442	2.33781962863115e-06	4.08008985377305	5.56707571298713	5.28308908870119	4.31363216404547	4.88894626539022
chr18:58265354-58265855	Basal	1.60194805467411	1.22577631036232e-10	4.05557074667003	4.98907758180817	3.97790827628529	4.03931704690364	4.08297917953026
chr8:96418792-96419293	Basal	1.60178551847034	3.24893264220555e-05	2.55615536179459	4.0580692838353	3.17901723604883	2.80774312362225	3.41584419511047
chr6:42302458-42302959	Basal	1.60142882605985	1.50405167250612e-06	3.00515342405788	4.3723756148328	3.09764783490428	2.4943720295406	2.81495330143246
chr14:100339706-100340207	Basal	1.60111379701906	2.69459031567628e-15	3.98274303857178	4.96974362079495	3.496533475886	3.92681018059774	3.78101724803086
chr22:22169142-22169643	Basal	1.6009700950074	1.46011011197808e-09	2.9767195557558	3.49339208159693	2.5123614673487	2.61831104299616	2.47244796435259
chr17:41578755-41579256	Basal	1.60067427541332	6.75320745794423e-08	4.20705066867799	5.66193240928984	4.39981000600809	4.63936301736306	4.81951155159505
chr3:36515803-36516304	Basal	1.60034958568952	6.8350651482089e-07	2.56000936737925	3.67574343538475	1.93022395715976	2.5191185599377	2.37180547579314
chr19:12621354-12621855	Basal	1.59977844813112	3.08505001563989e-12	3.4900743252642	4.69273570523685	3.46648556000942	3.26061860704582	3.33604167822032
chr7:6872655-6873156	Basal	1.59884651477046	0.000843229154874626	3.50274394028327	5.27414504486886	3.59796408785069	3.54419844811698	3.27345604996852
chr1:205993618-205994119	Basal	1.5988240428912	5.62256926183421e-07	3.45254077024156	4.62496650260699	3.43931529760133	3.4787747187416	3.4313805370944
chr7:157311536-157312037	Basal	1.59839683925671	2.79977897410944e-13	3.24299465349107	4.68234580947294	3.58570777371902	3.55438229958221	3.63206872169635
chr16:71638919-71639420	Basal	1.59800182072604	6.01613982374948e-12	3.16246685692691	4.35739718352509	3.01278429879694	2.9925313631541	3.05945991338979
chr5:60779408-60779909	Basal	1.59796144633147	4.83779754617923e-09	3.12588376170398	4.29254246791856	2.67575031683013	2.87733038957919	3.03225977170814
chr19:18942596-18943097	Basal	1.59775552147107	3.37962502334793e-22	3.69450408147983	4.90084322242775	3.92450632240919	3.7117385819295	3.71760876426253
chr2:205360459-205360960	Basal	1.59751379638508	1.49856850421633e-11	2.97538735000384	3.62097251867506	3.22943851121724	2.78337852526458	3.01096836985705
chr2:60960670-60961171	Basal	1.59713476178204	3.69718333130172e-05	3.10331781818695	4.45285869746252	3.7007138515593	3.23707583334603	3.14676492680106
chr8:139821888-139822389	Basal	1.59695304793611	0.000305182880518626	3.87376856351303	5.47853827653477	6.14402138720215	4.23590227723803	4.85642267904229
chr22:37987263-37987764	Basal	1.59694661628568	4.2430978034335e-07	3.7881282099449	5.09107999236945	3.79225047197762	3.69923753273578	3.64506834587313
chr1:17007092-17007593	Basal	1.59668591277414	1.08298439227967e-14	3.75393338558789	4.99610538262717	3.62292601669584	3.95384111433046	3.76169557411086
chr1:10564275-10564776	Basal	1.59662287974209	1.11108317581427e-07	2.76126376332206	4.01367166599216	2.97302983661724	2.79409274854101	3.14589790516789
chr19:39296537-39297038	Basal	1.59660215460799	7.77302596023606e-10	3.29984286760318	4.36511785026616	3.92606328055165	3.60634652392829	3.96040299844851
chr1:244364581-244365082	Basal	1.59650625370542	1.34917756406719e-15	3.15788071849628	4.27108752695197	3.12681514282756	3.47040134072878	3.08255131877521
chr20:58836255-58836756	Basal	1.59647537129973	2.97759813525306e-10	2.80277168879614	3.4888105059826	2.93465974083211	2.57975765278426	2.90879826822196
chr14:94217153-94217654	Basal	1.59623548782768	9.47653102542917e-08	2.77708673958271	3.34822134255562	2.03581295580897	2.96783280811035	2.59857239727159
chr6:28756353-28756854	Basal	1.59570392795712	7.70021576001468e-05	2.8721771061402	3.37538678781247	2.64771569775802	2.53842926227151	2.30305854102004
chr8:127402444-127402945	Basal	1.59557829303492	3.0002929131485e-05	3.8812084156423	5.66125023721243	5.2012344500251	4.30020109640254	4.35474079396755
chr7:151032686-151033187	Basal	1.59549683009001	3.2281944004432e-13	4.14023990933175	4.94897663253708	4.34000708700929	4.40935043475747	4.32487564550541
chr1:213475825-213476326	Basal	1.59514777500008	9.96648279306025e-10	3.28100927435381	4.24534150209852	3.45708310625006	3.30755752850682	3.18893317003375
chr8:115603825-115604326	Basal	1.59443714336854	1.26135900739181e-05	3.5428059295826	5.31271226139868	4.83810355186001	5.42503631589657	5.33278353351681
chr2:9292392-9292893	Basal	1.59320213786621	6.14916904796053e-17	3.44445254736613	4.3076195824489	3.69625738400402	3.52593214522035	3.44769082665019
chr14:24117169-24117670	Basal	1.59309285421004	2.94498639090773e-18	4.42471030277192	5.30851021781704	4.64042070797804	4.55139733834109	4.62291249728802
chr9:19103868-19104369	Basal	1.59079111862438	2.21652382615494e-09	3.95919273220661	5.43740459377496	3.74724795766747	3.78611113712585	3.52156358821179
chr1:205451818-205452319	Basal	1.59022652169267	3.34815856383374e-05	4.02626344019621	5.69860564831383	3.80548045358195	3.51076347225808	3.45295457063148
chr8:99341367-99341868	Basal	1.59011508389928	1.58849755338451e-11	3.05472216355714	4.12459967742407	3.87640142708795	3.07992462637965	3.62822444969706
chr20:14820628-14821129	Basal	1.58945957438685	3.66944715941332e-05	3.25576582573076	4.55685342146827	4.07308696084338	3.93125700721124	4.25965558173473
chr6:168038515-168039016	Basal	1.58940761466844	3.05394443568822e-09	3.54200666768795	5.09116205660883	3.69081508043991	3.88554030403608	3.9830267655405
chr10:121654102-121654603	Basal	1.58927481685667	2.11563663073654e-06	2.6176926129812	3.32599053755237	2.80611986472231	2.36113898829432	2.50366724163558
chr1:203916745-203917246	Basal	1.5886294910817	0.000169060678601113	3.00914485006324	4.58638045948402	5.12521052835031	4.53359442785762	4.79366643953849
chr1:224178804-224179305	Basal	1.58746641562043	3.30094953705291e-06	3.51194533904955	5.03685718839119	4.7190229017724	4.38929616785166	4.79069561560566
chr14:94758402-94758903	Basal	1.58720792143344	8.07811487822827e-11	3.09699112839189	3.92492213166863	3.3394305935139	3.37419267870737	3.35168113082818
chr12:15958732-15959233	Basal	1.58684372318407	2.05182142263088e-08	2.94913684619912	3.74261858655112	2.8915250470861	2.46619514125084	2.57746490214374
chr5:95782201-95782702	Basal	1.58673650638114	4.77689698904019e-13	3.66093695488539	4.90476178524406	3.31832138806372	4.09941176932953	3.51756675780859
chr7:86851481-86851982	Basal	1.58664408381451	6.96581819162748e-08	3.28695952418551	3.99532924544772	4.42403972268046	3.52298372567579	3.85966650184247
chr2:63046360-63046861	Basal	1.58657760376418	2.462031248239e-05	3.18031235017476	4.46363760844056	2.63787542961303	2.97330916700809	2.72251697836805
chr8:144505865-144506366	Basal	1.58652466668446	1.5573061894663e-11	5.29359107516495	6.464918347788	5.33821273642516	5.52759992190809	5.67318472718428
chr16:2994357-2994858	Basal	1.58632073986966	1.834671736134e-15	4.24813386484299	5.5054674537058	5.2866053581649	4.70007172671216	4.81024203757429
chr1:230902443-230902944	Basal	1.58548389450073	1.12315155191456e-10	3.76098204438933	4.84801688432188	3.86088287619079	3.75337695896091	3.71834198251789
chr6:157619061-157619562	Basal	1.58533809953187	7.69203755377204e-13	2.85428590755768	3.41325630933364	2.54886692311717	2.58041959156998	2.52888892622446
chr8:116453029-116453530	Basal	1.58443641828503	2.56340003719323e-06	3.77385940795665	5.3180676523497	4.43265964336868	4.70681644394851	4.43116502326618
chr1:54622594-54623095	Basal	1.58415400211513	8.55465831674044e-06	3.22808861823967	4.15205011588954	2.78265336300572	2.62406087484389	2.84154822578633
chr19:35750225-35750726	Basal	1.58366488984308	1.70762757395388e-12	4.98301095573387	6.34878490848873	6.00359877347491	5.59908818157395	5.7621769471814
chr2:136128915-136129416	Basal	1.58262117694528	2.43026387632683e-10	3.47161278125245	4.30127701334545	3.21495601856994	3.35538489649576	3.57297748391277
chr6:27758219-27758720	Basal	1.58242609543998	1.81805695887081e-13	3.38287785191666	4.32381096099671	3.48081255153746	3.60249981406356	3.32660685569593
chr20:52076067-52076568	Basal	1.58152975032864	3.25343844459311e-05	3.14029972559404	4.25171276712803	3.83816667532497	3.48671128392501	3.8225549031063
chr6:160929737-160930238	Basal	1.58121905841375	3.98087528771594e-14	3.47280035151711	4.36061434551324	3.34511685300487	3.70404237974152	3.52715103941882
chr12:57117826-57118327	Basal	1.58100636379175	1.52135488045336e-20	3.73705857158781	4.60130654667818	4.10121887737132	3.83722078454538	3.82658507723222
chr22:39529884-39530385	Basal	1.58091960017201	2.93283760381819e-20	5.12251129155663	6.11172518022425	5.43965442357165	5.09415828236961	5.01914562060401
chr15:100893241-100893742	Basal	1.58077159162196	1.4568106310774e-05	3.52776731679847	4.31127148006384	3.60622603543019	3.57277499095625	3.48544570754042
chr19:20665838-20666339	Basal	1.58052029629969	8.10458478233444e-06	3.0778034313336	4.31481647190816	3.30605520872711	2.95939704511437	3.13177889570947
chr15:96463583-96464084	Basal	1.57981906529776	3.11687672690537e-05	2.73936312874513	4.20543678951766	2.51053862265067	3.02383796128178	2.68087694957339
chr6:20143393-20143894	Basal	1.57968117563805	1.00596436015238e-09	3.14175235348951	4.582351163157	3.2351163030283	3.55279680651495	3.54478122727121
chr15:39538882-39539383	Basal	1.57910544517423	1.39306201004712e-05	2.8600069642589	3.71406988432895	2.8673268225896	3.52507785512693	3.12569626412136
chr11:68904928-68905429	Basal	1.57888594950946	2.89146585712522e-12	4.21186698178637	5.23549705451299	4.69157735799643	4.22568339726139	4.65367258654008
chr8:127650143-127650644	Basal	1.57878716110842	1.75989116817278e-05	3.37466439020294	4.65761411397202	3.38265200384958	3.41711276961519	3.31585989268628
chr8:88077874-88078375	Basal	1.57860760842885	3.99179400375086e-09	2.8019433183618	3.49821860474581	2.5410299502337	3.02654132206685	2.92918428606759
chr3:141274250-141274751	Basal	1.57830373435053	4.06895408597766e-08	3.9770728597874	5.37754754292328	5.01487313848919	4.45434206470928	4.90551896436713
chr19:39443472-39443973	Basal	1.57747087408452	5.98006930760409e-22	3.90064475167377	4.9464788899839	4.09557830580723	3.69502261174665	3.75425810979482
chr22:40992122-40992623	Basal	1.57744719540973	2.32211760453815e-11	3.06067187710237	4.27709494015021	3.44499156977353	3.06534163234427	3.16541227454884
chr2:24232234-24232735	Basal	1.57708809193648	6.99130497227896e-10	2.83975094336078	3.62055528829812	2.408793384577	2.87294603261124	2.69783228532974
chr4:221719-222220	Basal	1.57632613177179	5.18421169465698e-06	2.53374942100629	3.70180117780032	2.99505389073736	2.68009660845985	2.78140717334425
chr3:82428688-82429189	Basal	1.57491581128806	6.51252046574258e-07	2.94801719450658	3.51965089182282	2.36550200646547	2.90749862034207	2.73006285822683
chr6:26355851-26356352	Basal	1.57473169869662	1.58708589309574e-12	3.45669233636745	4.25301431898623	3.27793928989239	3.23473502700599	3.35769700565488
chr19:53746885-53747386	Basal	1.57454369787402	2.65755792599418e-08	3.0763949525928	4.353656113677	3.30744901655079	3.07152416452488	2.87008631518474
chr17:39220616-39221117	Basal	1.57439782018931	0.000160402690239128	2.86498995641618	4.22806568324543	3.73983508242911	3.23084902412497	3.33355885146908
chr11:232485-232986	Basal	1.57426887729278	6.31573896903104e-09	3.51074125466306	4.64842349588854	4.24265859243439	4.85983894271938	4.41053033928812
chr1:31146668-31147169	Basal	1.57319450247177	2.3726066938011e-15	3.27185393755926	3.96018405759754	3.44543745263645	3.377339908329	3.45935412333446
chr3:17745239-17745740	Basal	1.57314658845095	1.63515038662685e-06	4.45891517571226	6.06475061383579	5.46382126964188	4.23450345363243	4.49122600137434
chr18:10595869-10596370	Basal	1.57244709820919	1.30561408253433e-07	2.24830452988405	2.84110429078644	2.69007823736407	2.35687181493564	2.46357578044059
chr11:68327458-68327959	Basal	1.57231285547678	1.37473109287372e-09	4.03707036225185	5.4768366523431	3.97608040783475	3.70639341017615	3.83821889850827
chr13:22240520-22241021	Basal	1.57158085386306	4.83318518735924e-05	2.97291248725403	3.87330576276818	3.32543502056914	3.53878434199456	3.11320604307101
chr1:31979047-31979548	Basal	1.57118691532188	1.08298439227967e-14	3.197187676004	4.51349482931874	3.8424167592422	3.71426612645234	3.49455177496879
chr6:26170147-26170648	Basal	1.57114919336141	5.15792801827335e-10	4.69305433599669	5.90599095836746	5.22765127254139	5.07466876850758	5.1040598898359
chr11:70109915-70110416	Basal	1.57108022136042	7.48514179790806e-05	3.41567805013572	5.20899782300293	4.91435183775723	4.57975332265153	4.525665613991
chr8:10843222-10843723	Basal	1.57074768900979	4.34176312213097e-10	2.8846181478611	3.05545553189879	2.26511366259072	2.67727196326807	2.51611449948711
chr6:26569963-26570464	Basal	1.57058011475489	3.92272060968468e-19	4.19050847204374	5.53831955700929	3.98214979484632	4.14767459025407	4.11697903864476
chr3:9945277-9945778	Basal	1.57032126654026	2.19272292539869e-16	4.73451739730848	6.08149804762704	5.4318507816103	5.08310718430308	5.1287688626313
chr2:11699281-11699782	Basal	1.5703062726973	2.03596850321079e-14	3.83787682086452	4.90748020299992	3.80442199113728	3.63404204870692	3.61573076856768
chr8:138791457-138791958	Basal	1.56995822881168	1.47051449919101e-05	2.95909592258042	4.14449060938328	3.20355069446918	3.17144149756339	3.05216937048894
chr17:4742602-4743103	Basal	1.56993848050535	4.66372766199147e-11	4.28660547089464	5.74787637828284	5.08994659574428	4.72325059245759	4.47258187685704
chr3:60276662-60277163	Basal	1.5698366163246	4.4415908122543e-05	2.7495531306472	3.74070425551719	2.27133564386949	2.66465224199158	2.88669376927061
chr11:129592267-129592768	Basal	1.56946198185	4.83370167200452e-07	3.54965752193753	5.04007066411764	4.01685014736708	4.44103041579808	4.14215420405815
chr1:151829563-151830064	Basal	1.56886411224606	9.39646670483068e-10	4.90824927021257	6.43070406888908	5.51447962958326	5.43934518692446	5.30227458805199
chr1:228413153-228413654	Basal	1.56860226052508	1.61823301375612e-12	3.92688475971236	5.40952982052802	4.19929691635978	4.43687266772035	4.41290203394159
chr6:106844923-106845424	Basal	1.56836482088695	3.33785754283037e-06	2.49270152216841	3.24459954749782	2.91502441085817	2.21348661446788	2.51680374380043
chr19:12379654-12380155	Basal	1.56823766491509	4.34284604053382e-11	2.53339604329062	3.23188676289035	2.65872221000444	2.49531463166187	2.47329296161609
chr19:36422052-36422553	Basal	1.56736681298553	1.16100550223645e-09	3.29096586101388	4.57356469400511	3.361704905272	3.78324415057601	3.27604079001357
chr7:143282080-143282581	Basal	1.56685019343937	4.64924179747304e-17	3.53028425655949	4.6383425443573	3.35973703808924	3.38413569183079	3.40778789449245
chr1:35971541-35972042	Basal	1.56678012157682	1.39800357273353e-12	2.19686073658062	2.91845247306757	2.17511057381885	2.27964500724576	1.93050169716215
chr6:31825223-31825724	Basal	1.56608882287674	3.30231049001881e-07	6.087644007551	7.65383131432592	6.85982415332978	6.4793002914715	6.53409504783344
chr8:116511404-116511905	Basal	1.56575451453905	2.4138635430157e-05	3.20737164450292	4.68460112773761	3.27896229523778	3.48023772413379	3.56900857013898
chr11:129366648-129367149	Basal	1.56465651591409	8.97726197169659e-05	3.28921494909804	4.57946574950763	2.94425128568055	3.60524921946514	3.08192204896454
chr8:132058505-132059006	Basal	1.56435559119402	6.55334436431993e-06	3.65355545919468	4.66763789955874	3.25775643800922	3.83722039726896	3.72308093099791
chr1:148433644-148434145	Basal	1.56434839309388	2.6563532379811e-06	3.60235328531669	5.307423328996	5.04398928464326	4.68911588502184	4.40260776797009
chr3:184576049-184576550	Basal	1.56381159641857	9.86325650116566e-12	3.96556531297819	5.41183486335427	3.96613207593622	4.07623580032805	4.05878312729103
chr6:31016611-31017112	Basal	1.56376408504319	6.77294665021268e-12	3.54206161523973	4.43355046754993	3.53377002910756	3.42739225309574	3.4700229413736
chr8:132445969-132446470	Basal	1.56283658643544	9.92658838586046e-08	3.25592961411625	4.05157624299202	3.0566728746554	3.75326852038544	3.4231261317808
chr8:127698490-127698991	Basal	1.56262560552134	8.24508952670599e-07	3.07543410956097	4.55822830570698	2.94963287370381	3.37067650267474	3.15552451897745
chr8:65839575-65840076	Basal	1.56247893175658	2.698338240758e-13	3.59528664602335	4.81446841708232	3.70080467910817	3.71822501094573	3.64060932154216
chr11:61377401-61377902	Basal	1.56208210419389	6.08008913430551e-08	3.33896369901183	4.81096521820406	4.19846865056522	3.40668689067185	3.60932721172411
chr2:11715084-11715585	Basal	1.56181431778753	6.10485899502539e-12	3.63518741683862	4.75089092239418	3.68319574430987	3.72469793831556	3.70908293063352
chr1:203914956-203915457	Basal	1.56063631705627	0.000120304377875219	2.6654706465421	3.66725543287774	4.57684828544059	4.36948695564546	4.41574174735338
chr12:31933996-31934497	Basal	1.55971861147104	2.4429581112516e-05	3.393193880183	4.70982391700711	3.82222004059305	3.08727996197044	3.54380481537413
chr19:37250462-37250963	Basal	1.55941184534357	4.4137572239105e-05	3.40376971745898	4.86728605597889	3.64118041396995	3.36611086252217	3.38354414725379
chr7:69834306-69834807	Basal	1.55939283488077	9.87759695079761e-06	3.0775661080646	4.21696898413869	2.71703165707753	3.26340593110261	3.24474464190177
chr11:71138320-71138821	Basal	1.55871165307273	4.48633306768444e-10	3.09837707233086	4.44417037161075	3.30416980182924	3.29845581734397	3.48295248474354
chr3:8894387-8894888	Basal	1.55870898409642	8.05867124435545e-13	2.49889851998282	3.55767754704623	2.54091727754755	2.23739947964155	2.60368259594966
chr1:169890707-169891208	Basal	1.55825303273454	2.07801331043285e-06	5.47424684782484	6.99396582603962	6.63907376757951	6.04182127790855	6.13518396155358
chr1:178340564-178341065	Basal	1.55759812289676	2.09059044864302e-06	4.17857279693593	5.67070259733162	4.4108455565882	4.08503795552292	4.00913875298849
chr8:115665719-115666220	Basal	1.55755055292348	0.000115883926174242	4.6318905174537	6.32801646602646	5.88678808528544	5.66219939670853	5.78305547411181
chr17:5657263-5657764	Basal	1.55735164596378	7.82683528485827e-07	2.73392577627253	3.30155436593962	2.63333610230744	2.87425211106202	2.75197837091106
chr6:150323104-150323605	Basal	1.55718778334714	1.67590148407171e-06	2.99427853690079	3.5083574445939	3.67072912490419	2.93816663531812	3.20859753988376
chr8:115643753-115644254	Basal	1.55603378806944	6.22706373432709e-07	3.67750737177433	5.3521504369202	4.68216832851378	5.23855706023766	5.02384691637987
chr1:155211651-155212152	Basal	1.55532040101559	5.83606336791986e-11	4.35602587252328	5.47380574719055	4.55761044724652	4.72905658726528	4.76595833857801
chr6:106627646-106628147	Basal	1.55529610818726	0.000543329471768758	3.77841365982586	4.89119410316788	4.32367480484849	3.14731327180458	3.25273964012126
chr19:35110417-35110918	Basal	1.55529132193997	3.14337228819498e-08	3.88094696440525	5.42328365261835	4.44487195971915	4.40496085145503	4.37145218319818
chr8:123578074-123578575	Basal	1.55407028975178	2.55745862270983e-08	3.61172056595658	4.75141207112448	4.10337345709447	4.04062186854743	4.0200289988083
chr5:116737514-116738015	Basal	1.55400274521637	2.26679668634002e-10	3.28897542808884	4.37269229693728	2.78148401005918	3.27142781628041	3.19848657213957
chr20:1897200-1897701	Basal	1.55392387416519	0.000211642021997903	4.81233804862852	5.87072775674835	3.83195478460757	4.5928890746495	4.18656979184234
chr1:212428407-212428908	Basal	1.55361259650716	1.11567253426569e-06	3.05541804141781	4.51373418353735	3.85388483986775	3.60771020694031	3.08916153683162
chr16:74987219-74987720	Basal	1.55314900117984	2.75263864391523e-11	3.92677281207079	5.12307601923382	3.89692180636455	3.53362781808155	3.32345939184283
chr1:226647237-226647738	Basal	1.55304716443128	5.80999255767604e-15	4.00867315418186	5.52148883218007	4.24045221767253	4.22848927248609	4.43747298124039
chr21:46146789-46147290	Basal	1.55220626177741	4.56484638390118e-12	3.98710597863835	5.43378684182621	4.12406492324611	4.09175543662536	4.08244123184251
chr2:19671832-19672333	Basal	1.55202182505363	1.56501968190624e-10	3.43628531854519	4.15889105661082	3.32730878772898	3.58884809624104	3.50256738358697
chr6:148263830-148264331	Basal	1.55176273075562	1.73757877801113e-05	3.58520488015761	5.16393739415826	4.83384573158151	4.45282092534996	4.3635996917812
chr11:121456095-121456596	Basal	1.55137190740015	2.31757847426133e-07	4.29352873642582	5.22243912356798	5.92134830900904	4.84145938889697	5.10826414686867
chr2:128543514-128544015	Basal	1.55061906589003	1.4089200688349e-08	3.33073638217211	4.19430281045766	3.73699640101224	3.33674940300882	3.54747361206678
chr1:94024770-94025271	Basal	1.55041263510105	6.34781543345282e-09	3.02958093666866	3.9235354858933	2.73611613720792	3.26434684107347	3.05677541590685
chr6:28951515-28952016	Basal	1.55021426249559	1.04600638405234e-11	3.76975451787766	4.54721736914267	3.83040264393539	3.67547490029008	3.41570481937251
chr2:75201372-75201873	Basal	1.55010439688454	4.67073569646253e-09	3.27369845272711	4.60012954262757	4.13748347723446	3.66235165384295	3.35931371006616
chr2:32038464-32038965	Basal	1.54992326259613	3.70265744824204e-22	4.13390321761911	5.42192375272505	4.3032284753642	3.94822462056376	4.0331162970823
chr13:22081357-22081858	Basal	1.5494370971444	5.09738153236992e-05	2.85267569583278	3.95696673044009	2.28725159457717	2.42689404809237	2.5344769451919
chr1:245801132-245801633	Basal	1.54925576672137	2.54080073347208e-07	2.84190255710622	4.37555732948061	3.60856131031645	3.67167608912762	3.12995757660161
chr1:151197116-151197617	Basal	1.54913907505464	9.77442198519287e-06	5.55082094759245	7.20291713763915	6.56950557038669	5.73576763552621	5.9305408907636
chr6:25467054-25467555	Basal	1.54899397247137	6.63222809774719e-15	3.05587836200869	3.87739431424086	2.72033424511662	2.91529537194964	2.70498574755127
chr18:46030570-46031071	Basal	1.54873633023871	7.5372747823527e-10	2.77335508707681	3.88300885403111	3.6605766026184	3.23820250799626	3.32353389171136
chr12:971581-972082	Basal	1.54864686292889	7.57086937581789e-10	2.52373333651164	3.24404832731396	2.63714550351385	2.56527295766619	2.6927019732601
chr6:142303151-142303652	Basal	1.54802101390849	4.14270672339257e-05	3.99945921617916	5.55863037480762	4.66845940901148	3.59083860652866	3.52475003915757
chr10:46287328-46287829	Basal	1.54794977859457	1.18538224276946e-15	3.5974729711272	4.89076204753151	3.74889245858871	3.46783167920901	3.95009954930923
chr2:9963065-9963566	Basal	1.54672899630476	6.64302276687721e-06	3.1809028491081	4.69710126104993	4.40985224013711	3.39512356784321	3.73562390680403
chr2:69387993-69388494	Basal	1.54665989688132	4.1397416757588e-13	5.4172441716799	6.59318265356946	5.59578047522181	5.13217476365777	5.01044111288841
chr9:22005960-22006461	Basal	1.54635511515113	3.12784908310767e-07	4.17025684434215	5.28440257115627	4.29576721373986	3.94032054562649	3.99949475322846
chr1:227732989-227733490	Basal	1.54619320874331	2.34301449605362e-31	4.90118992026035	6.37094315939689	5.20434278408191	5.15151119911019	5.15585422838849
chr21:42013521-42014022	Basal	1.54615247715501	1.68011939951094e-11	4.00157116032055	4.88493912646254	5.13178709323747	4.39954205044372	4.5572121584069
chr8:89724460-89724961	Basal	1.54581270827867	2.08862701917702e-16	3.54028855184219	4.75258983081424	3.33962630222582	3.62129003977136	3.72492564822039
chr18:3036717-3037218	Basal	1.54569898693344	2.16719921871353e-05	3.76857914490666	5.04772124822409	3.79401194041384	3.7207791173541	3.68533872241407
chr1:27009064-27009565	Basal	1.54558829480361	1.95228151969925e-06	5.24644056373259	6.68894883728198	6.4111650722177	6.17162411030233	5.7953037714634
chr1:204001413-204001914	Basal	1.54535681768288	5.04954095828336e-05	3.17302130943343	4.51308330601733	4.73665784129142	4.11995451165897	4.37155200153461
chr18:24783739-24784240	Basal	1.54522760421463	1.811432962013e-08	2.82615478895859	4.21918142190395	2.20664419227892	2.94500774080825	2.70328948137918
chr17:77291496-77291997	Basal	1.54493767061396	6.96757546090298e-12	4.10442113451767	5.31008795574306	4.06332976316717	4.18629300242367	4.46881244987172
chr2:63845807-63846308	Basal	1.54453544174917	2.7657930209672e-12	3.64114915489047	4.5353057540985	3.41659915538576	3.57633622832004	3.38665376094704
chr2:36963951-36964452	Basal	1.54441348791578	8.46595665420418e-19	3.80571916014269	5.16401930227974	4.13136361608439	4.19675527040869	3.92372975544344
chr22:21103482-21103983	Basal	1.54438703804664	2.12317476480033e-05	3.67461997508534	4.36671502091898	4.38453310091411	4.57928643452425	4.17675409711973
chr10:114222079-114222580	Basal	1.5441078469523	0.000104902345419658	2.81154589535225	3.60327545756954	3.34509759006645	3.08633555017812	2.87056106088158
chr12:1818254-1818755	Basal	1.54405300655283	5.57704279306995e-06	2.62876944065092	3.85517525111679	2.62815512470595	2.49953676544364	2.60903456136255
chr7:22838922-22839423	Basal	1.54389804249822	6.00591885444498e-05	3.52497693080051	4.38641648246964	3.25537816014636	3.39078873397418	3.05999607359086
chr11:58896756-58897257	Basal	1.54373742010205	6.40356793835144e-09	2.80084974290956	3.99753034740337	2.71550821781707	3.10625626632621	3.06773671422845
chr1:204881729-204882230	Basal	1.54326676781926	1.61004277427714e-06	3.64639423032343	4.51544505661999	4.80040222969179	4.37173781401774	4.64229974724536
chr1:207520295-207520796	Basal	1.54270124267241	1.6897749954526e-05	2.97613372137524	3.77161453977325	3.28390515256643	3.04711009867758	2.79102280057524
chr1:156286014-156286515	Basal	1.54264119144341	3.92322424758463e-14	4.74296101490744	5.62273628081202	4.99597950526966	4.91503714932017	4.95623569317938
chr20:59926765-59927266	Basal	1.54253721290303	1.86844449697152e-06	3.55179386879784	5.08410420896767	5.00789512918008	4.64077488883813	4.50461394828467
chr8:89982080-89982581	Basal	1.54253583724728	4.95381241158115e-06	4.90903465215279	6.21515480723049	4.63014121275064	5.23454932105804	5.08422494695657
chr6:4911709-4912210	Basal	1.54248644563165	1.52518719711095e-08	3.39270299995087	4.14229767896676	4.78395166718958	4.10741614911041	4.31921416603399
chr2:98440370-98440871	Basal	1.54210363356352	1.03997052460468e-08	3.35309339077046	4.52156997235494	3.23740640066952	3.30923163207329	3.2337713153868
chr1:89809069-89809570	Basal	1.54198676040757	3.09037703999338e-07	3.03148419197165	4.22734434250715	2.82627653283509	3.02091896552504	2.91599449701178
chr6:54848675-54849176	Basal	1.54194284066862	1.52558627268314e-05	3.25927953455922	4.59409176602291	3.33278925230171	3.05246889534343	3.22408922031026
chr8:65635951-65636452	Basal	1.54153898528681	6.99912060281901e-07	4.3018724511397	5.62119294615315	4.94365456727764	4.23342454101157	4.16753543972546
chr3:146470318-146470819	Basal	1.54131054845196	5.50836196298457e-05	4.3547381062588	5.93199673938757	3.76815973941425	3.79953155291727	4.21847131674193
chr1:214553130-214553631	Basal	1.54090741938394	3.0663533704842e-13	3.85822811402303	5.27009643082729	3.52946548995769	4.11232849775326	3.66043873806288
chr3:151091556-151092057	Basal	1.54079506709339	7.76501331411168e-06	3.5284905282477	4.68264699777106	4.96307981006293	4.16072981079555	4.09395278386829
chr3:101757605-101758106	Basal	1.54066021915417	1.67911233206427e-11	3.07560404990793	3.86657480865025	3.20053453884966	3.21301435723458	3.19117617057473
chr13:46466031-46466532	Basal	1.54017789102757	0.000530703562766215	2.58869970548051	4.02434632182876	2.06580316009631	2.86917810912442	2.34641523011068
chr19:10426060-10426561	Basal	1.53950543972389	2.0948940554488e-16	4.22698546732343	5.33021262774443	4.51714555525777	4.22029557571135	4.13652148679923
chr2:88622257-88622758	Basal	1.53938273428276	2.2401799102982e-07	3.95592166187922	5.19071472338129	5.13406830137904	4.60247540862669	4.40868133158687
chr8:123780282-123780783	Basal	1.53826714799158	2.15357300132422e-10	2.717759013481	3.26060808598157	2.67915172815864	2.92861020754605	2.65943050707297
chr6:31940724-31941225	Basal	1.53802447105912	3.45325705152844e-08	4.12003558568531	5.60329979053076	4.83111330364247	4.92468388727673	4.8613649320435
chr1:200733822-200734323	Basal	1.53790522987749	1.84798655123638e-12	3.62512469607206	4.56707953380449	3.48188891064739	3.78427264813274	3.7497194807404
chr14:21021712-21022213	Basal	1.53765052380781	1.1332915671718e-11	3.69227972722146	4.83994322847372	3.51353383475597	3.674303314265	3.79282432388584
chr2:86190721-86191222	Basal	1.53746948867886	1.0145287099377e-13	4.06383763235398	5.39360514862177	5.12170470466572	4.86687076742899	4.97558899232694
chr4:149629022-149629523	Basal	1.53745988775963	6.48055524816722e-06	2.6741209224391	3.70322750642796	2.86471921456998	2.8028559234097	2.59777927422923
chr10:113298045-113298546	Basal	1.53703335998181	4.18966392795762e-06	2.75318700223848	4.23107821709027	2.63757876642705	2.87281082976529	2.87268325493236
chr11:67263759-67264260	Basal	1.53702896778707	6.89214409889996e-14	4.80108068219118	6.24793912104286	5.14940611693716	5.06822282475402	5.11898371676687
chr6:150664783-150665284	Basal	1.53680128635968	1.45523525285246e-12	3.20092728211703	4.09991608637243	2.72716956601031	2.97678502148181	3.05875535996875
chr8:128376458-128376959	Basal	1.53637048811226	6.54732066100752e-06	3.73985831863451	5.13543341165296	3.48091502927256	3.8709839993446	3.8819165925095
chr22:40516113-40516614	Basal	1.53593695204779	2.44519775807325e-14	3.74440364907604	4.95211005751963	3.74292418181645	3.81331884290375	3.59534239899059
chr6:81784522-81785023	Basal	1.53567380567554	4.36049793064317e-07	4.02801408896622	5.19159584936486	4.22669621052868	4.17589701641072	4.19448933706129
chr1:209432447-209432948	Basal	1.53454006244943	0.00172024056811654	3.57517623325868	5.6792152941946	5.25830208746128	4.84139423491665	4.75809677954233
chr12:18265889-18266390	Basal	1.53402544196387	0.000516635764702421	2.61854255421356	3.59879851440022	2.76740287276724	2.88670630559992	2.95432729392621
chr8:99878790-99879291	Basal	1.53398988753767	1.4089200688349e-08	3.37353731259243	4.28017339897247	3.32383717291398	4.18688867081165	4.24239526749263
chr22:37967889-37968390	Basal	1.53396384215202	0.000732724044463815	3.87057096844202	5.06268920249262	3.58873054974577	3.54864107309018	3.51983834228288
chr6:1608259-1608760	Basal	1.53350982138654	1.47369778877018e-05	4.3040437826986	5.89782186370234	3.81900352127587	4.09443201219012	3.62871940635746
chr18:3468273-3468774	Basal	1.53301224114125	1.88756359828451e-13	3.1812702032292	4.31064182990574	3.06744787274514	3.24654693696995	3.21083901642699
chr8:115664588-115665089	Basal	1.5324295430729	0.000182271154047527	4.01134591503585	5.63797193499269	5.18133568396806	5.21068542105616	5.27463187931703
chr19:13023625-13024126	Basal	1.53241484063866	7.04410583146917e-05	4.5297953435389	6.01041646297714	4.00621074006608	4.66999774903994	4.22203554182075
chr9:108415622-108416123	Basal	1.53210789146419	3.90891728856792e-05	2.78183862372462	3.64981316973003	2.8232405318606	2.75697340253904	2.70471988740485
chr1:85413994-85414495	Basal	1.53198261430054	2.35679426852522e-07	3.30452944862558	4.36709115554601	2.71492635054397	3.37057760755561	2.97219994537849
chr1:156080791-156081292	Basal	1.53188955358977	1.68594674970306e-10	5.82697593926194	7.25376223666102	5.99003719855361	5.91099905420658	5.80545571064079
chr10:61820520-61821021	Basal	1.5316321604219	1.09577125106152e-07	3.32385236249905	4.01456228645366	4.27721269301407	3.74507394940173	3.83053990863657
chr17:17675038-17675539	Basal	1.53072829246248	3.88499198871352e-19	4.17442532944213	5.53975795585467	3.96934738589199	4.08087402481994	4.2290216291124
chr13:23767718-23768219	Basal	1.53072396373529	1.282925046132e-05	3.25747592430525	4.42121326306881	4.74563242258594	3.72721389501048	3.85154016332753
chr11:96054230-96054731	Basal	1.5304729515668	2.73548034675055e-10	3.67032314246017	4.68726717887428	2.96862885730805	3.47587543660061	3.14311711357454
chr5:173337475-173337976	Basal	1.52997337035624	1.05703015131009e-11	2.80475752577413	3.51313937139832	2.77128041140634	3.22378137389136	3.3974360442346
chr1:233330356-233330857	Basal	1.52881831543154	7.30220113675364e-07	3.980256023423	4.81411451997321	3.19613318641334	3.58484584853664	3.28929487583061
chr8:127672639-127673140	Basal	1.52817732945113	3.21474559478405e-06	3.06650419412196	4.46288549464016	3.14386116977964	3.38453493638017	3.22478099447243
chr1:150924598-150925099	Basal	1.52741199173025	1.02465645774714e-12	4.13297721848363	5.36896863331317	4.39422475420223	4.18361096893899	4.2614859505264
chr8:87342696-87343197	Basal	1.52733450871909	1.50101745183306e-06	3.34279531855066	4.58434821958975	4.0880674254697	3.88705067506535	3.92639736702364
chr12:82518329-82518830	Basal	1.52635982651372	3.87646437451805e-10	3.17399510274627	3.64077794719696	2.95973101516682	3.16954321691387	2.96444458999112
chr6:27231047-27231548	Basal	1.52448713042901	5.24943901363011e-05	2.52666530982924	3.44577737684309	2.80565708772091	2.32356519734552	2.12192872550204
chr9:136994816-136995317	Basal	1.5242424539298	1.80399478991519e-10	5.26139326394954	6.77768162766558	5.85966384795482	5.09848306290122	5.34456056310837
chr10:119026659-119027160	Basal	1.52395583887354	0.000363659401828768	4.68473063980552	6.34765002644908	5.67469494940667	5.26794811419348	5.09888697955953
chr2:234372459-234372960	Basal	1.52378411304037	6.1202878265821e-08	3.41262707130779	4.83768723060415	4.67107418243063	3.57840726287643	3.65977124035168
chr6:41023681-41024182	Basal	1.52368328924349	1.20919541681246e-10	3.73068161638561	4.34825381603988	4.47761416396509	3.98675588471095	4.02571164624582
chr19:13252945-13253446	Basal	1.52298962076128	3.90330189850458e-10	3.08031349171989	4.52333703445662	3.42241617417486	3.34687751057907	3.13101945361679
chr21:43759342-43759843	Basal	1.52223311804906	1.30766708407105e-23	4.53926023367621	5.92644636596577	4.67814104890733	4.45330614842114	4.54098113567466
chr16:28867247-28867748	Basal	1.52208359689007	6.09896161440642e-13	3.93077841868856	5.02794469295454	4.15171593407	4.03532781775436	4.01656770365011
chr8:143367650-143368151	Basal	1.52158158331292	1.09720824135944e-08	5.76738604030997	7.05520193936484	6.32698522015902	6.13540541167062	6.28485317600187
chr15:40562570-40563071	Basal	1.52107809698798	7.15000435236407e-13	3.72784652006903	4.86624999467165	4.30231452764115	4.05724554208538	3.88622081291978
chr6:27178835-27179336	Basal	1.52092396729976	3.78934948315633e-10	4.22665162807603	5.60815505165261	4.40833041283109	4.05712727138834	3.913804441749
chr3:172624304-172624805	Basal	1.51985328150149	0.000269927135216141	3.92760452850847	5.29054688596816	4.93254188475047	4.04371790909737	4.52596905986461
chr8:47700243-47700744	Basal	1.51935256579685	3.24791105550962e-12	3.68621260276437	4.7619795181498	3.57989287233911	3.48073231278608	3.84620544177049
chr22:42609600-42610101	Basal	1.51874774311233	2.59519036007861e-08	4.43653180232848	5.60317119452803	4.1456246815399	4.02337310833208	3.96828117193216
chr12:71258471-71258972	Basal	1.51833649303484	8.47185301411016e-08	3.08491333254128	4.03079063985017	2.71054771838609	2.80276490126191	3.16990355555955
chr6:31718868-31719369	Basal	1.51731903921729	9.29523101804154e-09	4.69785539566589	6.13266220354534	5.63939033035698	5.48888122443227	5.39443697776077
chr1:117363966-117364467	Basal	1.51670125596148	1.09577125106152e-07	4.59566236416519	5.76556746344598	4.79082792012843	4.55899027624172	4.57563225064694
chr19:45907632-45908133	Basal	1.51567920321867	4.94366791576972e-18	3.37561546025951	3.92870351037309	3.11659020843859	3.38205848198208	3.31762458491075
chr14:18674232-18674733	Basal	1.5156209135813	0.000634821935360205	3.21372056206441	4.35204122691908	3.01434824569979	3.17382319506186	3.21391075212535
chr18:23232267-23232768	Basal	1.51497116588182	2.44523334879949e-08	4.19328348749224	5.68540497957953	4.01826238651103	4.22213597052648	4.18417594173424
chr1:77685880-77686381	Basal	1.51463724874725	3.96937197581187e-22	3.74975194968351	4.95173304428657	3.5006629164092	4.04428133107356	3.79937574576423
chr2:96992209-96992710	Basal	1.51322953498382	7.86369083712597e-07	2.97614216479634	4.19561081320051	3.59374539099844	3.30680608553011	3.50920970643667
chr17:50803426-50803927	Basal	1.51316791048834	4.11808812988493e-05	3.49307282890381	4.41791697728563	3.41836647014321	3.60386176154986	3.75187273005294
chr10:68222378-68222879	Basal	1.51313166306363	3.31277632939501e-12	2.88129656638734	3.81611795696611	2.57975643897761	2.92067639927845	2.60580680509228
chr11:93844089-93844590	Basal	1.51289173254401	4.71259150368608e-11	3.43535984570495	4.3258466802761	3.16080956240295	3.12996799129038	3.28516191018484
chr10:124459826-124460327	Basal	1.51288070436084	4.05349213275056e-23	4.26765947131988	5.63841980371557	4.90919544018248	4.5587268463219	4.44100698091017
chr15:88765531-88766032	Basal	1.51250174389658	3.45238466492926e-10	2.77664229772468	3.27300202716056	2.46261522090392	2.81827623618822	2.8156897798555
chr8:143601319-143601820	Basal	1.51148759653636	2.32939105041424e-10	5.37095143503355	6.7443449046734	6.01693784666503	5.67262997453353	5.88511257441275
chr19:39030205-39030706	Basal	1.51141285592173	3.2391178001968e-09	3.65212081769483	4.82979457139546	3.78191282686593	3.94749281900594	3.90748705178879
chr19:56884416-56884917	Basal	1.51125848675451	6.68815641545889e-05	2.744239981141	3.6762432314415	2.62285115595705	3.01345973008357	2.88890779526575
chr12:13045744-13046245	Basal	1.51106421183118	9.82420446158035e-06	3.87331880263358	5.11855445189517	4.80006905350122	4.71543776817026	4.93263072165085
chr1:230837840-230838341	Basal	1.51040741214809	4.84414020185021e-05	3.36640904021447	5.01524792303234	5.87885572109848	4.24515609905548	4.35741734784007
chr4:102496949-102497450	Basal	1.51000643631605	1.20069399580346e-06	3.86260627726346	5.22060673850478	5.58738196480584	4.83886758698488	4.61725475438758
chr3:58132222-58132723	Basal	1.50956282393478	1.58195304306045e-13	3.63812398940571	4.55410491763696	3.64308356252283	3.83164691987552	3.99808528134595
chr2:128249528-128250029	Basal	1.50877276857285	5.28931955931325e-08	3.22584965757142	4.24478280845503	3.17205023817003	3.25195498612282	3.33226165174755
chr20:58790469-58790970	Basal	1.50772113577486	2.36373345999882e-07	3.22314845012021	4.54593112404131	4.53282388878639	3.18541812967598	3.4973519532367
chr2:218563331-218563832	Basal	1.50764492896777	1.27211177316671e-08	3.48000890851901	4.75775091256327	3.08886468809182	3.51310332358503	3.6328917044083
chr2:67841666-67842167	Basal	1.50703364651354	2.03573293218706e-09	3.60842240241788	4.83771137156188	3.98643124129833	4.07167303369552	3.61165533947252
chr7:73722149-73722650	Basal	1.5067667033217	4.91429457908815e-13	4.40212973766886	5.66050736809975	5.05230637041156	4.60288502074147	4.45221902356576
chr6:167703858-167704359	Basal	1.50621722388301	1.60561167385697e-07	3.55542929395015	4.24426313210821	3.18332852717133	3.22669919323978	3.36258466041858
chr8:99785103-99785604	Basal	1.50600788727293	3.94860820048518e-09	2.81053833143281	4.25402695787649	3.52800945642386	3.42835604945713	3.36984375902539
chr6:36931495-36931996	Basal	1.50567383268337	7.18879101372211e-07	3.0709737090388	4.44219483325434	2.93626674711779	2.92933522975483	2.98997474738476
chr1:79442596-79443097	Basal	1.50503137871222	1.1751549621293e-08	2.76241607715263	3.37476421779034	2.55070535068074	2.83856488239529	2.679886564477
chr11:6216484-6216985	Basal	1.5048607638959	1.84149448126764e-10	3.45276709298597	4.35972979146617	4.06523287779626	3.23774358550796	3.53608755314218
chr1:150214752-150215253	Basal	1.5047865565965	1.97959629355853e-14	4.20751530660667	5.20441707918487	4.12554595234706	4.32536051921418	4.19303632774625
chr3:128877892-128878393	Basal	1.5047110892446	8.62158201734238e-18	4.65569932824496	5.90997346721555	4.8096825140881	4.47738431937576	4.59393039422447
chr16:4738200-4738701	Basal	1.5043506191675	6.11514031348114e-12	4.1608005231031	5.16943563899979	5.37976259522368	4.81531120821661	4.991345430138
chr19:13733163-13733664	Basal	1.50432697400428	1.63510284385703e-21	3.88425017010111	5.11059252216189	3.97035275548664	4.01514958726881	3.99526715254675
chr8:85465058-85465559	Basal	1.5038329740011	1.05422021926688e-05	4.18306538545775	4.87122689225246	3.60180221365005	4.27120972692835	3.82648507390412
chr1:151258636-151259137	Basal	1.50365413819861	1.37758363470874e-13	4.03627482379063	5.49448421649336	5.0387325672069	4.78660212317041	4.89100306710842
chr20:50345059-50345560	Basal	1.50321600536273	6.13752083257472e-20	4.41476549434488	5.7431021596964	4.83061152228751	4.561979710248	4.50759024731922
chr4:188219257-188219758	Basal	1.50308588451388	1.65993170613567e-05	2.96116891737513	3.89310653785212	2.95989478596395	2.85234592068997	3.13398087871593
chr19:10954558-10955059	Basal	1.50229153566195	1.72214577175496e-14	3.54874904997945	4.87472465141394	3.64303814675719	3.79754377671397	3.66679836136558
chr19:13048074-13048575	Basal	1.50228126195224	3.69358048708865e-14	3.69144585476261	4.95351963047669	3.620550578843	3.755319981838	3.59025848507118
chr2:159315267-159315768	Basal	1.50200353855267	5.33584267353711e-13	3.41647587065196	3.89096893158321	3.16760676123777	3.45656108050494	3.3875982173017
chr5:170787149-170787650	Basal	1.5014608679441	2.56733516367171e-11	3.45429394779227	4.64209284850821	3.34927297983143	3.74194643820285	3.45166983987619
chr19:35108292-35108793	Basal	1.5013448452394	1.91522037700073e-07	3.84880877462495	5.39385152253367	3.76633267469101	3.96944303165333	3.89552090580788
chr6:34393634-34394135	Basal	1.50109763406203	6.52513984077956e-11	4.49925284578352	5.57462792389182	4.47539312456199	4.37140086098369	4.41924129089376
chr15:89753814-89754315	Basal	1.50097920406392	7.41480378233858e-06	4.0343959089727	5.59298359761354	4.2195890543526	4.79999135227685	4.33252354877641
chr9:17522372-17522873	Basal	1.50087913743013	1.34693129922944e-09	2.74250358331832	3.12756896583204	2.6002144132233	2.74354259078395	2.68481465171279
chr1:156117641-156118142	Basal	1.50080768072692	7.26589733041485e-09	5.8033273978562	6.86384798373101	6.29823740185914	6.23245510235901	5.95891977895439
chr1:204697308-204697809	Basal	1.50049963900831	0.000130601377717903	2.91784806080817	4.45554079118883	3.66197977337387	3.32436361333551	2.9449429238841
chr22:37995127-37995628	Basal	1.50042758604716	2.1409168790031e-09	3.57855005425665	4.83172229840041	3.7199207943986	3.58845793430048	3.40356995991236
chr19:10592362-10592863	Basal	1.50002055968061	9.81420204971622e-16	3.52999514489372	4.8548601672608	3.59187674862227	3.45580623938965	3.5194152614423
chr1:40859584-40860085	Basal	1.49871317658504	2.29019148775146e-07	4.5537692542407	5.70946016105988	4.35084894189277	5.47225334040466	4.96031253566965
chr5:57034510-57035011	Basal	1.49844102718211	0.000526632904958834	3.30684034859839	4.57381559046958	3.24823213143053	3.17124222410876	3.06821994381275
chr1:184625077-184625578	Basal	1.49812062273038	5.78123909276966e-07	3.74933420176771	4.81678300307622	4.34492371067854	4.92104582271611	4.68459984124427
chr18:54177700-54178201	Basal	1.49754609079746	6.12661163284259e-14	3.01112418900628	3.77857327709767	3.37464165013303	3.22688300246077	3.16919540349423
chr16:66749128-66749629	Basal	1.49690889213191	1.75187531402921e-11	3.92156243908058	4.59281172939416	3.46077926387794	3.77783459015214	3.49798712254963
chr8:127369597-127370098	Basal	1.49658503533888	3.81640768630965e-07	2.57439384982711	3.96929292867916	3.10495847061643	2.8786956987303	3.03964669116098
chr2:85396014-85396515	Basal	1.49619831115554	2.65065301425562e-09	3.93976077331894	5.41457632508144	5.04530574752049	4.92752060784183	4.90989095059332
chr17:42283882-42284383	Basal	1.49550198142886	4.68083354468425e-09	4.10780798167076	5.05640102988962	4.09189026442086	5.20407567604468	4.78906537550991
chr1:161386783-161387284	Basal	1.49524408177919	6.58810188569323e-09	4.62833617291531	5.8639988372396	5.03666808937241	4.81102370741543	4.89704567002565
chr1:198153774-198154275	Basal	1.49421758803016	1.81178798944534e-07	3.90648027024024	5.32061301276385	3.63258167673158	4.34043942712728	3.85250109609614
chr17:45869953-45870454	Basal	1.49315610699595	8.53514846934124e-07	3.30738716795131	4.23948543738476	3.61323945175117	3.41026887228283	3.53090295221233
chr2:38405873-38406374	Basal	1.49306755131986	7.08475283626813e-06	3.87736534907539	5.49103570340184	3.95052131982008	3.8495652085765	3.60571315109142
chr3:188186437-188186938	Basal	1.49271184627936	8.53514846934124e-07	4.06996950575243	5.24493335178816	5.07107332725697	4.62022852171073	4.64074065559597
chr1:246069187-246069688	Basal	1.49252341212818	2.7053822183886e-07	2.93283697346518	4.07249920684175	3.84902960338028	3.71460945207467	3.57737520239844
chr16:2499787-2500288	Basal	1.49235128572522	8.33410190310583e-13	4.60833633685738	5.97699442361341	5.6825916219219	4.94010796718948	5.10040252804556
chr6:116679737-116680238	Basal	1.49234075667547	3.78617471861599e-05	4.35574848031355	5.70620202782364	4.98641913970679	3.95562225243443	4.058523842954
chr8:46963080-46963581	Basal	1.4923204298128	8.28129143431414e-08	3.37105876791429	4.09441515995974	3.55450103998585	3.73585719185528	3.33593856751195
chr1:230441560-230442061	Basal	1.49216521063685	3.03402882166858e-08	2.8758102328911	3.55844784820932	2.70515470680751	2.95080719964397	2.75933637529962
chr3:184907099-184907600	Basal	1.49184350082515	6.17573838712501e-05	2.90898680031899	3.83209711259463	2.84062384302308	3.01418737721585	2.8520804474677
chr1:243855389-243855890	Basal	1.49176294129675	9.49185198489056e-06	3.14821598036604	3.70655554146034	2.62886111541898	3.17949282490351	3.1917947531044
chr8:73326123-73326624	Basal	1.49153404406404	6.42282654028841e-08	3.53360761650744	4.39992791275302	3.83215913531266	3.47855764948467	3.74360889359128
chr8:117145635-117146136	Basal	1.49141902632053	0.00141672188719182	2.76461061960907	4.05357676586416	5.60309662064262	4.23724810779504	4.2973913635144
chr2:9953096-9953597	Basal	1.49112856348008	9.4030469861024e-06	4.31741906648498	5.62087590916825	5.4806708008653	4.68789416662166	4.92381682816325
chr11:17968344-17968845	Basal	1.49102277196597	6.42505426716269e-10	2.98005810194056	3.6661024026188	2.9693748376809	3.26046756519992	3.37337592942506
chr6:106157507-106158008	Basal	1.49038930536202	2.92859512195419e-09	3.43752445599928	4.44486531774369	3.53680741081754	3.11945362327486	3.36765309324418
chr1:28509794-28510295	Basal	1.49014803930322	1.62399707076909e-08	5.25163145485808	6.72515473946814	5.52373548511907	5.09493181061763	5.08309789072214
chr3:184580419-184580920	Basal	1.48999406225588	4.14440413370788e-09	4.44690194818295	5.78036647747692	4.42269486860121	4.37730989500964	4.33361841792953
chr14:19346041-19346542	Basal	1.48981300978823	0.00478582070318964	2.66136164839968	4.21515074858881	2.65083070723428	1.46399401195771	2.20457282759573
chr13:44402317-44402818	Basal	1.48973394545316	2.57374656555566e-05	4.31833950473505	5.99518737037257	5.3468799962126	5.13808849503087	5.09119830299646
chr21:42395212-42395713	Basal	1.48964222524733	4.15107900033085e-05	3.49893770847216	4.93603316872732	3.245551124527	3.98917107952314	4.04027039068029
chr12:121906014-121906515	Basal	1.48946452542544	2.54145862432481e-06	3.41517374996766	4.85100903315302	4.73947727461922	3.68379506044057	3.87577978883935
chr2:36293326-36293827	Basal	1.48873442517709	3.09295141578393e-07	3.02640288276347	4.21357957080937	3.51450414217534	2.64594670427914	3.04923601740426
chr1:35613804-35614305	Basal	1.48833831909341	1.04454846411055e-11	3.10426840604357	4.00618301841029	3.53443589071204	2.84234564262768	2.99076338886602
chr1:232101174-232101675	Basal	1.48819891411372	1.53391023631275e-08	2.55263209006851	3.70672350260494	2.27107154639779	2.87614100079404	2.71586719698058
chr15:90162922-90163423	Basal	1.48793019799448	5.96831681619248e-06	4.82590132611686	6.26571160342495	6.34615353575494	5.43348052501024	5.56234719889357
chr8:100811718-100812219	Basal	1.48789469887418	2.9551634632387e-11	3.41013599139441	4.54873271768559	4.03290297999169	3.75756064245011	3.81467163070323
chr1:156704108-156704609	Basal	1.48785596622609	2.87802517277384e-06	4.53631625569554	6.11136614981454	5.74182868152279	5.9603508386248	5.88166146311368
chr7:85190871-85191372	Basal	1.48727380419567	6.22732535530554e-06	3.08361687119798	4.11804523976094	2.40780781544237	3.06572268224298	2.57936533167086
chr18:13164926-13165427	Basal	1.48680161164169	7.96467563995164e-05	2.94238125212423	3.85388227290372	3.82829935011799	3.37570147378204	3.67317234240096
chr17:34851585-34852086	Basal	1.48659462288755	4.88626531396642e-09	2.47708878345849	3.10928308228078	2.51250488384728	2.48898195178358	2.34974872595463
chr22:19850458-19850959	Basal	1.48650328069943	5.68028117176233e-09	4.51897537642291	5.98912450965263	5.37384482648127	4.84248477482828	4.95869804543644
chr17:17676705-17677206	Basal	1.48586015811885	9.29915037237154e-20	4.10842655001168	5.29453078205634	3.96972519216603	4.21246171748619	4.13148527645074
chr3:172693823-172694324	Basal	1.48537882026427	5.89436432958275e-13	4.06622512254492	4.87473275044464	4.46836581761538	4.05216872168657	4.30843470668777
chr19:12997619-12998120	Basal	1.48535633810286	2.50189749609985e-06	4.6331909146434	6.04116604887573	4.38195377712658	4.79515180348778	4.52600108893214
chr2:219568990-219569491	Basal	1.48460687923605	6.34913462827123e-05	3.62443272151938	4.606570880973	4.87186164562654	3.85194386470391	3.76339333616133
chr8:39185302-39185803	Basal	1.48430301455849	3.36671724615811e-08	2.81040507523455	3.70214141841201	2.6832084820624	3.42817259985944	3.07090287554982
chr3:183069128-183069629	Basal	1.48353838099322	3.87971506943849e-06	2.58577281830934	3.65233869566588	2.9428042782231	2.38128011719055	2.52480416615577
chr6:21359301-21359802	Basal	1.48350598926852	6.96538296451858e-10	3.54893963913143	4.76150963594906	3.75862112454872	3.40589414865847	3.64413558954074
chr16:70526378-70526879	Basal	1.48301179741438	7.14630211780754e-18	3.61036301874337	4.54460596643017	3.71788655067825	3.28675465045893	2.98035134951766
chr18:37438401-37438902	Basal	1.48297764697155	3.46816948145669e-07	3.09535869916541	4.17003484910666	3.34011117150336	3.41699726019664	3.15897718348078
chr1:103615217-103615718	Basal	1.48285267256499	2.3752571290965e-07	2.6795344784277	3.23489394826343	2.84462972973253	2.9148967072269	2.85506641229594
chr18:14459752-14460253	Basal	1.48262685358238	1.73627169572776e-05	3.79099050647813	4.76890077040151	5.43074649060344	4.15394471585631	4.56228391436913
chr5:8032028-8032529	Basal	1.48218026541802	7.99750218139641e-08	2.71834463177285	3.29914666673147	2.66597606984381	3.00386740236586	3.04451324160396
chr19:37725000-37725501	Basal	1.4820068202503	2.3542594509382e-07	2.91713210234246	3.76961467975878	2.91811554501228	2.8747026722896	2.6306459293536
chr17:79031948-79032449	Basal	1.48188549073477	2.51449545889216e-13	4.14001084284805	5.566450880349	4.82885130693567	4.11740317170578	4.47170403229992
chr2:5695096-5695597	Basal	1.48073440044465	0.000724206219337874	2.55396603884012	3.34912633743654	3.63599501000698	2.73144774988957	2.63224493511412
chr6:156944418-156944919	Basal	1.48053945125572	4.44316382175247e-05	3.36839315133465	4.88334153524231	3.73394491067106	3.20791218744063	3.37480517009581
chr10:77871052-77871553	Basal	1.48041367244388	4.46018298457628e-06	4.14993559834354	5.42548197226307	5.13100052530981	5.52281986614196	5.5030209818378
chr12:2369061-2369562	Basal	1.47982721835261	2.52973698578436e-09	2.6459657494855	3.08406319036065	2.49714159078476	2.68654711537416	2.61970424008692
chr1:218575779-218576280	Basal	1.47971362339484	1.09348913861593e-06	2.91371533865058	3.88276844019537	2.80242602934624	3.62439482760755	3.62808162084007
chr2:121194887-121195388	Basal	1.47964981775412	2.87337497391994e-10	3.83029172633923	5.00447074794483	3.87908855159581	3.95613682899228	3.62240787121531
chr19:13802390-13802891	Basal	1.47946681933582	1.10942728753235e-11	3.82838942615429	4.97044075565255	4.48213337672563	4.21780631078947	4.26643459457231
chr2:10731404-10731905	Basal	1.47926883102517	1.13468265048794e-10	3.31614741501823	4.27010523214099	3.98430491809133	3.20903604906874	3.43722220872726
chr6:89033435-89033936	Basal	1.47845924785206	3.88599508695974e-08	3.82938545442786	5.00758530695206	3.51422149676216	3.84917028081445	3.43928044566239
chr7:151855922-151856423	Basal	1.47682110431259	3.3298202538784e-10	3.71187753011184	4.57849410296881	4.19794584884646	4.08283134121725	4.50696615507831
chr6:15244205-15244706	Basal	1.47677932187165	1.88678248141782e-17	5.19226276493021	6.34815009172177	5.39615625297411	5.28334287588027	5.18581345698264
chr7:102974054-102974555	Basal	1.47673858057355	3.42938702153071e-07	2.99500109405577	3.39371518223541	2.72617153669563	2.93100858176123	3.10462955365031
chr12:42464315-42464816	Basal	1.47662729618283	5.43082885620681e-12	3.26096184353234	4.07976070862641	3.31061614249721	3.43785173732678	3.29317122020668
chr19:36796043-36796544	Basal	1.47650525394534	1.2376694459171e-06	3.71014207402265	4.99955464052126	4.09021650165721	4.02710215660323	3.87738964739571
chr11:78670924-78671425	Basal	1.47634877246938	2.12082279118568e-06	3.17330741988932	4.24714866792734	3.0212198854607	3.26834610831395	3.12564268898727
chr1:203180474-203180975	Basal	1.47595428042017	9.43494961478967e-07	3.6394472908885	5.10116505796611	3.78076918963716	3.93504135701835	3.84450257630154
chr2:38598678-38599179	Basal	1.47591775904354	3.33937741036979e-09	4.91471651675594	6.19128186471616	5.11399466961026	4.6359518695893	4.50794219544689
chr6:157731959-157732460	Basal	1.47582480028112	0.000147638062387776	3.23971241146346	4.33185012519793	3.20044132961937	3.38483126167738	3.07330587359965
chr1:155081719-155082220	Basal	1.47526563767872	1.23005578445781e-08	5.86537381415786	7.2526317936838	6.75159690676288	6.24969711737237	6.2759671756277
chr8:85999300-85999801	Basal	1.47525873656664	8.62694552962271e-07	2.43930568885381	3.69704009371874	2.0928406109187	2.89745832784741	2.46499905300684
chr20:54628283-54628784	Basal	1.47490558099728	1.14114255634954e-05	2.59702062779328	3.59741563893068	2.39936610354547	2.79019521080306	2.45629343675488
chr3:56619736-56620237	Basal	1.47477119305082	1.81684192488694e-14	3.44780429022577	4.24460811506333	3.65783872847662	3.61038746473662	3.45581231270853
chr12:10115104-10115605	Basal	1.47470291842833	0.000435793723226935	3.08266007542203	3.99282493378795	3.20712394238974	2.90916638925557	2.91538975715995
chr2:38992335-38992836	Basal	1.47439511369737	0.000192046859462853	2.85444998579225	4.15195046901249	2.49894291242741	2.60602177715029	2.53656335442205
chr22:37980280-37980781	Basal	1.47416947581513	4.56611536067682e-05	3.71639145274958	4.84181874104897	3.50194853869609	3.60184860796452	3.52856537844618
chr15:90661912-90662413	Basal	1.47297265858776	3.20549612827745e-10	3.91412633601593	5.34386256715907	4.76689704362624	4.49385545751297	4.13481201194628
chr2:23754599-23755100	Basal	1.4728116321361	5.68291150635457e-07	2.9505941064165	3.81267065850718	2.85820590416811	2.80928161248526	2.53547616100734
chr6:27556364-27556865	Basal	1.47270867301299	0.00025594107655471	2.83496328048086	4.01376668485486	4.04268614423755	2.99442400952704	3.51263545882673
chr8:115564909-115565410	Basal	1.47229172699725	1.07621951764564e-05	3.9224809168332	5.54458452791281	5.12356304620836	5.08496700875371	5.10400293420897
chr10:43647542-43648043	Basal	1.4722668898319	1.06359988008451e-11	4.05947623792117	5.36521384300941	4.44255273802855	4.32243427728164	4.14430921872599
chr20:56993963-56994464	Basal	1.47222951372471	5.23077105813124e-06	3.42689150589165	4.54012257939416	4.36911135108184	3.86402542743777	4.15485133383916
chr6:54716805-54717306	Basal	1.47187003942243	4.72785212922972e-10	3.40102186560079	4.56617802337	3.43470437023308	3.33491801319665	3.47387386842565
chr22:41002273-41002774	Basal	1.47176012526799	0.000205095118623717	3.62320269404859	5.24487706754787	5.38406552223827	4.21820244561984	4.52207876738506
chr8:143773132-143773633	Basal	1.47132923872721	2.2448208733757e-06	3.93910677674987	5.3335543228741	4.12475978202304	4.28086601591405	4.41236748564701
chr22:38037629-38038130	Basal	1.47104505849242	0.00107570561439144	3.97033118161444	5.60698147499648	3.88503799921444	4.26623438339735	3.81422117762043
chr7:64948073-64948574	Basal	1.47099317599924	3.34508405891096e-06	3.32399633774696	4.42911979114238	4.24753850028988	4.20911916677101	3.87108117311445
chr20:48927946-48928447	Basal	1.47003843589365	2.11500941357803e-07	3.63026238949562	4.66284586333365	4.21589947249672	3.56660337674543	3.90491318786901
chr2:220451402-220451903	Basal	1.46972418669945	5.64545142744518e-06	3.04916654624272	3.85054949959181	2.69501578817754	3.32150423107796	2.81349416992144
chr6:10409064-10409565	Basal	1.46957089253921	0.000326191687454918	4.07107919458379	5.63466190682177	5.4625700063793	4.83699445099379	4.95188777818264
chr11:120261808-120262309	Basal	1.4688880463725	4.78404547820014e-09	2.94871242392649	3.87464695352682	3.46924328169062	3.37541692718993	3.42813479679099
chr6:107139582-107140083	Basal	1.46862399201327	2.33119238856508e-06	2.8198639057889	3.64707471889074	3.98226433416942	2.94772369546714	3.04005472973011
chr1:156080229-156080730	Basal	1.46828659719148	5.90726442390231e-12	5.4501756149715	6.79031668442115	5.55158013849154	5.48550957821243	5.5647809208918
chr8:51900503-51901004	Basal	1.46740664062116	8.07954783998558e-07	4.98896874851058	6.31094797375063	5.51700670267602	5.28141833814977	5.26201389648886
chr10:71306483-71306984	Basal	1.46735482492475	1.49164381682795e-12	3.63370906587272	4.69668112858058	3.75384082879161	4.15499175785558	4.05086676807314
chr3:147408095-147408596	Basal	1.46726146602562	0.00321374041187337	3.0196727709271	4.30891412140662	2.4532098553729	2.8608066830001	2.64663496514904
chr7:65250718-65251219	Basal	1.46610076670881	8.69807721309016e-07	3.62819258665588	4.24952254718467	3.64163365729829	3.75219355159952	3.68864127687412
chr19:4913312-4913813	Basal	1.46593026607102	2.45591514232264e-22	4.12436050049904	5.25653271831927	4.60206005685611	4.18119018224088	4.13959491803955
chr1:164597755-164598256	Basal	1.46564324124358	8.8808554775399e-07	3.6631857919342	5.15523696569318	5.08193476259251	4.91538485666002	5.05563913597447
chr7:99974281-99974782	Basal	1.46542513295543	6.78412721911777e-05	3.7155125066203	4.85188984547171	5.26919034633288	5.07544427838543	5.06156918392025
chr14:100190078-100190579	Basal	1.46532493909167	8.59116590174545e-07	3.70021546375924	4.97037412877627	4.96668923741145	4.34269004056245	4.57608239958392
chr19:12998241-12998742	Basal	1.46491517734478	4.90904939209773e-05	4.28613837643266	5.6252098675405	4.06036848447877	4.76875616383409	4.25565367486608
chr12:100202896-100203397	Basal	1.46389005207582	6.18898258262218e-10	3.95134324416721	5.15088624022443	4.3348967198924	3.7189289377724	3.82050743399069
chr1:40124631-40125132	Basal	1.4631584101614	3.98838564802884e-10	2.6631627276549	3.01733648061085	3.06888783044892	3.14072183513412	2.91912171874644
chr19:13090467-13090968	Basal	1.46310066989988	1.13684786136667e-06	4.75150566141397	6.00140864148499	4.427328346008	4.73424332552437	4.45705309551253
chr22:40500311-40500812	Basal	1.46305356809203	2.43206808157077e-05	3.17137512059253	4.44154773627222	3.26679785468227	3.26249662522848	3.09600794650111
chr17:29958909-29959410	Basal	1.46221335322468	0.00705744214862539	3.35140295777845	4.86190288807783	6.77392877883689	5.18192736212142	4.83478214834596
chr1:150624959-150625460	Basal	1.46211009128596	3.13777367327581e-11	4.02278106549362	5.27504670702394	5.01817839326059	4.43450387960031	4.70035983996537
chr10:24252263-24252764	Basal	1.46175887149899	3.71510803648826e-05	3.934828596507	5.41357005935851	5.81060841397709	5.17925206252313	5.12852363866539
chr19:13005125-13005626	Basal	1.46163160136426	5.41578478107793e-08	4.03204137518722	5.32790898463494	4.61311456210147	4.5629303411366	4.42143485046592
chr6:26326851-26327352	Basal	1.46127620457653	8.27008420050029e-07	3.54003702265195	4.19464011154219	4.27963053674148	3.3773077915328	3.51301908766147
chr7:106112928-106113429	Basal	1.4611682641645	6.90453474908165e-08	5.43006403012191	6.74805196892475	5.94282826406051	5.18764708865538	5.49895829806502
chr3:194278420-194278921	Basal	1.4603868093452	1.11049972167013e-06	4.10945884196853	5.48815662428072	5.36828833026537	4.82061416337425	4.69427587044286
chr8:116449688-116450189	Basal	1.46035108338706	2.37011660399541e-10	3.25262339087856	4.44439191259814	3.88112491431502	4.01486816142683	3.9225281097495
chr19:10889003-10889504	Basal	1.46028170437699	3.71832607045358e-10	4.2421074432237	5.44995828946925	4.40496987937895	3.7700577305706	4.04702808609069
chr20:720680-721181	Basal	1.46019269162542	1.93198517568648e-05	3.13481538773008	4.28776021466657	5.1453074324244	3.91231405659916	4.24126278698252
chr10:99615215-99615716	Basal	1.46018131302112	3.80769084790525e-17	3.4212262306319	4.29582889937781	3.71085449592132	3.34040505574901	3.44663631358989
chr11:45851205-45851706	Basal	1.45955620016927	5.76982662211298e-05	3.94489117522026	4.69268433758684	3.54107442972624	4.39352583845221	3.83038395336078
chr1:161079696-161080197	Basal	1.45855334622068	3.55450684880367e-07	4.06983913815356	5.50634632678791	4.84768016049968	4.56244566942878	4.55833805754662
chr2:190317312-190317813	Basal	1.45844865921699	4.15370714705052e-05	4.25757498310761	5.18842461126412	3.42784448911355	3.47745049717811	3.64947538061969
chr11:75078097-75078598	Basal	1.45841764699194	0.000463750571230229	2.9255756959984	3.85827249020588	2.37123066658027	2.93567570084983	2.56241968853356
chr7:6595628-6596129	Basal	1.45824859150554	6.20151970771772e-15	3.30814624350535	4.31019193291563	3.57496544200626	3.35183477970791	3.32891596699688
chr12:1827229-1827730	Basal	1.45789153834524	3.97717421756883e-11	3.80108607634656	4.50051691734554	4.0304075375933	3.75725099457785	4.30236874550946
chr1:9686047-9686548	Basal	1.45753239827118	2.47073541900435e-13	3.64238448394419	4.52082109672036	3.60612244099963	3.53492358582156	3.31164093317384
chr1:62316238-62316739	Basal	1.45743759127285	1.51102821005822e-09	3.02141182203421	3.69370758205734	3.06361989004515	3.44593457792239	2.97153302005919
chr6:27738959-27739460	Basal	1.45709170931307	3.35271898469173e-08	3.135219876625	3.61318494751394	2.89921806816589	3.22232064365965	2.94130429626678
chr2:74349835-74350336	Basal	1.45706095095586	1.5981160693886e-05	3.56340068245038	4.4974472820118	5.92771401254598	4.20577785236881	4.45835173142113
chr11:14111768-14112269	Basal	1.45703489960163	7.26105905858464e-06	2.35628902721328	2.83706403332315	2.16222922141073	2.53965938092599	2.43689980341502
chr9:76473517-76474018	Basal	1.45642263891463	0.000236878131671527	3.86758217498694	5.20802580048433	4.07706029301389	3.8990485108006	3.97036206565788
chr6:21688729-21689230	Basal	1.45634517436791	0.000567518344390674	2.4673722873898	3.56606875050524	2.22139768454919	2.96500685620443	2.84796987833806
chr8:46387282-46387783	Basal	1.4562657978081	3.26154032826037e-08	3.40615031613888	4.57217765252045	3.28572096004991	3.5720409495098	3.7096598497494
chr5:139291589-139292090	Basal	1.4560949425268	7.32868725643437e-20	4.57226057895882	5.49790181282379	4.36530818515779	4.68507311675058	4.58834720955278
chr17:8292573-8293074	Basal	1.45608431747606	3.46445648867718e-06	4.31402802593981	5.43912261118421	4.04940213290615	4.71308589136469	4.50721246404305
chr16:68625856-68626357	Basal	1.4559898937191	0.00201420293155151	2.83873331315483	3.59442100935267	2.44376857499084	2.15284522153578	2.07394377596952
chr3:58018186-58018687	Basal	1.45563966786685	1.26963100698153e-11	4.06410138347611	5.19304716780574	4.57549096616004	4.29418680431939	4.59184115973966
chr19:35530411-35530912	Basal	1.4543495775867	4.26934526649808e-11	3.35007258781027	4.32833437639441	3.72796910083166	3.68048881695127	3.60875630195651
chr7:26136189-26136690	Basal	1.45345961998139	1.58846689426536e-05	2.80330915118762	3.57441968928095	3.49646228992959	2.80651362267136	2.6858270377788
chr20:63679679-63680180	Basal	1.45333288688052	5.05228026164189e-15	4.28037500730992	5.39229785547182	4.99514584494318	4.16568681655758	4.49848395188865
chr19:14552762-14553263	Basal	1.45228102795716	2.39966461898443e-11	4.65704142013323	5.99557195052301	5.73117278965419	5.37279747409984	5.43467393371003
chr6:110813720-110814221	Basal	1.45182018343287	2.72603372867269e-10	5.64262518297592	6.86084038750992	6.3609562491062	5.54639159672851	5.5677972655111
chr10:96123527-96124028	Basal	1.45178573556544	1.56465612579889e-05	3.4949658858328	4.60713735119592	3.92727513942753	3.03379189596993	3.13862113325569
chr6:386579-387080	Basal	1.45162935205132	1.11164191087946e-07	3.47660210652046	4.47316916916238	3.46784410387619	3.47604318404333	3.24869959012043
chr3:188963831-188964332	Basal	1.45140481736602	4.39057256631191e-07	3.20929729126201	4.37057513594672	4.28458654382427	4.32052651976779	4.438794289889
chr19:36119970-36120471	Basal	1.45054841197231	7.45230680090506e-06	4.17221636140015	5.51920477034835	5.26137532907982	4.52520211758246	4.64907710282114
chr6:10414365-10414866	Basal	1.45007981569078	0.000405919765943308	5.07232694898072	6.62182067593419	6.41182754455172	5.95041449075818	6.0160303406277
chr14:88162071-88162572	Basal	1.44980569048888	6.26364447487753e-06	2.49175700832587	2.98700902498852	2.3344369243968	2.56262479205074	2.25511884358351
chr1:25856788-25857289	Basal	1.44945996593226	2.18927411321178e-20	3.34797528997936	4.39204363057884	3.47832144524315	3.16690131890768	3.3857563640502
chr3:114361301-114361802	Basal	1.44942596129041	7.51783976118422e-06	3.41169301279493	3.86333773484497	3.03829202541936	2.96006603900511	2.87022071972818
chr1:225429237-225429738	Basal	1.44905874300306	3.85135414587151e-15	4.5655812290594	5.79858144773685	4.07095329482263	4.42512693418054	4.30529808091893
chr1:151841113-151841614	Basal	1.44858806233211	1.15635611845235e-06	4.68166797501244	6.17568691659821	4.8678557511568	5.0669899025631	5.09332257161494
chr8:101501834-101502335	Basal	1.4485796427788	2.84371969338977e-05	4.1505731264803	5.61779149751534	5.08293226103773	4.87199391290903	5.11438416308236
chr8:143602040-143602541	Basal	1.44815991178251	1.7122302062577e-10	5.41036303178632	6.70123100920692	5.89531363854555	5.71979485909044	5.86596750817592
chr8:125411374-125411875	Basal	1.44797402116761	7.46074021454533e-08	4.02034989638071	5.30157184599429	4.41848806105377	4.2303014295331	4.09082756502286
chr8:114658189-114658690	Basal	1.44765064650352	0.000238075183809562	2.71853545801936	3.78253464034841	2.74277677629814	3.20356367520495	3.19016136520359
chr9:38197570-38198071	Basal	1.44740933214847	7.82029498162162e-08	3.51037677446639	4.79903960606218	5.06430303928608	4.73210187798046	4.31060356273553
chr6:116396723-116397224	Basal	1.44730865799431	1.20962606179569e-05	3.5663241288972	4.81287365841337	3.28981794337459	3.4398508608253	3.22976192300421
chr1:9126445-9126946	Basal	1.44696560372119	4.78256241743728e-05	4.63111437410017	6.0048021023817	6.15323765664523	5.45876557595766	5.57259665569567
chr6:67066441-67066942	Basal	1.44681481531246	5.43742567360101e-05	3.5422949229021	4.2481552797068	3.91343392810291	3.54636270878119	3.98334775087403
chr19:43778552-43779053	Basal	1.44656311739611	6.73715988791485e-05	4.5567895252526	6.00571823316277	4.82347469463066	4.03787626793625	3.82147943504654
chr3:38088118-38088619	Basal	1.44569239960498	0.000113064708803274	3.107920129225	4.34842705470352	5.32306092054965	4.08751767525149	4.08887198794498
chr18:24052574-24053075	Basal	1.44568748419822	6.2773555067248e-06	3.52116296146149	4.45670645350145	3.53700550584378	3.87916270925865	3.82454414855533
chr17:43718745-43719246	Basal	1.44536587128924	2.66835565499538e-08	3.57903852794379	4.53489626010956	3.22048465877291	3.53106800468271	3.22050103459984
chr7:69682922-69683423	Basal	1.44521150128613	0.00488448912974144	3.71942633232698	4.92560040772142	4.22208483400464	3.97558213626666	4.03929977856425
chr1:111615786-111616287	Basal	1.44449082689294	7.70862725868712e-11	3.79170467754614	4.37898481027223	3.60225227465253	3.71077440258785	3.6208164316678
chr19:17155420-17155921	Basal	1.44365573442297	1.58652701836659e-19	3.47553864421315	4.68093262488229	3.83773802264093	3.55321456403881	3.74043052208162
chr2:9879379-9879880	Basal	1.44362081848102	7.14734499837885e-13	3.03872245432076	3.8943093748461	3.07885741124236	2.97761532832146	2.91504965343422
chr21:35218235-35218736	Basal	1.44340605452176	5.48396606770992e-07	3.36293180122125	4.56194635681663	4.16547791269868	3.74649465766338	3.55921697938414
chr11:60825129-60825630	Basal	1.44332727422905	7.08183450590038e-07	2.81919971358166	3.81162447924245	4.25340463503856	3.4115854733465	3.69872682079645
chr6:6805897-6806398	Basal	1.44329329931049	2.80430414580181e-14	3.58447134140069	4.42730357590987	3.2931213483926	3.4660982502368	3.53129252607308
chr16:4138582-4139083	Basal	1.44324340559475	3.12238086172234e-10	3.52433390923826	4.32617984918014	3.66928202081982	3.72357350469777	4.19958727964868
chr9:133333418-133333919	Basal	1.443009191593	9.78067828642077e-12	4.38784396232336	5.69516618262407	4.45496906959246	3.97519260608525	4.26689972694143
chr15:40489756-40490257	Basal	1.44289464825915	0.000688460049533117	3.16745955542489	4.56855596959576	3.18250547714936	3.12040217634948	3.16034078661845
chr15:29085926-29086427	Basal	1.44277893570469	9.0092852731669e-07	3.0388606597933	3.68285466088261	2.50210677939259	2.6082707904432	2.84737561420824
chr11:93733289-93733790	Basal	1.44268326312665	3.99948211807476e-13	3.74121789005871	4.87309479773314	3.47062858545391	3.40864038289735	3.18121049538578
chr14:89414268-89414769	Basal	1.44252811452832	1.21914528900604e-13	4.22057650388804	5.44949042693346	4.64560397839655	4.46295050489893	4.27353647268967
chr9:37137159-37137660	Basal	1.44163238878451	2.47264968920265e-07	2.72092666976446	3.21177362961308	2.5601930729542	2.7751180777116	2.49510505157814
chr2:64372541-64373042	Basal	1.4398694389952	3.08223787267629e-06	3.13554137713957	4.37160305257142	2.66039320262701	3.21728409074546	2.99704601589647
chr6:44840128-44840629	Basal	1.43892186891698	2.80906954580496e-09	2.60225408166419	3.27034745809738	2.2995126928596	2.40704667666383	2.78764949904172
chr9:98972664-98973165	Basal	1.43883157383906	6.53615365118446e-06	3.59216041145411	4.38601696545306	3.20068696357123	3.53315241959593	3.31831792195733
chr1:44769561-44770062	Basal	1.43835106613542	2.75035685737439e-17	3.42379128712056	4.44997549346066	3.3777907777801	3.36430423929376	3.43805021212527
chr6:42787773-42788274	Basal	1.43799240971881	3.82602482337251e-20	4.083306503483	5.16787050829799	3.9755035990672	4.10420095687911	4.04953879815183
chr6:31100598-31101099	Basal	1.43765945511931	2.73414126200871e-07	3.15183559056914	4.00920577656774	2.98337685560256	3.31974057684554	2.88269525911704
chr4:132871590-132872091	Basal	1.43761832491901	1.6065700834981e-05	3.15386148517714	3.64755695174278	4.47689168955212	3.51976925290552	3.84795930609439
chr7:44982960-44983461	Basal	1.43752278427343	1.42687989479383e-16	3.71524120058396	4.81953443610478	3.30091968864795	3.58261997823513	3.5216191184776
chr11:69105053-69105554	Basal	1.4371009819966	3.5685951293153e-06	4.71802923705616	5.73002325899237	5.40183061062361	5.10937446341095	5.44636959342242
chr2:30029716-30030217	Basal	1.43553300370919	0.000209490324041032	3.35570085105512	4.73992049777629	3.4605180847158	3.15123514616918	3.02800674581328
chr20:42891647-42892148	Basal	1.43526135072889	0.00218191245190954	3.05497039678314	4.39505172679059	5.28615110509238	4.75600114838881	4.9575385731876
chr1:160793478-160793979	Basal	1.4341307187359	1.42135794442717e-11	3.34373624420573	4.14131603560012	3.28533984293388	3.51833808414479	3.38623352556522
chr20:64055201-64055702	Basal	1.43411136167271	9.65815534730389e-11	4.63416252273442	5.65258862136187	5.63782854177329	4.93173901003582	4.83464460149292
chr1:151512212-151512713	Basal	1.43278041596607	2.4235451695856e-06	5.88446211823477	7.30567099016625	6.46454126157296	6.44755995926865	6.48886863345942
chr3:171950814-171951315	Basal	1.43240011637935	2.32020164130828e-07	3.57077973050141	4.6731832556275	3.27951616541427	3.22841021845287	3.00191125089419
chr9:34614521-34615022	Basal	1.43203194600107	5.72687195979014e-18	4.05456535990338	4.82817412726654	4.05567821932112	4.01751827452884	4.03631156198034
chr4:27270486-27270987	Basal	1.43185089740981	0.00130073798382082	2.95511375310254	3.73674358457617	2.35277021201609	2.80813261014788	2.85728097735652
chr6:27295721-27296222	Basal	1.43130419284659	0.000701603960367753	3.40686511705729	4.22097018192895	3.2378816381958	2.91844459496254	2.66158202057415
chr6:31929916-31930417	Basal	1.4309101051226	5.43587267606324e-07	3.38289494097135	4.64795718390021	3.46739591703796	3.46469108468294	3.52297826700922
chr1:164579890-164580391	Basal	1.43041161965935	0.00041336443575909	3.15124350433021	4.56133957888612	4.58834905184337	4.87044232983425	5.17551424653429
chr18:12342632-12343133	Basal	1.43039366604655	9.81786801865347e-06	3.19911013058107	4.03760988229022	3.18361873390839	2.93562632365624	3.11073153222877
chr15:99056953-99057454	Basal	1.43035556462054	2.94441001937444e-08	3.76974049466416	4.68671530122262	3.52821588893376	3.94261429837233	3.69424150303132
chr8:115566165-115566666	Basal	1.43023575021098	1.5794565819891e-05	3.52347798737508	5.01224840135804	5.09032919140671	4.85321968614286	5.01326571124494
chr8:127092559-127093060	Basal	1.42994289072991	0.000270027283120583	3.14989793522044	4.35588243271419	4.90032565738669	3.97856125419867	4.03710159701129
chr20:57711773-57712274	Basal	1.42912317673972	8.55996773655675e-05	4.92304647246244	6.46963194572034	6.69846738065961	5.46045337120588	5.68582921734341
chr6:13021766-13022267	Basal	1.42900738618664	3.86987033731306e-05	2.70486078072326	3.48395977198627	3.41810709489648	3.10810286486975	3.10265580395387
chr2:71128392-71128893	Basal	1.42884463492007	1.38281151939503e-12	4.32221390100046	5.58675844722354	4.98746736552536	4.25036448851042	4.41341401983379
chr1:161084033-161084534	Basal	1.42882123952837	0.00147994281281303	5.59161862644665	7.53896353716469	7.33295512949002	6.92068945046533	6.90029822896667
chr1:239758674-239759175	Basal	1.42874834225866	1.31391067351191e-07	2.51717737293308	3.26484393203263	2.57324504310759	2.4987435735203	2.30149241426326
chr2:164114205-164114706	Basal	1.42847799107629	5.62084896072207e-06	2.35136761100625	3.71839972421181	3.22667052246106	3.16477783622961	2.95408892621216
chr10:37718060-37718561	Basal	1.4284508494947	1.54300566755604e-06	3.16276044897452	4.17301029177987	4.36482592964678	3.60930707405267	3.58307442339594
chr1:161528516-161529017	Basal	1.42797051462095	1.63882055318659e-05	3.76034513558191	4.91515962439243	4.02108066959558	4.48631908473151	4.31686510001357
chr20:58856594-58857095	Basal	1.42792125909312	0.00019320472146127	2.96935760364514	4.43086771839936	4.93399990023972	4.22606136676612	4.03197803808813
chr19:22823459-22823960	Basal	1.42759121946642	2.92422983645343e-05	2.82831150474669	3.48652924943203	2.43591783312991	2.85594984678317	2.89499102871412
chr2:45087355-45087856	Basal	1.42756635170047	0.00116533082539969	2.82727266168272	4.18185478058649	4.4369102946247	3.26103969532394	3.69759274919729
chr17:79786909-79787410	Basal	1.4273973028599	2.23700550067552e-09	4.41454599950611	5.63192698903831	5.49128555555603	4.2970182096574	4.89468203787799
chr2:231884560-231885061	Basal	1.4271750569506	1.47034652006073e-05	3.06940103033858	4.04149962802003	2.7895529141276	3.06140528303188	3.00578245730981
chr9:34317006-34317507	Basal	1.42686460822516	6.53176628816417e-16	3.0599477630335	3.93945740147447	3.2987493257607	3.48373832933188	3.30164630272316
chr1:9842041-9842542	Basal	1.4266897700558	1.15454852533665e-07	4.18490346892359	5.69063996300013	5.39802180731591	4.63351149371222	4.75582613132061
chr13:97615185-97615686	Basal	1.42665066881112	0.000230927827978867	2.60727581149244	3.06109976110124	2.03763968610501	2.42664114492488	2.2635035823462
chr10:121035467-121035968	Basal	1.42657138585279	7.69592745640446e-07	3.27780053565306	4.08895822113889	3.62728513490696	3.45195285498744	3.28359489538682
chr1:228057646-228058147	Basal	1.42649565627785	5.16540057625239e-07	3.8401689198242	5.27115357729726	4.90923953608856	4.08827639588665	4.21482898128893
chr7:55564505-55565006	Basal	1.42647473120192	8.57171117752592e-12	3.59750247383999	4.87510492050681	3.91822846457816	3.92108387853469	3.81025011069225
chr17:16093771-16094272	Basal	1.42645534528608	5.41267137587845e-17	3.21105667245055	3.80733903795712	2.95439500065857	3.22182630432774	3.16743761112656
chr1:146382854-146383355	Basal	1.42560240286128	1.37855882446904e-06	2.59995309458067	3.57657892127269	3.10309964558612	2.86442289344522	2.9560355997309
chr1:226716577-226717078	Basal	1.42549179783689	2.72316572968764e-05	3.48190898716181	4.91771539102265	3.36966091029709	3.91385282307874	3.64526406935284
chr6:1617382-1617883	Basal	1.42541431375195	8.29674610777594e-06	3.66543438847661	4.90164683703729	3.1205485962059	3.46775420767535	3.21355562089373
chr14:38955929-38956430	Basal	1.42508397787812	2.75461140964354e-06	2.73069977667715	2.84790368243737	2.70203671300137	3.00822592907962	3.22203315657862
chr19:13011203-13011704	Basal	1.42485392615471	1.69196708872738e-06	4.26687319383891	5.8172362365145	4.33259735035585	4.70617090243449	4.26955437362499
chr6:164368732-164369233	Basal	1.42438395654348	4.894356294351e-07	2.98331326155116	3.79680412807404	3.30396118477905	3.0883329486638	3.17172851138769
chr9:34333338-34333839	Basal	1.42373761017785	1.55924605710406e-06	4.02668881661311	5.05500809119721	3.66347521559803	3.78350664432026	3.6894957183381
chr7:55444706-55445207	Basal	1.42353941900906	0.000635046896537171	2.89781989185267	3.94394011045111	2.69196542582294	2.60551888720998	2.77231540482339
chr6:143370145-143370646	Basal	1.42346900501721	3.05720797497038e-09	2.92720619060698	3.61560826549021	2.40797435095097	2.73913602964493	2.74894179952432
chr19:15198794-15199295	Basal	1.42313639671928	9.75973104769478e-11	4.22065476569601	5.38372683185494	4.79216965132129	4.49917492262691	4.4387806109794
chr6:2763478-2763979	Basal	1.42309320665002	2.31791040519361e-08	5.76541297893021	7.14607786830406	5.40682021971407	5.3601771793464	5.32638442823498
chr8:144435301-144435802	Basal	1.42299458449888	4.97183819866519e-14	4.71576974555282	5.69912139723324	5.11748767527521	4.70012347660547	4.80872734826404
chr4:5573963-5574464	Basal	1.42261440647152	5.74382270029139e-07	3.07800480484642	3.85780282974937	3.26700098796906	3.06922956733408	2.98230248069928
chr6:31577641-31578142	Basal	1.42211727337507	8.63503035109176e-17	3.69547682427656	4.66650982390441	3.7829379133674	3.9964130828856	3.7811872053198
chr19:45068170-45068671	Basal	1.42195281413524	7.71943915142186e-10	4.62065028198996	5.63944819444306	6.05688398113973	5.6628377166526	5.51743091973283
chr22:42438885-42439386	Basal	1.42177162657108	7.9819884988231e-11	4.01407582703364	5.28728310678432	4.23845367299494	4.10342318712071	3.93121229072481
chr19:13793092-13793593	Basal	1.42125559542136	3.14433155862327e-18	4.39563919627199	5.6657128583018	4.32069754677826	4.11225582045478	4.35666395190155
chr8:100808028-100808529	Basal	1.42079224384916	6.38118227092146e-07	3.28615055484432	4.65340844501823	4.40466077181569	4.05698791851918	3.95365711789645
chr8:94643082-94643583	Basal	1.420467304162	3.19319436352677e-05	4.65304043134737	6.15136106704834	5.64083948128959	4.99581852066483	5.38639693009611
chr1:151482987-151483488	Basal	1.42042692708992	4.93719190282462e-08	3.17645021125101	4.11812360213122	3.13625915085692	3.65267888619209	3.68439180879507
chr6:24514218-24514719	Basal	1.41996094781995	9.54250348576035e-07	2.86262853508188	3.71465940942668	2.63568654987733	2.84256305492128	2.53250618055003
chr1:155216598-155217099	Basal	1.41925238029441	3.64727561485166e-15	4.27006303919176	5.23762999970582	4.48305073071954	4.62485312361403	4.62672966045514
chr15:72180862-72181363	Basal	1.41865753334474	1.41340898705857e-09	4.0092290758819	5.124718704618	4.45102587720326	4.18004787565831	4.00222060158174
chr17:82100372-82100873	Basal	1.4184604203766	1.08633335496129e-06	6.01210236530182	7.45176470012623	7.46853922358497	7.1649347089001	7.42090717527871
chr19:53044388-53044889	Basal	1.41803656942048	0.00219085234587901	3.08410067915807	4.05075323401618	4.18678133450357	3.20573682138337	3.47053373648988
chr11:45806608-45807109	Basal	1.41773317349575	4.95973062932323e-12	4.35866116111356	5.5806526816836	4.56749292805978	4.64138397871077	4.20220854409909
chr10:8049527-8050028	Basal	1.41766044982196	0.000836034448585355	5.00194263021675	6.66178838558172	6.35897405528959	6.19851796022732	6.26887449755137
chr11:67627802-67628303	Basal	1.41684809790735	6.39967489659766e-15	5.03645658344128	6.01812894623679	5.76455139169164	4.92561757433421	5.19094548033437
chr10:125122325-125122826	Basal	1.41683284445736	3.43906812490249e-09	4.17815708605534	5.33222034410636	5.31654048197101	4.59414166182255	4.5817114777431
chr4:3286895-3287396	Basal	1.41670893240853	1.42219583363713e-07	3.89721791755527	5.40779305657898	4.22709573622731	4.26818755201395	4.23151105115161
chr19:9055936-9056437	Basal	1.416176219544	1.17164212347351e-05	3.12782689437536	4.48099566074328	4.25717575077838	3.9875043781853	3.62183841297646
chr17:37142881-37143382	Basal	1.41612511524935	3.08716877207526e-05	3.18475183418953	3.87346659050742	5.19769116057148	4.1119672445256	4.35556108658599
chr3:139502687-139503188	Basal	1.41542601169344	1.09365550642186e-05	2.72542270152068	3.58373237828335	2.24320981708276	2.73804753258626	2.86839263059889
chr6:42144692-42145193	Basal	1.41505449430486	1.82530160340409e-11	3.22210729762452	4.20625024080793	3.6635323194422	3.31203497672312	3.54609814329857
chr4:113766169-113766670	Basal	1.41491338833001	1.21592456439237e-09	3.24845039074944	4.51238027317429	2.79748439805883	3.17485954411039	3.25936790509973
chr8:115646123-115646624	Basal	1.41459611876791	5.03913155257727e-05	3.41607800113128	4.95473572491749	4.34445087807816	4.98150967163419	4.98991748695624
chr3:196661900-196662401	Basal	1.41434873250208	6.68730182515613e-06	2.92691753141161	3.85699085695031	3.65372557983588	3.24118376513442	3.30031312316102
chr12:93082392-93082893	Basal	1.41425089300969	0.000209339746448129	3.45246728413017	4.8657581406526	5.553754903318	3.90921672951062	4.46998652848373
chr1:178239478-178239979	Basal	1.41283464120251	4.98251369673357e-06	4.02527098197637	5.46210632559843	4.72959260992635	4.61233197834876	4.31928006169313
chr1:24285753-24286254	Basal	1.41252140149093	8.97726197169659e-05	3.54320414674423	4.98311297216363	4.55618310393261	3.91860185041917	3.60262645020074
chr1:150958995-150959496	Basal	1.41243563902962	1.1689628067607e-09	3.58519544554012	4.47716214311468	3.84995273571003	4.03030626797738	4.27408730399412
chr7:46809821-46810322	Basal	1.41211449752929	9.01850740177093e-07	2.99779967451556	3.69538616543051	3.31727211444678	3.12915113685896	3.09730814103952
chr2:23942213-23942714	Basal	1.41163980252908	1.77241012459175e-12	3.91022996596848	4.95406706511368	3.80379879786054	3.82823670861912	3.48300671439135
chr3:37781705-37782206	Basal	1.41122531862867	1.47494443884264e-07	3.78883700592637	4.9964894920936	4.67587368500847	4.28525522705772	4.34083868158013
chr17:51264307-51264808	Basal	1.41117500405421	7.45821303364363e-15	3.36270814480457	4.38661124929942	3.40236279680575	3.30985116852974	3.35015689038694
chr8:8604848-8605349	Basal	1.41047944142668	6.77899313847315e-06	3.68622905605282	5.08220145936024	4.14850514555456	4.38877845202401	4.03799764544193
chr3:112025957-112026458	Basal	1.40940127256394	1.63560127539664e-09	2.98731774337201	3.56688765890778	2.514144099944	2.96648976527907	2.87602088978509
chr6:7558723-7559224	Basal	1.4090154590064	2.00126021190322e-05	3.60224624565289	5.00184683257487	3.79024681947583	3.65213912009441	3.68834807675836
chr18:50524143-50524644	Basal	1.40877331266393	0.00100786056997256	2.92390390697119	3.79679944696554	1.94709867186343	2.99948021007714	2.68854193765903
chr2:27083949-27084450	Basal	1.40718612379439	2.36720084450004e-15	4.82695630187668	5.84721186117481	4.82730387534812	4.67606657417956	4.70229631589641
chr7:36185010-36185511	Basal	1.40696554584597	1.57930413767322e-06	3.73183861601034	4.90997212699057	3.10996524147561	3.35110175253464	3.41194906058586
chr3:174972837-174973338	Basal	1.40662714899178	0.000146555405098827	3.1771362930021	4.68273015957778	4.29202920743544	4.01478502551007	3.95312351122712
chr18:79855514-79856015	Basal	1.40644199886986	0.000314130424320538	3.47270525118377	4.75834917683214	3.12643648609078	3.85444843806151	3.25917840708834
chr22:24860129-24860630	Basal	1.40627464569726	1.55405316907403e-08	2.51425145263673	3.035059984406	2.4767923589008	2.49871625759858	2.55125473408257
chr14:35496410-35496911	Basal	1.40612296145223	1.61916572921695e-06	2.75549219535943	3.5858487787063	3.20034352957852	3.5374258874846	3.40470960449753
chr10:42646092-42646593	Basal	1.40587126779932	1.34050613903685e-05	4.20463015644384	5.59883954708803	4.81948980303233	4.06515395485142	3.95328801187521
chr6:43078638-43079139	Basal	1.40574812126585	6.34051400985079e-11	3.79799725444051	4.74799428952602	4.27693938908335	3.69764398069517	3.76107152385699
chr8:67311821-67312322	Basal	1.4055799962741	7.31055879471822e-05	3.36386685071594	4.38990188458011	3.16782283625915	3.54174631608131	3.45053934576598
chr20:57434939-57435440	Basal	1.40538257386869	2.02586056595908e-08	4.33749014614117	5.744082065409	4.8393719719836	4.81380627472273	4.50654542125596
chr1:162058171-162058672	Basal	1.40521849108804	4.48905135551884e-13	3.40778327047416	4.3180814947045	3.45686532261513	3.67699863406272	3.74280759952033
chr19:17476278-17476779	Basal	1.40511640240809	3.79302289720034e-08	3.88746388458987	5.03912647486637	3.75814496169196	4.09202808676918	3.79957272365517
chr1:28595325-28595826	Basal	1.40505983619302	1.90185530839917e-10	3.62751068703201	4.96073946919669	3.69312637327078	3.9164771450009	3.54717488122042
chr8:51894957-51895458	Basal	1.4043797151973	2.81654492842029e-10	4.18728387049395	5.40578973782222	5.1136775802756	4.26294642243749	4.4512492425377
chr1:155975356-155975857	Basal	1.40421122290133	1.08739269637172e-08	5.31387175862429	6.56229209076681	5.16205565614486	5.68439674840583	5.44351535069346
chr19:12635394-12635895	Basal	1.40401859338562	3.62859408285483e-11	3.89211055714271	5.1105803404885	3.83168843957867	3.53610408803382	3.79514392540934
chr19:56968727-56969228	Basal	1.40364206739629	5.81328393564609e-05	2.64833590218894	3.54593388983918	2.65760315762929	2.56777904634003	2.80971578207336
chr1:203791981-203792482	Basal	1.40334550578548	1.14269368685899e-11	3.81831650218808	4.98484709616343	4.18921761804193	4.29012059380089	4.0696019165774
chr7:44758917-44759418	Basal	1.40323681233434	4.30920611758984e-23	4.06791335211185	5.16988213617805	4.03679721092476	3.8769175741314	4.0786914743835
chr1:150310103-150310604	Basal	1.40296221073876	8.75425284056246e-09	3.74339457515927	4.69492119194084	4.03354869749484	3.66388795136864	3.93183371082285
chr7:151856520-151857021	Basal	1.40270794350195	1.38704476009961e-05	3.38733777048484	4.31209162007328	3.79149210531019	4.17373648155474	4.69503655217013
chr8:115653570-115654071	Basal	1.40211048230369	3.22245957306127e-05	3.24135448320316	4.77334125754799	4.02123742336721	4.88051939529949	4.69012444940538
chr7:32956469-32956970	Basal	1.40192460307412	8.90331591967576e-10	4.82755164253667	6.02813263079566	4.71763699344316	4.99476975372205	4.76846323959943
chr12:12241429-12241930	Basal	1.40186543662859	0.000244472219025617	3.23748366684066	4.07596934099819	2.52802424971869	3.09372974581873	2.77365993030831
chr5:170750894-170751395	Basal	1.4010527088445	1.52801049044581e-05	3.87130009342965	5.00664016470121	4.81189867344229	4.24449488702942	3.86458683869869
chr5:21494266-21494767	Basal	1.40097975700424	0.00248385891337191	3.68928206538728	4.01598687095136	5.41713002491612	4.86148210026702	4.44906939337902
chr10:36117649-36118150	Basal	1.39840104110254	3.83687211125059e-07	2.50122628681575	3.17961579593673	2.0819423312007	2.39520294665812	2.36671351226593
chr6:100450276-100450777	Basal	1.39780577156582	8.25912898937183e-05	3.38749338674315	4.83793911270845	4.23788315388988	3.37569703719474	3.38498611408505
chr16:3502448-3502949	Basal	1.39767368440774	3.23584611605271e-12	4.22445872981707	5.22367154329166	4.25513736400474	4.19312337170472	4.25142799499441
chr8:101490668-101491169	Basal	1.39759551675525	0.00229597017074499	4.41514338036334	6.33094938276439	6.37242268108009	5.64527158048749	5.94083513775113
chr8:115651985-115652486	Basal	1.39736724666654	3.35031577070009e-05	3.25087937300639	4.80932102851178	3.91843092286853	4.74920074824022	4.71502210524235
chr14:70441573-70442074	Basal	1.39689681012356	1.41510605655241e-07	2.86578354808973	3.88796952041748	2.96920780825427	2.97914173760299	2.96289722214566
chr6:21589777-21590278	Basal	1.39659946788072	5.60536986937938e-07	4.92891089379315	6.10585416448977	5.04510249064171	4.85534614942084	4.67928071326781
chr14:73630331-73630832	Basal	1.39626157184374	4.80560004629462e-08	3.12612463137861	4.31807476675917	3.56964628166796	3.43679155964476	3.49230103201993
chr1:155075544-155076045	Basal	1.39620636601974	2.11277320279557e-07	4.7844043796322	5.73436015834541	5.97237159431849	5.872283910847	5.74352465684033
chr8:46490964-46491465	Basal	1.39601707754123	0.0025865657472525	2.85160645140727	3.71106185651595	4.56258929262535	3.31031624974945	3.27665243681804
chr3:133570908-133571409	Basal	1.39551532220788	2.05240720935842e-09	4.63998580423075	6.02227198451115	4.9571882526414	4.96984051039782	4.88796242966401
chr3:60197670-60198171	Basal	1.39511310201794	5.62737802076939e-06	3.03980489741464	4.15612501687614	2.95828408552021	4.02190983770646	3.92888101214378
chr6:12290965-12291466	Basal	1.39463025824497	2.27255216735183e-05	4.66123173813198	5.90713836693075	5.58886968644154	4.7556035586193	4.70849488934569
chr20:3119736-3120237	Basal	1.39449481266656	3.69030833332525e-08	3.82028863306915	4.49725773003083	4.4116483086121	3.73999295898233	3.76968182588999
chr21:42553386-42553887	Basal	1.39331278757584	1.93671922847223e-06	3.53185576186443	4.8902612582757	3.32047549889726	3.43878907332871	3.74385777063318
chr6:17703978-17704479	Basal	1.39308246791816	1.85718130495279e-10	4.31735343520667	5.51940875546595	4.43012373925956	4.02152729641642	4.09670605890227
chr19:14001936-14002437	Basal	1.39233478665161	4.95205544870594e-15	4.01684797200583	4.67552900547301	3.78183852845475	4.07386420561764	4.0432224696574
chr5:179055410-179055911	Basal	1.39202740535155	0.000315036759374555	3.17856227684514	4.1706513323448	3.00016619807708	2.94807548325611	2.84016448748903
chr17:38254001-38254502	Basal	1.39153323115179	1.82560099263041e-06	3.79674324122408	4.6176664778031	3.96128119393075	3.60145752399272	3.67574554918228
chr9:78130801-78131302	Basal	1.39136502092134	0.000127748062269035	2.64260925999816	3.68759604618229	2.36551125399871	2.57173776875008	2.50512841211393
chr1:119941351-119941852	Basal	1.39126290935588	1.29644658297448e-09	3.25510231470033	4.80172979608338	3.42995063002467	3.40393750448006	3.29478639345179
chr20:47506325-47506826	Basal	1.39082072669899	0.000511402804151597	4.19202334618006	5.36867004399533	6.38171593016066	5.08514343102776	5.98212988796596
chr13:110620543-110621044	Basal	1.3905739376641	1.64033472875323e-05	3.50349095376635	4.10506588763506	3.7676024929518	3.92406603749881	3.49226646220136
chr2:208250292-208250793	Basal	1.38990328290381	0.000472809989550668	3.58590349880074	5.04065951409819	4.0034886202197	3.95068106685138	3.61720488088482
chr2:64207543-64208044	Basal	1.3895909888748	1.22889993616292e-07	3.62671523870874	4.79953085267845	3.66818082507365	3.21174076117502	3.30110720293391
chr1:56759127-56759628	Basal	1.3890152269747	1.60238726097902e-05	3.68573666645807	4.74301613427607	4.17196337900298	3.99161575843039	3.83403350695526
chr12:12414734-12415235	Basal	1.38889616720637	0.00879498370747334	2.78627508741092	4.37927604956545	2.83510008418205	2.78725890973523	2.34221724243781
chr1:173899309-173899810	Basal	1.38863324288429	4.14007403993899e-10	3.04062903909577	3.8193599179698	3.11120296918805	3.26395424069951	2.9944071280148
chr1:63326719-63327220	Basal	1.38838917849341	1.09438418913474e-06	3.54121158828094	4.5050851917762	3.20688031136494	3.39217918332789	3.46867409990831
chr7:55353360-55353861	Basal	1.388105404811	7.53524866812828e-06	2.72404260975218	3.47858515649268	2.39811611314297	2.37539147082221	2.74818740422687
chr1:205225641-205226142	Basal	1.38794708471089	6.90973162549995e-09	4.0576128886654	5.16907103862514	3.89512714436046	3.96048985552023	3.87744379346008
chr10:52412641-52413142	Basal	1.38780948378129	7.81195791942312e-08	2.6345615600432	3.51378719616314	3.17205417173745	3.06842838837448	2.88177508505906
chr11:71265065-71265566	Basal	1.38719430911357	2.11031814027118e-08	3.29056386951243	4.20696009516164	3.47748905033628	3.54452156742045	3.76096839994109
chr1:227729557-227730058	Basal	1.38687535543584	2.45873056517585e-14	5.59646671304125	6.93506293787915	5.81624157540263	5.71020132184321	5.74576631276612
chr16:68646818-68647319	Basal	1.38642021990243	0.000317233555653989	3.88382305471232	5.33746223674834	3.99108831506712	3.52905877432212	3.06131785890472
chr6:152113949-152114450	Basal	1.38573658277307	4.51792283912007e-09	3.16873024429566	3.92428828365358	3.54581980878806	3.85054747603052	3.47730563104303
chr1:230717350-230717851	Basal	1.38568319255616	3.0160091415859e-06	3.41953036669638	4.07938919598904	3.66487624722945	3.85381718155247	3.75056511188398
chr3:194274270-194274771	Basal	1.38566563608034	2.24719870590856e-05	4.56261975590926	5.81556569981182	4.87617524317327	5.12461774069444	4.67948644942892
chr8:127723961-127724462	Basal	1.38557359881015	2.28963729276955e-07	3.36681918698385	4.65308029042267	3.49293747142636	3.41565781978471	3.69731973797744
chr6:239481-239982	Basal	1.38521618207825	8.59896927633265e-07	3.12686231698328	3.71587952004165	2.79519287469847	3.04878693900062	2.96636882211222
chr4:128047657-128048158	Basal	1.38511759469119	4.25531966009316e-07	3.33414947155739	3.93694349786383	3.53277764189213	3.25529309792056	3.33316817308686
chr6:108003421-108003922	Basal	1.38500090040223	2.65983153468747e-05	3.84744390487324	4.80280613773376	4.31907702378164	3.69339249443866	3.28180214467477
chr2:43485764-43486265	Basal	1.38491503923838	1.3603671302204e-11	4.08731189045502	5.21443028810122	4.17809545997848	4.36522050843419	4.10012681186855
chr1:242520634-242521135	Basal	1.38446283900331	1.07116340562822e-07	2.76055005140152	3.21384499180957	2.34547688977575	2.79865015251903	2.56712934460611
chr12:96786759-96787260	Basal	1.38382659476766	2.7715246574908e-05	2.28798568120086	2.71151438912861	2.10288000239472	2.60569364358354	2.61696629197509
chr2:191618812-191619313	Basal	1.38365015551491	1.67212002169355e-06	3.69170624325416	4.7359065732549	3.69123219439462	3.59088838781139	3.59281342362923
chr18:36733840-36734341	Basal	1.38350663248332	0.000142405645956834	3.21158621412579	4.48327326088223	2.63296887876937	3.48927519628461	3.25717116086923
chr9:7374165-7374666	Basal	1.38344759497788	5.94287257134729e-05	2.71673919041352	3.41504893813682	2.32788689494202	2.79577885891754	2.57809769993261
chr6:21710176-21710677	Basal	1.38333374423151	7.09812651008668e-05	2.97102048534407	4.27752673055082	2.85782705306675	2.96287898223894	2.9190796346472
chr21:46620778-46621279	Basal	1.38332968453125	0.00047127654815621	3.68168947813751	5.27056803068208	3.19450333435339	3.57550471729643	3.59182811926721
chr21:16307225-16307726	Basal	1.3833026730554	0.00326056802432232	2.45247304875971	3.41864422586198	1.91146576948686	2.47664639180469	2.21263078938249
chr9:92931570-92932071	Basal	1.38326482670604	0.000205081525301589	2.9795084757697	3.82002605992882	2.56478721225068	2.87041016821287	2.92801765211925
chr3:186998314-186998815	Basal	1.38310127936626	7.05229236387712e-08	3.3123425390904	4.40105912981353	3.54038130564758	3.20290518955723	3.08569040773234
chr7:33159163-33159664	Basal	1.38302872255815	1.59966405141323e-07	2.93214823335092	3.3022172187383	2.63445164937112	2.9593344488827	2.81501275846998
chr18:34083061-34083562	Basal	1.38291954962676	4.76154970717314e-07	2.94937131445324	3.54631587769263	2.70719639192657	3.07011796066813	3.00498499894687
chr15:99147793-99148294	Basal	1.38284493343253	9.47500486782573e-09	3.08475088496945	3.91860140635336	2.98564078110069	3.30976878490888	3.07885876247618
chr2:11751526-11752027	Basal	1.38276779813925	2.8661679686184e-08	3.45095272378801	4.49986774000651	3.9258319567844	3.38421053067878	3.22245275332575
chr2:44940501-44941002	Basal	1.38261695230131	1.8421103053372e-09	3.19660151252932	3.9630047879952	3.12336616224628	3.07034742407212	3.00303987910162
chr1:41950794-41951295	Basal	1.38140886585517	0.000182178786509238	3.0103322662433	3.62477313373575	3.14988308460512	3.15310684727667	3.23715900830787
chr9:117019207-117019708	Basal	1.38070618887978	0.0105155500332768	2.65239831589861	3.44645082209928	3.56536547196955	3.0577113229759	3.20910336841326
chr6:21486094-21486595	Basal	1.37950526727486	0.000553941556739947	2.51337396765025	3.54582345949033	2.39133573178687	2.49263326394848	2.5894191926431
chr17:82151945-82152446	Basal	1.37927352122642	1.33454786980709e-05	4.58182012152952	6.18509438811502	5.88506494885506	5.52015859757605	5.49868468374173
chr10:28680339-28680840	Basal	1.37880124396301	0.000580071721222603	4.946148364823	6.16951593203445	5.35481033021194	5.11827349872704	4.8204745168329
chr8:52744476-52744977	Basal	1.37823211722524	0.000217791517473118	3.15111379305952	4.36735062185221	2.9670051356799	3.28395566055673	2.92707989730834
chr3:147411877-147412378	Basal	1.37802375329983	0.000419611869779479	2.92385796537485	3.94280546845185	2.64689136797256	2.9429255802212	2.46150030724604
chr1:108668885-108669386	Basal	1.37772716979326	1.41021600127434e-06	2.95079868718733	3.89285664096215	2.8280289130723	2.98216270769116	2.99852379981027
chr6:2143421-2143922	Basal	1.37678827634981	2.54482171338456e-07	3.29571821366776	4.65079244609457	3.16556950131068	3.07228898969125	3.14133094266095
chr18:3349421-3349922	Basal	1.37643100091873	1.32535951283713e-08	2.97913483438912	4.08696820508239	2.79899276868686	3.08296092386654	2.99928877033324
chr16:64687084-64687585	Basal	1.37626261824937	0.00163827616522499	2.2395224407831	2.76312886320176	1.66063385049692	2.22936058324173	1.99617255860293
chr17:79166093-79166594	Basal	1.37602930417676	2.49014191017691e-08	3.51427347284326	4.57204397532921	4.28112346181593	3.69674869918506	3.79412914951749
chr12:22412464-22412965	Basal	1.37567760997382	0.00108791189140399	3.40571780525127	5.08078563934553	3.67013391767556	3.55680429652672	3.25948939245677
chr17:30697196-30697697	Basal	1.37566483589404	2.54472945896836e-08	4.2602924197131	5.20074729375229	4.45617542887934	4.515989427162	4.36315992976734
chr8:143022688-143023189	Basal	1.37538083349051	1.7809920263264e-06	4.83992705544192	5.93797193661761	5.23861485533435	4.88350210054341	5.29602198600908
chr6:110531297-110531798	Basal	1.37487258213783	6.58810188569323e-09	3.69136461891826	4.73730772653357	3.67805892600962	3.36520533966194	3.29121368085483
chr11:90704401-90704902	Basal	1.37447568876008	7.46525511495517e-07	3.04876826242891	3.55457992938399	2.49650995462165	2.76868939422313	2.8139995972261
chr1:207692509-207693010	Basal	1.37432336790471	4.67769832531898e-05	2.85107420942105	3.53546798937625	3.34066668884144	2.81126643041648	2.8709707384419
chr11:70248302-70248803	Basal	1.37376877702943	0.000272290224759388	3.83443672098574	5.14905247672423	5.53010543085798	5.25784149490078	5.25325048805695
chr7:64627160-64627661	Basal	1.37376503503576	2.31987126620524e-06	3.65337496807457	4.59931881688994	4.81692785287132	4.52342480747883	4.53130066581556
chr18:5893931-5894432	Basal	1.37339919986425	0.000338480156877045	3.22933141512676	4.61454948591458	2.53225124333104	2.97528154698139	2.68749301522469
chr7:65804850-65805351	Basal	1.37320888025445	5.70580754659498e-07	3.21771808585671	3.98850450636738	4.04074795029425	3.59164951336308	3.33015122011032
chr10:8349540-8350041	Basal	1.37288802864311	4.76513630686777e-05	2.7689179115641	3.84885858130045	2.80734053497478	2.85111763250428	3.24631209997354
chr17:37888787-37889288	Basal	1.37255473371396	2.3257138939715e-05	2.80083075435594	3.38116531831012	2.27507986273613	2.53618732905532	2.55778087960958
chr19:21946121-21946622	Basal	1.37176135785317	2.84371969338977e-05	2.74472139356423	3.57667373993251	2.63292200585627	2.63626000385298	2.90396589277195
chr17:34891981-34892482	Basal	1.37129568067019	3.96247373260316e-07	3.17311497237944	3.88500567681251	4.02845272533519	3.67158582182905	3.49282578403247
chr20:62409186-62409687	Basal	1.37065523248158	1.04884192077328e-06	5.36459550904751	6.76482399986219	6.13931270832907	5.63648209765994	5.62552327886841
chr4:64683322-64683823	Basal	1.37033182230999	5.38907446006765e-05	2.61651668147441	3.61789290687359	1.9463521297017	2.5227124054483	2.53349778511032
chr2:27358193-27358694	Basal	1.36999664642332	1.48531578800516e-15	4.75682162532171	5.9060417913587	5.17782283379462	4.5971678015238	4.81626700452709
chr6:20142086-20142587	Basal	1.36990463716745	9.44480379424069e-07	2.96791839207982	4.24172604188921	3.15244644502469	3.12538973608612	3.46471657449857
chr18:25734745-25735246	Basal	1.36979307940978	2.71163315601023e-06	2.71896549481034	3.55082751357451	1.96032667550032	2.64809529725364	2.61898829661244
chr2:11544431-11544932	Basal	1.36970155951412	0.000261038708976212	3.57097326488168	4.66806996391663	3.67608962886442	4.60764419800549	4.71473246507045
chr10:69321790-69322291	Basal	1.36963976932747	8.70890648665971e-07	4.21164256062845	4.62346173618848	5.51579048236258	4.62034777405488	4.68727023169762
chr1:153628686-153629187	Basal	1.36955300971142	5.23010110616082e-08	5.085558794914	6.21214837070078	5.34686032621288	5.32657860322042	5.39270377591705
chr3:101687502-101688003	Basal	1.36911803584512	1.06359988008451e-11	5.22381032067088	6.55912839274479	5.53144899615454	5.49465793236933	5.33626475027507
chr9:136554053-136554554	Basal	1.36888343011838	3.93304819547657e-20	4.47429234973311	5.65212602322507	4.86133598645126	4.71319838794102	4.57471639911243
chr8:115443346-115443847	Basal	1.3688417386629	3.70237982657781e-05	3.80783491180332	5.36686965813735	5.00824046001053	5.44129595138513	5.37556163592157
chr1:164755977-164756478	Basal	1.36846763200033	4.59402523623671e-07	3.42320043582556	4.5259837360866	3.91800801162436	3.91294552335942	3.95843440234463
chr19:262127-262628	Basal	1.36826380053129	7.17148449342923e-08	2.99159663772097	3.66449210605474	2.79736848346251	2.59076387485056	2.75933819163132
chr4:168833867-168834368	Basal	1.36785078645361	1.8230309537843e-05	4.08282412096643	4.93974376518584	3.51390057196775	4.20109914763517	4.14566620620931
chr21:37346782-37347283	Basal	1.36754480140739	1.39533071853575e-09	2.55292704232911	3.33948432332111	2.35173970529481	2.29231373082633	2.79507356941746
chr20:45874487-45874988	Basal	1.36748176937742	0.000101534267424237	3.73550160931702	4.80868982252309	5.9303167136938	4.79390004006154	5.21747915242329
chr21:8031215-8031716	Basal	1.36740530750323	0.0254827718464071	1.04351403875682	1.6000549530004	1.30787205752653	1.19583073667303	1.12651469407247
chr6:26213420-26213921	Basal	1.36697412119541	4.66084539596649e-06	4.16993205997959	5.25975260746934	4.54167948884658	4.54433201225985	4.80279962359357
chr7:112635734-112636235	Basal	1.36653274940927	0.00014364633968232	2.81457421637453	3.4849566303064	2.37905457900661	2.256686817468	2.39280455681381
chr16:87867271-87867772	Basal	1.36629701688948	4.60394485414684e-05	5.33430388924361	6.78740338947973	6.0054576484972	4.8836725628631	5.66452741024949
chr4:38806882-38807383	Basal	1.36623144173271	5.04184149800998e-06	3.26311668290706	4.01191589475138	3.26604482711799	3.41898748801618	3.32682064075928
chr6:167982935-167983436	Basal	1.36613567629844	8.90950832010931e-07	2.81316574679572	3.56130549827569	2.31690332439215	2.85326690094722	3.00443502060289
chr10:31755987-31756488	Basal	1.36581521926183	9.17792117080986e-13	4.38051022324203	5.50608784887789	4.84273781965288	4.84653484685158	4.80299167742399
chr8:116927930-116928431	Basal	1.3651931522998	0.0192534137228083	3.71877960503553	5.83113502554672	7.63383433211517	5.94553120201179	6.62912789130597
chr2:73868114-73868615	Basal	1.36496194952695	4.59020593633313e-13	3.17990606435285	4.24669263564273	3.45214876011972	3.29286567406742	3.08986803735264
chr12:23770484-23770985	Basal	1.36489834136384	0.00244309332609604	2.99210358902806	4.0185088647503	2.44560954578082	2.8625774048437	2.56515179502436
chr1:174157124-174157625	Basal	1.36440138892509	1.22125098463174e-05	4.03199680316477	5.43496610422947	3.93065886838639	3.73992044560248	4.0116247325477
chr7:55773336-55773837	Basal	1.36403468840932	0.000586009756515711	3.55839625935512	4.91427765871223	5.24194177560101	4.59757968058764	4.63094088314993
chr11:73490326-73490827	Basal	1.3639931408487	8.35790949208156e-07	3.04405765975449	4.36102019522422	4.5341688098571	3.35478308091153	3.40894230121825
chr1:146771348-146771849	Basal	1.36394537032036	0.000866487176278595	3.14301908143495	4.35536029208777	4.45819821909096	3.36403797995645	3.2839784288553
chr17:41623496-41623997	Basal	1.36392864451959	0.000644866740819687	3.81452889376376	5.2458845688639	3.48908166026574	4.36773496044106	3.93733574402665
chr1:151766981-151767482	Basal	1.36371070152747	5.34466023632326e-10	3.78001931310688	4.90929282702515	4.00527639213687	4.01076230261795	4.01602562432846
chr8:20373684-20374185	Basal	1.36313656273608	2.17524000781813e-05	2.57074191668959	3.09327285231706	2.41580156885602	2.67104107600663	2.45558369575916
chr11:35948389-35948890	Basal	1.36301684132817	3.49443827573201e-08	3.42296699823162	4.71123418419697	3.3953457028197	4.06649754739617	4.02421789704951
chr20:51259849-51260350	Basal	1.36236600849703	0.000877444560463418	3.03211071498347	3.74660530108877	3.04862887456915	2.77121712385842	3.11146076001092
chr10:36021031-36021532	Basal	1.36189426921752	1.46621062594606e-07	2.94620385443092	3.77330638413915	2.58041832787643	3.06074248650133	2.90151439319131
chr7:101161668-101162169	Basal	1.36165695224046	5.0539270528082e-05	4.35312156687367	5.4137908056897	3.8698833531633	3.76674159081331	3.895556383353
chr10:119829412-119829913	Basal	1.36150569101656	1.33182793336249e-08	3.3655594185516	3.81065571315868	3.37224371860331	3.18898475560194	3.12243432905542
chr6:2581550-2582051	Basal	1.36146716266641	0.00178697324397128	3.13683244186202	4.29775493812608	3.38869979737689	3.51852799003296	2.83845125796136
chr1:154939889-154940390	Basal	1.36096548992871	1.5336097644837e-08	5.28453493666824	6.20505897774247	6.08013624158278	5.83579000491025	6.01656250716091
chr1:54233927-54234428	Basal	1.36078766683335	0.000495555418211804	3.01831975520413	4.13264963702918	3.06305252930021	3.0053892885594	2.91005246005538
chr4:184299005-184299506	Basal	1.36029134342949	7.93894881198535e-07	3.12589245259257	3.61556860244719	2.8657974692752	3.15463904561719	3.20273507286326
chr2:38777118-38777619	Basal	1.35974204476721	1.37178158028348e-16	4.37168072739867	5.33261560258761	4.27871838788442	4.35592427923714	4.00360900440821
chr2:227312836-227313337	Basal	1.35973159179638	3.40964572206839e-05	2.78688028191467	3.38521622460482	2.22105263547972	2.42963041712225	2.53243254779837
chr8:100995339-100995840	Basal	1.35945119974229	1.0457197217032e-07	2.86575742296734	3.65175039137383	3.28171513162196	2.89189416980317	3.16155222271234
chr19:22423683-22424184	Basal	1.35843554054536	5.85917521645698e-07	2.62935781693638	3.36127608114937	2.78566900421509	2.79137131229262	2.77420080409255
chr20:59413309-59413810	Basal	1.35802153253148	0.000280368559833929	3.21448973894497	4.41632269041409	3.24172267615837	3.08883050478929	2.96627236139231
chr6:106628215-106628716	Basal	1.3580210725891	4.4545149759333e-05	4.21743336918597	5.07419214927657	4.86358097140381	3.5583004753385	3.9614405502291
chr1:230455321-230455822	Basal	1.35794892632789	5.54984830230575e-08	2.93531870970161	3.82171341794454	2.75459172813691	2.90204277940129	2.82555271188615
chr9:92668127-92668628	Basal	1.35769625072715	1.21771755464429e-08	4.3211400762028	5.48226247772932	5.45690878359444	5.31785666174421	5.30736473681608
chr1:201308426-201308927	Basal	1.35729149492839	2.7554012318222e-05	4.74010145804078	6.2524227668462	5.72606817222384	5.52032970260811	5.3772068084931
chr1:53523929-53524430	Basal	1.35664071749226	3.62993240357316e-08	3.46492272818538	4.06034788300574	3.53732983596358	3.6624104621625	3.37178288451688
chr6:10072559-10073060	Basal	1.35663012802274	1.28511984335715e-08	3.01255386155598	3.96441484293501	2.82420184950103	3.17582131879964	3.05951837892598
chr6:13411413-13411914	Basal	1.35642666806478	6.27260635390173e-12	3.78515487125794	4.56668669346179	3.78639161437244	3.62422107639303	3.66030588579558
chr6:43767423-43767924	Basal	1.35626688206416	2.78478741176191e-07	4.68191932926185	5.95736439447637	4.5462509229982	4.51576608899436	4.61223665899591
chr1:63435226-63435727	Basal	1.35548575253848	9.30294621621701e-05	3.21609634688594	4.43691151014411	3.7373465811016	3.3319793915153	3.26891475213931
chr7:73285074-73285575	Basal	1.35547256231471	0.00135858339356081	2.60551052895253	3.68576183358933	2.41168052235734	2.64760764783312	2.31091888877564
chr1:161197725-161198226	Basal	1.35535839671152	6.97748140220436e-08	4.99081349652378	6.29459579720909	5.92924004392916	5.90060369770055	5.71465319178438
chr1:201270596-201271097	Basal	1.3550802313328	2.8856177145083e-07	3.70415301082552	4.63840775437471	3.79931084447523	3.72844537867932	3.70229625933101
chr1:89528341-89528842	Basal	1.35414172321122	2.21833206478014e-05	3.13061463247073	4.13863248100901	2.63628725148501	3.08242401703151	2.92000456918938
chr7:64968094-64968595	Basal	1.35403572367347	0.000167765340674231	2.38642682978237	2.97743129261631	2.4013488469369	2.47825167587412	2.29020920558641
chr6:106329057-106329558	Basal	1.35383021966858	1.41308855783961e-05	3.78211962810161	4.67606228536341	4.26769676139688	3.70467222175737	3.71501193954481
chr21:21675455-21675956	Basal	1.35373939844539	0.00134951080657186	2.7953295911852	3.46036320403064	2.59088654063541	3.22945099015869	2.98365095146897
chr6:106362293-106362794	Basal	1.35338642594016	0.000126985243415129	3.64982116903163	4.43473649437707	3.94374760920178	3.68198066920967	3.79278532248104
chr8:85921355-85921856	Basal	1.35311082536437	8.603631444107e-05	3.27036598150769	4.23113736298063	2.73778876949351	3.66304000912537	3.45222689205449
chr7:26116188-26116689	Basal	1.3520987280393	0.000705048070131512	3.17384713485995	3.83024100150637	4.97568359183436	4.23836206034618	4.19182075921681
chr6:27666878-27667379	Basal	1.35128688655758	2.61622870353561e-06	3.0745884731738	3.84240260634783	3.37502135028912	2.71121448262383	2.82369574269949
chr19:13845777-13846278	Basal	1.35116347188731	7.00459874816055e-12	5.36591744231564	6.49994098280541	5.28307738818297	5.6281233654339	5.4233157632114
chr19:14069246-14069747	Basal	1.35108717558973	5.48444089043211e-14	3.74612807141109	4.5925247450854	4.2093019653499	4.12113381502819	4.15865398282421
chr15:40481824-40482325	Basal	1.35105421095127	0.00175918180679778	3.1498505513928	4.67924072066675	3.10411153478751	3.22709467632557	3.19865680861061
chr19:15287392-15287893	Basal	1.35103095564663	6.53522044295152e-12	4.09280568860739	4.90051525647065	4.83008255569198	4.0480996571084	4.22391787552449
chr8:123538881-123539382	Basal	1.35041968693279	1.02889056694086e-06	4.92067556048316	5.9213418112916	5.40880989009574	5.19361777271667	5.08278156753741
chr19:53197519-53198020	Basal	1.35036418518404	4.75429916258844e-07	4.74372299976243	5.91945016180764	5.42094999204174	5.09428130546394	4.9627528696349
chr5:178124941-178125442	Basal	1.35020006303823	1.24443118096944e-06	4.38326897173856	5.68023749518446	5.7653634890713	5.63292099822158	5.8197087239875
chr2:84953499-84954000	Basal	1.35012632232222	8.00001141967275e-06	3.40063098256316	4.22154326982144	3.39427647143957	3.23107103344084	3.13897412990913
chr13:73291566-73292067	Basal	1.35011754937649	4.89357155186636e-06	2.76911441076381	3.76777399589222	2.54402961577234	3.06483266559666	2.54766201302061
chr9:21990953-21991454	Basal	1.34999655559838	0.00263201912000763	3.63351016455412	4.24430305802378	3.66089648876433	3.13366661130873	3.13382243076505
chr8:116175103-116175604	Basal	1.34956813866563	0.0154424361284698	3.26843921407751	5.3124653010785	5.88992387521135	5.53360857030918	5.81684913318014
chr2:1706953-1707454	Basal	1.34914712327618	0.00643344607597071	2.22435362093269	3.61915093273017	2.60687806347671	2.92131136604528	2.68022004353399
chr19:22735783-22736284	Basal	1.34880210414217	0.00392293732949737	2.84081365282951	3.7901171372163	3.21181336665369	2.75420005759972	2.76836884970927
chr5:16987088-16987589	Basal	1.34872783863374	1.44243693810635e-05	2.48041628324567	3.03360716853235	2.427883757336	2.56476707436474	2.45455409731787
chr3:185853755-185854256	Basal	1.34869220201358	0.000126746460240674	3.12035926615262	4.36123554691718	2.89277794157687	2.85770559575382	3.03467874751486
chr1:235089524-235090025	Basal	1.34836555953548	3.86616478757138e-13	3.90830532974703	4.93815868091883	3.7928183716725	4.15534823037847	4.14702778666011
chr2:1745489-1745990	Basal	1.34827241264755	8.96724681120822e-06	4.12429574936886	5.17103878954094	4.56667280179705	4.90469448223578	4.60346459587066
chr7:130396963-130397464	Basal	1.34783160046735	0.00228701165229943	2.85558741338157	4.00073901983675	2.71085532563953	2.82977735977615	2.62079421222302
chr1:155274222-155274723	Basal	1.34753600429473	2.30351795866015e-13	4.8812675048975	6.04543683130258	5.20034915917613	4.99821212289531	4.94678067141973
chr8:70632588-70633089	Basal	1.34744103495389	2.82975660370608e-06	3.32515106038759	4.11712035561983	4.44055160188131	3.97809985766946	3.86090217614066
chr19:39161560-39162061	Basal	1.34726763493537	5.78439825562376e-10	4.10512006413923	5.42233342946102	5.24453145555871	4.87682785400106	4.89966936621945
chr11:69213418-69213919	Basal	1.34715040381412	5.18436502029558e-05	3.67888703747113	4.88408340381709	3.37155518866468	3.18900864121794	3.56917030229141
chr7:77539867-77540368	Basal	1.34647052056757	2.41187033096254e-05	5.05054091814012	6.23148075350721	6.25232078694805	5.24839971582678	5.65099703924822
chr1:219575809-219576310	Basal	1.34631806889969	8.33461024382915e-05	3.00014867264853	4.02774908026425	3.30225242257683	3.4378612475845	3.24149896580944
chr1:161087890-161088391	Basal	1.34583179118168	0.000199602046768559	4.47610366367128	6.03288280791809	5.53724946462717	5.16687227966584	5.19967656163243
chr6:19836062-19836563	Basal	1.34582352590125	0.000245394300066782	3.84866255564086	4.81392844272126	2.94894769448465	3.63595832330157	3.07359804547818
chr16:986117-986618	Basal	1.34529798680143	2.0173156079213e-05	4.09273282010821	5.09943770235592	4.16547996274678	4.07945991264369	4.02134250624724
chr4:54660525-54661026	Basal	1.34517354935642	3.23671514757804e-05	3.30889467948587	4.49179032883648	3.48539510832909	3.59675782693859	3.08763982411022
chr1:231339211-231339712	Basal	1.34516011743038	2.22982800104438e-09	5.18603655687476	6.2750797934592	5.31647682581387	5.15041066408099	4.9314241215888
chr2:229934891-229935392	Basal	1.34481489021941	2.75583362828357e-08	2.96870981907141	3.86653099339186	2.68257700499833	3.21819824452377	3.0154160486133
chr8:23167777-23168278	Basal	1.34464732351477	5.70093040128457e-06	3.43728899616162	4.14693184398052	3.10872358143035	3.15243706701097	3.0430081725829
chr1:198542597-198543098	Basal	1.34453435148038	0.000138920633845622	2.71397096208782	3.51995285811979	2.22400771481055	2.7031059086822	2.70087149277581
chr6:5958255-5958756	Basal	1.34450288926448	2.43529975275584e-07	2.71725617110977	3.45043084165117	2.5618227509707	3.17505372026389	2.74252840559648
chr2:262420-262921	Basal	1.34448100317853	5.06346230056692e-06	4.45358845477931	5.38242334848264	4.05227332141738	4.18664737015227	3.9977536335106
chr6:79230048-79230549	Basal	1.34407751348979	1.06354367589542e-08	3.54290905096861	4.59144963924037	3.09420485919032	3.39949415322379	3.09339713137739
chr7:22852872-22853373	Basal	1.34363703671933	6.89373276782702e-08	4.01078032714779	5.08838932829633	3.36952197720507	3.57420255680505	3.49667538125991
chr11:118625866-118626367	Basal	1.3434381475102	9.13803778974111e-05	4.68778461918126	5.84504205772513	5.42570505924241	5.0026989825046	4.49696693402028
chr2:96534094-96534595	Basal	1.34298256363544	1.38300916479208e-07	5.05180512192001	6.2385180729674	6.18090861192933	6.11080780965758	5.70966083343691
chr11:47640921-47641422	Basal	1.34284819957356	7.92580059917545e-13	4.64032054938194	5.78127488258282	4.50734579607185	4.55826634326521	4.5737952818885
chr1:153582180-153582681	Basal	1.34235683963371	0.00150398508038631	2.894074236297	3.71236790707932	2.87963801528031	2.81651987012221	2.69716772690083
chr18:23999415-23999916	Basal	1.34198014998268	1.38316630522555e-07	4.45351318498227	5.88245451325827	4.84391455742549	4.96752011037382	4.89920923942275
chr2:71482666-71483167	Basal	1.34130780366527	4.55538883297698e-07	3.1025053411834	3.71026428076396	2.92822452541871	3.09117858968573	3.13336601632643
chr6:105319324-105319825	Basal	1.34089439377558	0.000323736909559714	3.57836816579591	5.0550511142687	4.52034200834401	3.82520638005718	3.66324358944285
chr13:37944032-37944533	Basal	1.34076638514523	3.24362082014843e-05	2.98415899100625	3.48608379888668	3.64746511801791	2.91530979700047	3.08061470775722
chr7:141007569-141008070	Basal	1.34037766747266	0.000461767064233956	3.51904347703025	4.31505406019411	2.68052334758329	3.20436207776025	3.35528145762876
chr9:38183002-38183503	Basal	1.34034892638496	4.09824666627592e-05	3.35621926752193	4.72041183942944	5.45176942709672	4.41021651861986	4.41088713638273
chr1:205507356-205507857	Basal	1.34033895869024	4.78726905092029e-05	4.0456155155564	4.96584475574897	3.51912796076009	3.89178042639129	3.81924575859548
chr2:27203792-27204293	Basal	1.3397580130101	2.47630235756388e-15	3.73336109947188	4.66343752099354	4.04887795126745	3.71230338411626	3.78227958187925
chr19:16529424-16529925	Basal	1.33881989172587	1.01033087971594e-20	3.99553833911183	5.12292942276534	4.15668166869072	3.77615718093003	3.95574577209566
chr19:5896529-5897030	Basal	1.33869700240163	5.81329080854007e-10	4.59186444603007	5.35083186970937	4.30132200259537	4.43111848669503	4.51166591075564
chr7:56077579-56078080	Basal	1.33849102859674	2.96908351450524e-11	3.96818772808429	5.04016928349933	4.57161695023692	4.18361236589159	4.38261285017368
chr8:120098108-120098609	Basal	1.33806439231933	5.3089275347701e-05	2.63860881921802	3.15347546502949	2.45142598892817	3.15481940267668	2.69112878790412
chr1:153630994-153631495	Basal	1.33799829639229	3.70237982657781e-05	5.00785872599908	6.34834515825249	6.54883819041145	6.09184688441556	5.95174028965758
chr19:12030787-12031288	Basal	1.33654506300407	7.26261945355213e-11	2.95050906622409	3.37168387025373	2.99440827865193	3.14598028706152	2.95514506768879
chr20:8133765-8134266	Basal	1.33620633486876	0.000246724075220538	3.52066322749212	4.0235745075023	3.99823894712742	3.73541393520497	3.49587969279362
chr9:126606739-126607240	Basal	1.33595364079474	1.71567717795126e-06	3.26573110275767	4.43251464584094	4.52865141225836	4.2875266402441	4.49768306837122
chr6:13984675-13985176	Basal	1.33591285847425	3.41856519314071e-05	2.67376530662321	3.54888841446837	2.38866746514722	2.51986000139692	2.46149827828024
chr19:13853873-13854374	Basal	1.33583174258705	2.96761959865037e-09	4.5824168762042	5.56678718617643	4.56420522459993	4.29530710064328	4.35007396741204
chr18:31245757-31246258	Basal	1.3350847819732	0.00129010390780415	3.68136106480849	5.290238470415	3.54229632589548	3.62204341642253	3.31352414848768
chr19:12361575-12362076	Basal	1.33480022397557	3.10596781941492e-12	3.15520043297815	3.75570821436985	3.14694463373018	3.28354994562208	3.30420849533458
chr8:130210823-130211324	Basal	1.33475581205108	3.48948353060187e-05	3.62693230371026	4.91860562582997	4.6349856287481	4.2431491439084	3.83221196050165
chr2:9847154-9847655	Basal	1.33359877756533	0.000293779917114485	3.9454271138755	5.04202123209313	3.66663985873164	3.56447748066448	3.47114114940135
chr9:13554584-13555085	Basal	1.33324559026697	0.000632233860855001	2.76226811320697	4.0034483024577	2.65178851661336	2.94422839020236	2.77460470120652
chr6:42700141-42700642	Basal	1.33297643502664	1.84465248412983e-09	3.05817900431036	3.70370616777877	3.16051207196557	2.98514533347555	2.97664285017354
chr19:14037404-14037905	Basal	1.3329523527409	2.19518690291685e-08	3.08021682664436	4.27726652301292	3.71238931222753	3.40261054151215	3.51382679824452
chr6:41598778-41599279	Basal	1.33292675427956	9.26232588839889e-14	4.57492515176289	5.61039135264635	5.10406712020123	4.72594762891388	4.88274665799977
chr2:96773205-96773706	Basal	1.33260771615348	1.87528074281425e-09	4.61994496114056	5.83796392037414	5.55905797254935	5.07888405228752	5.12869546251431
chr19:45124044-45124545	Basal	1.33238206719618	2.66232429571296e-09	4.48737239836181	5.77204348980694	5.82372692956586	5.40997904689002	5.34723659575737
chr1:83121560-83122061	Basal	1.33205976891123	0.000645436462243723	2.44773459159284	3.49748640499644	1.93550721239288	2.39924160658233	2.4086727897961
chr19:36529192-36529693	Basal	1.33112823989192	1.81681017175182e-09	5.13780155084392	6.29359500428123	5.13936945435938	4.91735851788755	4.77640350421752
chr6:10407031-10407532	Basal	1.33085006922915	0.000546921946571029	4.06026400846639	5.50636132491164	5.21322930045523	4.69769018963233	4.75290797959209
chr17:39124115-39124616	Basal	1.33038403223799	1.00876869710775e-06	3.27291415321249	4.36503606560034	4.09595295738671	3.23894310087197	3.60643888064399
chr19:36102362-36102863	Basal	1.33037405020579	1.50019056914104e-13	3.84276113402095	4.85291833379838	3.84535125268196	3.81885751493818	3.97332607637642
chr20:17444836-17445337	Basal	1.33035194873791	3.65116507614712e-05	3.14358981318902	3.88561713827822	3.09616029314015	3.01389286582504	3.16668011562078
chr19:11768259-11768760	Basal	1.33025157916876	1.01832235577219e-08	4.41560423036495	5.15429400955174	4.3134542073498	4.28083790872528	4.35561905710428
chr1:33052619-33053120	Basal	1.33003438142623	5.04526240134737e-05	2.5076600615634	3.6680992118495	2.80842862963364	2.52199693489756	2.53566720899802
chr21:44356590-44357091	Basal	1.32971510107167	2.85118225073084e-06	3.79248531419044	4.66594400652802	3.65418333995676	3.71003097720151	3.7392389785087
chr21:36994762-36995263	Basal	1.32925604021265	5.82366324324044e-06	3.54025469672044	4.29952986008319	3.28603887408208	3.81302959432782	3.52094350789102
chr2:99211203-99211704	Basal	1.32873126090525	3.527454300545e-09	3.02827851347789	3.7531881079974	3.04950172261573	2.95400104416534	2.95810127200974
chr20:21291439-21291940	Basal	1.327917321144	0.000222748567651486	3.17607161975088	3.51907962016709	3.0591626221171	2.95509939398649	2.98172599274182
chr6:47762209-47762710	Basal	1.32784634847334	0.000576803157900843	2.49594739141159	3.38829931965807	2.26263653844763	2.85701767033425	2.55495277526653
chr15:73731738-73732239	Basal	1.32771999462866	0.000632471358508295	3.24325719421702	4.29483359878679	3.89734509949378	3.3423461388438	3.50306558481477
chr5:32584017-32584518	Basal	1.327023393169	4.26138434420749e-08	4.22592537262104	5.35706494162572	4.5105188242953	4.28261120028517	4.28720579920458
chr3:186979159-186979660	Basal	1.32647615340499	2.26304586601578e-05	3.85167083170856	4.88337169724552	5.54204884332202	4.67752909920601	4.61040393814332
chr19:50429897-50430398	Basal	1.32643885377331	2.19983254589362e-15	3.96060064788508	4.52905701382156	3.84634708932952	3.90168063921965	3.83151036994118
chr19:17308478-17308979	Basal	1.32628602427361	3.02768407867703e-15	5.02538868664347	6.16453591415077	5.2672625409653	4.96774189641336	5.05660633131957
chr1:1514307-1514808	Basal	1.32608022892356	3.29030578299016e-07	3.70485712161682	4.59907170204534	4.25418605533361	3.55500129107986	3.71487504515195
chr6:38219379-38219880	Basal	1.32607834509322	6.46953183094666e-05	2.82701362544996	3.59087762610224	2.85513434577493	2.71379832604395	2.78711740383037
chr6:27667529-27668030	Basal	1.32592698856395	0.000162970632468101	3.22588075717748	4.06976434597889	3.6590893158966	2.75591947939557	2.75890791958545
chr8:144471543-144472044	Basal	1.32527355678798	3.8169449927483e-07	5.23909907274137	6.59062090696586	5.15715288547297	5.47015013028124	5.62893362427001
chr19:41776026-41776527	Basal	1.32441240340612	0.00259388974063426	3.65396924531727	5.18992618350695	5.16504508378084	4.78400354055824	4.82662486818262
chr15:40489196-40489697	Basal	1.32427436621389	0.00405933101213548	2.81251977091935	4.03944571847187	3.0167224847879	2.83469024204738	2.82730107167965
chr20:39968450-39968951	Basal	1.32385399710936	1.56203273099869e-05	2.74457400536824	3.80720636744477	2.76803398864985	2.65263453416236	2.66260876142384
chr7:158707592-158708093	Basal	1.32369997140354	6.90698246186476e-07	4.01253337351605	5.05018008455888	3.80822114978811	3.69494336770667	3.88175732145477
chr9:33002701-33003202	Basal	1.32334884551165	5.59984695048757e-20	4.00366421078191	5.03045351742564	3.9390490880106	4.21495733712017	4.02371182705947
chr19:39159583-39160084	Basal	1.32317058134176	2.3363346354252e-08	4.10146141433475	5.35685223811199	5.25719905546403	4.75790405381729	5.07254598765437
chr9:19101126-19101627	Basal	1.32305736933172	2.44033840647212e-11	4.26536494622798	5.41242078733191	4.42260652631305	4.00315090290523	3.84462607488462
chr1:234742242-234742743	Basal	1.32287193172508	2.17733869179111e-11	2.93953178563306	3.81026770489218	3.31002512085552	3.32741473548662	3.20350438523412
chr8:85473492-85473993	Basal	1.32264201232279	4.1786487628535e-05	3.25685339147965	4.1738417471016	2.87312872519778	3.27993018866194	2.89585413095755
chr7:17705399-17705900	Basal	1.32195673696338	4.5036033815453e-09	2.95149872760776	3.81779827333453	2.8747380415531	2.86003581217975	2.87408035411812
chr1:110266268-110266769	Basal	1.32160975848822	0.000151115413589853	2.73574525075581	3.55658899309033	2.83033055767265	2.53416068311596	2.5193862641769
chr15:90318449-90318950	Basal	1.3215416110628	9.18987013785978e-15	3.95364520441369	5.21335520080658	4.3803042218982	4.28235457207015	4.27607715546089
chr11:70502654-70503155	Basal	1.32150205719083	1.16509316611374e-05	3.55760253637704	4.64477463444974	3.78786373248482	3.64306386811126	3.99258071633306
chr1:205478653-205479154	Basal	1.32137809665691	2.08126901798874e-05	4.41446599980856	5.90455930940391	5.51992679442178	5.30988949945668	5.20859568825636
chr2:82137414-82137915	Basal	1.32104817352623	0.000100925616428461	2.6512356661845	3.38022591052501	2.5519281333293	2.73812182366377	2.68363538604499
chr9:5625908-5626409	Basal	1.32047510826225	9.86993949236006e-10	3.87497328844763	4.94698177599245	3.8447571272206	3.89109820927127	3.79497320012756
chr19:57656267-57656768	Basal	1.32038450617262	0.000592202906146485	3.07733130714158	4.31274189344201	3.09577761863084	2.92005195837553	2.95850467138656
chr12:7756992-7757493	Basal	1.31958535179846	0.000375974033894275	2.53771913682665	3.06399693253063	2.58331548783131	2.95074717474402	2.96731107812766
chr18:35691106-35691607	Basal	1.31950604974249	0.000560201825203555	3.0320484923283	4.09835655598959	3.59327214128883	3.45236134270887	3.41352596079341
chr17:38331616-38332117	Basal	1.3194534234041	1.38529748724365e-07	3.70028445272029	4.77760646575055	4.47580084777313	3.95490175645887	4.0778136324948
chr19:17325006-17325507	Basal	1.31924256931911	8.81163845176266e-17	4.76215326796542	5.95954822859297	4.98932380985803	5.115674263651	4.81387096892837
chr10:123149740-123150241	Basal	1.31890626687771	1.23199162656809e-06	4.6793183459438	5.8147281603489	5.24250244304253	4.77093858707277	4.60315571410305
chr19:38720786-38721287	Basal	1.31880444498809	2.15235521541439e-14	4.84050232512474	6.05959659668028	4.78530905113275	4.7872221378259	4.84757110019251
chr8:91463331-91463832	Basal	1.31879554475399	7.26661956461709e-06	2.91307220930542	3.86102199344553	3.18219705194064	2.95313688393859	3.30794616559733
chr1:164976784-164977285	Basal	1.31873803614088	9.56742777805712e-05	2.90695190453754	3.68714525409021	3.1172688153029	3.11916947911695	3.19584681342346
chr2:63049306-63049807	Basal	1.31867380161584	0.000175991311835726	4.79414227918988	6.06615041574794	4.66972463848243	4.31453486896035	4.24917624688793
chr7:129587721-129588222	Basal	1.31855923834805	0.000311951859176381	2.99402682301672	4.1577488295738	4.20565997775275	3.36528116480598	3.52697823967544
chr8:80145256-80145757	Basal	1.31830714251947	1.77822132306715e-06	4.28421763957491	5.56149409348402	4.9049789993513	4.33854099901499	4.86207112180127
chr1:31174523-31175024	Basal	1.31824518053613	4.14980795686106e-06	3.82425081140571	4.50449714065836	5.20151010383998	4.69057501600801	5.0488063873875
chr10:121311731-121312232	Basal	1.31805797591125	0.000315004850230764	3.0759796281461	3.62347676781757	2.57243824025557	2.6870698618415	2.73107100758696
chr9:27533279-27533780	Basal	1.31787549525067	7.3806282217994e-07	3.24460105309939	4.35800414886184	2.57085211386489	3.49764821695724	2.95176426699897
chr1:224930802-224931303	Basal	1.31786611623178	1.34871542544213e-06	4.02207778536372	5.20998721335245	5.01801196584963	4.4516447819294	4.65126474261616
chr17:60744544-60745045	Basal	1.31752835447369	0.000229661065374767	3.7586567767391	5.15747969445266	3.3865055879651	3.80943902786568	3.62480918792464
chr13:34004730-34005231	Basal	1.31727098708013	5.15391669843383e-05	3.00942132713442	3.57867424647839	3.02213919193672	2.82805194620046	2.56243217340381
chr2:72684030-72684531	Basal	1.31592649464015	0.00010095057256462	2.70780106161154	3.79282262368429	2.69040558943133	2.63588876706339	2.67751490281238
chr20:50845844-50846345	Basal	1.3157582897298	6.69112144334993e-07	4.1555251230876	5.26681069988643	5.13787132497702	4.63736505678031	4.69842148038159
chr19:36131761-36132262	Basal	1.3157005273543	2.39796290905974e-06	4.53355785595555	5.88771989968919	4.98470179612662	4.52423227016179	4.52203306103886
chr15:74046979-74047480	Basal	1.31569077167442	1.49034593278773e-10	3.95641531438343	4.90105778103333	3.95964480786474	3.92165329354008	3.71075431995721
chr1:225799023-225799524	Basal	1.31535524891982	5.53049270359129e-06	3.13309299250431	4.21799814748375	3.55016787343699	3.26780351687799	3.46690474454476
chr19:35729653-35730154	Basal	1.31529592516159	8.62642851673618e-21	4.3536273988858	5.47630048750277	4.52441914123688	4.2913685405722	4.31015868241368
chr7:150319040-150319541	Basal	1.31521994263486	4.45938782264137e-07	3.72150804339335	4.76061836006023	3.45500586289256	3.66178909661127	3.51919129416692
chr7:129968980-129969481	Basal	1.31509863767395	3.55844262516369e-05	4.12414549977975	5.43630673602768	4.90200468459382	4.6613785494705	4.6952831371191
chr19:16820140-16820641	Basal	1.315022771904	5.55233322556316e-05	3.27983589177002	4.2061685268985	3.26962501541027	3.05801677188359	3.35432223748262
chr3:48923094-48923595	Basal	1.31459875426139	2.55793444325649e-13	3.06860047417957	3.72463958101455	3.30991276443753	2.91482751972255	3.01861223878743
chr8:102636278-102636779	Basal	1.31346973752202	4.4415908122543e-05	3.51980137520687	4.55834857595115	4.47175170067267	4.50738215503684	4.83724530729991
chr15:101086233-101086734	Basal	1.31309884016546	0.00285080668254995	3.0669938190216	4.0651637276414	3.91903968118066	2.80955354388685	3.19797397946816
chr2:211561717-211562218	Basal	1.31308525171211	0.000716938100685748	3.15643788541805	3.88330907931336	4.35310782723142	3.82801206326428	3.9953200402348
chr6:106620441-106620942	Basal	1.3129103338652	6.37593938163406e-06	2.8621877789335	3.58790433895509	3.33118998350594	2.69596779287938	2.8119836932343
chr10:97290860-97291361	Basal	1.31289516885747	1.87577502449008e-06	4.23498826943273	5.4073940587356	4.56870175214908	3.68221758246336	4.30180153630451
chr19:9068893-9069394	Basal	1.31227306956844	3.08286808799534e-07	2.51592885682671	3.40560702579551	2.62429607342364	2.64050910060425	2.43637854116834
chr2:26003544-26004045	Basal	1.31199519691557	9.59575830676004e-12	4.04007983661385	4.90892372421306	4.06770798875178	3.9018709870869	3.80201780254441
chr1:239720267-239720768	Basal	1.31179335125527	7.78151034893322e-05	3.08629015955816	3.77711144008614	2.68730779885863	3.17263821986534	2.79829758612211
chr3:11639979-11640480	Basal	1.31167769580436	2.31986216645619e-08	4.29575912961223	5.27663260671327	4.1212143362717	4.16384276663593	4.12577095177262
chr1:244839610-244840111	Basal	1.31153912098615	1.8076039925918e-11	4.94511586560343	6.00896820885747	4.63253444077048	4.97637726620337	4.94266338080266
chr19:45175600-45176101	Basal	1.31138148274566	2.81147507337534e-12	4.51065190023428	5.25848568558823	4.42922636514226	4.28233626175466	4.49586099756339
chr19:35112494-35112995	Basal	1.31125234654031	7.42157839546568e-08	3.80463823241699	4.91199609954619	3.89561714077438	4.11709963347808	3.96437813030814
chr11:69501406-69501907	Basal	1.31038110378023	1.92763074024802e-05	3.42253620030762	4.13309362948856	3.25062824107217	3.8529136983511	3.97586966586777
chr2:70360300-70360801	Basal	1.31037809950316	0.000188527899816129	2.5855350275416	3.88443946804372	2.46131739181634	2.6634412656591	2.61993813616828
chr3:197480269-197480770	Basal	1.31025287425425	2.99148572459775e-05	3.58846047813365	4.62478884964662	4.86268429825296	3.47734704272291	3.7273600380959
chr2:38512147-38512648	Basal	1.31002159272679	2.77665659040639e-07	3.4941523801276	4.51907009141344	3.68779579637625	3.81034968373504	3.55543447232901
chr19:11976168-11976669	Basal	1.30991823937562	1.49197639594761e-05	2.97971535292006	3.57490260657522	2.91387887136421	3.03308762687773	2.9806385718756
chr1:156690996-156691497	Basal	1.3097665981477	2.963181133585e-05	4.71981248131387	5.99964613275719	5.69177407854678	5.81763126173595	5.82151618321032
chr19:13028505-13029006	Basal	1.30970373816107	2.96129753579299e-06	4.10245926987138	5.11629151042624	3.53550484733192	3.96414044148497	3.7394278442276
chr6:67721962-67722463	Basal	1.30959744200344	0.000824434719445506	3.42123436455064	4.78690117060474	4.11513735885617	3.92920869194613	3.90663356942238
chr12:42586226-42586727	Basal	1.30953345324517	0.00217853338954362	3.29795557078001	4.30329036423217	2.8849038485576	3.06402017333239	3.06176802864797
chr5:150704710-150705211	Basal	1.30939702599087	5.03099539641089e-09	3.26219059209301	3.95215326339006	3.0127495567284	3.34352834794492	3.39016767850283
chr16:86723648-86724149	Basal	1.30921558457314	4.06196332725819e-05	3.05844647273752	4.02121803506192	2.71653329119313	3.05445006359088	2.66242609558959
chr6:27672755-27673256	Basal	1.30849482402003	0.00162113440190433	3.57876815144979	4.61095920213304	3.76719393041859	3.02556105330601	3.11842800313951
chr22:11348175-11348676	Basal	1.30848476381162	7.0582180727052e-05	3.21275629862066	3.88866151558871	2.47326068149033	3.23786285461775	3.07607008770462
chr1:153516547-153517048	Basal	1.30788425610311	5.83072666765696e-05	3.87742686078033	5.0716333311684	4.43867743531775	3.50497373318546	3.53787819056668
chr8:140447409-140447910	Basal	1.30777474743356	1.6813363256798e-08	3.85403870755599	4.52159389678545	4.05342366486528	3.65245456095818	3.74053482992888
chr1:235330162-235330663	Basal	1.30765093562255	3.7076579528089e-06	5.01030970522272	6.29007209111238	5.72647877476723	5.00187419289566	5.21664443267211
chr1:41448767-41449268	Basal	1.30741671722382	0.000434718844166706	3.89310385350786	5.31229875983371	6.26317764115543	5.32204432335071	5.23835731649285
chr8:88131741-88132242	Basal	1.30740467201179	8.06727472885621e-05	2.73489694807896	3.52456474552194	2.51228883400804	2.79858251445025	2.82172055984223
chr3:138069905-138070406	Basal	1.30666522039705	5.28493420030947e-05	3.52677455237282	4.34013738237514	2.85822590225111	3.60178965096224	3.37962754774579
chr1:9655276-9655777	Basal	1.30648184220214	2.34847671434392e-06	3.46850178597348	4.2014951319879	3.04457410517819	3.17409770808189	3.49813932434933
chr9:71004107-71004608	Basal	1.3061392248032	0.00017435040816585	2.82640456688045	3.54743814961991	2.7460488835099	2.60264926836373	2.58928597982613
chr9:15553856-15554357	Basal	1.30609021323494	4.33550872948939e-11	3.95618252243971	4.94152396376427	3.67606645650717	3.65870163925819	3.56054675616081
chr19:37467871-37468372	Basal	1.30572432124774	2.5449443259374e-06	4.55952403883768	5.71243925681615	4.62134746986382	4.68540380296828	4.58594359756575
chr16:11828616-11829117	Basal	1.30568167540989	0.00056735554909601	3.24050292254564	4.41252132123141	3.93103351864737	3.8428042019608	4.02285428752594
chr3:194142861-194143362	Basal	1.30557248402097	7.7662187329292e-11	4.44151366420107	5.58449527276694	5.06661780146445	4.80384896557884	4.72760679939811
chr10:73695234-73695735	Basal	1.30521657444575	0.00443700505653911	2.29228656843845	2.92231243018223	4.29435015110347	2.57242263543122	3.31234445396241
chr9:87495895-87496396	Basal	1.30508911817588	6.33001683129051e-06	3.43667449523795	4.42544565002219	3.07274337166478	2.92442068520379	3.07301365787688
chr20:59885012-59885513	Basal	1.30472933598201	0.00473147843951871	2.75826783236231	3.77210280515884	3.912209489875	3.24958618438053	3.26503635889583
chr6:27144656-27145157	Basal	1.30447494823518	1.39970455821547e-07	5.42222822810685	6.31953718990672	5.62648545758222	5.28132231027457	5.55493827993126
chr6:10408402-10408903	Basal	1.30430881031186	0.000716745442007914	3.77903082929506	5.11119396600092	5.07068408812017	4.61679436839289	4.45621004501099
chr6:79452698-79453199	Basal	1.30426541580324	0.000239402667856741	3.34153764109517	4.35024344789367	3.8322061957732	2.90536402796295	2.92591707857899
chr1:116434796-116435297	Basal	1.3040059909281	0.00032657857060566	3.04637789196881	3.70466785840554	2.61477360761297	2.81413469915516	2.77969621799168
chr1:201564692-201565193	Basal	1.30393067864265	0.00121920138565524	3.53373824821604	4.55322742215209	3.08205447164767	3.74741582553189	3.49402173926915
chr8:127489819-127490320	Basal	1.30381407629442	0.000763226282823887	3.37013955434996	4.73112985949774	3.41749596068156	3.36475804961113	3.12099576594613
chr22:46492510-46493011	Basal	1.30378338740552	0.00204889515269616	3.16755718022211	4.5544401593927	4.57153414007235	5.07662046845523	5.34601422637826
chr21:41470961-41471462	Basal	1.30374974853779	0.000186463087281426	3.72190325106406	4.81665027440008	4.40365752131438	3.31634989517829	3.72798357587918
chr19:52327257-52327758	Basal	1.3034126624749	1.0259164637708e-08	3.22938115286025	3.97136315273923	3.32110305788671	3.37757935528582	3.16611961346794
chr16:464191-464692	Basal	1.30320567651295	1.32589435866177e-09	3.71834965640303	4.63517259924762	4.70362309206104	4.04780238865699	4.49821948181736
chr2:44931356-44931857	Basal	1.30313083604772	5.15052895268787e-08	3.12400121943783	4.04945511190631	2.98133282154551	2.95427388158219	2.94738954158011
chr7:55746841-55747342	Basal	1.30246045334649	8.751914482774e-05	2.02863960068911	2.94066110627448	2.20010488440275	1.95185672059951	2.08741407449515
chr9:69674055-69674556	Basal	1.30235601537219	6.66396537952863e-05	3.99345936512733	5.21828802294152	3.78496595088658	3.87994645109118	3.81203343762988
chr9:17929307-17929808	Basal	1.30235587524763	2.01173518480914e-05	2.84493479048458	3.3994504301984	3.55879109301382	3.21842945233753	2.80977805438447
chr1:154940720-154941221	Basal	1.30215775161692	6.65222097641898e-07	4.98182992982748	5.81556639280971	5.19227662241573	5.04518077412238	5.11889902588881
chr16:28540313-28540814	Basal	1.30213217429962	6.7867599629212e-08	4.25354723664643	5.24698007463539	4.50654014360184	4.3806902289124	4.39976386703714
chr6:26227879-26228380	Basal	1.30204944201864	2.63841847519913e-08	4.1636563051301	4.8437055695354	4.26734629063628	4.22551545252135	4.44716838010428
chr19:13920392-13920893	Basal	1.30191158857324	1.62472968946359e-15	3.91680045365022	4.69051960781926	4.3373509691864	4.03125751981629	4.07413946884608
chr3:18420437-18420938	Basal	1.30093527933226	2.8154279796702e-06	3.80446804233061	4.32314720561965	4.90900432708565	3.69462329457073	3.88959690922674
chr11:65108004-65108505	Basal	1.30044015280919	1.24525643664751e-10	5.05126210856196	6.17383139318166	5.38576652822502	4.91473011439937	5.20632688934052
chr20:53811132-53811633	Basal	1.30038302868751	3.26837049629722e-08	3.31538096339266	4.13997517331726	3.80840735824643	3.76351318579908	3.6683821762411
chr8:142778347-142778848	Basal	1.30037073274687	2.84491556024352e-07	4.75100211045466	5.98463991518911	5.38502401808055	5.32809277289824	5.41000369379678
chr6:106393262-106393763	Basal	1.29995419455162	0.000266261221508838	3.49057119180093	4.44180182673221	3.95362353400635	3.40756675280044	3.62264152973773
chr7:6078539-6079040	Basal	1.29994984290179	2.45553833381398e-12	3.71605902937803	4.34258957968416	3.42315845322333	3.65933743500462	3.65877981914488
chr7:96079984-96080485	Basal	1.299771925309	0.0143545361145307	3.31985434849777	4.68599232800907	2.46202048262099	2.62891384722045	2.50877673069355
chr1:165829689-165830190	Basal	1.29950215136356	1.57365844859265e-07	4.7487135727359	5.99892054148537	4.91886941164331	4.6953978271003	4.70428475568389
chr19:37698910-37699411	Basal	1.29892871288845	4.06208929204302e-07	2.79498793663132	3.62090073361491	2.7633465375836	2.901262870773	2.73401418191572
chr8:10339179-10339680	Basal	1.29888305441364	0.00247416726760227	2.6784147369904	3.28509048020149	1.73140023455537	2.5654211869637	2.33169809922299
chr19:46789245-46789746	Basal	1.29857013719613	2.07281591071006e-12	4.69290274411488	5.74022718986295	4.87378143620705	4.99271844734366	4.86309430712895
chr3:102527327-102527828	Basal	1.29854766716736	3.25677259045746e-05	2.83081143522024	3.49134504894772	2.90153349300382	2.79601701720223	2.84994605079527
chr8:127803205-127803706	Basal	1.2984027388511	0.000259795935051436	3.77441233930358	4.99788791248706	4.39937341719581	4.372719229883	4.63930961930093
chr7:99469440-99469941	Basal	1.29839878852014	1.46338336859497e-12	4.80004849891134	5.93727825825358	5.07246787315195	4.86893786376159	4.8031012490264
chr19:34233598-34234099	Basal	1.29766438320659	1.11858524997605e-08	4.12421764731259	5.28846429701874	4.33816776389891	4.43856119043509	4.14637024499055
chr10:5465389-5465890	Basal	1.29752893463672	1.84358006857741e-06	4.23021004752433	5.48738152869136	5.11463901579757	4.37747219687511	4.67864076916926
chr14:36798819-36799320	Basal	1.29742965351335	3.56101275716177e-05	2.68719506490495	3.06069931322788	3.33009646894332	2.92895086458754	3.07172756709843
chr4:83686107-83686608	Basal	1.29741184447162	1.70858108915533e-06	2.94989045823719	3.74558624054785	2.60367924319585	3.21809892973869	2.97261461442719
chr3:71894002-71894503	Basal	1.29729908758405	0.000247069968261403	3.41403489623066	4.13402059095368	5.25526211601211	4.46955634315341	4.53180066545628
chr6:41692904-41693405	Basal	1.29666664204956	1.38418064923438e-07	3.90698699774605	4.66299312995103	3.72110476544404	3.5814559823272	3.54160780869664
chr8:127724490-127724991	Basal	1.29657651097369	6.42247635561224e-07	2.93303049865585	4.23285308871606	3.04151579675481	3.11368252828405	3.31783919211262
chr5:35310219-35310720	Basal	1.29610756232612	0.00403892485273632	3.0720504436069	4.47545558686508	4.85605913999514	3.73313052582705	4.00472496012217
chr10:26783600-26784101	Basal	1.29570560307197	0.000144404770976405	3.6898104317953	4.56128929398864	3.87446573793672	3.28805060331232	3.46402463803664
chr9:21988434-21988935	Basal	1.29551073475779	0.000540147408457132	3.55328061129278	4.22983084618526	3.43304592490318	3.36020413099724	3.23805843228179
chr7:148928251-148928752	Basal	1.29527159810275	1.47034652006073e-05	3.05649206059006	3.69498418697581	2.73220918679305	2.67405854445367	2.97167580243059
chr3:136993694-136994195	Basal	1.2952356415841	0.000156501260347021	3.9337655991666	5.24657039753276	4.41820053166527	3.68625977055149	3.60647612680965
chr8:25102250-25102751	Basal	1.29471583522014	0.000364832794586693	2.80608561744366	3.31742240410614	2.34849256981386	2.96474772508667	2.70479812032678
chr6:106627006-106627507	Basal	1.29416697851302	0.000107609486824703	2.96417719245718	3.84667175434512	3.53197474830163	2.73905290221648	2.52615737956971
chr17:73258545-73259046	Basal	1.29393408365308	4.02902655117161e-11	3.67344872063262	4.61476678231974	3.66392404358373	3.91168530569104	3.979746220159
chr11:26834498-26834999	Basal	1.29349992879945	0.000909819962148978	2.60026829043517	3.73674781700954	3.01618405448895	3.28758807986028	2.84546367891407
chr4:38802672-38803173	Basal	1.29348049435012	4.52602741198473e-10	3.83433029681481	4.59601087137021	3.8158890424126	3.86527814967558	3.86176877874342
chr12:113587619-113588120	Basal	1.2932258903225	0.000803227686369585	2.69274085222249	3.11915195268771	2.25637023723858	2.73643877433229	2.55272852001553
chr1:246082717-246083218	Basal	1.2931663124762	0.0068537221992228	3.05643330914999	3.69205027654044	3.36296749498432	3.28415857759661	3.26135520260702
chr16:21523940-21524441	Basal	1.29306108748926	4.04150574930122e-10	4.58393756343042	5.17000096165751	4.46903231100844	4.87991169708999	4.8394699588781
chr9:135878830-135879331	Basal	1.29250022031154	6.00650814391262e-07	2.70291327732579	3.08906476129208	2.67731652544172	2.46030901132836	2.65540554042268
chr1:9686571-9687072	Basal	1.29241925368744	5.8927230415541e-09	4.09325432086415	5.07294960017838	4.1333057081733	3.95593934698279	3.77129364201759
chr20:50240668-50241169	Basal	1.29238100539654	2.82471033784003e-06	3.95534204108856	5.30775669926477	4.61030592280057	4.55926298344577	4.42573689101428
chr6:28836638-28837139	Basal	1.29213098170551	1.58223235521376e-09	3.76077693020411	4.59491221437232	3.87364439741824	3.84369711132923	3.75972504661533
chr4:54229624-54230125	Basal	1.2919277142193	0.000118646441830244	4.40342106173977	5.64753063225767	4.03865681528955	4.84005726282573	4.08351115684497
chr2:26301724-26302225	Basal	1.29164069701919	7.66850457706884e-06	3.76466172561219	4.86430027720768	5.96218431346197	4.82840572096342	4.79356819523615
chr6:110914042-110914543	Basal	1.29158015049317	3.27186105323355e-06	2.59831000268097	3.16759234212765	2.8764362677693	2.31501289140672	2.62753843667551
chr2:96669540-96670041	Basal	1.29117320447296	1.68015780845766e-05	3.76934189474555	5.01561781778202	5.5930163783398	4.68229620138647	4.79205064143618
chr8:136669936-136670437	Basal	1.29098793801821	0.00105257714622361	2.80370023760161	3.48860554337851	2.73557807271805	3.17634472910208	2.81193087339036
chr3:197028036-197028537	Basal	1.29089156393785	1.22825372742287e-07	4.93935274024794	5.96704092550929	4.79754471615018	5.00281218883802	4.81322774747995
chr11:75462740-75463241	Basal	1.29065098513869	8.27008420050029e-07	3.72157866905897	4.62860542107448	4.79398099655052	4.32469119508731	4.23707646581762
chr9:36322556-36323057	Basal	1.29061556822449	6.52483700847956e-05	3.99277800925684	5.02139714561631	5.78229790667594	3.99918623409166	4.11141188073221
chr17:81643528-81644029	Basal	1.29003797675284	8.35424022485261e-05	3.56757286775812	4.59414800900172	3.53892131741442	3.62155323135852	3.82797006542431
chr3:73566498-73566999	Basal	1.28972975583383	0.000153514741019307	3.08124203825829	3.82698818262412	2.80941454664347	3.0093965099273	2.9162419245806
chr10:59909660-59910161	Basal	1.28962178977502	1.30918676646881e-06	3.79097721908368	5.05321795112396	5.54764436841698	4.02776150163944	4.02823448275897
chr8:116090184-116090685	Basal	1.28938199861361	5.3179820408572e-05	2.90057904543557	4.16220412944471	3.99320757117224	3.99071032962511	3.79260500079055
chr2:28709916-28710417	Basal	1.2882110929143	7.24421525857913e-07	4.08073127091991	5.40032281878177	4.37713051853025	3.9869317032138	4.00116682559339
chr12:54684222-54684723	Basal	1.2880571418527	5.97621912048793e-05	3.63869430946803	4.77027147183204	5.14236169677976	4.92048126139184	4.32557849719419
chr20:11429815-11430316	Basal	1.28771997813642	0.00025319820508972	3.13965557046914	3.69056832779954	2.89738231667093	3.1214188706582	2.72377212933294
chr17:75981190-75981691	Basal	1.28731544710951	1.16070218500855e-09	4.6277019777781	5.81529148570639	4.4950145638516	4.40219434955637	4.65297278393892
chr8:66525847-66526348	Basal	1.28708901973484	0.0123702396723472	4.14539827748935	6.12294086825506	6.29238027484155	6.33931452011364	7.01010666970565
chr17:49975553-49976054	Basal	1.28700238315284	0.000108601459144245	3.96528797991185	5.12756116907357	5.87843789176477	4.78044216408104	4.87194033879534
chr11:45863493-45863994	Basal	1.28645261673289	1.10720676089105e-07	3.69401742659563	4.59740835799363	3.54071146723652	3.96399001523622	3.56669354148548
chr20:31913363-31913864	Basal	1.28636322499702	3.42709133901695e-07	3.13896030848669	3.91450592344858	4.06396692091804	3.4168038474524	3.72158991021305
chr2:202031844-202032345	Basal	1.28628047016954	1.28964994690905e-08	4.1111340138409	5.21644466267451	3.89707184670051	4.32775248618459	3.86373017984389
chr5:42814369-42814870	Basal	1.28617767164182	0.000734172981932253	3.23313480297824	3.76728551218635	3.60344026362187	3.48225747738296	3.28190407050712
chr7:96132941-96133442	Basal	1.28613572324128	1.76576395581134e-06	3.28825928063021	4.09514976109677	3.39432917446214	3.15515248968617	3.09285905349054
chr16:1744294-1744795	Basal	1.28536608476539	2.10798609335781e-12	4.18894272158609	4.90836812401952	4.15194710953607	4.34222769281469	4.29366964451554
chr6:36024367-36024868	Basal	1.28523902214766	7.51941325160963e-09	4.61557312581142	5.74150042741704	5.07363833649927	4.87718182196152	4.91412913469449
chr19:36487955-36488456	Basal	1.28515108160745	6.09473778400482e-14	4.32059856189586	5.41520265205248	4.20954176549082	4.2350773557074	3.96773686780854
chr7:142884291-142884792	Basal	1.28507897228859	0.000148220326837618	3.81377538240543	4.97724583222676	5.00550638461395	3.90492044294294	3.92276470466302
chr5:180424073-180424574	Basal	1.28497985188714	0.00066978257184719	3.21644262590976	4.2857148198123	2.49723668654604	2.95652662458196	2.83354411230008
chr9:83975244-83975745	Basal	1.28479573571103	1.19922350997845e-09	3.84131150295158	4.44063288149455	3.76078953697135	3.72048899420537	3.73367599097409
chr18:22083616-22084117	Basal	1.28477754291731	0.00012906580738017	3.41971431487864	4.22150676986733	2.63863560282095	2.76618304875025	2.912826812289
chr8:99791333-99791834	Basal	1.28447754185338	1.73710225338588e-07	2.88398671803017	4.02736698199442	3.08224672774867	3.13567936063634	3.50264516270772
chr21:45036849-45037350	Basal	1.28443890504059	5.13715001531433e-09	2.9624759381936	3.71014794973802	2.79161890116664	2.97544941918572	3.17038449783949
chr6:19898152-19898653	Basal	1.28431511673066	0.000831779411092349	3.03173380368708	4.02276867798814	2.97403189036464	3.09873081536908	3.03145479326217
chr6:137977103-137977604	Basal	1.28339786114683	9.46092418220073e-05	3.69573502342339	4.38634269997138	4.33268752875772	3.99777200708676	3.68636156350241
chr19:16721679-16722180	Basal	1.28339195787722	1.24446728970754e-08	3.4224942421031	4.19470935620502	3.23021033003514	3.42917567958779	3.1951550163142
chr9:87084985-87085486	Basal	1.28324237056499	0.00126862797854098	2.76273940948566	3.60327429068117	2.38428055518524	2.69723080780492	2.63328080460081
chr1:214603913-214604414	Basal	1.28222881184754	9.88608473068519e-08	4.97010247799149	6.18295133407198	4.82732918527845	4.66394737779506	4.67963690523843
chr1:171769687-171770188	Basal	1.28221751795644	0.0121622098838568	2.74101424747661	4.03670711060481	2.21880198371054	2.62251064378739	2.67751797160942
chr6:53063855-53064356	Basal	1.28202031620687	2.0344274828142e-12	4.92087248378973	6.09873948540196	5.14634844256881	4.99566229354616	4.95098065613876
chr8:127701137-127701638	Basal	1.28197191674881	1.88826347918895e-05	3.02006153433443	4.24862058125258	2.94876582092298	3.13869807908941	3.21785409585211
chr1:162072746-162073247	Basal	1.28183787744302	2.5119434144865e-05	4.2509621720104	5.40615413954833	4.5550436144906	4.88149641844497	4.89312501447464
chr5:90477760-90478261	Basal	1.28083232011549	0.00614841195285176	3.69350238309163	4.6108442142496	3.06797753612674	3.73859333021786	3.47005733226234
chr11:69158755-69159256	Basal	1.28067260771203	0.000204681282007612	3.64692237938656	4.30070985705609	3.45274959600766	3.65372116585782	3.99135770459302
chr14:74615539-74616040	Basal	1.28043883715012	7.82186642085132e-10	3.7835421106822	4.76427851992195	3.92245781674988	3.73300643676244	3.58540934321687
chr19:13922095-13922596	Basal	1.28041802230297	1.68493491063649e-16	3.61668476564882	4.3666616026538	3.92905060408917	3.69150396588682	3.79701942429288
chr15:23471984-23472485	Basal	1.28014806561661	0.000693421432641698	3.07738199229336	3.52173790309517	2.13046022861135	2.86139727984685	2.5650817691812
chr1:99239637-99240138	Basal	1.2799415460564	0.000116894484270604	2.66629980712419	3.44763234388818	2.44313125685378	2.77859733038421	2.68629863380592
chr19:13788353-13788854	Basal	1.27905459710921	7.61775771014869e-14	4.57708145438759	5.70958735328274	4.75878726814652	4.69265418269353	4.4648233577149
chr6:149546769-149547270	Basal	1.27889398534281	2.53475996121597e-07	4.90400156406621	6.08083320007734	5.17780166075628	4.76906677111026	4.83844136268493
chr3:42648885-42649386	Basal	1.27856987048497	8.14144269283189e-05	3.87312143805197	4.73751725026906	3.27996232564448	3.58212713598032	3.66376672737425
chr1:211460760-211461261	Basal	1.27845473088743	0.00441784334829011	2.9018623053633	4.11505216816349	3.28077689206159	4.06652780854515	3.71619342318116
chr6:39226833-39227334	Basal	1.27824949368623	0.00133588878361789	4.23867090967123	5.55645346635498	3.35004352862014	3.60078819320538	3.38028760162004
chr6:44485970-44486471	Basal	1.27824849260083	0.000152303217678782	3.59957997828571	4.8125460388334	4.14229697114273	4.11512955262729	3.64876517972796
chr2:47583637-47584138	Basal	1.27678277372406	0.000356113409511564	2.64249337261277	3.35730262856987	3.3241358920483	2.69504655293518	3.0994710145855
chr8:143905316-143905817	Basal	1.27663838953481	5.11003549726254e-05	4.81939699272673	6.18019794782326	5.6179597439412	5.58233246790578	5.82740045295755
chr1:213016155-213016656	Basal	1.2766111989891	1.41706911905388e-08	4.97977576848568	6.15626770389848	4.89205203860055	5.07408563619061	4.74039398561793
chr8:127748041-127748542	Basal	1.27609958223806	2.4239826306365e-06	3.61672483182537	4.58295250268926	3.66273572166595	3.87759713237367	4.22757366826127
chr5:2756828-2757329	Basal	1.27590724311208	0.00425331109736278	4.26373620860677	5.82484630170354	5.74375297596675	5.8306365188935	4.82642776465514
chr7:22479788-22480289	Basal	1.27590671063404	1.3729235163508e-05	3.08971951540586	4.40432147794124	4.03778062592116	3.32998827921353	3.13696928561738
chr2:6726899-6727400	Basal	1.27557867135997	0.000791406180571095	3.08404731605182	3.9324632318692	3.99705360739028	3.38281180861473	3.12292221923169
chr4:7036781-7037282	Basal	1.27502726078477	4.35866257150664e-05	3.65240191739464	4.94342444212979	5.37568328832512	5.26768801062672	5.22718139582379
chr19:29614023-29614524	Basal	1.27499983057212	4.02322389860653e-05	3.53162174107203	4.54227290627497	3.52661643112803	3.19584676516108	3.35203718212108
chr1:212790611-212791112	Basal	1.27481723032616	2.62453575732393e-06	4.37062663652748	5.64280300506893	4.63883797159713	4.39768873529242	4.29649923056126
chr9:114770923-114771424	Basal	1.27447975090695	2.05162796662173e-06	3.36432592062615	4.18516761404139	4.18623010669447	3.28832849202867	3.58148038308199
chr10:132369168-132369669	Basal	1.27436055470529	1.35506656059463e-07	3.32847451719182	4.18206562734582	4.10025648044133	3.5231919978426	3.7806460233622
chr6:34552246-34552747	Basal	1.27411771253599	0.000644403464738235	4.14103827568208	5.3371573948221	5.605330634549	5.63134327567698	5.47177016383681
chr5:93199144-93199645	Basal	1.27404464787904	0.000760213249164613	2.60136697088462	3.01804544737002	2.17371373615485	2.58879628831123	2.55724359695615
chr19:21348429-21348930	Basal	1.27376505384807	1.15718986602052e-05	3.08521551402468	4.08483416189506	4.03873995009738	3.27756028390618	3.61914269451051
chr11:66721049-66721550	Basal	1.27375147016163	3.20917139071123e-06	4.41025963282762	5.67020587428811	5.41099145596004	4.66381322426456	5.17848373502014
chr1:155233291-155233792	Basal	1.27315946941452	1.66002364182149e-09	4.25706269548991	5.31541579102272	4.30567844859573	4.37052559514828	4.38618411266703
chr2:9952538-9953039	Basal	1.27303904121479	1.88479793799435e-05	4.85695716745917	5.95807664333879	5.7740367130523	5.19981567247748	5.39288359022582
chr11:69218652-69219153	Basal	1.27293708545909	1.55465275987503e-05	3.90666618726782	4.75116798035088	4.28259763308984	3.75179730090562	4.52720427315926
chr11:126387687-126388188	Basal	1.27276737628377	7.9909854180272e-05	3.7120933521449	5.04660109320042	4.4519613247403	4.26647335390231	4.02855301152583
chr7:152743504-152744005	Basal	1.27273207980407	2.56395500746648e-05	2.93018363939794	3.64989458931024	2.58743514948109	3.14090028399199	2.72949005988429
chr6:143013586-143014087	Basal	1.2725454575455	0.00255999324554455	2.0395668847527	3.15424677931346	2.05303361621628	1.89667941840169	1.85390879476262
chr6:158557733-158558234	Basal	1.27247704027331	0.0016314275231158	4.43616988369447	5.58119354786997	5.41172371304453	5.60893028632283	5.88926130909715
chr6:15128929-15129430	Basal	1.27234189837857	4.26359177051754e-05	2.54755345574106	3.5696570956617	2.76594922674744	2.69399338675239	2.51532246404842
chr6:1948369-1948870	Basal	1.27201406249012	1.76431887709258e-08	2.84040125424417	3.6734702573354	2.81263041387716	2.67093322382593	2.69225584011592
chr6:41549427-41549928	Basal	1.27180072603273	2.78326154102746e-11	4.16484762379749	5.16129233627325	4.53734908369526	4.31919595468004	4.37175285517583
chr1:223490997-223491498	Basal	1.27120563004427	5.20086486172618e-05	3.31619221907371	4.60398119000671	4.93819772081322	4.58576843972201	4.15892294806346
chr8:121676030-121676531	Basal	1.26996434044952	6.8350651482089e-07	3.04857061904535	3.29331057115084	2.66400948784551	2.87682278953349	2.98165637156938
chr15:47824895-47825396	Basal	1.26986478478946	0.012452613369412	3.02538312440394	3.44279334182596	3.18582539547332	3.32850257144424	3.12296933379514
chr1:232656645-232657146	Basal	1.26973210742539	0.0021516831868865	2.65445843379792	3.53756393524512	2.75988912897055	3.14630794142565	3.08050358149368
chr1:113195983-113196484	Basal	1.26972544379404	0.000299208883155733	3.52590802198115	4.78381351654581	5.64174483502774	3.72167564660386	3.97361718656658
chr5:170751529-170752030	Basal	1.26903634558213	6.00591885444498e-05	4.29304823105586	5.46556105973006	4.8559222388134	4.45349569433541	4.28324552570413
chr19:13029009-13029510	Basal	1.26812161715633	2.67977337362143e-05	3.96164052195308	5.03461039456712	3.68211992346899	3.84448600168902	3.72288992838498
chr2:18961420-18961921	Basal	1.26799079075855	3.58551967185357e-06	3.05743924483239	3.62575090792796	2.68059711160689	3.32215963557412	2.89990301005338
chr10:60430646-60431147	Basal	1.26794250736809	4.60792832772407e-06	3.23440288585024	4.51045270240666	4.36234041316822	3.4105436113136	3.28283345715947
chr19:13888867-13889368	Basal	1.26745142049592	2.65375147788528e-07	4.1990968810966	4.96002055671456	4.23057703799543	4.53134586890381	4.57661376915751
chr3:125986882-125987383	Basal	1.2670990631054	0.000111097434879734	2.88726665981251	3.45873516764506	2.34815283787474	2.63304895234657	2.59103581589784
chr10:17196783-17197284	Basal	1.26594724759594	5.41294947909938e-05	3.43129513319038	4.433209610534	2.95175331360959	3.33879454216629	3.1180254237791
chr1:234614115-234614616	Basal	1.26556286103981	1.78109698587395e-06	5.05807128265894	5.89877163932622	4.95905971026521	5.16615596544751	5.05014244336559
chr7:73456810-73457311	Basal	1.26544954984716	3.97717421756883e-11	3.97628661748756	4.92995438255375	4.06809777418118	4.04403310389197	3.91198712253212
chr18:49599776-49600277	Basal	1.26509362536591	0.000447968708383741	3.2851006289198	3.87936393732786	2.95673680649612	3.08048573807117	2.99260598186335
chr12:18263734-18264235	Basal	1.26487979634009	0.00387375208389059	2.45066196598678	3.47268076958316	2.91481912785574	2.7345942484891	2.7609028764083
chr3:171767654-171768155	Basal	1.26426785849567	2.92530165415781e-07	3.23937123557911	3.65521176895093	2.66574365957951	3.12819213397957	2.99134405374712
chr6:4020134-4020635	Basal	1.26417106568931	1.38635282899489e-11	4.87491779710388	5.97284907724182	5.28093141524887	4.69889443013009	4.69631005345381
chr1:161151013-161151514	Basal	1.26400716896484	2.95668189605909e-07	3.69778509885703	4.57356352416774	4.04586767910911	3.85840647249545	3.88760398794183
chr3:53474641-53475142	Basal	1.26391764229724	0.000628644620339714	3.0560011661299	3.56454291120583	2.66849762492177	2.84397250195643	2.86005640196171
chr3:48800776-48801277	Basal	1.26389982735187	2.5610472523496e-11	3.09905790420199	3.78763827264859	2.8832532912547	3.28961877060016	3.06138460324532
chr21:39579177-39579678	Basal	1.26343717311391	0.000360033512512943	2.9819436196865	3.67785934799338	3.31456666704839	3.08085196538383	3.38886371119482
chr16:975937-976438	Basal	1.26328571159371	3.49443827573201e-08	4.39429518518915	5.05387628139445	4.41681959548894	4.26242972693785	4.29555429228372
chr2:230085646-230086147	Basal	1.26307113157378	4.84414020185021e-05	2.64878953532043	3.00121872712759	2.67923633488393	3.18169140310626	2.81242810282604
chr11:45850209-45850710	Basal	1.26280551241228	1.25427634229921e-06	4.32470480029525	5.25693825671059	4.30544463179164	5.14395383300258	4.39469661451365
chr11:67759190-67759691	Basal	1.26228210340065	4.50117519455617e-05	3.23840389914405	3.72746279467998	2.91855472229064	3.18941670547658	3.0973197874585
chr15:27054947-27055448	Basal	1.26175032871357	1.65062077222262e-06	2.6252633114856	2.90126502007707	2.0728292387059	2.61874387165277	2.57640551774616
chr7:134697275-134697776	Basal	1.26116670557738	1.35523970149831e-05	3.59263699937583	4.67416364726534	4.70282759872402	3.56881656132619	3.67899015606076
chr8:127538362-127538863	Basal	1.26089216276294	6.94860442858982e-05	3.15184209895784	4.15286129732689	3.15840098326908	3.42275071348614	3.32558440930615
chr8:142728780-142729281	Basal	1.26088417704363	0.000118848595567873	4.5039451506988	5.61907776497388	4.82605112134572	4.22186936890046	4.56224485032408
chr1:156285358-156285859	Basal	1.26070497580341	3.66825448297462e-11	5.06386759664682	6.11531970532437	5.40049303332214	5.25024508780176	5.30878076138794
chr19:10873987-10874488	Basal	1.26064202757046	4.1405545896066e-09	4.97469447066146	5.97373305417488	4.68614922852528	4.69463267471122	4.73738880902708
chr8:142678790-142679291	Basal	1.26012172171527	0.000586148366424741	4.77348752587962	6.19345445737435	5.86989191955573	5.3483812980939	5.42619441246636
chr8:96647115-96647616	Basal	1.25964740288205	0.000424680056279862	3.96534932669238	4.77404406231032	3.21921348515432	3.89540555707204	3.64685414214864
chr6:99113954-99114455	Basal	1.25948285963814	1.24010109326837e-06	2.89792310961402	3.37782378713536	2.41218133060057	2.85203512787964	2.72521319494558
chr17:36919934-36920435	Basal	1.25918551295173	0.0110599226579874	4.18833289481302	5.73690240741223	6.50960733780185	5.11538587379055	5.77335548422471
chr1:243854372-243854873	Basal	1.25898119034084	9.37515062673322e-07	2.62175092443591	3.28446843702212	2.04599447959779	2.84069772204113	2.60472111115103
chr1:146798708-146799209	Basal	1.25882404543205	0.00753929882858808	0.798791836441641	1.86749088824184	1.33551920812471	0.985009214594876	1.04767406405842
chr5:178122975-178123476	Basal	1.25822235840059	0.000119219585099236	4.52594335038775	5.74949633310519	6.07214144843991	5.90507107116552	6.02912569234757
chr3:141212052-141212553	Basal	1.25781286364798	0.00116365091249037	3.07493597551843	4.02270855801671	3.68756749471642	3.17303950851092	3.27833370916662
chr2:9797064-9797565	Basal	1.25774895995495	1.11829505177361e-09	4.26521304937492	5.40078499486573	5.08557405072812	4.44212211538092	4.50514644583289
chr7:148935478-148935979	Basal	1.25732828862986	2.59960591430077e-07	3.26853655698095	3.86228805114621	3.15816568343526	3.22207423095398	3.25813867767118
chr17:1559624-1560125	Basal	1.25723756016392	0.000372629155982181	4.31526309917102	5.5553845137426	3.86600840126478	3.86828189305589	3.70063716168894
chr11:70223591-70224092	Basal	1.25713659792409	2.20469202342002e-06	3.21144807889919	4.01718191232948	3.36561835337354	3.65399300735858	3.76503585582472
chr20:754771-755272	Basal	1.25678143557626	7.24421525857913e-07	3.44990404304561	4.1848086162674	3.89310207191538	3.66688707326572	3.70678954743472
chr19:36125370-36125871	Basal	1.25677782525043	4.07961788876202e-18	4.19091324517974	5.31360722793531	4.18872751120718	4.23248573887341	4.24272555371006
chr3:34681030-34681531	Basal	1.25649358558296	2.04052201418789e-06	3.03144390205451	3.70063806556451	3.23382281805546	3.26067277670209	3.22120203285015
chr20:53873677-53874178	Basal	1.25645220907122	1.90116998719049e-07	4.37724493561041	5.42281369498093	4.27985794137105	4.25363394780544	4.54541620459118
chr12:1828767-1829268	Basal	1.25627641826557	4.88395509402428e-06	3.60556436227626	4.20108114612194	3.82458608216025	3.55214162099769	3.82602128647692
chr1:218734372-218734873	Basal	1.25592846641672	1.67486679502156e-05	2.69560399145731	3.19924337391614	2.55613038834604	2.92551225703914	2.93998661919222
chr12:64967753-64968254	Basal	1.25588950187865	0.00033769164434701	3.15839286092824	3.85206744077732	4.06790393001427	3.58330812129352	3.57116098089162
chr8:46421985-46422486	Basal	1.25582085572218	1.99939813817684e-06	3.37024438019303	4.16566113585402	3.17749238812368	3.56255886554105	3.58856854357368
chr3:62713324-62713825	Basal	1.25574569315513	1.81241898116159e-05	3.24008571443947	3.73955724422351	4.00114443124948	3.49985647899597	3.10576633395441
chr11:67034402-67034903	Basal	1.2555568210461	1.14777124591529e-09	4.01468059948114	5.20252305938069	4.6648857124336	4.35111344911544	4.52511299584925
chr1:23449200-23449701	Basal	1.25540580523446	3.19258308114604e-06	3.95503792062853	5.06872152320496	4.93897002957097	4.57603548962514	4.61809987873413
chr2:190532581-190533082	Basal	1.25530967006516	4.83186554036397e-10	4.37710315756611	5.23284433929326	3.70496668134579	4.01869480225928	3.84975234913528
chr19:21321253-21321754	Basal	1.25496186316158	0.000796426551291167	3.23833202823173	4.16028773492469	2.94267906698958	3.26472767695386	3.12459520213014
chr16:10579212-10579713	Basal	1.2548954718368	0.000168635612280088	4.66673119089051	5.79276906280485	5.5600136424924	5.4556444288754	5.59288702253923
chr7:65434119-65434620	Basal	1.25437399699404	1.88171316459525e-05	3.07902992926948	3.63098656313281	2.75743630214931	3.30153332432899	3.35437942850705
chr8:86003387-86003888	Basal	1.25431327964824	3.23223262534973e-05	2.57360416698663	3.6930220200844	2.58212701971734	2.91627806580087	2.55907537511429
chr19:10641087-10641588	Basal	1.25429236214014	1.79842130344685e-13	3.77328587197675	4.66692407278452	3.68718811619163	3.69377025966378	3.83958090953665
chr6:1605505-1606006	Basal	1.25415392880034	2.1144681613074e-05	4.08385024010586	5.28834725087481	3.82149778192407	3.86537001811346	3.67825023426419
chr19:13883997-13884498	Basal	1.25411075747457	3.33016068173055e-12	4.18584508554292	5.10102028904568	4.30270966372898	4.33426221711455	4.40995351808479
chr1:197952295-197952796	Basal	1.2538033795003	0.000747750298973362	3.14516550483105	4.43308269854372	2.63877928623647	3.02827921606313	3.03050702854113
chr19:35108795-35109296	Basal	1.25380207296511	2.82077021462976e-07	4.22245992933543	5.43293639118499	4.3101790472499	4.25023468233424	4.24220646828751
chr7:108005759-108006260	Basal	1.25352737226232	8.73711847037905e-05	3.79125691454888	4.16967312678101	2.82844803166815	3.02165909895729	2.98253770551167
chr19:21024445-21024946	Basal	1.25335305344683	0.000497921498898673	3.00822456495557	3.83483453928062	3.0939532257083	2.88426423553066	2.81419732007028
chr7:149626915-149627416	Basal	1.25280361468314	0.000375965732187074	4.20212301496919	5.22713284955132	5.47107913102815	4.78415825212792	4.46975008609586
chr8:121914915-121915416	Basal	1.25261380536831	1.78690182975505e-05	2.40483685437535	3.29934769570162	1.92436615998789	2.62551385376136	2.58603207328656
chr2:24009020-24009521	Basal	1.25218624080006	7.97308403251889e-07	3.82817524992976	4.79658394845697	3.64838838105792	3.59084289076243	3.53257248324476
chr1:205771303-205771804	Basal	1.25214652853687	3.75211041777926e-09	3.90173857250773	4.96053527281094	5.24974794097275	4.34584926351607	4.40788570140459
chr10:439025-439526	Basal	1.25194895315195	9.02744634764783e-06	3.46733795702696	4.03852035625749	4.42889846016028	3.40203156480891	3.75903280580983
chr4:188041557-188042058	Basal	1.25163988757343	0.000399205636296505	2.99972723508014	3.78192092488014	3.04650253985893	3.05678700149723	3.09790211196851
chr17:39154927-39155428	Basal	1.25162177325518	3.38764956473212e-08	5.36853184093139	6.1809736940913	5.29098890835017	5.24189808465729	5.65054420986675
chr11:34663101-34663602	Basal	1.25153627366888	0.000336769279470536	3.30086123959058	4.19708418099663	3.64924382150904	3.84168414203902	3.42424566999189
chr19:45860723-45861224	Basal	1.25139192802447	1.35298892911645e-06	4.78810085154696	5.74075534382315	6.26184210959688	5.48701584733399	5.72415902157281
chr8:119831851-119832352	Basal	1.25078238068038	6.11226088413161e-11	4.43204783251002	5.32942136202356	4.64564130746244	4.65660524220381	4.52940076099374
chr1:112774510-112775011	Basal	1.2507045633443	0.0103713004282884	2.02348453490274	3.20128248559692	1.81505459399628	1.77670828305664	1.8562963158568
chr19:13061867-13062368	Basal	1.25059186306783	5.45887675544897e-09	4.77712957460847	5.85784418353468	4.40491430844201	4.74412021667073	4.34374927406064
chr2:219569517-219570018	Basal	1.25035708953503	7.8487725946116e-05	3.88063882942415	4.76528477931723	4.53097762886946	4.09214949288019	3.88830288665555
chr2:118853139-118853640	Basal	1.25026170335425	5.77130354856173e-06	3.23716993289549	3.91171070843679	3.10154790450246	3.45790077337989	3.03273097871152
chr8:127295356-127295857	Basal	1.25023519426098	0.000505340377920853	3.85210429273348	5.18887225836777	3.48967552230515	3.93954566694662	3.63558247941656
chr8:103370131-103370632	Basal	1.24990173786376	1.40063566012584e-05	4.0096941996763	5.19559920053809	4.36040559372506	3.88057375794968	4.41424906311377
chr11:119751578-119752079	Basal	1.24976168914452	9.50107770816772e-05	3.83101418926061	4.3074761935555	3.33529881916865	3.7076808346193	3.46952180417314
chr8:81721738-81722239	Basal	1.24894623239518	1.391163616678e-09	5.27570551720567	6.4222627002053	5.31363635949923	5.33731799927933	5.40014670843995
chr2:177267528-177268029	Basal	1.24850114331758	5.66857372893058e-10	4.14282023148925	5.2667880626042	4.17940725834701	4.01917222992057	3.82137786366215
chr3:10006422-10006923	Basal	1.24845655915363	2.69204493611082e-05	4.16965074570242	5.41169591782251	5.28120279497283	4.61752741019281	4.65527220130474
chr19:15241073-15241574	Basal	1.24833211233502	1.07618615679074e-15	4.46418427892047	5.43029455902611	4.56634921370192	4.3846110533796	4.52333345959584
chr8:79934326-79934827	Basal	1.24827591088611	0.00100118143354297	3.10941111862388	4.05441111516094	3.79874403945699	3.57880092705801	3.64737430772649
chr19:36210473-36210974	Basal	1.24825031601412	1.74602356537169e-14	3.44884467171978	4.38429532105621	3.34252946819422	3.68853198568696	3.53633654649939
chr19:13035216-13035717	Basal	1.24776746799739	1.48125487652313e-06	4.37889575406207	5.3860800498061	4.20648401754584	4.39328448527785	4.06889059827725
chr16:4803336-4803837	Basal	1.24764770267058	7.71943915142186e-10	5.25097822990321	6.22241732409225	5.80853434345518	5.78232673786598	5.81925928568389
chr4:187258607-187259108	Basal	1.24732164451128	0.000409782261049485	2.52564758818567	3.37369257760828	2.1618978767049	2.64164238363761	2.68257169740698
chr10:5721580-5722081	Basal	1.24690190691275	7.11616588640804e-06	2.81313205022839	3.85837774490094	2.72666102623322	2.59425717784396	2.84005886548695
chr1:27301556-27302057	Basal	1.24668975151004	0.000324670585472463	4.39399532319095	5.40021423582271	4.80078265007847	4.94425882739478	4.79124196737118
chr3:179649498-179649999	Basal	1.24663574558635	3.36728411044073e-07	4.55207318337761	5.74154064413851	4.49986534406149	4.37076037313862	4.51198848605867
chr2:118860530-118861031	Basal	1.24652296814901	9.24974822959656e-05	3.55717255765997	4.31841455303216	2.95795025990163	3.39986198826618	3.07667895369671
chr3:16044947-16045448	Basal	1.24593021913546	9.25498135800946e-07	2.83323547747205	3.15882784642275	3.02163391652086	3.11890929638848	2.92226151165879
chr19:16715734-16716235	Basal	1.24582987603253	2.13043531990595e-13	3.65174508797718	4.49200214747639	3.64038755827462	3.51990205479049	3.53299957032092
chr2:58045678-58046179	Basal	1.24548796554344	2.17208069501885e-08	5.17102386854978	6.31280748627352	5.45171857624482	5.02973316939583	5.12520786006014
chr16:67677615-67678116	Basal	1.24538330246404	9.61239988267033e-09	4.32402395050632	5.58621125769623	5.16166676368153	4.90009657023329	4.82139347368542
chr8:102415848-102416349	Basal	1.24465853651754	2.2921569132542e-06	3.76355670988545	5.06385736804999	4.32379185252031	4.23065246873007	4.37772517755442
chr6:106661223-106661724	Basal	1.24392919800608	0.000354912398342238	2.90225341462466	3.9236988625313	3.25903587120989	2.89475516971179	2.80841815932902
chr7:101365180-101365681	Basal	1.24367815131181	2.97927154175395e-07	3.07245606142293	3.73383075761848	2.72848837041347	2.99391707401354	3.02002202475734
chr1:202728397-202728898	Basal	1.24330005489838	4.10073346751253e-09	3.09546824355445	3.64582285348596	3.50716538960906	3.15086977469355	3.18833269837547
chr3:171790530-171791031	Basal	1.24323582844668	0.000724005120238429	4.25056136028687	5.62145127257606	4.55452437782958	3.93029568051364	3.61451163002748
chr2:25517590-25518091	Basal	1.2431258658826	0.0226917996960471	3.47606002693622	4.4832216697096	3.24527907205997	3.12630590239049	3.00741585394832
chr11:34106849-34107350	Basal	1.24281621659672	1.70291624282872e-11	4.15250886753956	5.01392862258552	4.24009696382428	4.11756155075264	4.24635738928257
chr4:101304166-101304667	Basal	1.24262701208706	4.83266123087996e-05	2.93916726439775	4.06354030938365	2.60612157878466	2.93192595850973	2.58204540190509
chr1:175318413-175318914	Basal	1.24251389727437	0.000968349305051619	3.95612135363109	5.04780633318038	5.83170294810461	5.48312857580423	5.25572218355482
chr2:63836002-63836503	Basal	1.2415201349753	0.000733139451243463	2.84136947476406	3.78831546405317	3.00024847111999	2.70521670623109	2.71451825423505
chr13:73245211-73245712	Basal	1.24147440455952	0.00387994804580917	3.35164543927407	4.87523887529498	2.94312299736773	2.92112402638432	2.63161073468906
chr8:115600334-115600835	Basal	1.24065904873085	0.00106792447337011	3.27127082239831	4.73218433497102	4.30366020912476	5.10760290225556	4.77905980739345
chr3:183279313-183279814	Basal	1.24041077684485	4.1233496000282e-06	3.55046653649473	4.42544492112579	3.36143946515228	2.68709418769201	2.80192683924826
chr1:230670067-230670568	Basal	1.24030886339572	1.76576395581134e-06	3.14752450668817	3.77939638513881	3.09955287883994	3.22185166597482	3.02895253189183
chr19:39092173-39092674	Basal	1.23954626199801	5.69833884600644e-06	2.67681572851758	3.45179388884259	2.52636605500978	2.60688212960789	2.61487532247825
chr8:42659271-42659772	Basal	1.23927304657165	8.51880861345549e-06	2.87034666458695	3.28481561474256	2.92945354738888	2.98568844589633	2.81769675682197
chr12:12415286-12415787	Basal	1.23894758096597	0.00707922855834839	2.97132268006379	4.21042644861332	2.89477664994024	2.91989736643918	2.84744037836128
chr6:71335634-71336135	Basal	1.23886350253654	0.00039651250615949	3.37981395609723	4.04613325975109	2.58184653258435	3.37434552254178	3.06200291798803
chr6:22758695-22759196	Basal	1.23878452204431	0.000866135049282168	2.59659125746328	3.72569871273326	2.62591936043216	2.65831971163729	2.31686730369398
chr2:75833363-75833864	Basal	1.23852990425278	0.00143331978429699	2.84000522080975	3.87763963256168	3.71286126184225	3.29611357256922	2.83916936451212
chr19:40344535-40345036	Basal	1.2382059776529	7.51046940056636e-06	3.88246165655912	4.96139430786442	4.62390746618906	4.97543544989444	4.85151490548594
chr6:4711063-4711564	Basal	1.23775335042152	0.000309485654634272	3.24805740058048	4.17894420224242	4.61092094402486	4.15210553006076	4.09922007521654
chr11:93845613-93846114	Basal	1.23774515877969	3.54428487777205e-07	3.51501824251752	4.20018562985826	3.28277028290547	3.40622987090953	3.19881156178993
chr1:6630184-6630685	Basal	1.23726314133754	1.84877230099261e-11	3.68802883124165	4.27123985043271	3.87789128601528	3.70814536768693	3.78648362766604
chr8:86001808-86002309	Basal	1.23709781911056	0.000202505039962492	2.95668245593117	4.13877364696639	2.79744350718254	3.25081464573876	2.99084596158814
chr6:21409258-21409759	Basal	1.23700983069768	0.00574737497522801	3.07315136939821	4.48305647339454	4.62393426990903	5.21496364704593	5.11469482566606
chr8:127372358-127372859	Basal	1.23661807369144	4.60854574893915e-06	3.04641518708601	4.31800496990677	3.53770918891618	3.45162356881178	3.36494668529594
chr1:156048662-156049163	Basal	1.23545585453961	7.71240183804413e-07	4.36412108367358	5.38679947159449	5.38327843874062	5.56373030581784	5.17274700070402
chr8:51897036-51897537	Basal	1.23543526822876	8.13955895159441e-06	5.25264587338085	6.51826033908075	6.26886940999726	5.995137628409	6.06013528205442
chr19:45065612-45066113	Basal	1.23541948642707	7.43172354830561e-13	4.16773074854657	4.9428992417106	4.87926630653247	4.81305479946488	4.52928186922807
chr7:149287653-149288154	Basal	1.23522492891832	5.14970681676479e-06	3.98177474129642	4.5470862571847	5.57567514113129	4.58889849547273	4.96233512075638
chr1:172723177-172723678	Basal	1.23511753220607	0.000132380714850585	3.05985849256014	4.09935258781873	2.8528483333706	2.91644725398671	3.09083564296069
chr11:68117661-68118162	Basal	1.23505051036471	1.23449916657254e-06	4.54490969331559	5.64149198965652	4.99976545049938	4.83259543713613	4.9826620674399
chr19:17268099-17268600	Basal	1.23501832753816	2.55661289997348e-11	4.63718514921394	5.78457163481518	4.9065779013291	4.45961316582767	4.4073244736173
chr1:239885401-239885902	Basal	1.23419956668832	0.000383516980643249	3.25940778170725	4.22836158593094	2.9043641536871	2.88489880817121	3.05373055262164
chr21:43760448-43760949	Basal	1.23399964262396	3.53491033633991e-16	4.47719383529934	5.38697166969776	4.59253750071126	4.33067862128262	4.49741498794192
chr19:12920081-12920582	Basal	1.2339405174523	7.67492377833426e-15	4.86503419902524	6.00020171451173	5.15661883367809	4.76341854924304	5.11937527832539
chr10:125162206-125162707	Basal	1.23337682650296	0.000131012254014629	5.34804709847894	6.44789296171085	6.78962727199618	5.86104027967942	6.13342393586968
chr6:7235086-7235587	Basal	1.23264998522876	3.33328366514783e-05	4.91941844331657	5.92088518052989	6.39659422344383	5.97241020456623	5.96659587119401
chr1:167211981-167212482	Basal	1.23182353582968	0.000307553506471574	3.1587522032506	4.15126551550641	3.66371349810475	3.61848816661089	3.29650853043976
chr1:11352248-11352749	Basal	1.23077918073054	0.00275108514798581	3.34488406450269	4.07240705981937	5.55955821670531	4.77957964353265	4.73314754997219
chr19:24052760-24053261	Basal	1.23062568975035	5.25207167395029e-06	3.64278600621456	4.76839514637175	4.66902508148439	4.21987152656162	4.38524421224034
chr19:13019047-13019548	Basal	1.2305539957759	0.000265278647662168	3.8888290180541	5.08830996001734	3.37031265390936	4.01128713620799	3.67417071336813
chr20:45784486-45784987	Basal	1.23016480198707	4.57490731227995e-06	4.09705953687019	5.28229866816914	4.49907750806119	4.00881130263143	3.78560460599861
chr2:160858600-160859101	Basal	1.23004338974226	0.000420986340829729	3.09765658120853	4.01578217396421	3.04532602329417	3.09838856989968	2.80173600974876
chr8:66019800-66020301	Basal	1.22981653831993	0.000196886076692187	3.44891034238396	4.77498199015329	4.62883572693812	4.35833195596545	4.56858425643096
chr1:65850190-65850691	Basal	1.22980251106063	0.000995354911909659	2.54395553467576	3.34483169724428	2.39960955882113	2.24358941146314	2.43820983527006
chr4:13087006-13087507	Basal	1.22967378838022	0.0124883036434577	2.36071941052121	2.81252948700554	1.7106249087102	2.27421539115207	2.31190248777111
chr2:219392689-219393190	Basal	1.22962674471154	1.54717303856187e-05	4.34500947619982	5.32124969442021	4.81828296016758	5.3977047348092	5.34397765285057
chr20:57961127-57961628	Basal	1.22945490205656	1.22777086710121e-05	3.45744581723612	4.49730056967969	3.78540446791984	3.76606295340956	3.39632966705233
chr1:40917904-40918405	Basal	1.22929734375867	0.000559860612738512	3.9701673169299	5.12729780946858	5.10274313610304	5.2794632195128	5.22451007778365
chr3:52283421-52283922	Basal	1.22901510454458	0.000980739220211276	4.77019857426555	5.73241317890151	3.59049023527175	4.16939612059166	4.06665647299695
chr1:204253356-204253857	Basal	1.22887856413799	1.59869367884373e-05	4.17545470894323	5.38006660160085	5.28113487216011	5.14858280262666	5.19987598249478
chr1:205455475-205455976	Basal	1.22878613283834	8.90779526986962e-06	3.92734871470205	5.23249994532976	3.80008237881024	3.72000482225599	3.75173417406241
chr19:13923148-13923649	Basal	1.22874383540059	1.61799530035276e-13	3.72777570585986	4.49402866972402	3.84793758355831	3.72795490190289	3.91126298340596
chr1:226855143-226855644	Basal	1.22873460924081	0.00219512719008903	2.79153779329194	3.99801206856329	4.61811745105517	4.03383910793334	3.91863167171015
chr12:121669389-121669890	Basal	1.22854513815937	1.49706162941233e-09	4.0588999544692	5.14740263729595	4.14103712204619	4.16219618195663	3.98211875877323
chr15:55303889-55304390	Basal	1.22826047425562	0.00276184805980548	2.51821171474438	3.77994047941589	2.03258502513843	2.44442192693848	2.27860505586501
chr11:94219699-94220200	Basal	1.22816507444412	9.09666722231594e-08	3.10916700525566	3.59318074246107	3.14160746168677	3.24593615735167	3.11499842760307
chr7:2270725-2271226	Basal	1.22814148482804	0.000416043259158486	3.78357982503151	5.2563552450371	3.98541475778496	3.84568880638053	4.01116961637948
chr1:225874341-225874842	Basal	1.22785548793304	1.36579104934363e-06	4.52418122927014	5.8664798443866	5.60202786784991	5.45045268288882	5.42263014668151
chr6:47035643-47036144	Basal	1.22758754379316	8.73711847037905e-05	3.76796789885812	5.0435932666748	4.73699061679603	3.96620759831113	3.83622178191083
chr19:37984488-37984989	Basal	1.22758691659476	5.99104631513955e-08	3.68751497939267	4.67153475800883	3.82638351761908	3.85963315147579	3.70181120923816
chr21:8988653-8989154	Basal	1.22756097775827	0.0170555533705469	3.97988626532432	4.2830752778828	3.74919131189834	3.72751062178901	3.646888123335
chr1:10452043-10452544	Basal	1.22755983123121	0.000311951859176381	3.89478871276146	5.1168914545426	4.27448562206261	3.61288565181728	3.55994794121655
chr1:2134263-2134764	Basal	1.2275208123096	0.000887768108775658	4.58234573016415	5.43760825464759	4.4840388709349	4.46874586656444	4.51040260098166
chr7:56078173-56078674	Basal	1.22745882631406	1.26761089004452e-10	4.42170284446921	5.40964169880179	4.82434252118315	4.67965857944711	4.79384804941138
chr19:17439075-17439576	Basal	1.22745608429635	1.53812565927808e-07	3.00005166461723	3.91671709383557	3.07765404848472	2.9134898111231	3.1691057165363
chr6:42699638-42700139	Basal	1.22739116289624	3.93513088565403e-10	3.251507581859	3.9070823670816	3.03620094291068	3.23087214516515	3.06953830475726
chr6:43578624-43579125	Basal	1.22723084532364	2.36846367455538e-05	4.09015968712436	5.06503622969466	4.49228135510256	4.62101908496287	4.48746414112536
chr1:198665282-198665783	Basal	1.22716140620042	4.64723582571482e-08	3.3389714574684	3.8339860728197	3.36911688928338	3.30065291190158	3.41696315299046
chr7:141662488-141662989	Basal	1.22710329654914	9.62141443575521e-08	4.44367142752028	5.22826408914128	5.22040810053984	4.79710782329516	4.87748094593288
chr19:36667988-36668489	Basal	1.2269617458754	1.44421296537634e-09	4.12878629051167	5.05017094741582	4.29871063275014	4.51200931732155	4.20551318519994
chr1:216898747-216899248	Basal	1.22685928050297	6.86586148379345e-05	3.29103504749576	4.33945700888836	4.49886010450867	3.58385173072264	3.76886295753977
chr14:73609775-73610276	Basal	1.22671213597359	0.000120566262192714	3.235601169641	3.86616929212661	5.43056740742726	4.25024812429413	4.04679514852027
chr6:75948905-75949406	Basal	1.22647029996191	6.80873317631127e-07	3.13118974168539	3.62894036475563	3.201793662952	3.19820797720544	3.28301393025976
chr17:30753381-30753882	Basal	1.22620903430702	1.02267838246284e-07	3.34542153078394	3.8095411553548	3.38104103657492	3.0788889605183	3.25301969983401
chr11:66857995-66858496	Basal	1.22591584773092	6.67519479323127e-12	5.38349474262602	6.56722752507914	5.53021123520857	5.49215657190838	5.66010108532543
chr12:22331062-22331563	Basal	1.2258510630177	0.000660305819077734	3.25799413719188	4.09178264019428	3.11923735174597	3.34767519069366	3.16268655617942
chr8:133509895-133510396	Basal	1.22579493920646	1.30112333771328e-07	3.59783070290024	4.38171485229028	3.65233460480837	3.94765559615661	3.80875924669346
chr7:27693040-27693541	Basal	1.22566556928514	0.000249473290157027	3.18886617974399	4.36568814545103	3.06656682699163	3.09349088089665	2.86915422311439
chr1:175279293-175279794	Basal	1.225116332615	0.00573265456316981	2.87264634477938	3.65115986274226	5.08218969529852	5.10192491458133	4.38604489358791
chr10:60038452-60038953	Basal	1.22473356081289	4.51771498036556e-06	3.10413197907687	4.01598816411386	4.18279510623122	3.66091209372923	3.59906449678732
chr17:49385464-49385965	Basal	1.22461595830023	0.000234262877114002	3.36411139952644	4.21943209119382	4.77218977840911	4.52745160486104	4.29335224713767
chr9:136883630-136884131	Basal	1.22388155712456	5.65105806743109e-06	4.21518321225895	5.28763779009586	4.19867681481909	3.87822501177438	4.09806852653824
chr19:13032680-13033181	Basal	1.22348059586189	6.28825901297457e-07	4.62182845414128	5.66959851476329	4.17709039999324	4.49511266735111	4.11462906780731
chr8:95193912-95194413	Basal	1.22332922112387	0.000988383787854844	3.78020106500077	5.26729953939608	5.11294349784078	5.24476974106907	5.36036134805545
chr8:85178479-85178980	Basal	1.22303702737768	7.45672091291913e-08	4.85003828521266	5.85723890465882	4.25717470377631	4.65883891562347	4.42330661151869
chr6:106116788-106117289	Basal	1.22294590407293	6.16809124901944e-07	3.10029696625423	4.1524890490876	3.26134322669332	3.10989059942298	3.10272510171298
chr16:978439-978940	Basal	1.22273530374013	1.28435380978741e-05	4.62983901671037	5.37682134413247	4.35356279270123	4.45581307530194	4.49527831282601
chr2:238506540-238507041	Basal	1.22245371681578	2.07239184490589e-05	3.05487442747283	3.92303738117498	3.76455747575953	3.91596514348325	3.60772929129378
chr10:88993139-88993640	Basal	1.22241666672137	0.000281797699057713	4.45595632164579	5.4652855524681	3.73018472248914	4.45275788776699	3.94150599329387
chr8:53726940-53727441	Basal	1.22237611051601	6.89769664039474e-09	3.73433594192761	4.7334798567815	4.3758561193861	4.2776750860497	4.03587136998275
chr19:37593562-37594063	Basal	1.22228248714131	7.10418060711163e-06	4.70429748361455	5.81495284540563	4.93770104471551	4.99325017830483	4.72111399216762
chr1:165629097-165629598	Basal	1.22225986420455	2.40137202547166e-12	3.91697148426221	4.75634701000765	3.95442305530363	4.16680331718777	3.93426137133753
chr19:23759204-23759705	Basal	1.22178918924616	9.53304268490771e-07	4.651491027505	5.86390647678933	5.34728887128164	4.69316850718578	4.88311122635044
chr1:26867722-26868223	Basal	1.22175905512633	0.0013789261230741	5.12898961672415	6.41088728895685	5.97665615615399	5.5846273244238	5.46960194638314
chr8:38473214-38473715	Basal	1.2214658745368	0.000686606238494349	3.13769568156049	4.10044486107581	2.89862841236803	3.48490716999597	3.36514217584666
chr1:150233199-150233700	Basal	1.22122109924652	2.32846232662884e-06	5.38935218744303	6.32019738792017	5.18941291105043	5.43775527537725	5.1508359327016
chr1:167802666-167803167	Basal	1.22106951060579	3.01220075590735e-09	4.25615002890395	5.27507197021574	4.68711426139445	4.67975751886428	4.5119902343033
chr8:127691562-127692063	Basal	1.22079515342478	0.000286675879618602	2.82453235997486	3.85848915283952	2.44432926435312	2.93921553426236	3.01453883490202
chr15:27932821-27933322	Basal	1.22062207412701	0.00492982704314037	2.07201013114584	2.9439565912577	1.66483337558892	2.12351057557735	1.89070456028629
chr12:118197950-118198451	Basal	1.22027809490064	3.40587132719012e-09	3.05126723914257	3.62099142958534	3.11199260292153	3.02016682654055	2.91017037596632
chr21:43756165-43756666	Basal	1.21998836018606	5.00924661410582e-16	4.05049893449038	5.09699828636566	4.06217341025911	4.03367980227047	4.0213009740686
chr19:3562600-3563101	Basal	1.21981216835557	2.41127408616965e-05	4.16804755715182	5.17437153877974	4.09741995666795	3.90637034280698	3.95967699899085
chr19:36492478-36492979	Basal	1.21978294558262	3.2022434128395e-10	3.88374524018995	4.78434798199934	3.90136845459846	3.71349089646195	3.71384987022741
chr17:78418177-78418678	Basal	1.21942494229042	1.26572574223503e-06	3.79107008075552	4.69259652018585	3.68793380650021	4.33423720754769	4.82893488788312
chr16:23323604-23324105	Basal	1.21870736838991	0.000806021517965742	3.75807826951	4.94415730562693	4.96368234885898	5.33331234031327	5.19661223687501
chr21:35144940-35145441	Basal	1.21805048113581	4.92749261146281e-06	2.73791676939008	3.21268955478871	2.39417778416497	2.54955035988144	2.67434753800685
chr8:51998712-51999213	Basal	1.21788413122173	6.12654530236074e-09	3.21275844659293	4.37955244144965	3.28079708510518	3.19960442500466	3.24766404892436
chr7:17942186-17942687	Basal	1.21781357461647	8.08776412743099e-05	4.09568758275595	4.8480005443175	5.93646602883701	5.11667215384716	5.2538357139243
chr17:44169153-44169654	Basal	1.2173351337952	4.44929074891256e-08	4.04360575095055	5.10043121095686	4.14819295802401	4.57696280987293	4.67037725031697
chr1:223136045-223136546	Basal	1.21731544199885	1.55329317777037e-09	4.38081578680484	5.51984035265131	4.98632760993168	4.79389885894206	4.80940349013867
chr19:10950243-10950744	Basal	1.21694628727174	1.66711465308308e-14	4.07176765592681	5.20715536061918	4.42569062912117	4.09193439172554	4.26302336464185
chr11:69219782-69220283	Basal	1.21689224298785	0.0106066955472623	3.18882767578731	4.48543094036402	4.22189995903932	3.97802140041972	4.20905778163164
chr1:156084003-156084504	Basal	1.21689087059231	3.84537734733875e-09	4.78531387549055	5.85789088746007	4.94176534522054	5.07570824106762	4.90351764836379
chr5:139369553-139370054	Basal	1.21642081236113	7.06763514967115e-11	3.81719943238357	4.45438328589866	3.80115392893117	3.92043362583668	3.80635182954449
chr13:97178906-97179407	Basal	1.21609352724992	0.000316624930233399	2.77156640797174	3.19721737105527	3.27258349582416	3.35227816736186	3.27438767630045
chr18:31493879-31494380	Basal	1.21586672073976	0.00138621297549036	3.90534609499725	5.20989970816327	4.12337635480489	3.74288982567102	3.92250529183532
chr2:99661918-99662419	Basal	1.21571177068028	0.000943410171291607	3.0284102360757	4.05547279696268	2.94652050760302	3.74132756834381	3.46890878186022
chr3:150063122-150063623	Basal	1.21543381126684	1.17595674370619e-05	3.4342280247323	4.30953652354697	4.20334109292161	3.57961564587236	3.38908911518617
chr11:45687181-45687682	Basal	1.21530537082606	0.00523215401556651	2.84916389858602	3.27450079409558	4.68820715227208	3.59049941965137	3.73803740863246
chr5:122090404-122090905	Basal	1.21522404818789	1.69369403034477e-06	2.85648986215511	3.28611814168442	2.48317992728202	2.85887084857212	2.61542707986754
chr2:117706094-117706595	Basal	1.21514719457846	0.00920082442937564	2.73989763547	3.18515081615781	2.47622933783767	2.475712017097	2.82943273513529
chr8:9220129-9220630	Basal	1.21428310645605	4.3996417040749e-06	2.55693712841116	3.27144636053886	2.06431925516221	2.52988685748639	2.23442528630327
chr8:89756311-89756812	Basal	1.21371226728026	1.26246313033939e-08	4.98538278387077	6.06467445063212	4.80035360033	5.00287249414569	5.11087183115584
chr8:119722794-119723295	Basal	1.21353688657626	1.52800558771338e-05	3.73502169022349	4.24525861652639	3.61968107298655	4.0017105558318	4.05507749988332
chr1:50973934-50974435	Basal	1.21318812229243	0.00353210154293146	3.82854837290769	4.76648202932506	3.36957928175999	3.38921778820186	3.28038779114365
chr18:31449564-31450065	Basal	1.21280721561106	0.00103789845959864	2.70405500175979	3.68032823365212	2.0207478228476	2.73584458630052	2.46343730770686
chr18:6487923-6488424	Basal	1.21226278311541	0.00187235396981094	2.79538724756146	4.04489085779727	2.77837060150507	2.72381661926193	2.6413848648764
chr19:19378497-19378998	Basal	1.21223675315123	7.82079843018204e-08	4.43625830983202	5.57069451106638	5.02267834726348	4.69016288976571	4.93427949459529
chr9:32339409-32339910	Basal	1.21196819849516	0.000559512157707811	2.85202980752457	3.59354627111629	2.35103829378663	2.58549789630364	2.61650814475258
chr12:16350020-16350521	Basal	1.21160307924527	0.00205513640884712	4.54589284660143	5.7989757961405	5.79454642333839	4.98111996712568	4.77650577402142
chr19:17474953-17475454	Basal	1.21148569191079	4.59836126837013e-09	4.41334260810218	5.44640582452472	4.2684091867275	4.59241369206392	4.40213793476944
chr6:27148321-27148822	Basal	1.21108371445259	5.23636371419791e-09	4.28457608653236	5.38601200342565	5.0027312961148	4.32965858892238	4.74420354996556
chr11:77099479-77099980	Basal	1.21065878730735	0.000822038486352235	2.91685125189603	3.72777340840806	2.55317484749875	2.3705567952279	2.54305057557292
chr9:35645086-35645587	Basal	1.21043101910315	1.1220329438961e-14	4.52980237468876	5.54194066398767	4.30907045821461	4.81357558679206	4.55481642850687
chr8:127546328-127546829	Basal	1.20958121625881	1.81013063059755e-06	3.11030012244142	4.3035326057025	3.29764490180929	3.60094753349583	3.41326408153086
chr7:74129805-74130306	Basal	1.20903633766688	0.00126931354568243	3.00737764292238	4.18422986602083	3.0036317164699	2.70104456203505	2.63990924422569
chr8:143737827-143738328	Basal	1.20882079932274	0.00031475490719167	5.33189511008494	6.82853918975764	6.32671716256797	5.96309512523487	6.13262298358432
chr3:174864756-174865257	Basal	1.20869294523852	0.000746772967404797	3.29874318658089	4.55551653955917	4.79627110112451	4.65728183744396	4.61311535646597
chr1:8893760-8894261	Basal	1.2084180523531	7.75358419532118e-06	3.92317714098493	4.87626440793106	4.52569161814469	4.46229255309656	4.09472292921085
chr8:133423323-133423824	Basal	1.2081677476808	6.43442301029941e-05	3.60922475865469	4.69516602538136	3.03612628624547	3.54186197644206	3.78588307831848
chr4:94460234-94460735	Basal	1.20778872195039	6.62209405196994e-07	3.777644489826	4.73878058319623	3.48814623101878	4.18571105549381	3.80718504676187
chr7:56318157-56318658	Basal	1.20742724902172	0.000283154297774804	2.72134429086663	3.19316726200694	2.70613578276222	2.96706176199414	2.76672363258261
chr2:231615129-231615630	Basal	1.20731303947369	1.79402552270628e-05	5.90460342256313	7.19779803780236	6.17335218214639	6.44458938068473	6.29650011724227
chr7:55364411-55364912	Basal	1.20705490120421	3.64493111734064e-07	4.48594820278341	5.3585059939206	3.78390766835759	4.29497813277592	4.11619303545583
chr12:121674663-121675164	Basal	1.20704652731283	2.48293321481917e-20	4.26961635946907	5.28642862894377	4.58994529254835	4.44839508451649	4.41058206646072
chr1:109160565-109161066	Basal	1.20690504885623	0.000250104342841272	3.23499428542587	4.4983925099892	4.70723815358751	3.76306401604161	3.98729363824104
chr17:81835649-81836150	Basal	1.20666672478674	5.3953912788067e-11	4.54631456841715	5.49750770895474	4.83950227081135	4.62783165538221	5.07633430211827
chr19:13071504-13072005	Basal	1.20651859115804	0.00313727243129599	3.99785978396039	5.24058556678855	3.56320479671627	3.99568660428288	3.66272270329889
chr12:53940045-53940546	Basal	1.20590346073015	0.000110460004522868	3.65603379066156	4.8191692014978	4.39277618862529	4.51356049859881	4.55724586945844
chr6:43945603-43946104	Basal	1.20573414150872	0.00023826040417107	3.52139190053345	4.09065477617029	5.15396087978622	3.3825538274755	3.77462782765995
chr8:143016732-143017233	Basal	1.20562451959366	5.24819151177873e-06	4.76303351145272	5.83949400141496	5.10304037461161	5.22613388670821	5.06040951906117
chr2:29106185-29106686	Basal	1.20551930378943	0.00171759197031404	3.54883259649327	4.71832958579474	3.30021555900018	4.18387158595421	3.99944624812158
chr17:34516601-34517102	Basal	1.20546898384393	0.000129820874797856	2.89046063239583	3.21215703075124	3.03756307035815	2.74074570406638	2.86819090948001
chr4:151637501-151638002	Basal	1.20502557622038	0.000670694340594988	3.21059638651705	3.79402783690182	3.26268038783206	3.18973592303946	3.29334669451571
chr8:127672018-127672519	Basal	1.20450171456292	0.000272447475700666	3.61742452750595	4.9246349101596	4.54979274067158	4.24611307122572	4.33996586447041
chr22:38995536-38996037	Basal	1.20443350575789	9.43026195362014e-09	3.02400428216568	3.53776920280906	2.84110127177795	2.83335323010175	2.7759989356809
chr17:28468000-28468501	Basal	1.20442289673475	0.000855987962300497	3.10716271418392	3.74335772501148	4.75571096123039	4.29215915107782	4.29231105793467
chr6:16461525-16462026	Basal	1.20442268119245	1.24784800469734e-06	3.28404399344581	4.0981704457594	3.94147989366681	3.36479064459352	3.23963104188315
chr20:63677861-63678362	Basal	1.20407336630085	1.79595659116741e-11	3.50654930868446	4.39068113818488	4.20838712325965	3.39137015567798	3.80153842891479
chr1:41480948-41481449	Basal	1.20395654130863	1.90650936130845e-06	4.471347319697	5.55215648031136	5.2266003982246	4.89295122966117	4.72107959130197
chr10:131963338-131963839	Basal	1.20393853286427	2.35106738440256e-05	4.11563381376685	5.06969131287276	4.80339467010173	4.41871474801206	4.42002790376812
chr12:31112718-31113219	Basal	1.20388116717366	0.0152845282487694	2.34833213363702	3.00706430458575	5.09956129135931	3.37834592614184	3.22945394797152
chr13:44407734-44408235	Basal	1.20376369711374	0.000895621519698462	3.73714029199886	4.82656079143366	5.65306094520138	5.10421119720497	5.28287425777341
chr6:31021000-31021501	Basal	1.20376109439663	0.000854367540907552	3.29732623314916	4.35724115670093	3.38602975322808	3.23868498046244	3.24637434043482
chr1:11689641-11690142	Basal	1.20356490335757	2.26718209881734e-05	3.57768114791683	4.91012231397631	3.81168003084972	3.78632115594199	3.66481750920782
chr22:37977982-37978483	Basal	1.20307550706668	0.00140228773474937	3.79289591751388	4.75027688473932	3.70446396541154	3.61853983325018	3.60123062103637
chr12:7733981-7734482	Basal	1.20305229881602	0.0043018800931847	2.53704457887695	3.17720574378421	2.51869350569489	2.58967973877083	2.82062057258226
chr2:38461357-38461858	Basal	1.20287729790419	0.000121495456932974	3.5497236054024	4.82375750875328	4.44722533251364	4.32951503169232	3.95069763341504
chr21:46603709-46604210	Basal	1.20274383654499	0.00411233521896157	2.3444693060304	3.34229828295194	1.92197243948278	2.48610387534858	2.29708659817299
chr11:72221977-72222478	Basal	1.20248266513411	8.62799656663255e-08	4.86871761921556	5.88989451455196	5.76801926653912	5.05140044658411	5.2805812181084
chr2:201924378-201924879	Basal	1.20230527396609	0.000198294632497914	3.25943358134377	3.81156135875937	2.81454449374512	3.09501020669726	3.33752410241026
chr7:64683898-64684399	Basal	1.20194075984693	2.66712004446926e-06	3.59029120527391	4.58764820406031	4.32066828494859	3.95597700758549	4.0844267372608
chr3:184564439-184564940	Basal	1.20148096367537	2.32005900068218e-06	4.99913820565486	6.24664263351899	5.25183165865422	5.09060136261654	5.08612318874269
chr7:44798839-44799340	Basal	1.20133305171058	4.55935864240233e-12	4.29307069744482	5.27570073671828	4.46175435351454	4.42920460943084	4.28986146388933
chr22:46042873-46043374	Basal	1.20118174648103	9.12627703953703e-05	4.51661790174734	5.58689213512759	5.09749877266227	5.46083488414786	4.99183348334791
chr6:10405255-10405756	Basal	1.20082025569167	0.000471699387661064	4.87283910656739	6.15388780148249	6.06757010908448	5.48588138164685	5.55133224186074
chr11:15910839-15911340	Basal	1.2006259786623	4.87506701014629e-07	3.19132847166861	3.94723741896263	2.85376015032839	3.26116372022809	3.27172872488991
chr16:85578209-85578710	Basal	1.20044987284209	9.21178287664573e-05	3.8678924809057	5.10519069694665	4.03466430604615	4.06396360880197	3.97818279617434
chr7:117443447-117443948	Basal	1.19937643055404	2.17966239109736e-06	3.40610585288077	4.24087992265749	2.94460149312786	3.09159989281203	3.20708870964986
chr9:14427514-14428015	Basal	1.19882498646859	8.07916621707199e-07	3.22293001460154	4.2037082403972	2.83997863134343	3.41408319178919	3.12505972560987
chr19:43781604-43782105	Basal	1.19863499350533	0.000273934649870232	4.76168879462003	5.908635652572	5.48173162624205	4.61568943182983	4.63475285781149
chr8:23904077-23904578	Basal	1.19854598019103	6.55334436431993e-06	2.70928722263384	3.3891537623957	2.12350741130807	2.66795365363328	2.49266172890005
chr20:38250482-38250983	Basal	1.19802524316011	3.27000228363982e-05	3.15969640694541	4.27244249475126	3.47386041737308	2.84281868098361	3.3461631467689
chr16:1988250-1988751	Basal	1.19752627533401	8.89036935163484e-09	4.74166414217799	5.82363793384046	4.96096638224466	4.90538342489764	5.2098778412862
chr2:38776490-38776991	Basal	1.19744533584823	5.07706046803505e-09	3.92749430603771	4.72436144750819	3.7167183481421	3.9769722947481	3.81884185862486
chr1:47045537-47046038	Basal	1.19741106879175	0.000822533981579365	2.76774432795904	3.42332753915451	3.98726792690792	4.24628109887808	3.71260966964713
chr6:21591395-21591896	Basal	1.19738612086337	3.40516424150073e-06	3.59050963416628	4.77668501664115	3.65093100618293	3.75726257329553	3.67241930776843
chr13:113566858-113567359	Basal	1.19658046523591	0.00251665826530539	3.80039595973072	4.75086874561638	4.04153572422606	3.49324269786669	3.54377460409263
chr6:41935167-41935668	Basal	1.19641545746481	1.35733934556363e-08	4.38544022848528	5.29396208381914	4.9038315292625	4.43823530109101	4.52535063019756
chr1:203190778-203191279	Basal	1.19632030598485	0.00442061933683423	3.05874803295976	4.3737972461833	3.24641512796616	3.35665783301408	3.2620397231107
chr1:151373230-151373731	Basal	1.1961901989408	1.18597991715416e-05	5.00919377771206	6.23194624810401	5.72925835165517	5.64009760242448	5.5669809933302
chr18:62473924-62474425	Basal	1.19603479084623	2.58276695979511e-06	2.83753532467804	3.64366495731135	3.03260520792979	3.13621824649481	2.99794823128228
chr16:53953226-53953727	Basal	1.19603307289481	0.000267032394932217	3.1430429886448	4.28833377379474	3.92975886919097	3.73278038280641	3.82835514729162
chr6:18940713-18941214	Basal	1.19589897665831	0.00108531271793552	2.71210592412821	3.67234752163198	2.76843387488127	2.89791067248684	2.84696089635991
chr8:43404329-43404830	Basal	1.19568922626451	0.00393373201327757	3.04647241247314	3.73897378807141	3.32515360542353	2.97982159760517	3.06545538568862
chr9:134388877-134389378	Basal	1.19544500426816	6.33364169779366e-08	4.34215941553399	5.51026068896666	4.77554109590033	4.5410843193301	4.87852276243702
chr19:15201477-15201978	Basal	1.195395089706	2.31536713947882e-08	4.05733859512668	5.1198335840828	4.5360776513968	4.56882642369639	4.54638323908071
chr3:134797451-134797952	Basal	1.19528419746	0.00171130521100485	3.65107987650178	4.27551242379407	3.02670064624716	3.5954743415401	3.38003910934957
chr1:150362618-150363119	Basal	1.19503217256092	4.3161761409819e-06	5.98289854642453	7.07557384968799	6.60400034498235	6.23500834590778	6.04423831299522
chr19:10627468-10627969	Basal	1.19499823510351	2.19146933864067e-15	4.14252745941736	5.17404237605506	4.54458432367005	4.20260502179277	4.48983797591413
chr2:62308290-62308791	Basal	1.19478461932758	2.40902079022656e-07	4.24745050622662	5.46860536750278	5.03008017542302	4.49469893021319	4.57325289653555
chr19:10620751-10621252	Basal	1.19460539574929	1.30729380900782e-09	3.89450591270693	5.04801022929836	4.20301351706284	3.95951568375883	4.01177064592074
chr8:100560065-100560566	Basal	1.19457732482873	6.58375448707196e-06	5.40013014671942	6.63899985928996	5.87517397374549	5.25868701774995	5.63565901027472
chr8:102406138-102406639	Basal	1.19456658987897	1.39264159530751e-06	3.79464351448367	4.54777531193569	4.00980709902665	4.02561316460985	3.99056726336843
chr6:31823778-31824279	Basal	1.194342562583	4.16242534123597e-09	5.09131411328875	5.82610831725166	4.68288705025236	5.00347767257902	4.74730284969715
chr1:190472029-190472530	Basal	1.19429651922871	0.00389507627507388	2.745800642795	3.11938727207304	2.94221039582529	2.69270639788021	2.87745891370941
chr6:34448815-34449316	Basal	1.1942439240313	5.61623494433409e-05	3.08826542483461	4.16164093800867	3.4091443959692	3.14131795625903	3.14218586243577
chr1:161732802-161733303	Basal	1.19414371811536	1.82583250483314e-05	3.31251866990605	4.44439868077864	3.11563353054511	3.27604653828377	3.55503617349485
chr8:103297839-103298340	Basal	1.19409603974654	4.01253568862255e-05	4.56020483289357	5.5413028791973	4.34753497210094	4.39534970418831	4.14322412491852
chr7:55963086-55963587	Basal	1.19347091539712	3.29882566482839e-11	4.14394025078478	5.01546110290238	4.221877282016	4.3063721970856	4.11628606717524
chr7:70727889-70728390	Basal	1.1932524358724	0.00153433306195419	3.97310628048413	5.26072314538098	5.22634225073313	5.41891620437797	5.38873271810477
chr2:5730236-5730737	Basal	1.19296290955162	0.000852186229429481	3.0429199529043	3.73713378680856	4.07588188083786	3.15980636537159	3.22264044079917
chr19:9858887-9859388	Basal	1.19278676313864	2.19086118918747e-10	3.43134713146941	4.16248521071496	3.54412159596023	3.31000847905115	3.40656320618169
chr8:102406718-102407219	Basal	1.19264859288844	1.72445228584794e-10	4.0169136184711	4.79362909747084	4.41884117886808	4.29719371733299	4.22970484771902
chr22:37990985-37991486	Basal	1.19249291690983	2.5963360050518e-06	3.38360667771509	4.39641508509104	3.2952942591854	3.32438058634038	3.28274761706611
chr6:20144229-20144730	Basal	1.19249138190273	4.75669087410569e-07	3.21124201981252	4.24615375502951	3.12660103544949	3.50116323504486	3.37952739515971
chr2:38070987-38071488	Basal	1.19245180831948	0.00221389387802894	3.55552984091653	4.1098937563765	4.28108107359199	3.41383249704173	3.30960706547413
chr2:96883708-96884209	Basal	1.19218568935838	1.26135900739181e-05	4.24001531672448	5.38096732029153	5.83365335602308	4.60300349960178	4.78898835638295
chr20:60030764-60031265	Basal	1.19182888903308	0.000666241335402706	2.98733964382848	3.95276249847821	2.78689679433002	2.99046821174135	2.52571618647824
chr8:88325176-88325677	Basal	1.19136040020765	0.0116958692226175	3.03514131067204	3.4241807764285	2.71667917440592	3.36330856478748	2.93411633514708
chr1:102836928-102837429	Basal	1.1912374255328	0.00684776636597425	3.37287481075846	4.34548096174718	5.65848658379815	5.0537708611322	5.29545122037181
chr20:49998839-49999340	Basal	1.19109184472706	1.11746910088026e-05	3.24453147190895	4.39546015933583	4.54830064129183	3.4533472449965	3.47025715247913
chr10:24720207-24720708	Basal	1.19102453712271	8.02138734156362e-05	4.49429382321732	5.581511126737	3.70664093021277	4.14574263820449	3.82701290586183
chr13:45589926-45590427	Basal	1.19096480610459	0.000134908601096732	2.84907897929108	3.57615487104188	2.26105116989711	2.89389490022024	2.71413229560554
chr11:715028-715529	Basal	1.19030299809607	2.55209201862209e-05	3.22198226224225	3.84445697893793	2.89758524971754	3.12357736130087	2.89398765358491
chr1:148431636-148432137	Basal	1.19022813627865	9.48395414165704e-05	3.70793988052837	5.02119361729964	4.73836660047824	4.63778977271555	4.06210586707823
chr8:103277197-103277698	Basal	1.18969509404193	0.00038210034993549	3.23185112275011	4.49644879097849	3.29091776748389	3.12558087310923	3.35804713984368
chr16:71382060-71382561	Basal	1.18949784109901	0.000372833158830029	2.68221565902289	3.76919426785565	2.57829183533445	2.47234284243778	2.40748805297118
chr6:43084731-43085232	Basal	1.18922325630231	2.208963089769e-11	3.58894174413459	4.47061628763661	3.57194769960427	3.33383700971094	3.52325127596846
chr19:32654625-32655126	Basal	1.18897082263746	3.23366287568407e-07	3.4342630807748	4.24449049107165	3.65304432629713	3.66803989939198	3.63326041711351
chr17:41622791-41623292	Basal	1.18857662354587	0.00131578443376033	4.0062228227885	5.17169208659675	3.72199928717632	4.56398688398841	4.35624052199588
chr18:30687463-30687964	Basal	1.18815362243165	0.000604795859826404	2.99314554038666	3.72840969503433	2.86735905934554	2.66940361877732	3.05389759607854
chr19:4801286-4801787	Basal	1.18813565654404	1.20553345074653e-06	4.42108584577326	5.59936789682957	4.97517116679543	5.07559513423746	5.20978795827799
chr2:61015397-61015898	Basal	1.18741516526469	0.000392265880281284	5.32659466560985	6.62993818339295	6.58420191613051	6.04836693073885	6.07871045117274
chr15:78303612-78304113	Basal	1.18703767989908	0.000185972603885581	4.53399475545673	5.64950191536671	4.84171036488669	4.19416161195944	4.55742275168872
chr10:5495403-5495904	Basal	1.18660810716047	0.000125954959547646	3.7218593154882	4.88562367181649	5.11650776210318	4.70980360586125	4.86620356984593
chr7:56065797-56066298	Basal	1.18632581642681	9.04019899346318e-10	4.27839738520376	5.08476335802596	4.42408501514133	4.29971096795462	4.15806942433427
chr9:94783932-94784433	Basal	1.1859393309288	4.22139976448118e-06	3.99742821725634	4.70728510020025	3.87187321779189	3.9238561627277	3.97322635589922
chr4:54755130-54755631	Basal	1.18583114200011	0.00420543188906077	2.84458256576569	4.20536141370651	3.20137775629383	2.81013800050605	2.89407404535038
chr2:96206916-96207417	Basal	1.18553403290599	2.00380615271152e-11	5.03108822077394	6.03655176640025	4.86108884201587	4.81383816103486	4.6218713845085
chr12:2801742-2802243	Basal	1.18551344159595	3.73271705170251e-05	3.86960417088794	4.83894299087714	4.07653430638831	3.83684799915441	3.87743039371016
chr2:69534434-69534935	Basal	1.18505228310456	8.55301473207948e-06	3.48428671431716	4.26987748315624	4.66055208237817	4.03786289275712	3.93584063190104
chr19:14150916-14151417	Basal	1.1849444286042	1.1707748111206e-10	4.3938178790507	5.28516063388214	4.61367519369623	4.45595859942142	4.61560851316542
chr15:98485377-98485878	Basal	1.18486454055439	0.00178293251433265	2.57541104884547	3.22221519650113	3.05358406720628	3.25332901730774	3.09541210330878
chr12:14194542-14195043	Basal	1.1844324626509	3.88106585908537e-06	3.20800162032312	3.77212374034334	3.01293848765828	3.45523952782663	3.36956270503137
chr6:169252105-169252606	Basal	1.18440348588003	0.00340050549295174	4.13607207285433	4.6164415995355	3.83783464084434	4.14987127917084	3.86323408681438
chr9:133331910-133332411	Basal	1.18428500496118	5.78439825562376e-10	4.31675030529649	4.89997378391535	4.52810033183343	4.00390798017315	4.14720966574609
chr6:27827417-27827918	Basal	1.18408197651459	1.3163439604886e-05	4.06899936280058	5.00927246801267	4.49320408496553	4.3769846128199	4.14856999668453
chr16:2984841-2985342	Basal	1.18375605175954	3.30381400188676e-11	4.50819012142285	5.52564485578622	4.9845533067154	4.68964404819292	4.64744905933308
chr1:84606920-84607421	Basal	1.1836096107786	7.32386529483562e-05	3.33357336306792	4.04682397043094	4.87259897453608	3.49943667071247	3.73544739556288
chr3:58077593-58078094	Basal	1.18348543564232	2.66395992817963e-09	3.59543348003184	4.27657052698444	3.33370528048169	3.57705900094903	3.76756479275514
chr3:113268856-113269357	Basal	1.18326952492138	6.34303177456648e-05	3.54954640194459	4.37518456532218	3.77216753725253	3.48855398283542	3.36254993564475
chr8:105216246-105216747	Basal	1.18288393379263	0.00500875635051104	3.52190973558266	4.54052492617255	4.53221704273481	3.48198422646223	4.00726623144243
chr1:104465424-104465925	Basal	1.18286390936872	0.000420564471639308	3.41476018671798	4.13585118761506	3.26674160172919	3.12663808547956	3.00427186148698
chr17:75664866-75665367	Basal	1.18227412953407	6.59906588641099e-13	3.48785537274157	4.17083795735145	3.51168464880695	3.33935665454983	3.43812212731895
chr6:142304239-142304740	Basal	1.18203257190378	0.00296839192949567	3.07840111286487	4.17968406746153	3.0693075057907	2.51469582605605	2.69376403272463
chr2:218146273-218146774	Basal	1.18181889344244	0.00256426632106665	2.68965994457704	3.59233969019513	4.73062123535875	3.889111487387	3.91595758420318
chr19:10395652-10396153	Basal	1.1818001218479	3.53880197139133e-08	4.38084666521391	5.33826210128808	5.37268659458068	4.28014420920105	4.53925038280765
chr6:40648829-40649330	Basal	1.18143608688677	0.00358241667689062	3.07753186608721	4.03406085562108	5.31947928344428	3.57128492439932	4.50896284583039
chr6:161314094-161314595	Basal	1.18116618563758	3.30507220622813e-05	2.87857301998544	3.49313819292404	2.56684778885634	2.96015092793599	2.73788976709023
chr9:34503359-34503860	Basal	1.18022379721953	0.00645785177774044	4.04072300526263	5.37563252651591	4.87977026002765	3.94612693821737	4.26837393003002
chr6:41424993-41425494	Basal	1.18000704256096	8.4688002569417e-10	4.37159917079767	5.26626555981886	4.52960454794445	4.55654378344471	4.41891395344475
chr8:144434549-144435050	Basal	1.17945841911097	4.21069411463875e-09	4.66040121794557	5.57388530502316	4.92386910533533	4.72645466484717	4.76573909320474
chr7:64808450-64808951	Basal	1.17932817009887	0.00780042524283698	2.29360598639505	3.42928403197871	2.09837125575491	2.11965412442916	2.2052768156379
chr8:46194296-46194797	Basal	1.17669004106089	3.64099067649166e-05	3.37595487930658	4.31129384457658	3.25731828617772	3.89761122113807	3.41996333004633
chr9:21996411-21996912	Basal	1.17636690562208	0.000235712132032495	3.98475822886986	4.7716189244849	4.06498868042388	3.92198150316276	3.94356551272905
chr6:84811306-84811807	Basal	1.17630057607607	6.04823069551617e-05	2.87486988593909	3.19831239972834	2.71320566768627	2.95546680437884	2.8452252279797
chr6:26128084-26128585	Basal	1.17620881348967	0.000221066094087562	5.17005236898643	6.18310984206821	5.70329140780065	5.35827482104138	5.44912820404865
chr1:168122834-168123335	Basal	1.17606381728221	9.16441081103263e-05	3.06950761419821	4.09224470087575	3.15828001510357	3.28209290746891	2.89989720377735
chr1:185271962-185272463	Basal	1.17561592094508	0.00173383171636614	2.92056201134195	3.7547558469244	3.10288370672441	3.04118928141555	3.19573372636156
chr17:40009809-40010310	Basal	1.17554619570101	0.000172420448733472	3.61116660075473	4.48405619675425	5.47567429719648	3.67938660582209	3.83438067428665
chr10:116654163-116654664	Basal	1.17553092876822	0.00431397557923359	3.00546795325303	3.28734688550524	4.51423886336885	4.30142905754082	4.31645062399707
chr19:35111512-35112013	Basal	1.17486298608118	7.8279400553392e-05	3.95110127447661	5.19911590418524	4.45418409761214	4.49377726647824	4.4938002694815
chr6:106387187-106387688	Basal	1.17477585409313	8.79229309412978e-05	2.82060993381743	3.831048009347	3.12304439799392	3.00599388823258	3.05305464721217
chr15:89384309-89384810	Basal	1.17453028607454	0.000238306584335508	3.5903582880951	4.62277641520044	4.63053807922281	4.13300161974391	4.12521022380752
chr8:133574487-133574988	Basal	1.17447615480318	1.37951918982676e-05	4.46479895388313	5.441359703846	4.6005305544599	4.79352860927184	5.00155295300119
chr7:98562908-98563409	Basal	1.17422858924099	0.00116628253769816	3.34303487857938	3.95643188996493	3.98587187861817	2.9492989722326	3.18139212536404
chr16:986621-987122	Basal	1.17418854259108	0.000382329224670755	3.80386179500118	4.69344278637719	4.01128236491467	3.82283511028612	3.70081981316862
chr2:25377990-25378491	Basal	1.17396560542072	6.56022747331195e-14	4.64587644274802	5.66241238175785	5.15137965223663	4.55518563554391	4.63676231566563
chr14:98963438-98963939	Basal	1.1737969305303	0.00145347197745237	3.16536322887241	4.19027292785279	5.36603307221528	4.47552432749339	3.689113028878
chr19:52763581-52764082	Basal	1.17379659722618	0.00341943228678002	2.8557149218053	3.490645551485	3.59246492470476	2.72964921814765	3.15511390455724
chr1:43533464-43533965	Basal	1.17368900766259	1.06015300985775e-07	4.83891673342996	5.97955976188341	5.44431050024936	5.1651055539419	5.00682324907601
chr8:41062031-41062532	Basal	1.17368400734469	7.81850521694718e-05	2.82548356084273	3.37607566488298	2.25428826993361	3.27160229310657	2.91267242309007
chr16:54933335-54933836	Basal	1.1735507882526	0.00100092249969288	4.71175489340875	6.04883369188339	5.799328949305	5.60957152417268	5.71857139651898
chr1:63366247-63366748	Basal	1.17338793377215	2.2401799102982e-07	3.95192980507335	4.89071633936956	4.12191692527709	3.84534072385233	3.66893577184847
chr2:86193822-86194323	Basal	1.17336943305554	7.20195078452046e-08	5.04729391228611	5.8462068862984	6.09933652390635	5.41754645795684	5.32828238320588
chr1:235059736-235060237	Basal	1.17336304254959	0.000539814717116205	4.32853340483471	5.57681084490969	5.67480148919532	5.38257363241627	5.47282477015554
chr7:27315263-27315764	Basal	1.17331075755282	0.000571674997096554	2.73931601594528	3.44405841035161	3.23062361884435	2.69016989044422	2.71673230327943
chr12:30826975-30827476	Basal	1.17330147703846	6.61078775770752e-05	3.13187640701474	3.9173829896159	2.80105419818388	3.08157786072816	2.83332457503348
chr6:36389275-36389776	Basal	1.17316339022958	1.26837396210833e-10	3.75647318065227	4.50024347718737	3.90583483090835	4.0695254033427	3.91037764486854
chr10:43224771-43225272	Basal	1.17299381278351	0.00113502394477142	3.97218273789934	5.14751345225272	4.13204223545579	4.31474789900242	3.79263553945277
chr1:155319889-155320390	Basal	1.17246909170174	3.05153755645786e-08	5.10198529810727	5.72527373442665	5.24374872097147	5.1903557814433	5.07342563098209
chr18:23459449-23459950	Basal	1.17230126045451	4.67379665361076e-05	4.10235339047102	5.04004119265575	3.70414110102504	3.75272375065809	3.62141530942488
chr16:27503607-27504108	Basal	1.17142698549121	6.34098131347075e-05	3.3123942636228	4.03678526151892	4.12268455402081	4.04674721429076	3.73049591888563
chr8:131919278-131919779	Basal	1.17127895422213	0.000159965548514429	3.60716008511324	4.3083025713308	3.52941654388742	3.93015033825818	3.69224192211799
chr22:37997460-37997961	Basal	1.17110294392087	4.62341709725207e-05	3.96438310450314	5.09696085234607	4.00093272662739	4.09951091628439	3.83653638000714
chr6:106977411-106977912	Basal	1.17108480199999	0.0105336568547871	3.88562283552663	4.81433168814051	4.9697532544435	3.7198662302557	3.92873383819256
chr1:244761342-244761843	Basal	1.17082254063401	0.000298180845410183	3.03772265843406	3.83544411138809	3.072957465798	2.89271463461032	3.02791336612252
chr12:34354712-34355213	Basal	1.17064886202398	0.000539265241631777	3.71796774689575	4.61439045403555	3.60417486569058	3.17993010148822	3.70141057757709
chr1:244189815-244190316	Basal	1.17031910485437	0.000546041441187494	2.67519084400765	3.2168512524283	2.31442614699047	3.13301316820871	2.65651370746553
chr1:229341247-229341748	Basal	1.17028314950048	3.24362082014843e-05	5.48048278356477	6.68592772321757	5.54589229342265	5.36172416750275	5.32724936902673
chr2:214154777-214155278	Basal	1.17002087915129	0.000143432433527156	3.18149990120356	3.53900618143196	4.44847373197499	3.61660526279808	3.76648951412508
chr1:234633164-234633665	Basal	1.16943634850347	1.75587851321721e-08	4.03104394984414	4.87302803017693	3.86157617048917	4.1142967213934	4.13146156748079
chr2:133691350-133691851	Basal	1.16878951860622	0.00096215603786667	2.66808897417713	3.51707327817567	2.50395218458502	2.6212388525942	2.44914140779067
chr1:228380579-228381080	Basal	1.16848586017079	4.12550707226134e-05	3.28561709917064	4.47847500206954	3.29982296926671	3.50134587633407	3.42425420784857
chr6:1588451-1588952	Basal	1.16784354134348	0.00583392591313959	3.47686069749102	4.94541190771711	2.75020029726996	3.31917614069395	3.0042595682033
chr6:10399366-10399867	Basal	1.16736086410982	0.000384324599176795	3.56829083543518	4.83779399292112	4.34652659915419	4.24092362075843	4.18360230351063
chr20:49566414-49566915	Basal	1.16723329979324	0.00363375193804405	3.26547055952405	4.03843923213068	2.88773314316572	3.62734781795575	3.15009948273527
chr2:233965157-233965658	Basal	1.16713511967199	0.00182131878706263	3.38813391818279	3.97753926300009	2.44495687543453	2.93462280263518	2.49290686727527
chr10:46107325-46107826	Basal	1.16674384067324	1.9840065615477e-07	3.74888650381573	4.49602074251608	3.56971895408798	3.73828629502645	4.03016782758492
chr17:60164613-60165114	Basal	1.16653040236094	7.63195879758598e-06	3.5059563579485	4.35872876315153	3.39621856791692	3.51994063905551	3.60871946517464
chr12:11174100-11174601	Basal	1.1660335344471	5.35488638269757e-06	3.14401655130135	3.9912960373566	3.50929117471732	3.06964121109682	3.16748368110138
chr6:16241985-16242486	Basal	1.16588970617693	1.60507445006454e-05	3.64657174397872	4.6313657377124	3.66909799953555	3.70502860320056	3.44765605986554
chr8:101393983-101394484	Basal	1.16545503435148	0.000500332197345971	4.09670587295564	5.43941322663431	5.48173969716782	4.70094967232743	5.03901694394685
chr6:27130873-27131374	Basal	1.16527745164762	1.47261460828773e-07	4.58901424825695	5.54264394672493	4.71080964818662	4.47661893180132	4.44946951701142
chr20:47791074-47791575	Basal	1.16523011905527	0.000784230822382408	3.88913553223539	5.01896559644424	5.48928470658998	5.11044021883938	4.76917165768644
chr6:26130050-26130551	Basal	1.16499735120413	0.000625323049096011	4.87152677261801	5.98685287821793	5.47405654001492	5.15431925876905	5.3699360198572
chr6:39301508-39302009	Basal	1.16490262395127	3.18346312246548e-05	4.15873727774577	5.0828290729394	4.38093546484181	4.03601449578936	3.95801880917185
chr15:90187415-90187916	Basal	1.16483612077875	1.23094280431554e-06	4.63032006650937	5.5834548807348	5.20766419256274	4.87596388692565	4.86493538791859
chr4:98999544-99000045	Basal	1.16371695937968	0.00454739109413355	3.7906487523996	4.97227170114535	3.50633128375597	3.92966146193061	3.59270849369678
chr19:13062584-13063085	Basal	1.16360146837305	8.80027084792868e-09	4.11962141788455	5.08246488900928	3.87105085932132	4.03222949529221	3.83801998981798
chr6:18123181-18123682	Basal	1.1635821693724	3.35255517767643e-07	4.40330378366033	5.36937346049505	4.45105453305875	4.31946064362588	4.43809121236059
chr7:73847530-73848031	Basal	1.16309406204925	1.84508955919749e-06	4.15219586995545	4.93608607766634	3.96366914507587	3.98932076183099	3.97413991638997
chr6:55819823-55820324	Basal	1.16304963126133	0.000406348893057691	2.83478583878029	3.59590923882302	2.75476945333055	3.11184038193145	2.91137753907778
chr16:3456361-3456862	Basal	1.1626961529274	6.27235724300062e-05	4.9728984203599	6.07299302353898	4.79908580607657	4.98698506222652	5.00449830949415
chr3:169774108-169774609	Basal	1.16264581393483	2.29743448833258e-08	5.01521887736843	5.93354293160306	4.82058549098602	4.90104869858128	4.71678084606939
chr6:42143411-42143912	Basal	1.16242022486588	1.49157297609746e-06	4.08457375773263	5.06064583978485	4.40713764785453	4.31700918369106	4.28836659292455
chr15:93236926-93237427	Basal	1.16221744131583	0.00129635886638415	3.12142296748864	4.3132275058605	2.64901994228233	3.04313842799029	2.93277379013393
chr10:6886991-6887492	Basal	1.16214101227062	0.000114749741811261	2.22460136909266	2.48543805026075	2.12944576196686	2.35091695035626	2.24650690530756
chr1:85197489-85197990	Basal	1.16212820003321	0.000566529813917599	3.50215489026538	3.76439731819109	4.045738125938	4.04984858856639	4.58488692775408
chr6:125564937-125565438	Basal	1.16142451793716	0.000616594613726188	2.91397221486637	3.36515545950293	2.83360049227921	2.65060529626003	2.92134768266717
chr6:6004495-6004996	Basal	1.16134289666844	0.0016297392519351	3.8441719448203	4.81833186357124	3.78291521312647	3.72550213902126	3.60975118953206
chr1:161723731-161724232	Basal	1.16127543668123	0.00524253687904535	4.51146583479484	5.6858033515678	5.57687623985793	5.46500260334512	5.83924442016218
chr7:55776163-55776664	Basal	1.16109868285524	1.05944204773656e-06	3.50734536101611	4.31066722142026	3.73405480795376	3.73436621469528	3.65481748332815
chr6:106728767-106729268	Basal	1.160979288441	0.00656716834568771	3.9314059731931	5.04993243132033	4.39415120658523	3.49952620499028	3.41393443019421
chr19:13798644-13799145	Basal	1.16097810481334	2.3452380987299e-12	3.99126856680604	4.76748570177946	4.23974940490367	4.07554689962793	4.11207584352475
chr2:44948624-44949125	Basal	1.16057817659536	1.31379502540769e-06	3.46484246113307	4.04748250310042	3.30150427386112	3.24402668558373	3.21711173137214
chr11:62856955-62857456	Basal	1.16033497894169	3.73557013348587e-11	4.9210022412972	6.03601801485776	5.50680784103485	4.86896323296323	5.00912964920688
chr8:82837167-82837668	Basal	1.15978537036279	0.00683015666454999	2.82261318392963	3.32177753575717	3.26409961612882	3.44544587673571	3.53951329819078
chr13:41130312-41130813	Basal	1.15954801949558	1.62679410971263e-08	3.67453532941176	4.42123554061344	3.27181489228915	3.37937699430162	3.39303863343118
chr19:14028154-14028655	Basal	1.15948274900854	2.20151787151567e-11	3.81152610057914	4.55614778170729	3.81912081883023	3.7955590846446	3.7517114007413
chr7:100122589-100123090	Basal	1.15924294025889	7.06647040760742e-10	4.98773893420334	6.00189724188817	5.67266809537577	5.37750267880409	5.24447937888406
chr6:41711604-41712105	Basal	1.15908578420638	0.000142868357766164	4.72170357807375	5.84584476186973	4.58081848267356	4.49160502882449	4.39018261186649
chr10:69683475-69683976	Basal	1.15863637937024	0.00126529337722731	3.97403388099547	4.67917617534403	3.99414601109436	3.64407133847739	3.58804987036335
chr8:127407358-127407859	Basal	1.15853772823068	4.81257210039425e-05	3.14363807846638	4.25106182873384	3.30135199999006	3.67149209203965	3.46513820520988
chr19:35113796-35114297	Basal	1.15841199081972	2.45583684607794e-05	4.41388324387662	5.58894255785008	4.6705574142992	4.79849457268823	4.5326514757762
chr1:42953892-42954393	Basal	1.15834371157297	8.76467818874173e-06	4.18238859883274	5.26949203685812	4.35985980306993	4.10717200215006	4.11054017595976
chr1:47433909-47434410	Basal	1.15833799794015	0.000112364051788399	4.50153583603056	5.58728471777708	4.77209164143442	4.8162828464574	4.78181651276695
chr13:98023434-98023935	Basal	1.15768683245547	0.000310820040178022	3.27322974795729	3.93474995159598	2.84351206607126	3.17014734623765	2.91331647553944
chr22:38036900-38037401	Basal	1.15728263985122	2.7554012318222e-05	3.9971595322727	5.19439785616432	4.03402766812562	3.93578361366506	3.80414302327592
chr4:168879967-168880468	Basal	1.15720189165175	0.000251793367876516	3.5668470946207	4.35488650096666	3.24798089298515	3.75385013004732	3.30122592860409
chr7:27162053-27162554	Basal	1.15699580879453	0.00468818875902539	4.86421620474751	5.7800856032089	4.25213122542493	4.59275783942165	3.98686916304466
chr6:165120373-165120874	Basal	1.15663517872241	0.000515535306332021	2.91653867968525	3.62492587428762	2.44353461813586	3.00214141342543	2.85939189979845
chr7:81332933-81333434	Basal	1.15659514152974	0.00697975600372868	2.77070625806046	3.79075753383759	2.07493066887508	2.64845975731469	2.54477619904966
chr2:37377735-37378236	Basal	1.15633158300401	0.000546909301062247	3.74462275055858	4.91775487055466	3.43980527354732	3.72844671056162	3.2001953289437
chr7:103076725-103077226	Basal	1.15628079430923	1.34693129922944e-09	4.26210634038169	4.92275769205747	3.93104188610519	4.00402038315541	3.91092240763131
chr14:99256448-99256949	Basal	1.1562256965621	0.000137320254608597	3.39597149356153	4.12391705683651	4.29435168197656	3.31633911215664	3.5431778791864
chr3:184132510-184133011	Basal	1.15619493214618	1.21483269850336e-07	3.67097296490504	4.73199725705267	4.50921293743039	3.82687596402958	4.16501772852993
chr2:27082461-27082962	Basal	1.15530685320504	3.69924536340752e-12	5.07542002802732	5.94052490686178	5.35422010247089	4.98593932345827	4.96543257911244
chr14:100171618-100172119	Basal	1.15501290364655	1.12442108173026e-09	3.47555715036469	4.09906507680718	3.76585166706278	3.59284080655148	3.72385017836539
chr3:11534978-11535479	Basal	1.15474661117807	3.56885818971687e-11	3.72675895994861	4.65929091191815	4.135938757582	3.93311675833168	3.88405421470559
chr7:73283167-73283668	Basal	1.15414927064771	0.0478161810173837	2.58293787963857	4.27309485980468	2.58425872254556	2.48368248691181	2.64986183187922
chr1:161531875-161532376	Basal	1.15361784435802	0.000219225725816148	4.09952584812687	4.97923139521069	4.11100415725789	4.41608372733367	4.18156617178965
chr7:127583668-127584169	Basal	1.15355224280171	1.62362969010299e-06	4.36520795825292	5.11766885252327	5.44466049153061	4.79174935457415	4.84188367439349
chr5:34898998-34899499	Basal	1.15338839612005	5.58428125566548e-05	3.6006207573108	4.76569482775476	4.92311504104292	4.14123652317886	4.30512334630421
chr12:53923482-53923983	Basal	1.15324669427735	0.0018985858013835	3.1754468861075	4.0720519758961	3.90029114784518	3.68780180287717	3.72546182652158
chr15:56734131-56734632	Basal	1.1531896730273	3.2275685527461e-07	4.55884170319232	5.70440621627079	5.36821184649052	4.99803881139418	4.74296963819821
chr19:35598903-35599404	Basal	1.15318795340846	5.77818262026182e-05	3.20401653055226	3.92862684707186	2.86050147037844	3.08708690682257	2.83844221206809
chr1:6609260-6609761	Basal	1.15316739464338	0.000255332196371369	4.54305867731391	5.68298855371973	4.47088419055174	4.90201558637367	4.46514415111461
chr11:62883025-62883526	Basal	1.15236971237587	1.43271681333558e-07	5.74449127472828	6.81010689827389	6.13301854013207	5.88054964316477	5.88211271559503
chr19:16585131-16585632	Basal	1.15233117355146	1.93343611482284e-09	5.55979092317647	6.45103091176222	5.53686991148166	5.347296215506	5.37979969770135
chr11:69199174-69199675	Basal	1.1521220546782	0.000564910509962383	3.17829558953483	3.63662952969468	2.70291794238798	3.05019788560665	3.31837417005039
chr17:27529773-27530274	Basal	1.15166875544304	5.02768524385554e-05	3.97735208604462	4.74401285697909	4.38734863151772	4.22488101530665	3.91601621728539
chr1:117211607-117212108	Basal	1.15099373297211	0.000746164729787789	3.43688409223985	4.68961414896717	4.78090008174291	4.59803488866437	4.59513504032395
chr7:100581499-100582000	Basal	1.15096009048006	1.06789805123503e-09	4.49610673962544	5.36991137208577	4.86933376580731	4.67584917138588	4.67783237326737
chr10:13507500-13508001	Basal	1.15055298610819	1.18580604738633e-05	2.94221037978639	3.55428928227778	3.14363233575106	3.21790896015228	2.95863915144358
chr17:82099592-82100093	Basal	1.15019030194509	6.90870986240807e-06	6.47343267130786	7.65285058377642	7.52026551597588	7.21492449891303	7.33073235772849
chr8:127713703-127714204	Basal	1.15011804770841	3.00003365941496e-05	3.04274709051953	4.29346947679104	2.97349954743055	3.42711535738198	3.15824180687584
chr15:76309498-76309999	Basal	1.14950836990387	0.00017450358053932	3.80596253877506	4.4852662962212	4.29513272787371	4.40424824213739	4.13084734354659
chr1:37797873-37798374	Basal	1.14913403658509	8.79413532477226e-05	3.54936239603911	4.19238416791271	3.77101004589565	3.62458493714026	3.7240012148589
chr2:60553025-60553526	Basal	1.14884885441843	0.0024213464819265	4.61769697037181	5.71426402659993	3.55981274892552	3.97339410821176	3.12210037249817
chr7:1151615-1152116	Basal	1.1483401848222	8.20750674371846e-10	3.76346651719779	4.35499796893131	3.62471280848051	3.5932936247473	3.55227620568407
chr14:75430996-75431497	Basal	1.14826127576077	2.32005900068218e-06	4.36629373645879	5.35918494221157	5.50615706221142	5.41999760605195	5.10446176470513
chr3:83438302-83438803	Basal	1.14821451478469	0.00893625746202952	2.76125716145793	3.3529412155014	2.37011557771722	2.88339851549346	2.82684351117173
chr17:7957624-7958125	Basal	1.14817475683604	0.00344141584265877	2.76322056405513	4.0218459560351	3.97006549258655	3.20370929742248	3.3998720317328
chr1:41370408-41370909	Basal	1.14742178647251	0.000150567773556783	4.39809510627358	5.23395189841762	5.28647628289171	4.94822086261289	4.90779220195713
chr12:20840496-20840997	Basal	1.14741219585987	0.000358081769650015	3.00225827502192	4.0077187938969	2.99403993424235	3.00854016323247	2.90310595629187
chr1:147720511-147721012	Basal	1.14726365182798	0.000833691732107074	3.88845495655685	4.49219563630873	4.54041223374231	3.89907583940128	4.03629676494194
chr16:1684540-1685041	Basal	1.1472519690095	0.00128949969180621	3.76948809167995	4.81637058854268	4.21679060643568	4.34248143876682	4.76566969461066
chr16:30060297-30060798	Basal	1.14706553554658	0.00710075073711005	4.64199387346494	5.75738288560037	6.81854537621815	6.78700906215235	6.86352167775483
chr1:149713000-149713501	Basal	1.14705093715101	0.0136720063688361	2.51986738732171	2.66572033563882	2.55828713674446	2.64909158467686	2.23951518760308
chr3:184570467-184570968	Basal	1.14699705720514	2.69516129077468e-06	4.37401323210278	5.37685986714718	4.55346439338769	4.40641043460313	4.44180008388279
chr1:88928423-88928924	Basal	1.14693129373857	0.000153694975384292	3.01021813580766	3.76781172881462	4.785354103902	3.34466178265421	3.26903184667853
chr11:67673385-67673886	Basal	1.14689588108868	0.00340961104795944	4.06155684098454	5.41432062276318	6.03980803541963	4.85485248877441	5.11671780765246
chr2:118861219-118861720	Basal	1.14580295330928	0.000265618014704564	3.43781475582004	4.34871267203889	3.14178963367375	3.49856265009227	3.2378492897345
chr2:32278791-32279292	Basal	1.14504662080732	9.85478709075197e-08	4.71958098511899	5.63367491691056	5.00361709821394	4.68722678181849	4.48332917538743
chr19:16699797-16700298	Basal	1.14463337276577	0.00047209158775861	2.91828553584533	3.99045725565452	3.47313545903176	3.15035389698772	3.25180681412955
chr11:45667156-45667657	Basal	1.14453870573633	1.91231882507344e-05	3.55083509262532	3.95130030723564	3.34439623678225	3.52232631909291	3.36740809222684
chr8:141377747-141378248	Basal	1.14439185995859	9.48097560669389e-06	4.27051033581072	5.34984330255549	4.16811251923283	4.22988113465534	3.83135271167277
chr1:116692819-116693320	Basal	1.14435880067915	0.00116753025485318	3.56132657465591	4.75253341148312	4.89747420627119	4.13704793253265	4.20335847209485
chr22:38040393-38040894	Basal	1.14428297060475	7.67315822498916e-05	3.92119163897025	5.14646669005238	4.09220749078962	3.93514386565749	3.76513197773629
chr6:42744541-42745042	Basal	1.1436929580085	8.93916483704442e-06	5.01995284131595	6.11438936705917	5.17928514385284	4.66596921725524	4.80502330218966
chr6:64903206-64903707	Basal	1.14365770328275	0.000402236176883561	2.65736701078421	3.09481590442128	2.10595429983402	2.58186472796586	2.47751016331837
chr1:165375043-165375544	Basal	1.14353249226272	8.14330126333597e-05	4.04767615641028	5.12901277484728	3.97297149662916	4.5188685360891	4.24396997093817
chr8:125415813-125416314	Basal	1.14343761272318	0.000150040184952424	3.81775527703316	4.73495370145141	3.96856068438253	3.60235352865204	3.95518468150556
chr1:2134787-2135288	Basal	1.14320447499962	0.000752191293076233	5.12811590965311	6.12556661403959	5.65242877632517	5.25108628143534	5.45848126679972
chr2:165802342-165802843	Basal	1.14307581347428	0.000473215430176498	3.54528505129783	4.32938131927531	3.20652306169437	3.2787242018234	3.4134889319968
chr5:138606561-138607062	Basal	1.14299586525922	0.000170600094847172	3.69297128458901	4.65149914176771	4.82254797764997	4.4347697067034	4.41433072604413
chr19:57648196-57648697	Basal	1.14294615226771	0.00401725433686689	3.21874434674058	4.34410823814394	2.9692629675732	3.28244045998498	2.8404224434527
chr2:38223229-38223730	Basal	1.14272124593903	0.00803713742582067	3.54157776269942	4.12982448244119	5.26596156806289	4.5026624335715	4.33485100527644
chr7:157338890-157339391	Basal	1.14267681162876	6.5482074463136e-07	5.50040097096355	6.48091195468715	5.35545331057356	5.88864838500145	5.57679386152373
chr17:2044463-2044964	Basal	1.1426030758451	8.83724365326975e-06	4.77665380325992	5.89434776250069	4.48360146880756	4.84440154392373	4.70311340814736
chr3:11799184-11799685	Basal	1.14217585640283	0.00213663656341242	3.3741897935034	4.22690317232252	5.44364478043083	4.33550327367695	4.6276042157853
chr19:32917966-32918467	Basal	1.14203248956024	0.00134852371744232	3.064526406976	4.07096817471163	2.97521246622727	3.06286984181964	3.06865970819722
chr2:120555021-120555522	Basal	1.14188021525914	1.67703858561678e-07	3.58626838267579	4.3307077722263	3.79336518533785	3.9074932236619	3.98219524984466
chr13:95554526-95555027	Basal	1.14172194258837	0.00125255743904425	3.81766869867012	4.72270428267156	4.17039740802893	3.53723906241204	3.1406520378647
chr8:123322079-123322580	Basal	1.1413340067757	6.46953183094666e-05	3.23575172164233	4.52280767014213	3.40634063394229	3.32599355242187	3.49486734863493
chr1:205564514-205565015	Basal	1.14093138396475	0.00356956263842752	3.84422322119575	5.1777594331251	5.70508777825473	5.11393030847789	4.82125450483277
chr9:66268935-66269436	Basal	1.14090886634827	0.00030219533647324	3.85667849749688	4.89329522523576	3.3501124905543	3.88957071837663	3.99456732746639
chr16:81864556-81865057	Basal	1.14090318348758	0.000136061996736137	3.50245299185485	4.47392780181934	3.41580768577823	3.24132230416058	3.39544045553761
chr2:235748310-235748811	Basal	1.14075687462849	2.95065329062565e-05	3.62571905763225	4.74019278464365	4.1643146879519	3.79939563472954	3.87704561709682
chr15:98869102-98869603	Basal	1.13991077505033	0.000823258418806655	3.42611919465126	4.41747706496131	4.04268396916281	4.69344131842772	4.09208116845505
chr1:183784868-183785369	Basal	1.13952542671526	4.40437999028083e-05	3.21677520399901	4.27330661208445	3.08367680603798	3.24498056125827	2.87269679875798
chr8:85353537-85354038	Basal	1.13940434128158	0.0017667894424419	2.75163679746769	3.9120650990004	2.70216516358146	2.84566948781805	2.88803485647284
chr6:43521061-43521562	Basal	1.13925757742843	5.49760712098149e-09	4.40345294459977	5.37346250187494	4.20118967096379	4.2049842360257	4.0684561031468
chr16:11014077-11014578	Basal	1.1389096116137	0.000315341113697145	3.52325419854194	4.02169684488892	3.37681517031945	3.85496715728677	3.93166097599067
chr6:42094510-42095011	Basal	1.1387950494855	2.37444323861216e-05	3.96869926583081	4.67658330103658	4.80719938228619	3.89613553301221	4.39375821900406
chr6:10410946-10411447	Basal	1.13833562754383	0.00250170511244124	4.50392482199926	5.67710294508861	5.52553586747319	4.98409226000039	5.00757954492493
chr19:20968654-20969155	Basal	1.13833303577486	0.00781030444188753	3.47592430861443	4.41030633889604	4.13363670866115	4.70547543143061	3.97051308345132
chr10:8048980-8049481	Basal	1.13814506260937	0.00718814345518544	3.76812598907885	5.00619665051878	4.68755263589857	5.24239340391606	4.92959381250573
chr2:33381413-33381914	Basal	1.13813592559757	3.99784450583011e-05	2.86231642022579	3.31822162854788	2.4765524467324	2.79338198830207	2.83442993735166
chr20:41392213-41392714	Basal	1.13807235150251	7.32040988965806e-06	3.85766115113389	4.91353458095929	4.57973942841479	4.17911178968368	4.27026873463096
chr19:54425221-54425722	Basal	1.13790147190132	4.09363704944282e-06	3.61072655377371	4.35184664497805	4.04165694217116	3.68911977142767	3.65334617128903
chr8:143718149-143718650	Basal	1.13756833569978	0.00014615416991419	4.90530734901372	6.18637581138207	5.71746156163084	5.35386964638377	5.62353706496672
chr2:163213058-163213559	Basal	1.13756772994811	0.000572620975595704	3.17753825283931	4.08541797414455	3.49595830973376	3.82339202160802	3.80169207791294
chr6:21720155-21720656	Basal	1.13742791840136	0.00406181668334626	3.12961370096519	4.00645218950398	3.12190250529769	3.21315704222558	3.45298359022635
chr17:47866240-47866741	Basal	1.1373996902362	0.000263527969724513	3.38839122167198	4.27130726867326	3.91536794731406	3.85035680297022	3.66507992948804
chr1:185257081-185257582	Basal	1.13728777374766	0.0428655968869994	4.07716967780872	4.94988857349901	3.83942191359407	3.15987245345972	3.41825128078074
chr20:45819413-45819914	Basal	1.13721862434612	6.85535582616582e-07	3.71822093110071	4.25927378136745	4.08775946443503	3.6608679542135	3.89591105305564
chr21:41476979-41477480	Basal	1.13698557757636	0.00126998885050309	4.31563199845882	5.52116267169798	3.72508114914819	4.22694145859357	3.97233786373907
chr20:31727454-31727955	Basal	1.13647507322633	0.00012561402750179	4.49889367874178	5.35543552257968	4.59662931223125	4.14734716613468	4.34719018359466
chr2:143553255-143553756	Basal	1.13644907714831	0.000172711170080822	2.73001955359162	3.62250179970393	2.76074996340421	2.94616946918093	2.83166046432223
chr1:197784099-197784600	Basal	1.13632435984528	0.00219780699841105	3.88341829163356	5.34372290944443	4.49646896728776	4.0960379003313	3.96579116833453
chr6:26550989-26551490	Basal	1.13622815933044	1.22304434608974e-06	4.01015197496687	4.85636548683157	3.81698612491649	3.82528273023025	3.71730563716679
chr4:38315211-38315712	Basal	1.13613722019052	4.02322389860653e-05	3.99086743323399	5.16965566667529	3.99659513668379	4.25107404278639	3.62407275068173
chr8:666249-666750	Basal	1.13613009130393	6.44370311868699e-08	3.43773011585889	3.84751087869135	3.16493684050946	3.35258698234441	3.34978660670675
chr6:106912040-106912541	Basal	1.13591046912428	0.040143039390891	3.90659484096476	5.4647368177253	6.18414663376461	4.70748076850579	4.94401132790254
chr9:131816466-131816967	Basal	1.13570130781418	0.00161927955706226	3.03135849004272	3.77422324624392	3.45380017645723	2.97157544515595	2.82116255017344
chr7:44881522-44882023	Basal	1.13564394656512	0.000199086438736936	4.34354882090329	5.29285319382323	4.31684784923402	3.8807618870986	3.96978814469602
chr6:138189115-138189616	Basal	1.13556172908212	0.00555325930293739	3.66517441467397	4.86885735482346	4.76481277070103	3.791225626842	4.0026575787006
chr2:66306899-66307400	Basal	1.13551846785643	0.00180985534499325	2.84786030385826	3.57451421816072	2.22236196495567	2.53034610021597	2.27760774377873
chr1:148452784-148453285	Basal	1.13513433838038	0.0224897841313512	3.11685949842037	4.74488295535981	5.77331708961748	4.1052374308133	4.05140481430064
chr2:44271280-44271781	Basal	1.13505983975561	0.000610774373657884	3.21188558311259	4.12964152191917	3.2173995472258	2.80839802007931	2.6724793239425
chr8:127577592-127578093	Basal	1.13476754831407	0.00162956993136716	3.5060935004527	4.70840145229415	3.84452075854356	3.99632625026102	3.68791118683827
chr1:145890345-145890846	Basal	1.13457635850871	0.000173105902288304	4.65627796865155	5.63628410199861	5.91769233368171	5.48571316244762	5.68852847652193
chr4:25759280-25759781	Basal	1.13434284972875	2.18480776502505e-06	3.37797797565526	3.58135228789567	3.75859715524752	3.00370850377482	3.07630191623196
chr2:38374946-38375447	Basal	1.13424592622867	0.00171049538761707	4.75572442199796	5.85146463208599	4.44609145481893	4.16279768624086	4.04812783396317
chr7:4831197-4831698	Basal	1.13361618776029	0.00219512719008903	3.33222286702986	4.19144286011254	4.57193303779904	5.01447459469647	5.12117339380436
chr3:150344030-150344531	Basal	1.1332316305852	6.01444040139812e-05	3.6437627550478	4.78799371568143	5.05471777118824	4.0681913827314	3.93327927229811
chr19:11698149-11698650	Basal	1.13227818695654	8.7481844105005e-05	3.11546714877455	4.12640668171405	4.11043154451256	3.99675829294186	4.04606088697845
chr6:41922161-41922662	Basal	1.13200290474572	8.0889698739356e-10	4.67064483519092	5.4868895117678	4.50915681701732	4.43343352426713	4.34505864353055
chr7:24862907-24863408	Basal	1.13182143654762	2.44620188281347e-07	3.19950255035706	3.84887255230343	3.05988968384153	3.05880445805784	2.96766450403379
chr19:13081392-13081893	Basal	1.13166583009631	8.67965475253264e-08	3.87382597722399	4.83421891265518	3.53713289246469	3.72065730072512	3.61795949814927
chr6:45605893-45606394	Basal	1.13143310451443	0.000299318841169206	3.27718840711547	4.14738813794548	3.16538844880259	3.15227108014655	3.13125081160791
chr6:31574674-31575175	Basal	1.13142293574591	3.99252419123885e-10	3.95235185365501	4.75741643299173	4.20302808678503	4.02897496699871	4.09927862521294
chr1:243256516-243257017	Basal	1.13110832624211	7.12844217475817e-10	5.42102239379978	6.35257050736703	5.38329495720455	5.45786070175611	5.2150404090506
chr8:129955688-129956189	Basal	1.13059860349607	1.98952775000799e-05	3.50919752501285	4.53047403565727	4.10681657346643	3.86336339240783	4.30235498497398
chr16:54932728-54933229	Basal	1.13058183280739	0.00627143088878757	4.4719774410809	5.91663732037214	5.89012751694737	5.45117794083942	5.70751020032775
chr18:11565637-11566138	Basal	1.13031379918473	0.00450061631264167	3.13694682686264	3.79459979947961	2.90257958256706	2.99530757351915	3.23559560316982
chr2:9949475-9949976	Basal	1.13012279586922	4.7555539108511e-13	4.33879984852483	5.15894072098462	4.5605564560434	4.37896781265608	4.40425629600598
chr5:34505443-34505944	Basal	1.13002629181027	6.78768919050662e-05	3.39645396671505	4.43338459848074	4.32983300605217	4.18270107406008	4.14829069107465
chr10:29146542-29147043	Basal	1.12862583945965	0.00118019988563616	2.84056955066842	3.89761176769492	3.63532965395497	3.47642002687894	3.63051158294171
chr6:122313865-122314366	Basal	1.12744797313332	0.000496081654264296	2.92229621156434	3.7093355869558	3.38476793458076	3.57336443585859	3.27029351145329
chr1:154552548-154553049	Basal	1.12703038461557	4.17257013458993e-09	4.07752024309895	4.87731184712552	4.31697778248602	4.2537776436534	4.23095152446646
chr11:44848295-44848796	Basal	1.1268663290638	0.000866031168645287	3.35703550409794	4.00519124334915	3.31841262282852	3.08213884833704	3.02848875544077
chr16:85488292-85488793	Basal	1.12638402862711	7.87083912967062e-07	3.85180630480281	4.94235230233793	4.13377375794006	3.90743215572074	4.16595638123341
chr9:102355947-102356448	Basal	1.12628938895382	0.000840060515053308	3.17907065390284	3.91454783510096	4.0160281091053	3.72899556280169	3.71479886216934
chr7:55776804-55777305	Basal	1.12606097971865	2.10432884631577e-07	3.4380822981324	4.29657350123612	3.56297213920624	3.55208666670493	3.56417989939083
chr13:45394764-45395265	Basal	1.12590419913346	0.000806070283028646	3.60716417856723	4.49611526573576	3.17128866311997	3.56498681852703	3.17222323873051
chr3:184566331-184566832	Basal	1.12568262745624	0.00211861970221667	5.7611341914895	7.17102780367261	7.26168868806039	6.74313121128524	6.92649527493174
chr2:170568063-170568564	Basal	1.1255212746819	0.000251793367876516	2.9734753060091	3.41656407961332	2.42469152525191	2.74634244432373	2.70779591099167
chr19:42472390-42472891	Basal	1.1254988771149	0.00515273411647258	4.14158362039152	5.53620950542657	5.60284694664927	5.09442624304276	4.95034369493934
chr20:32695853-32696354	Basal	1.12535366502194	0.000189990688451886	3.46142098998857	4.24663084975573	5.12818169509331	4.08295807270115	4.31871655285942
chr6:20127845-20128346	Basal	1.12532428838504	4.27602547651678e-06	3.81464912611144	4.76096636765249	3.76808911468762	3.99346851426597	4.05404810299101
chr6:26218814-26219315	Basal	1.12517175269769	2.71163315601023e-06	4.21728514910934	5.17891448294968	4.97819801289027	4.55753895895687	4.91413480364861
chr11:69167583-69168084	Basal	1.12502080997134	2.36846367455538e-05	3.58063624448224	4.41036361967838	3.41576663992214	3.34735128281309	3.62524630700184
chr6:111554051-111554552	Basal	1.12499743111806	2.34093867692062e-05	4.04898370251304	4.86492285096614	4.25277701218445	3.78010414990038	3.59668765674502
chr3:134798302-134798803	Basal	1.12485272125223	7.20951557006907e-05	3.52975171009929	4.22971898597669	3.07645186988553	3.43320928444271	3.34959629153528
chr17:16409896-16410397	Basal	1.12481795612482	1.57276348250123e-09	3.33558042831566	3.86772851077662	3.01412360475736	2.89861656075141	3.0521800299575
chr1:87337183-87337684	Basal	1.12469043436946	3.63498358059338e-06	3.7533180195065	4.67310089035839	4.10344313076157	4.18683168960696	3.8906413849083
chr1:183800372-183800873	Basal	1.12434642450403	0.00211974648260554	3.21601997379519	4.19567955872181	3.45742798308409	3.51987557280499	3.27524381957124
chr16:86552596-86553097	Basal	1.12418511834679	1.31149811520852e-09	3.19675959801892	3.92020616099962	3.14521499533551	3.01833953130052	2.83412290448479
chr12:120759748-120760249	Basal	1.1240049521313	1.63304777073392e-06	4.15828293412682	5.07621601704849	4.36254832837716	4.03799217427578	4.57990466806945
chr16:2962470-2962971	Basal	1.1238616199654	3.75504797328584e-09	5.21735192664736	6.02047368842264	5.88205027763977	5.33592760226691	5.55690590828995
chr11:126458307-126458808	Basal	1.12377647170369	2.84892640895622e-05	3.30877522002349	4.33994730344545	3.19841716223216	3.15743148223159	3.24833429861088
chr2:61012895-61013396	Basal	1.12375735502605	2.58624972538461e-07	4.55844500847569	5.6705685896992	4.80204646258301	4.62661526393997	4.69405494471552
chr6:139012664-139013165	Basal	1.12363745506714	0.00140050046710362	3.02976348088989	3.98034069609197	3.27457506855479	2.83981057086437	2.67881924093039
chr8:123501453-123501954	Basal	1.12349057628058	0.000855228699340161	3.40120425639	4.38185388581982	3.52950319762852	3.81254833570011	3.71013491718983
chr19:39034194-39034695	Basal	1.12324065549503	0.000467673715758157	3.49487972105626	4.53145349073322	3.58335883110536	3.63664130530198	3.71056928235953
chr7:73836798-73837299	Basal	1.1227133995494	0.00908903627828515	3.04750768398976	4.29862929440187	1.98166641460683	3.01517603024394	2.67658818556088
chr11:68037419-68037920	Basal	1.1224428102066	9.09322134839118e-08	5.35890912079213	6.40499667174721	5.63324272456149	5.32277962890787	5.51390524334275
chr1:205388662-205389163	Basal	1.12241657562345	0.00093835383160827	2.40860155729607	3.38164626423017	2.46733030028629	2.51693281258436	2.44444813002408
chr7:6059596-6060097	Basal	1.12238745307903	1.28141072687698e-07	5.05732915310732	6.09013614481911	5.29103286072475	5.00705791800097	4.97852901379319
chr2:46413818-46414319	Basal	1.12233065561312	0.000517984407450175	3.21556927247028	4.08702092554634	3.51565968310425	3.42999261631998	3.36319552162494
chr2:200627300-200627801	Basal	1.12215332663523	0.00498104048468199	3.4050806938365	4.00899193534801	3.50085597722052	3.39634855674739	3.49200503592445
chr1:149883873-149884374	Basal	1.12210402822691	3.59938500939425e-05	5.20836516169416	6.07093809824669	5.60845465236572	5.49316760488575	5.76183868788289
chr20:50195710-50196211	Basal	1.12195922099484	3.32841966174158e-05	4.75707538328047	5.72465498886568	4.65855568209476	5.06876781072796	4.92498357213609
chr19:16678425-16678926	Basal	1.12173298614739	1.26671765634056e-07	3.13527608033894	3.66995367317682	2.8215904066424	3.01464459994513	2.9775734934451
chr7:2073865-2074366	Basal	1.1215013660938	7.83391803183189e-06	3.68941615992641	4.29155252133641	3.4560694712997	3.69820276365662	3.57239855071752
chr1:168224875-168225376	Basal	1.12056741739224	0.000107788638900842	4.82683289726232	5.8631611370172	4.4908789925655	4.4421614409379	4.38277547680589
chr8:66921323-66921824	Basal	1.12053721620903	3.62031196384494e-06	4.27444090567218	5.16754863759052	4.55292951597548	4.46500258791227	4.77435721954753
chr8:128028774-128029275	Basal	1.12037058323094	8.60248248406666e-05	4.0514402717177	5.25023981197849	4.59708449822649	4.62637467789914	4.88379298474756
chr1:184625595-184626096	Basal	1.11989925899246	0.000129400884921071	4.1566047130361	5.10095984890855	4.63354242611054	5.4354194353912	5.1204152209116
chr5:5275170-5275671	Basal	1.11980602373482	0.0277031947206909	2.16379827070155	2.26633047519812	1.9128787512545	2.54160062584616	2.17671847177455
chr6:165941130-165941631	Basal	1.11944850359848	0.00168098362588943	2.73128280302241	3.43715487399814	2.60621383139252	2.64131212324643	2.59897911895872
chr2:38599217-38599718	Basal	1.11882388877811	5.37884920258656e-05	3.97139575601088	4.83929788895219	3.88118987136742	3.55652170143074	3.4896445201658
chr1:218349233-218349734	Basal	1.11867370005079	0.00182782272598503	4.00045679842397	5.22305910626605	3.63890537851537	4.34786174059394	3.94508826148096
chr20:38030887-38031388	Basal	1.11846057633869	4.37818051028444e-08	3.90864644074356	4.61544096135448	4.02775038598105	3.63284956340031	3.86116237380453
chr3:9847793-9848294	Basal	1.11804282731997	0.0025841262233051	3.94270251578423	4.95561316383574	3.91631783537414	3.67284349474633	3.69201133633286
chr19:16887908-16888409	Basal	1.11754002868417	8.45608705995436e-07	4.03472815702033	4.68395492310838	4.4259555514262	4.15884737183502	4.35686214212191
chr3:179450133-179450634	Basal	1.11751001107797	0.00153972572994341	4.46020298988913	5.56440855273312	4.57220463301714	4.08603588309382	4.19562339006986
chr19:12157568-12158069	Basal	1.11717984578759	0.000156759422879152	2.88651781694187	3.5842157808646	3.2591660386952	3.04799718605834	3.10699705956214
chr10:28935428-28935929	Basal	1.11667675615703	0.00740459151465794	3.23067482826694	3.88990135904648	3.75828432091875	3.20872421692487	3.42323928278471
chr8:123703665-123704166	Basal	1.11606880608633	5.4247428490423e-06	3.17061331773111	3.80006576172247	3.09672713399944	3.64544887941199	3.36930811428363
chr1:145801996-145802497	Basal	1.11598719260342	0.000513799885903038	3.4897090398577	4.45565638011594	3.48017792737126	3.49387173201181	3.55660248427023
chr16:2366882-2367383	Basal	1.11590023513462	9.12690690953162e-05	2.89977621792528	3.21022268977678	2.91809117594863	3.29846108050143	3.19182989319419
chr18:23584031-23584532	Basal	1.11585567794737	6.81151031936775e-05	4.59015562276369	5.64111481437717	4.40575313867255	4.47413368539966	4.36397766424521
chr1:9124896-9125397	Basal	1.11562047683747	0.000671269785157331	4.32783553435956	5.39059814565137	5.92480238987894	5.05142132057746	5.04828612364239
chr9:70260978-70261479	Basal	1.11537789924376	2.98859837290126e-09	4.04695882330166	5.06536288364617	3.69391552703415	3.85797853175104	3.96248280907948
chr13:73518339-73518840	Basal	1.11531632128464	7.02215186756534e-06	3.2749806056369	3.74791144934707	2.67642404631757	3.02555996378452	2.99950499454083
chr3:10004927-10005428	Basal	1.11499633180989	1.37501172867866e-08	3.91250189502777	4.80794721658601	4.38005792869598	4.20702653944957	4.25323052511114
chr1:225934616-225935117	Basal	1.11487332381525	5.84182880975222e-06	3.42799255543366	4.45634360028465	3.67464084063701	3.33262738246492	3.65172602907408
chr19:13170574-13171075	Basal	1.11486053290929	3.32126909281176e-10	4.32682511451825	5.1741206673238	4.88066734347995	4.51213875212358	4.46131580826521
chr1:153629266-153629767	Basal	1.11470392893532	1.19493982321908e-05	4.92132902673153	5.80754560219435	5.15709373355132	5.21754851031762	5.15248105433217
chr8:118239216-118239717	Basal	1.11458879664039	0.000559352754562752	3.1265054045291	3.87317911886148	4.46350542231954	4.04998492157104	4.2503762755222
chr1:239258843-239259344	Basal	1.1143827542371	0.000305313641434143	2.47052918174333	3.69938122320052	2.1063034170033	2.61033007495556	2.45644919275018
chr9:98133132-98133633	Basal	1.11437457610633	9.12960001396134e-07	3.94022100112105	4.96998267088887	4.45804645819122	3.99239172410889	4.41196853442344
chr16:75114265-75114766	Basal	1.11415604458605	1.84990543971914e-07	4.81786047982671	5.82989889553523	4.84265544881136	4.53828582605354	4.65547635945912
chr8:142787066-142787567	Basal	1.11404527369818	0.000331078586357319	4.41964386178472	5.32743441619467	4.31230104227724	4.25737307669371	4.17268325929734
chr1:9347014-9347515	Basal	1.11382369363857	0.00147302815705017	3.64691710726258	4.48104087960309	3.8473254416434	3.71814883539249	3.55631051241379
chr9:136508653-136509154	Basal	1.1137358922699	3.15520142004197e-10	4.26497244119776	5.13707663112747	4.19152268224257	3.86437050439246	4.1279867532186
chr6:41711092-41711593	Basal	1.11366824206431	0.000160182610443925	4.28235059095058	5.3419374651162	4.08910026064033	4.04753629539079	3.92832255338181
chr22:38036125-38036626	Basal	1.11355881250693	4.20199375131462e-05	3.88103007965379	4.92465807954991	3.63907063869171	4.04304192348781	3.5782056689763
chr19:13058297-13058798	Basal	1.11351225160391	3.70518542660362e-07	4.19730648978691	5.13775507425935	3.82304303366641	4.0765352284215	3.93588419600345
chr20:767729-768230	Basal	1.11306538396455	0.00289263128318238	4.46889743098438	5.55588283048603	5.41501192137841	4.98550314246934	4.95778141686886
chr8:63297641-63298142	Basal	1.11290152854151	0.00418245518302213	3.12158693091801	3.64168351056795	2.57811476678196	3.17662243774423	2.97181867145135
chr1:89500454-89500955	Basal	1.11267118427833	0.0201797046712987	2.67716295531202	4.09281802070529	2.65096309972552	2.97155657083299	2.58181005011449
chr6:15442395-15442896	Basal	1.1125962566098	0.00122969715580183	3.73433831428171	4.85632526484906	3.97597265743521	3.87993191692814	3.76963702312212
chr8:143985106-143985607	Basal	1.11251311538923	6.6024917912211e-07	5.46148592098538	6.48647142156037	5.82056007660792	5.8604845191755	5.93740273248111
chr8:100747258-100747759	Basal	1.11245077950496	0.00310090962127685	3.30550889859593	4.56861022489195	5.04792324615479	4.20619843869435	4.66703393464234
chr17:28394173-28394674	Basal	1.11217005315374	1.86231531388581e-07	3.31491975216496	3.66546354428962	3.63809703191009	3.27639931777495	3.46105372475866
chr10:11688359-11688860	Basal	1.11214003217961	7.55882523818598e-05	4.17475128493936	5.17659049792967	4.63725208333199	4.22286283129169	4.30452526313731
chr18:9740758-9741259	Basal	1.1117691867446	6.4592062973908e-05	4.11329535943513	5.25737171763821	4.51912895473545	4.17926035084938	4.16005107615476
chr11:69201687-69202188	Basal	1.11151759286998	7.95398288287269e-05	3.47563527627428	3.85683417253679	3.38683497918641	3.24906857740083	3.67901673116989
chr12:6243121-6243622	Basal	1.11150502754267	0.000194897369974574	3.81952587182322	4.48894453875851	5.30918478831967	4.17574040047627	4.87098577691208
chr1:95435662-95436163	Basal	1.11147908019662	0.00251977451164761	2.82482003345998	3.7932187342064	2.10560697569926	2.89081560947898	2.79882371929512
chr8:143012498-143012999	Basal	1.11062952365123	0.00171399658907915	4.00921537982086	5.08390820274097	4.53354684592021	4.64285706509757	4.56722460728675
chr3:183095245-183095746	Basal	1.110495037089	0.00143264678427564	3.45495647344633	4.52956859344513	3.60428089114378	3.18878442136188	3.0135399132831
chr19:39507667-39508168	Basal	1.1104787371308	5.00355494954532e-05	3.42755462346278	3.9984629225778	3.21733415182338	3.28285711020658	3.11248562670344
chr6:149842987-149843488	Basal	1.1104005900217	0.00153513550156418	4.43408034264781	4.93664402672496	6.33184723196169	4.78621941074007	5.58755604280786
chr13:24496258-24496759	Basal	1.11026899046774	0.00053350461521316	3.1439082874181	4.27324535774836	3.21776229707561	3.02858949958756	2.9599499571082
chr19:4914309-4914810	Basal	1.11022471265213	2.43427644581912e-08	4.58097135493338	5.58323351417185	5.27557337660213	4.41033560925953	4.64097068580588
chr6:88666809-88667310	Basal	1.11003824442244	0.000107434043419226	3.24215205131714	4.08445076600134	4.3147302915949	3.2630476217406	3.53520051538265
chr11:70611787-70612288	Basal	1.10982011086908	3.28314413250907e-05	3.41900539384899	3.9698031039438	3.31498196768577	3.35312992298371	3.52148775649034
chr19:24034983-24035484	Basal	1.10975451861954	2.85707343337897e-06	4.1383351164643	5.21758112359509	4.35352890461111	4.12761956932852	4.16472985433358
chr14:74346236-74346737	Basal	1.10958049770282	7.33247768736277e-05	2.85244304758216	3.32868664218022	2.53042402920866	2.55188844880115	2.62816267804295
chr19:12998817-12999318	Basal	1.10955486093055	0.00323109248931958	4.09916380579608	5.27276757539354	3.72620576320515	4.53104685338944	4.08917036018702
chr17:39224240-39224741	Basal	1.10941626953511	0.00158168270063441	3.85542935908798	4.79413789606752	4.4072365316429	3.88450262760897	4.17089903491097
chr3:186979748-186980249	Basal	1.10936225784182	0.00441809044244262	3.77545190949225	4.8760451121505	6.29194161840858	4.7794382066801	5.055904856013
chr1:228428940-228429441	Basal	1.10931043313157	3.23223262534973e-05	3.85754893843714	4.95493400029581	4.33313929088056	4.38331892350555	4.5413222247745
chr16:87808213-87808714	Basal	1.10909098366275	5.01500702919078e-06	3.89127681266295	4.60328601901517	3.86244773990315	3.35503968807616	3.68051631228659
chr18:13495848-13496349	Basal	1.10884852048887	5.96831681619248e-06	3.70852358685465	4.52520284321729	4.02094221845655	3.98761393053486	4.12823924645544
chr5:1136873-1137374	Basal	1.10864817323632	1.45944979552214e-06	4.27165601688425	5.36203399397995	4.33904750015401	4.42360664453737	4.10591129025005
chr8:102125492-102125993	Basal	1.10821007255196	0.000338107292414521	3.18883622690785	4.10560528275703	3.93198082087318	3.69914553793229	3.60148750118603
chr2:235496270-235496771	Basal	1.10713832401441	5.21370827164059e-05	4.93591142811401	5.99904492570055	5.14355851400516	4.9309866951214	5.04542729943112
chr19:16523542-16524043	Basal	1.10712168133966	1.9357504802768e-13	3.71228466737857	4.45575506324233	3.63936267106682	3.66800664107406	3.82881326026902
chr6:167797565-167798066	Basal	1.10702261369043	0.000183629441491216	3.8520409948444	4.64371439505522	3.62986133479971	3.85612455955299	3.95601260773672
chr19:13782454-13782955	Basal	1.10675200309125	0.000203561788877594	4.64336198508741	5.54768075938787	4.4282283420692	4.46876418167427	4.18441378547273
chr1:225778993-225779494	Basal	1.10670118183841	9.21512862355886e-08	4.69519112995454	5.7744452693137	5.23899188956307	5.01963228423707	5.05674211126313
chr13:46207836-46208337	Basal	1.10658568623597	0.0011352828416602	3.52477632739558	4.14940287095801	3.07486945764996	3.41789038435888	3.33084166171593
chr10:86539474-86539975	Basal	1.10645298979576	7.49456284118325e-05	3.89476128357717	4.91487201623155	5.09512538287177	4.89310941861199	4.79668040051869
chr4:40402196-40402697	Basal	1.10635101971604	1.85018348814682e-08	3.48058412603263	4.1021436573654	3.58059555334362	3.54648714524109	3.68449602883582
chr8:101489429-101489930	Basal	1.10619955043729	0.00212497223323032	4.1817129769394	5.54242770629678	6.01737954602363	5.27760388326443	5.60046513014577
chr14:23719502-23720003	Basal	1.10608614806505	2.37923039585814e-05	3.13140719073606	3.52159125100205	3.89523972965557	3.37186090900057	3.69009994076573
chr1:180945436-180945937	Basal	1.10582118507194	8.14330126333597e-05	3.84290695506871	4.50114779661397	3.95401837913998	4.16057191131891	4.09076528985582
chr19:39152391-39152892	Basal	1.10580581783829	0.00026304054884547	3.6323482858622	4.69624361953018	5.48634640433744	4.60630420675808	4.8079121617448
chr1:204567567-204568068	Basal	1.1057101328729	0.000193256524463321	3.80106947056526	5.01677894103774	5.17737113390828	4.99360911194413	5.05044105158664
chr2:118470665-118471166	Basal	1.10560399517688	0.00590731726824659	2.53975764512242	2.9790349833601	2.15284457543425	2.57227400866645	2.15216827678725
chr4:25431283-25431784	Basal	1.10559379322667	6.8334096474581e-06	3.41536801303007	4.11175835491093	3.15752331501396	3.33414063972302	3.27244809908268
chr19:14560930-14561431	Basal	1.10543690664961	1.38300916479208e-07	4.53328152107729	5.51580049780292	5.11410423517142	4.81496168510557	4.89630460570767
chr22:38015070-38015571	Basal	1.10533977617226	6.99238968072573e-05	3.77362786031381	4.89158448258662	3.68783576875306	3.72894260951642	3.59182957403923
chr2:30085228-30085729	Basal	1.10519552165406	0.00148418083646869	2.90722946683066	3.87127509301755	3.11445222055529	3.31724932361579	2.8177444387109
chr10:60173440-60173941	Basal	1.10511152058837	9.14324444331353e-05	3.19541896045824	4.15307985616313	4.6376568140064	3.77673686965261	3.91929203470273
chr8:127676098-127676599	Basal	1.10472578837477	0.00150057589119616	3.43735813024826	4.67996698331215	4.93916920844807	4.2451819016939	4.28335955827187
chr7:85150564-85151065	Basal	1.10471799116758	0.0153449938819125	2.64935077290441	3.47141940088488	1.70117985983503	2.29196110343018	2.33614667800285
chr8:82387720-82388221	Basal	1.1035954095063	0.000100810210438558	2.61333207801608	3.34817660776313	2.10658739569535	2.96640835844858	2.74623422973765
chr1:203178581-203179082	Basal	1.10314427697778	0.00453971007888672	3.7331558950359	5.04939429336747	3.54684946781852	4.0413119101514	3.87051383592144
chr19:51526031-51526532	Basal	1.10300577032033	0.033370851036218	2.91236087594377	4.00296675509208	2.53444299975619	3.1451350571556	3.0026844206038
chr1:6598569-6599070	Basal	1.10273631726871	1.73779673902256e-05	4.41593746878198	5.30214092630071	4.52175395502957	4.4231440031884	4.16102579344302
chr19:57688807-57689308	Basal	1.10260854656436	0.00124566189255162	3.42831055328747	4.30593998792429	4.09843820990056	3.87548667566105	3.65336219833191
chr1:239757671-239758172	Basal	1.10219652352849	0.00363477451599652	2.98063968423592	4.10649347233212	3.41376016458525	2.83944148124433	2.70789872487485
chr19:17307800-17308301	Basal	1.10171528239264	1.94169050980225e-10	4.94187618796865	5.85115990481795	5.23108108277769	4.81864835852083	5.01117394552509
chr1:45549414-45549915	Basal	1.10158073029268	6.89161093416988e-13	4.21583847518928	5.19785700076956	4.48114075481902	4.01592185624378	4.13561916265136
chr17:55773846-55774347	Basal	1.10157646659598	0.00581216015259551	3.70336575416284	4.83563153881381	3.64983235007778	3.70545253517451	3.61470739512804
chr16:81142813-81143314	Basal	1.10130639104494	0.000485569581997206	3.01324771366208	3.7179100995147	2.93891300183404	2.88234476375505	3.14965894667232
chr1:43532698-43533199	Basal	1.10073476137411	2.00977917473308e-05	4.96667444883358	6.02608025365648	5.55009793010747	5.39126916052172	5.12093224986981
chr17:76884903-76885404	Basal	1.1006500658379	5.08133369750801e-05	2.95656743461683	3.86730754705854	3.02491436290625	2.89070193056245	3.1514506296846
chr1:161072990-161073491	Basal	1.10060308052695	0.000761077781303275	4.47043403124216	5.67712024410173	5.30165167305976	4.92223137182332	5.05913970280537
chr12:9114857-9115358	Basal	1.10049213389565	0.00512832377523822	3.37138383287499	4.0950255016732	2.9219632396148	3.44371246809071	3.12753394292302
chr8:89904488-89904989	Basal	1.1003995939364	0.000268899800013523	4.49547164300431	5.48583207557039	4.42629944814897	4.55144637404659	4.55558346826599
chr19:13879400-13879901	Basal	1.10011416527594	7.98475392583407e-13	4.95001491489195	5.81120906220085	5.00735807774996	5.0639896476123	5.02176306366007
chr12:76929427-76929928	Basal	1.09923166282947	0.00102422502527902	2.7923550381976	3.35016075789234	2.3359169793298	2.56819478866224	2.60378261941268
chr11:57973030-57973531	Basal	1.09906610024709	0.000481415311888532	2.97317138101027	3.47898317920154	2.4375927385181	2.71386479699782	2.72050672293972
chr2:46642771-46643272	Basal	1.09895855365546	0.00374641273275246	3.56287037131449	4.5927882964002	4.32784703061716	3.74284964819545	3.78302118239933
chr10:11913197-11913698	Basal	1.09865133494445	0.000204079780341677	3.54060193091914	4.10842116142213	3.40158846081468	3.38055848096109	3.46074960602118
chr2:230654521-230655022	Basal	1.09864342734666	3.84685116593509e-06	3.36194335334789	3.66380805584006	3.12946226027658	3.1955446047274	3.11244000693216
chr19:10949733-10950234	Basal	1.09846284235325	4.40615256256084e-12	3.33889963137253	4.23036192266786	3.62496923260342	3.30352738614896	3.57066584387115
chr20:34956486-34956987	Basal	1.09796715690572	2.7180410566893e-11	4.95123624410625	5.82471079795653	4.86234938303454	4.83381279153241	4.76264034522993
chr2:96535158-96535659	Basal	1.09774961478733	1.1365662188391e-06	5.10831950181126	6.00415433396506	6.06359691799027	5.86207797474486	5.71851824309932
chr12:1815728-1816229	Basal	1.09726247818303	0.000734714743547502	3.49911511531378	3.64381429380315	4.82657472903788	4.14380663420026	4.62486626929477
chr8:144504655-144505156	Basal	1.09702460488131	0.000115739800661341	5.63494326744134	6.70369325854092	5.27685156265899	5.75375562280872	5.57389973340544
chr1:146386249-146386750	Basal	1.09696731570763	0.000738665070981974	3.6949948445615	4.65305033386699	4.06449499762768	4.05135368905932	3.7326524054349
chr3:135634781-135635282	Basal	1.09674523081105	0.000973923236126852	3.01312623457788	3.67727668512337	2.90721159489887	3.4421725135201	3.11237095138324
chr19:10503794-10504295	Basal	1.09634897418345	2.83964608076054e-12	4.56156359022494	5.44388570865697	4.60235562705873	4.52770523687689	4.65786915258723
chr2:202546773-202547274	Basal	1.09617720010928	0.000442437583135017	3.46398565362872	4.47563806988364	3.78592267887689	4.26541647304486	4.2070277454216
chr16:237557-238058	Basal	1.09607767558095	2.69501630303043e-12	3.86724897782978	4.40962845665802	3.9195049106758	3.9085596282334	4.05740911124956
chr8:142787605-142788106	Basal	1.09603448047975	0.000674602440109899	4.34938139867065	5.33754827532858	4.49073164387316	4.27988584623697	4.29555235540445
chr6:106496140-106496641	Basal	1.09602071013964	0.00348566397035692	2.65551755596669	3.49819857089949	3.03362615580996	2.79350271242566	3.03006371451455
chr11:66081986-66082487	Basal	1.09574875037336	1.85409466769143e-05	4.42368897099862	5.55433427261356	5.22907621476901	5.08182185171022	5.26600030905428
chr3:8498570-8499071	Basal	1.0954669137283	0.000415498411890073	4.33910765789111	5.38008701249941	4.38664075111212	4.6164009858918	4.42707465893257
chr16:4475460-4475961	Basal	1.09542318169053	1.70258028297491e-09	5.28548681130124	6.13967411538311	5.63883118854301	5.47021223338043	5.68793823002346
chr7:139362976-139363477	Basal	1.0953656380844	3.04578495582778e-06	4.60390040648622	5.27780624139491	4.57402154986153	4.43486436915008	4.67742142666077
chr1:228410839-228411340	Basal	1.09515622704398	4.32668482404579e-06	4.24401291935276	5.30181762131249	5.11360574342634	4.78021304844472	5.01246887819857
chr8:123529295-123529796	Basal	1.09514842503185	0.000540090791405596	3.93350830245845	4.98479497277429	5.32314466014057	4.5197438304346	4.56421195181306
chr8:101491447-101491948	Basal	1.09496771569744	0.0284320681926314	5.25496670418764	7.05287477010131	7.1499181669319	6.60923295144329	6.92339592875282
chr19:14071229-14071730	Basal	1.09484196356002	3.16794510689898e-09	4.72119611630295	5.55107058344705	4.97778762397541	4.87080718938758	4.95844770065045
chr12:121731312-121731813	Basal	1.09483673517652	1.04848044768187e-06	3.35384788710695	3.87157088506397	3.48818849957807	3.32667606158396	3.26727665619212
chr13:52445609-52446110	Basal	1.09467560226887	0.000722255376669475	2.90285145558811	3.7734061831983	3.55280645303363	3.36566653769862	3.35783029370943
chr19:11575666-11576167	Basal	1.09466198145603	6.02889074921332e-09	3.23080938616395	3.88376372343043	3.08448359558747	3.37628854044721	3.3953997969094
chr1:145812914-145813415	Basal	1.09460782745527	0.0242267182151013	2.40842628019898	3.63676998103054	3.43658321180899	2.67907479763989	3.02551780448775
chr3:84092778-84093279	Basal	1.09449049087011	0.0407637322231808	1.80907517126124	2.31971104804765	1.08135862459425	1.8786822908086	1.64480564724986
chr19:36491780-36492281	Basal	1.09445288146254	0.000500430417409162	3.26462477901896	4.2435651090661	3.48945580652886	3.17197150360423	3.20968372373212
chr9:2013712-2014213	Basal	1.09440534908462	9.60012898586142e-07	4.51700642954211	5.4647988514537	4.15283323259622	4.82962372709424	4.40166258550678
chr12:30941154-30941655	Basal	1.09408150228098	0.000751382548649102	3.40708837947511	4.35913840776952	5.71235183464774	3.8337599240588	3.94225438779191
chr3:141685710-141686211	Basal	1.09400586702816	2.3812880294847e-06	3.43658073650452	3.90808797972015	2.88238931029518	3.44954360865299	3.0743985652796
chr5:58012043-58012544	Basal	1.09397498579223	0.0155495207364438	2.794760158775	3.65519114501784	2.68204241496356	2.65140175851804	2.58880410586328
chr12:52240307-52240808	Basal	1.09370980119844	0.00198074886269718	4.16986712523224	5.37123237676313	5.56761431478984	5.04525724955592	4.97409987693349
chr9:133379169-133379670	Basal	1.093489856576	0.00115742960902869	4.46485111513276	5.3907050148695	4.52383900703838	4.16317491573417	4.22409935654677
chr10:68595877-68596378	Basal	1.09320440533801	0.00070262746609241	3.01338413734438	3.63761295370276	3.55576973799933	2.58192666632511	2.86570332261635
chr6:10407544-10408045	Basal	1.09308037912779	0.0111976140393624	4.07957678882684	5.48480488058289	5.56847214716365	4.80063980784786	4.72993782755572
chr1:153636762-153637263	Basal	1.09303898753016	3.1251961742342e-06	4.39109099777606	5.1620164101641	4.28676013086517	4.48380349769496	4.28394148580834
chr1:146034640-146035141	Basal	1.09303665050932	1.89813904050556e-06	5.32930160414243	6.41109482841848	5.36555418142586	5.38989180164735	5.26530331178388
chr8:144525054-144525555	Basal	1.09302251056257	1.67501242490496e-05	5.69824227041494	6.79500373793551	6.203371383983	6.32639424152458	6.20618682886657
chr5:178817429-178817930	Basal	1.09284385370772	0.0284287628701265	2.7584519808583	3.41373947378381	2.36074106966136	2.56305107240081	2.87273572494293
chr22:37970809-37971310	Basal	1.09210349817857	0.00586566652166411	3.4226073283758	4.36250444233794	3.10030845877307	3.14830252120936	3.14345827432655
chr3:38375637-38376138	Basal	1.09179531285024	1.75006322606863e-05	3.38755988762244	4.34712143759025	3.53561447267177	3.36290474732124	3.4098848405708
chr11:2994977-2995478	Basal	1.09167295706193	2.27849907404701e-12	4.33740986265678	5.25168323001597	4.59787336109821	4.62029039301563	4.47329463154856
chr10:123386581-123387082	Basal	1.09145624450597	8.81589184323858e-05	2.45343189738528	3.26354620167193	2.42846402914027	2.73236438773673	2.64746638325255
chr3:155782532-155783033	Basal	1.09143757358471	0.00985200485361005	3.03244510261821	4.25421078239828	5.02951043963231	4.41739886760257	4.70440456704337
chr17:7400628-7401129	Basal	1.0914075669364	5.95801089159898e-06	3.89449914295722	4.61607581257916	3.7784175098083	3.70166248685165	3.65119862074784
chr11:34650979-34651480	Basal	1.09131732066605	8.87638606471478e-05	3.99588173269756	4.93490550588927	4.17971728100753	4.16762692859117	3.94895881212301
chr8:116806485-116806986	Basal	1.09126550428381	0.01344047026285	3.67245321047794	4.69773082793641	4.94471178875147	4.75057533911689	4.98805365860258
chr19:22716333-22716834	Basal	1.09115026894007	0.0050722788914653	2.67868484122216	3.33677598181386	2.41523602112305	2.58872125464829	2.61269301871994
chr8:115561428-115561929	Basal	1.09108084477487	0.00492175115316755	3.53770906639645	4.92338076600968	4.58139079306242	4.61123025124297	4.48093567810133
chr8:94718609-94719110	Basal	1.09085243815329	4.05462344243738e-06	4.94489987317608	5.99807611148796	4.94474415564276	4.84438817454334	4.99193450054773
chr8:123585767-123586268	Basal	1.09055074290685	0.000847120609938776	3.46591499831987	4.60049414211467	4.7664493832914	4.36938398936278	4.57578827506555
chr1:244865449-244865950	Basal	1.09029019202085	2.73414126200871e-07	5.05578580156088	5.96705022583438	5.2349424503917	5.33167204737723	4.99466492385157
chr6:43457549-43458050	Basal	1.09012007184666	0.000119924341770682	3.66389961818238	4.52734093976682	3.53239051809666	3.30910996457522	3.55671649047148
chr3:172636436-172636937	Basal	1.09000134514537	5.73439185817876e-05	3.91114313458082	5.03750723285853	4.87365602609904	4.3897444207688	4.3070653312487
chr15:69699037-69699538	Basal	1.08998834918703	0.00012525703757696	3.31106975760652	3.69920771860142	4.49078590498374	4.07291358096922	4.25610635178415
chr2:205290227-205290728	Basal	1.08989049476702	0.00204095278570031	2.68144280851527	2.9777111358742	2.59944643540112	3.20761793772596	2.74005834721592
chr9:32338392-32338893	Basal	1.08983861530766	0.0047514718758514	2.98269997055133	3.35001128224558	2.39514224811115	2.8805926010751	2.72720158936493
chr6:43579142-43579643	Basal	1.08964271599252	0.0128108913377018	4.9581771531016	6.06279525538679	5.94567857581844	5.93083642675734	6.07932774040616
chr12:7037581-7038082	Basal	1.08953780879934	0.00262088528895139	3.7420936274406	4.49561209133628	4.1924711301947	3.90007834082332	3.82768151778215
chr2:9666270-9666771	Basal	1.08911317420012	1.14517355844921e-05	3.50076163892307	4.05684694792741	3.98424566503693	3.83278578793685	3.69520009511444
chr14:99100712-99101213	Basal	1.08907149034442	0.00206412825882838	2.95491826184708	3.94586201705415	2.941551292056	2.95022436720027	2.81339665968418
chr11:60941078-60941579	Basal	1.08837830887992	3.51935747569933e-06	4.01147964715669	5.16878190936293	5.55891786795794	4.43317825342612	4.72085197308504
chr16:19856973-19857474	Basal	1.08814329162022	0.00863151220747506	2.9327558749672	3.7643792571338	2.64382541962937	3.0529298027071	2.96420281611431
chr8:10683519-10684020	Basal	1.08779364273404	0.000140026828550751	3.510360182497	3.87783089797688	3.12281710430171	3.24594244096419	3.43168269954401
chr6:26201388-26201889	Basal	1.08757666761363	0.000136061996736137	4.30890781919486	5.40055716726495	4.72481962214029	4.5684419958549	4.61493596032521
chr8:41301605-41302106	Basal	1.08731253510618	0.000289212529558065	3.18521620615529	4.18453412738475	2.9100320439859	3.68116967783199	3.42326845760602
chr3:183068617-183069118	Basal	1.08722057429564	0.00233723094040734	2.98387852016285	3.86351295957053	3.08146877106577	2.82987144897312	2.94402419469991
chr6:5955935-5956436	Basal	1.08717076772976	0.00284200887785219	2.13853877204381	3.05435713217451	1.86055225229597	2.0364553149769	1.96706348957627
chr19:19142287-19142788	Basal	1.08711621221374	4.58276227991283e-11	4.00167078684806	4.82717458164407	4.70683082605337	4.14789640527883	4.23025885232
chr19:13052410-13052911	Basal	1.08710894846298	6.59622581131048e-06	5.07114082871224	6.02791377410819	4.82810260510236	5.02483994452275	4.85240531280096
chr1:245341647-245342148	Basal	1.08696887171604	0.000390372256198878	3.16008099877715	3.9574344039863	3.02581732336672	3.31875247334533	3.17984820037033
chr8:144102661-144103162	Basal	1.08673754327528	4.26647154754699e-06	6.29198955906458	7.26629164711667	6.61503819162146	6.34289670205699	6.40085584606484
chr7:43862194-43862695	Basal	1.08659819854858	8.07329833770062e-05	3.43942432501838	4.34673442589726	4.0129788630547	3.44544455934257	3.49588470125051
chr4:17580898-17581399	Basal	1.0864926217688	5.60483442870557e-06	3.89183159244489	4.72050526685522	4.20597935940115	4.40019470493635	4.22039957962607
chr20:47794689-47795190	Basal	1.08647648164536	0.00216153143565797	4.34673599679481	5.40566525847257	5.98198346726632	5.53510690099243	5.22887717039863
chr2:231622436-231622937	Basal	1.0863316026784	2.43318645435498e-08	4.26962668725319	5.31188222263282	4.69567488213202	4.66014339355285	4.73807070576551
chr3:179546009-179546510	Basal	1.08620793650295	0.000594845811319076	3.17781914285115	4.12448895380702	4.07543811938881	3.31900170538871	3.47066176399153
chr2:62298256-62298757	Basal	1.08586869199391	0.000157693515796937	3.57928327902526	4.5452165580659	5.48441661858621	4.35882859561235	4.53438051225764
chr8:93201523-93202024	Basal	1.08533057222617	0.00349327718418035	2.54163298732602	2.99180933107929	2.77958526451944	2.74895750310478	2.95751687684899
chr7:2504739-2505240	Basal	1.08522522132643	4.75669087410569e-07	4.34596832593746	5.32231139461838	4.65313163087328	4.46825837228837	4.53145144865413
chr6:32131543-32132044	Basal	1.08514329614232	1.56555588190054e-09	4.52410398565481	5.50931968536154	4.76812299549349	4.79363218865563	4.60918018106613
chr10:69126785-69127286	Basal	1.08511394638755	1.35079938932049e-06	3.58209241205358	4.02697340445816	3.69909831901383	3.42063218409036	3.35596929727797
chr1:242118634-242119135	Basal	1.08504244798688	0.0241824664159226	3.06931567025634	3.60280414654508	2.76675276821287	2.79723699173108	2.71316786261936
chr2:3169421-3169922	Basal	1.08470130993358	0.000112774811503647	3.25920187122361	4.06894191204651	2.9075984442036	3.18320233826599	2.99226178341307
chr19:23762060-23762561	Basal	1.08449242764272	1.12883372778484e-05	4.01403140110406	4.9468996462028	4.63593608891932	4.20587836567127	4.34017681169493
chr19:29693481-29693982	Basal	1.08408545708464	0.00339353807463232	3.35209188604872	4.28500519365443	3.20161729141056	3.37359184773891	3.0479392432873
chr8:135147813-135148314	Basal	1.0840756960742	0.000162062453057043	2.69927822547177	3.11602128984113	2.4914876759164	2.94065937281303	2.78788949764206
chr7:16706035-16706536	Basal	1.08351735233421	7.04931915892825e-05	3.1229531927553	3.57381837001343	3.10143192687117	3.16074940340602	3.17332207309229
chr2:127811837-127812338	Basal	1.08338509983875	3.22321720337387e-10	4.8296017236043	5.65633245684392	4.80225244992773	4.63317444258205	4.57403932811109
chr14:68634244-68634745	Basal	1.08338207709896	9.29208878216937e-07	3.98393936987822	5.09746802064403	4.07057274002164	4.4891848876506	4.12950746387111
chr19:39442136-39442637	Basal	1.08322168252251	3.74565893380241e-13	4.34053694298247	5.03185675505118	4.46319037254687	4.2490412759169	4.36006313919824
chr19:12911456-12911957	Basal	1.08308000268736	1.93192679347025e-07	3.64159176253692	4.54432702281773	4.1861740753924	4.02747526590863	4.37134923277747
chr1:225779850-225780351	Basal	1.0830041620867	1.48810017476515e-08	4.3618625930733	5.35321481677695	4.70788019114071	4.58656795722385	4.59331222793773
chr6:106626471-106626972	Basal	1.08294138330388	0.00394757459943183	3.71423436787187	4.62322093032395	4.10689697042278	3.0256118596055	3.15027316737757
chr1:156249252-156249753	Basal	1.08286404608351	5.45195039266979e-09	5.10712612983642	6.00700439567028	5.01465470125092	5.13472461623881	5.19491375916743
chr8:127392507-127393008	Basal	1.08238693413836	0.000229309558098351	3.2346726305481	4.50446246118443	3.93085764326162	4.19605271485507	3.86249779997318
chr7:1168397-1168898	Basal	1.08203310148386	3.06206153175411e-07	3.86192219987844	4.7310520242648	3.82005472211251	3.88365996494161	3.9808722200083
chr1:159906906-159907407	Basal	1.08189420878531	0.000309240475046117	3.99041072972283	5.05834049662925	4.66049698894854	4.56074719786715	4.50603335514838
chr16:4474936-4475437	Basal	1.08168719949121	2.81446799274004e-09	5.26372015367072	6.12067621801106	5.7569090990015	5.51935036159643	5.68307841669126
chr2:106070251-106070752	Basal	1.08159845926706	0.0001097650579898	2.79982978876905	3.82298034682336	2.414469944441	2.64177333207889	2.64055128353644
chr17:1103076-1103577	Basal	1.08140068622057	1.27669005211241e-05	4.06891624167638	4.73005000918473	4.55608946423618	4.47944202395282	4.5061704139269
chr20:35866459-35866960	Basal	1.0808709602816	0.00110027017491883	3.70003545082273	4.25528954727972	4.0426134685601	3.83535967865984	3.87109865058322
chr12:7154627-7155128	Basal	1.08086690965017	0.00629537993442861	3.79106764440557	4.76965543406931	4.59851880648188	4.67682656755086	4.51444362815858
chr6:121333532-121334033	Basal	1.07991528789172	1.04982951038846e-06	4.35594846759514	5.18401571114795	4.62428477031881	4.33411516670422	4.01028788518497
chr19:13793646-13794147	Basal	1.07979781869512	8.67031880280054e-07	4.86136560857073	5.83299673440213	4.7947647378523	4.73709247895846	4.70285184623148
chr8:144473661-144474162	Basal	1.07955002847775	0.000163933494335843	5.31427406012952	6.40414766576686	5.18824656422575	5.54348798298669	5.46235403679584
chr1:111201642-111202143	Basal	1.07946883769693	4.55200821020249e-05	4.35191208823589	5.42466810096208	4.98452449581058	4.63168370003228	4.72201838126915
chr1:154611413-154611914	Basal	1.07912412374523	0.00347882053747973	4.06568914902539	5.04657192311279	3.98261721410874	4.09969184877896	3.84703839352757
chr3:99940648-99941149	Basal	1.0789431019079	8.41891298539415e-05	3.40679603050127	3.79720189521698	3.96426574152185	3.36688596419118	3.46863060237809
chr1:212036114-212036615	Basal	1.07891698264842	7.36977390659e-06	5.19782568133881	6.13332364502404	5.54409722921568	5.04302948374108	5.02928397232793
chr19:17283292-17283793	Basal	1.07889564810155	3.38521555415649e-16	4.43053247173817	5.29453357094603	4.5937304582129	4.20221635593849	4.52640140232601
chr1:228374036-228374537	Basal	1.0786554015998	1.88290304791437e-05	4.77237387235858	5.85213571700385	4.77254376571633	5.33328455095792	5.07330301229023
chr10:8058439-8058940	Basal	1.07833830486492	0.00787188009022153	4.34039948913214	5.56582485862812	5.96585379435949	5.80894201403669	5.89485731796281
chr16:2831104-2831605	Basal	1.07833218180158	0.000260387549695934	4.07335972533811	4.70939421801885	4.78745157676889	4.98640232794196	5.05223197937071
chr1:226348212-226348713	Basal	1.07830086245817	0.000727161380468937	2.99918003434311	3.94520004813247	2.62891719553695	3.04690626715537	2.84042513992355
chr2:27384167-27384668	Basal	1.07793379109566	2.2075591631539e-17	3.94286369495299	5.14226144306614	4.20124443962503	3.65609350371283	3.96082815179969
chr1:65994336-65994837	Basal	1.07788952029336	0.0264622670113142	2.78635799139133	3.7739544990257	2.78966393064531	3.07845266875556	3.39438728880015
chr6:63745725-63746226	Basal	1.07768981902482	8.88713609989503e-06	2.99086942433997	3.59944432052734	3.00835624866411	3.14398356037622	2.97884080113453
chr12:120074626-120075127	Basal	1.07764831314539	6.41976354690211e-05	3.55492064157137	4.56412593939577	5.26561527201605	4.26025602375322	4.11742460290193
chr8:115608695-115609196	Basal	1.07742673694164	0.000800441033865954	3.44166583660624	4.66591612486046	4.23265795919323	4.90515382494194	4.89286199483002
chr17:79769156-79769657	Basal	1.07735937845945	0.00217464517643972	3.53752850818416	4.53669449508574	5.00858876346838	3.62376319820759	4.24828158327868
chr2:67790528-67791029	Basal	1.07735707489818	0.00363401047653732	3.31751360197075	4.30505486765944	4.25145749171033	3.98492515964384	3.74923640587569
chr2:42557913-42558414	Basal	1.0771956908228	0.000357304844393605	3.51892489243107	4.25661852290486	4.59228588934442	4.02939916733546	4.22093452637971
chr19:14137866-14138367	Basal	1.07690945665243	1.04426268160181e-08	5.19731308052013	6.03110653538085	5.28684366564738	5.08717295666689	5.15823763621568
chr8:143020873-143021374	Basal	1.07668843420474	8.09474919166465e-05	4.73429040721408	5.630596414557	5.0135585602009	4.77246285881278	5.15190120805931
chr19:37977460-37977961	Basal	1.07649424463957	2.63272806282696e-05	4.08294627466804	5.01281610568701	5.06910562233105	4.67700898622115	4.55216668337301
chr3:183181525-183182026	Basal	1.07643523113091	1.06896171043344e-06	3.88331725797231	4.8093030083633	3.7175400108743	3.64652152344857	3.64330593368915
chr6:17704599-17705100	Basal	1.07638518141938	7.31919458878219e-07	4.65333318710034	5.59702552806616	4.60203346429146	4.39074473222288	4.49514493108561
chr1:204758590-204759091	Basal	1.07628927288162	0.0216974296733425	3.60076201568249	4.9777611483364	6.34989025428608	5.84358718322738	5.86288084490974
chr3:127631988-127632489	Basal	1.07628877448692	0.000203719805367216	3.89964676226209	5.09736344807641	4.88426131488946	4.43922519891675	4.3246250708567
chr1:179078551-179079052	Basal	1.07617679284666	2.02321420990816e-05	4.50465789651561	5.42874438911889	5.58403018488495	5.58664974943957	5.42260186316604
chr8:116499624-116500125	Basal	1.07599281260064	0.00803713742582067	3.13282648902274	4.37336095709421	3.23764996866154	3.48300978103427	3.6411298218442
chr8:95086719-95087220	Basal	1.07590048016942	0.0054659114808626	3.74802381451999	5.12175227628889	5.81354822062187	4.62746135082185	5.26243690076757
chr9:33104306-33104807	Basal	1.07564895147014	7.93068859264601e-05	3.95019437630689	4.78739607590111	4.14720774497405	4.19949509422875	4.02954737544785
chr9:133201789-133202290	Basal	1.07553669655399	2.58027900154596e-05	3.51401202037956	4.20413405982603	3.29785934888709	3.39075882248972	3.42634352804259
chr4:122853455-122853956	Basal	1.07505524325782	0.00365109319389368	2.98117359293842	3.54446903796382	2.48735572914975	2.89867107197161	2.76447886172529
chr19:13877480-13877981	Basal	1.07494243801126	1.30862106921112e-06	4.75677326943435	5.69430858039067	4.88114339643121	4.75655416818127	4.99857603206245
chr10:20370948-20371449	Basal	1.07477393803825	0.0139475326328266	2.94342253360728	3.78131177473931	2.44697838695913	2.83444509243468	2.86074632178733
chr9:6682320-6682821	Basal	1.07469971588785	2.66251711907854e-09	4.79400954054972	5.71484770999295	4.87510101192153	4.7943866081713	4.59062672290628
chr1:155036546-155037047	Basal	1.07415949453956	2.29014855108563e-06	4.09520903943371	5.08707648427929	5.01958719281797	4.7521543502939	4.90942779153383
chr8:128479055-128479556	Basal	1.07392240094387	0.0017009279862147	2.94917959543946	3.63484688479218	2.88796176085503	2.80251096563308	3.31249985298664
chr13:88954539-88955040	Basal	1.0737962384806	0.00432072211273294	2.81173099860941	3.53453661137257	2.85613790505406	3.17701351047353	2.80804752313336
chr2:181845501-181846002	Basal	1.07358676752587	0.000179053365873078	2.93196787195513	3.55442369072995	3.08671931987368	3.35259398246441	3.13681501729629
chr2:26242585-26243086	Basal	1.07328727038973	0.000265013931929448	4.78548792017559	5.78486282373148	4.67234564004878	4.36913281844604	4.28292957229439
chr8:100947853-100948354	Basal	1.0732732675962	0.000736240504531863	5.23215319777303	6.34257880558729	5.77321820349996	5.2808668691124	5.46907721488469
chr19:41375456-41375957	Basal	1.0732514503672	0.000188001905251239	4.05109841143422	5.1718911207751	4.81761082893356	4.60141093916987	4.59956783459974
chr11:61337271-61337772	Basal	1.07299034206761	2.73854830386548e-13	4.07799408326234	4.92492997322677	4.77060738683975	4.10900910837641	4.20390380123697
chr6:26202866-26203367	Basal	1.07298309878484	1.73059919592802e-05	4.41421155314447	5.38485312336735	4.50716078777108	4.50809979300468	4.69857417889015
chr1:193060340-193060841	Basal	1.07255809972132	4.99816613399674e-05	5.54260423024899	6.36968453760637	5.49699813037294	5.5065254103528	5.16494281324543
chr12:51004990-51005491	Basal	1.07201901574649	0.00027744135897749	4.32322987778645	5.22461409080638	5.48596208700123	5.17024362313216	5.2391925299521
chr8:127537750-127538251	Basal	1.0720114565044	0.0002994145993081	2.91240406873406	3.87113185005762	3.14248320512853	3.09678696348901	3.31999341640348
chr17:39156457-39156958	Basal	1.0719352260023	6.81859403068324e-07	4.28293387276446	4.89856845212422	4.40823475762194	4.12517796920907	4.68212010953616
chr6:134171939-134172440	Basal	1.07184528284104	0.00247763872889108	4.50983612732553	5.12096186237725	3.6859552317481	3.82852155926821	3.645699245789
chr3:125973352-125973853	Basal	1.07144361680046	0.00382180011035684	2.44997372866566	3.22888688531151	2.28527641187664	2.24618321977829	1.9255958930562
chr1:205707654-205708155	Basal	1.07117931255485	0.00321645527554655	3.80436840990161	4.49136412137799	3.83285458247573	3.58648559995789	3.65613768697885
chr1:205568083-205568584	Basal	1.07082389490457	4.69112101863882e-05	3.99273722027006	4.7950138854763	4.13201410929961	4.01814248582697	3.9612797075661
chr11:66056437-66056938	Basal	1.07060765519975	6.12584121088142e-10	3.77468645783775	4.33352919008632	3.66865793720439	3.98417723460161	3.91336792455393
chr19:13057790-13058291	Basal	1.07022561258672	6.32859372771137e-06	4.6331554060225	5.55489777393864	4.27854927293168	4.60401328094581	4.41469199118984
chr15:50909525-50910026	Basal	1.06983904013014	1.03231077363365e-07	4.61614466149135	5.49455517096721	4.65139758812077	4.5581567627105	4.4568930083852
chr22:41962023-41962524	Basal	1.06934169442465	0.00339139162166536	3.36665281858634	4.39561309500763	2.99434464545213	3.2565676045426	3.02156897285837
chr1:160402064-160402565	Basal	1.06919864950275	8.07417236694831e-05	4.3674260436997	5.27736166631234	3.84625659971571	4.62754387323896	4.32088003138521
chr1:28510314-28510815	Basal	1.06886804404218	0.000156501260347021	5.48873679552404	6.65856166078977	5.68110285685227	5.28120818821334	5.26775967914355
chr20:59096530-59097031	Basal	1.06869122043797	0.00148485538716631	2.42512502932837	3.09639196173199	2.61926011672367	2.64876668859894	2.64626671159911
chr22:43152983-43153484	Basal	1.0685104972622	1.48003804796188e-05	4.64639935379225	5.60973970735486	4.79895594967911	4.39169818955057	4.54584066807065
chr6:26195916-26196417	Basal	1.0684591195052	1.11024231709263e-05	6.05543968818819	7.03022202162216	5.96317903760411	5.91219219082521	5.99877022766913
chr19:56293946-56294447	Basal	1.06817783258407	0.00351745471670351	3.26100089198815	4.06209948866942	3.23185842988222	3.020762372092	3.08858544177211
chr12:76356047-76356548	Basal	1.0679248980499	0.00458760821179109	2.98349590782992	3.27459372747221	2.69862386362645	2.85907105949527	3.02857934703161
chr8:141942840-141943341	Basal	1.06779350536065	0.00158762081848503	3.67038383922029	4.27522612110912	4.08091205075417	3.88668827241821	3.83517732507376
chr6:29558175-29558676	Basal	1.06778895159838	0.0475314212220909	3.46274643252529	3.84343077873873	3.15651475962793	2.85768919682251	2.75367912241034
chr6:10112325-10112826	Basal	1.06767297838335	0.00186017267090923	2.59479528689959	3.1862978784972	2.9826161817399	3.00261416131073	2.63428904915663
chr2:86443430-86443931	Basal	1.06758889800772	6.61274026519873e-06	5.25604174444432	6.27289093529575	6.16850026928793	5.60545390654389	5.48438935243129
chr19:13149056-13149557	Basal	1.06756687592308	3.8326379102793e-09	5.81371642308642	6.82158143767687	5.79436300355584	6.00305819814079	5.90045564452055
chr19:37064886-37065387	Basal	1.06735108337848	0.00207236706868733	2.68883603354362	3.46476734738817	3.14077701799724	3.02044088854049	2.67637626912529
chr19:14058703-14059204	Basal	1.06720807986433	1.39518072161098e-09	4.16185933121723	4.94582169402967	4.22946449731972	4.38624765572779	4.37921931048534
chr1:161175316-161175817	Basal	1.06709135772828	4.88172834023441e-08	4.80864086430886	5.60885022224959	5.60549560331762	5.31838336672613	5.39615721501108
chr6:41600347-41600848	Basal	1.06695204694449	3.65717961571613e-08	4.72552196864427	5.627049026779	5.17686006777848	5.02950710124274	4.88933046949508
chr8:128890017-128890518	Basal	1.06677801766357	0.00549374723844633	3.13420741685343	3.93550727599519	2.72091292402846	3.43162744927085	3.32071522792866
chr2:70480532-70481033	Basal	1.06661405976498	8.21422755052593e-06	3.10641812541569	3.75546644762238	2.91896346892022	2.79650425783417	3.03086232839088
chr1:228405178-228405679	Basal	1.06586763346945	1.1733237025896e-07	5.19617927868005	6.21485358025672	5.70429980744636	5.3477386552483	5.29118898975274
chr16:24944153-24944654	Basal	1.0658155079301	0.000305313641434143	3.33528115417353	4.36072860608186	4.51588621637413	3.69032998717162	4.01891578636238
chr6:16584588-16585089	Basal	1.06574959425869	2.53745544933648e-06	2.95929665167674	3.72714431186414	2.90713595672787	2.92882192552625	2.83509617203812
chr8:127953702-127954203	Basal	1.06568179135129	0.000983409565273944	3.60215723552783	4.66571931217855	4.19577104216978	4.70668922573558	4.82540428195499
chr6:26328856-26329357	Basal	1.06547157038676	0.000284244186828068	3.63886099638692	4.20562985690798	4.24746858419914	3.5013328379508	3.68366602356214
chr19:17291135-17291636	Basal	1.06478966924471	7.71943915142186e-10	4.01003103767411	5.00346659567564	4.16965472899235	3.89477496244464	3.92608048377999
chr10:43227388-43227889	Basal	1.06476491445761	8.60298455621251e-06	4.02911975268531	5.03974140729555	4.34439065335481	4.19306615741567	4.15305996747937
chr22:31960687-31961188	Basal	1.06465858204124	0.00082265745933573	3.25569525569015	4.03606008618777	3.00847498071575	3.02987394391834	3.00049785029288
chr13:99434920-99435421	Basal	1.06451305031152	2.22702079874197e-05	3.8909517185434	4.79005249850741	3.35269150533597	3.53324837593889	3.69589021001511
chr21:45407900-45408401	Basal	1.06442306179781	0.00101338330888705	4.50447145075823	5.53921195674389	4.8083023480574	4.26686061846876	4.35637357801162
chr14:33777557-33778058	Basal	1.0644184223713	0.0388161265868617	2.8808166786765	3.81985277856531	3.11893181261811	3.21777150954893	3.04243202012659
chr2:6489788-6490289	Basal	1.06439470786861	0.000409317116774054	2.56315928474184	3.22644080767722	2.38455685629102	2.62148788771666	2.6320479011978
chr7:26153390-26153891	Basal	1.064345152289	0.00344797621158546	5.40861452709724	6.59832531187356	5.00798160956681	4.65129008897893	4.60367530867399
chr19:16522387-16522888	Basal	1.06387898189237	2.39123390925135e-12	4.14154646351531	4.92221998448377	4.17303330250975	4.00514792601616	4.13542743362925
chr7:152742514-152743015	Basal	1.06344189284063	0.000579663563937912	2.86214682348998	3.50209744377119	2.66000198647779	2.90847755656882	2.86065884439316
chr9:21991601-21992102	Basal	1.06310493092784	0.0120319473040695	3.43961061984958	4.1419176171461	3.40534163887991	3.05765495142442	3.10362501929971
chr3:130027316-130027817	Basal	1.06309935335265	0.0154466956204336	2.81077806004271	3.91014367991149	2.73622661665503	2.67790449867198	2.84397677469
chr10:33829170-33829671	Basal	1.06222865040756	6.17811352261223e-05	2.73455231700919	3.25698059315765	2.60279439736014	2.74433199810978	2.66787489439338
chr19:4795356-4795857	Basal	1.06220969798242	0.000561264276398506	4.29116755481568	5.22059229466034	4.43278393720298	4.37218664872369	4.13955015690844
chr8:100314676-100315177	Basal	1.06218301093234	7.10566320039631e-07	4.50560349739504	5.41735007141914	5.04983298524378	4.57338776334455	4.87768341836021
chr6:163327818-163328319	Basal	1.0619323919772	0.000250937656655469	3.52624179654608	4.04734503492495	3.16473410264317	3.52506415762441	3.38105872019421
chr19:13088742-13089243	Basal	1.06181064457902	1.40561084485928e-06	4.03096020431629	4.92920637065812	3.91203192074718	4.0123019246493	3.89987593143024
chr19:54421482-54421983	Basal	1.06161794662481	0.00202706382509341	3.76731004481091	4.78203849564945	3.82861819172934	3.4447217701092	3.50005041983953
chr19:42515153-42515654	Basal	1.06157450369793	2.38413613215811e-05	3.17524911016086	3.86131410615433	2.76864495939839	3.2497342339571	2.98920844498777
chr1:62233921-62234422	Basal	1.06094593690684	0.00191911424435843	2.95987503406299	3.49397330968211	3.09628290526948	3.23174012718345	3.04994158872475
chr2:161309790-161310291	Basal	1.06093445437186	1.08315275703205e-07	4.00327991105904	4.83798274464179	4.21667872963208	3.62192616445478	3.77664920973474
chr1:173825534-173826035	Basal	1.06073438185349	0.00018272720437873	4.78091805252344	5.80385677475775	5.19872440176427	4.78550366073278	4.70758363407896
chr9:14351785-14352286	Basal	1.06054035503335	0.0018675984857176	3.50510628517715	4.38767159656421	2.86827494234339	3.66163804095463	3.28181495558007
chr15:99171209-99171710	Basal	1.06032656112516	7.21135643405491e-07	3.47381227087762	4.42119521635218	3.35761900422591	3.80029410870369	3.46352283971741
chr6:26254707-26255208	Basal	1.06025179616186	0.00192658734999387	4.33219945967282	5.50664659757678	5.01589187466671	4.92661871180298	5.04462474200639
chr8:41082885-41083386	Basal	1.05977148826108	0.00625520680318802	2.48963154071023	3.49383331757229	2.29029029802763	3.09826559070369	2.65861858501085
chr6:25776965-25777466	Basal	1.0596748400469	0.0169466757009165	3.05386280104519	3.82619867055839	2.74686296010955	2.90561585243284	2.73553440525012
chr6:32855626-32856127	Basal	1.05950286937153	4.7102298910921e-06	4.41297347197443	5.02968318782657	4.28548664726711	4.1579056149307	3.98917635351707
chr7:44854600-44855101	Basal	1.0592651905897	2.05848134445287e-06	3.58112388525169	4.24668175256316	3.43224824411726	3.4626008720388	3.42882857376578
chr16:2830588-2831089	Basal	1.05903887231065	0.00230076096831121	4.1314237725008	4.9268627091932	5.18275874879282	5.38560249183147	5.41701476459189
chr3:164030157-164030658	Basal	1.05872279546202	0.00339196698394216	2.80817326337959	3.57863498152492	2.25067563753244	2.65920478028376	2.82731432740786
chr22:29688064-29688565	Basal	1.05837880564127	0.00891867480908251	3.58365528563011	4.4412320902941	4.77818018864908	3.34336451019506	4.02536386248524
chr7:149730985-149731486	Basal	1.05745972272418	0.000283154297774804	4.01788026705145	4.81963814485439	5.75673896701624	4.30159793604201	4.43213648880479
chr21:15292282-15292783	Basal	1.05728470464306	2.45336350373852e-05	3.51431910205482	3.80042189982015	3.73379063400812	3.46922479878302	3.5390262838738
chr10:61975816-61976317	Basal	1.0572101642751	4.31110423731608e-05	3.69604088962115	4.38628109452758	4.32993337910508	3.90831337799256	3.71922630774757
chr21:43761658-43762159	Basal	1.05720406088432	4.40250225244195e-11	4.57269028291318	5.32716637284474	4.75267394850933	4.61657099206939	4.57089215670027
chr2:60629740-60630241	Basal	1.05717380080255	0.00393568918479007	3.05479487335	4.06045525790533	3.0074450010084	3.12028639087501	2.88764293717977
chr18:2572060-2572561	Basal	1.05701718002594	1.10462221449637e-06	4.7759458382944	5.70296564204672	4.83066191219954	4.41508785472281	4.50239495269699
chr9:22210889-22211390	Basal	1.05665467653649	0.0013803117572195	3.65924578568955	4.31317278245306	4.09620293225629	3.56169042315206	3.41134322774399
chr3:49464799-49465300	Basal	1.05654354446514	0.000520782218274765	4.27206244083499	4.99649606436815	4.17016947964517	4.32442993672759	4.03239696837245
chr15:22249345-22249846	Basal	1.05638329387752	0.00110568465675306	3.41553546777326	3.71247350106382	3.00301468198637	3.2314562494517	3.27401859241459
chr22:46042192-46042693	Basal	1.05612253312221	0.00114645538253596	3.91447589505478	4.76580382126177	4.22875195416667	4.92915972818762	4.42788420007178
chr22:38186454-38186955	Basal	1.05595355471117	0.00111778344552634	4.51075439569851	5.50643763932695	5.43171121998178	4.8800155441699	4.81177240728378
chr6:43518759-43519260	Basal	1.05558781808906	2.5550073931153e-09	4.45187618352094	5.2749708668376	4.31810190989525	4.30902121924038	4.38625229633288
chr12:48284012-48284513	Basal	1.05545673562576	0.00112887006418571	2.8122313543819	3.54268047659618	2.52756376461976	2.80040647360792	2.55622118318397
chr19:11021861-11022362	Basal	1.05541934680762	4.19789810275542e-12	4.06684207248991	4.94798886280094	4.26380009902686	4.04275375766124	4.00048294783699
chr7:54963675-54964176	Basal	1.05503035535147	0.00370237145906522	2.79052929865652	3.54651896480886	2.48202338275469	2.42070897638751	2.30533591280714
chr19:16568160-16568661	Basal	1.05489449668063	2.19958013092486e-10	4.37880689732055	5.09866788675227	4.80813724194857	4.46490863243973	4.74335606051833
chr6:26222512-26223013	Basal	1.05439841395743	4.15061051972758e-05	4.79136173323809	5.73885199364436	4.76360985863746	5.06847175584648	5.16276178824676
chr16:70751-71252	Basal	1.05432134610428	7.73490239986799e-08	5.00073806114473	5.89561314692642	5.75336005111472	5.69872014769846	5.80501686640565
chr3:72243606-72244107	Basal	1.05386761023553	0.000765564996738774	3.24458591540003	4.0770819804527	3.49614286831573	3.6205547915766	3.3229952434937
chr6:77460118-77460619	Basal	1.05377152338425	0.00157266993915455	2.93019190786741	3.1876168511359	2.86091372113757	2.8312001873385	3.05736097557832
chr19:13027964-13028465	Basal	1.05343539282094	0.000535063144406341	4.32758817128291	5.24890571122434	3.88186952902616	4.29296314645972	3.97641972780956
chr10:27156530-27157031	Basal	1.05342353354437	8.23706486735178e-08	5.15519124559516	6.09111562983074	5.46067531592638	4.87578532544083	4.97305698525047
chr17:81981421-81981922	Basal	1.05335571129648	0.000946566977708425	4.34167043453792	4.94250568953928	5.90901869657187	4.61032464112725	5.06214874556104
chr3:107995274-107995775	Basal	1.05314836191124	0.0110157412414072	3.36532652359178	4.63873828681406	4.57826241964585	3.61939485531414	3.85130637726997
chr1:84691290-84691791	Basal	1.05213432624595	2.23117512555399e-05	4.79750052345524	5.74484427995251	4.45683862277499	4.72220776941321	4.50690144981709
chr21:34862636-34863137	Basal	1.05206150680607	9.97893135649788e-06	3.99178498363895	4.69736004240026	4.48455215370785	4.84522159617098	4.5748030622278
chr3:194925488-194925989	Basal	1.0512845265352	8.60711508225399e-05	3.36972725049331	3.9682409694848	3.25450862772404	3.37434746022522	3.50820797486621
chr21:23977123-23977624	Basal	1.05101995643922	0.00694553589629311	2.75537605666338	3.90305695066279	3.09748857854451	3.21789717216722	2.88349064962209
chr10:13345740-13346241	Basal	1.05091174817867	1.48424638026342e-06	4.62436807847896	5.49485964980419	4.42401471373736	4.54347470869483	4.2625828943212
chr12:80142602-80143103	Basal	1.05085654054457	8.31995417445961e-05	3.06277366723286	3.30270144767407	2.61993269531751	3.09093960882345	3.18539179430542
chr8:140999410-140999911	Basal	1.05081404188017	1.23148891944349e-05	4.69486580274245	5.41479655436676	4.46163688018814	4.40020771536502	4.35283762473642
chr7:36391364-36391865	Basal	1.05016641415232	0.000869533068338177	4.70643397730181	5.65350435692332	5.24084326506189	4.76680935733563	4.80281045485863
chr3:11479233-11479734	Basal	1.05010951246555	0.00469116752714548	3.46007342522046	4.31498153753254	3.92433849842238	3.43750554844444	3.45728626771499
chr12:57796887-57797388	Basal	1.0500667244275	2.94382912712812e-05	3.60005656090459	4.21760751496184	4.24900626120173	3.66669235993559	3.57386734921343
chr16:4383496-4383997	Basal	1.04999417522726	7.05229236387712e-08	4.61660464648099	5.35759264808367	4.82203212627345	4.61821772757542	4.80480816557805
chr1:154183669-154184170	Basal	1.04993146274186	1.39486852635924e-06	5.82685944658584	6.69167344378388	6.05629434222888	6.32521125353888	6.23503023856519
chr2:232654677-232655178	Basal	1.0499064615001	0.015256243755881	3.99725274039906	5.44865370055112	5.57469182232142	6.16417642321839	6.10081321620383
chr8:144897620-144898121	Basal	1.04947851597768	1.40728184026382e-05	3.74962792854288	4.50773880354713	3.6385050788483	3.62846412842824	3.64239388542427
chr8:115397414-115397915	Basal	1.0494485021831	0.000597359656031216	3.27041347486522	4.00985636176481	3.54224991471262	3.71780722859428	3.73159119187532
chr11:68235170-68235671	Basal	1.04912290901603	0.000392265880281284	3.23271948896939	3.84078114848918	3.36702470498104	2.84490997985894	3.29159137212604
chr4:4734064-4734565	Basal	1.04883993211051	0.00131460313309394	3.15534987431682	3.88785211332808	3.1048362970412	3.29591454007132	3.19708343650621
chr6:110878042-110878543	Basal	1.04882158367095	0.000290455268875865	4.23302422575902	4.81663875304211	4.03674646823218	3.63041685618736	3.41097060707146
chr1:26174297-26174798	Basal	1.04849736662035	0.0027522970250757	3.88553273901063	4.83736798506934	4.15781230914681	4.93149241662819	4.68101422769575
chr20:57387811-57388312	Basal	1.04841184492384	1.81977921864963e-08	4.61119951407087	5.17783396129511	4.61830288784485	4.70216356200841	4.47900215307996
chr9:136543092-136543593	Basal	1.04822478596386	3.4172910827436e-05	5.32779929303851	6.39943158092889	5.26780438146834	4.85001794860579	5.06737482969994
chr19:22716841-22717342	Basal	1.0477800888984	0.010681348430517	3.05575256949237	3.72737758645394	2.83056443457184	3.14110140749029	2.85832260083297
chr8:125605611-125606112	Basal	1.04756399951731	1.59578731766799e-05	3.69345623309055	4.6929515774517	4.07555521871164	3.64178012923607	3.66452168289973
chr17:38321261-38321762	Basal	1.04752826141907	0.000135948641815531	4.04243745002196	5.00248506306139	5.33293390333942	4.86301236844341	5.11114065048625
chr8:115601879-115602380	Basal	1.04746801653608	0.00225195934994593	3.44022367915509	4.66962476257663	4.44258372852421	5.18116428095212	4.93998960456678
chr21:44928577-44929078	Basal	1.04745298179943	0.00256579529512555	4.14092709899006	5.34274704553675	4.51553410448066	4.57300883386397	4.25218239293505
chr3:183692343-183692844	Basal	1.04743818467744	0.000257698219541996	3.75584337883339	4.66760291049246	3.97782590320625	3.30228592918734	3.55589450302396
chr1:201347333-201347834	Basal	1.04715358284012	0.00166311984995288	3.77750732098414	4.79520946334834	4.04274660097998	4.08597398771488	4.00231992732568
chr6:44059976-44060477	Basal	1.0471141527689	3.00746666732314e-05	4.66998755851535	5.59911709956477	5.74633035290337	5.4503820544394	5.14521194447496
chr22:41003874-41004375	Basal	1.04675050527567	0.000828717394324008	3.4250787071937	4.52389599833432	4.75829130464561	3.87180178715826	4.13084390252362
chr6:31579169-31579670	Basal	1.04673247115248	1.12468313877394e-10	4.09036567939194	4.86552729098459	4.3095813310646	4.15613882780798	4.04762328008967
chr12:42481302-42481803	Basal	1.04652993716948	0.0033220619947532	3.57841599829536	4.40916892977246	3.30563994216919	3.26964157066346	3.28169876793653
chr3:193384888-193385389	Basal	1.04650757621485	0.00775814627104806	2.7809113566548	3.97328419898626	5.27496757420695	3.24681544855921	3.40483680689052
chr10:119722226-119722727	Basal	1.04609899059703	0.00018108951521978	3.50341172327044	4.41898983929074	3.68216173361522	3.35983902352719	3.49108365960915
chr3:160983075-160983576	Basal	1.04609006072763	0.000664343494275524	2.94163795582251	3.985472095232	2.97638708245014	2.91938702684931	2.9491258565075
chr19:9936866-9937367	Basal	1.0459440625716	0.00336781868905991	3.43403515805291	4.41657451633652	3.34281415084236	3.41467251007862	3.00237535153107
chr19:14494173-14494674	Basal	1.04579910290026	2.66251711907854e-09	4.63108075134688	5.52228794362498	5.04482280372598	4.73646076621139	4.8768519424027
chr19:29945988-29946489	Basal	1.04527749595803	0.000884051573286419	3.57783861830591	4.48862069807665	3.95850550415562	3.66777749030484	3.6802240753073
chr19:17324371-17324872	Basal	1.04525832662577	6.02236617528324e-13	4.73227180209886	5.63053017313122	4.93429340625436	4.73315599372568	4.8931626870135
chr20:62408492-62408993	Basal	1.04486729245344	9.38653379917012e-08	5.39515518058313	6.36990011508336	6.13414046881851	5.54802809310199	5.62595700615326
chr6:30869383-30869884	Basal	1.04446689073278	0.0381367554651417	3.62584032831488	5.14726826652117	3.8447888539842	3.52858952168026	3.55960926910798
chr2:111043684-111044185	Basal	1.04430582165583	3.29486842693325e-05	3.39729605804003	3.84767924807272	3.19665502169574	3.27961652911999	3.34589480787429
chr1:156074592-156075093	Basal	1.04354950992899	3.32788303146438e-08	4.58212878222557	5.39884349827555	4.55602071689352	4.6160339142449	4.56634229446886
chr19:38371147-38371648	Basal	1.04322512528844	4.54267019364797e-09	4.02873010882801	4.68219720836058	4.17226284476829	3.99132002225435	4.04097805856532
chr19:17268624-17269125	Basal	1.0427813513475	1.92013264988444e-12	4.21993650636639	5.08399987280188	4.50317190071698	4.18801363922335	4.43623856569499
chr1:1586107-1586608	Basal	1.04277636215875	0.000118833075542237	3.4834775319901	4.46129961172341	3.98993385979337	3.36938364562015	3.42886118109093
chr1:202811790-202812291	Basal	1.04276630924499	0.000169981915707255	5.50700475264298	6.59255022735547	7.00283054317773	6.1808541961344	6.21779467907083
chr19:13786187-13786688	Basal	1.04262241977959	6.46268881513694e-09	4.13394123954908	5.02148310030251	4.05002122747712	3.98182982740639	4.20741969501202
chr2:52857722-52858223	Basal	1.0426202783544	0.0163029793308515	2.94680350019955	3.80778788255938	2.77429310510186	2.91113947655734	3.09992643574519
chr19:14352565-14353066	Basal	1.04260862940888	4.75057901764682e-05	3.96707674519953	4.69487406743219	3.89093238927359	3.7726257218897	3.64849194915495
chr2:48584892-48585393	Basal	1.04253925566911	2.84913681930915e-05	3.36453329870568	3.99958800118052	3.64180739865891	3.41620461656239	3.4630789896543
chr6:20210025-20210526	Basal	1.04250649308812	0.000952278678811825	4.49189084040641	5.39556983519552	4.46017410338184	5.29586536391752	5.64763276414224
chr1:154957277-154957778	Basal	1.04245619971898	5.80635570074478e-05	5.22097787084927	6.16703492413621	5.43750160653446	5.12443035810585	5.25341030508744
chr6:31825908-31826409	Basal	1.04238113456302	6.02598348894029e-06	5.8283669506002	6.79699787563038	6.29663453668434	6.09150804376006	6.08408975336769
chr6:26127562-26128063	Basal	1.04229564248289	0.000640055658528732	5.36780767580033	6.20012682796859	5.79901951888116	5.54764980288605	5.60521995352884
chr1:211257350-211257851	Basal	1.04222616359861	0.0004223823461592	5.29964897637858	6.16322654476882	5.15966492703142	5.37538640304698	5.29368494641514
chr2:104948061-104948562	Basal	1.04221528948856	0.00280773901540247	3.23763790227882	3.69876366998603	3.24771834502872	3.04595796847545	2.98876341450369
chr8:101691566-101692067	Basal	1.04215608237465	0.00343619435415226	3.53636037663584	4.78909911868651	3.83326056302931	3.78768763904837	3.59494302060254
chr2:96872963-96873464	Basal	1.04210534506696	5.27822890494065e-05	4.96028206231257	6.03580548173631	6.01244447493367	5.28636335308864	5.37406339164808
chr8:127710773-127711274	Basal	1.04184648106028	0.00101326253383302	2.60711903720643	3.73781408490741	2.6496354657797	2.75711081280519	2.93154413641444
chr19:14007759-14008260	Basal	1.04158108337661	4.24025969058001e-11	4.68044689554049	5.27491011029961	4.63634133556245	4.80589407654223	4.69629959722073
chr1:156720454-156720955	Basal	1.04129363759155	6.33211209033463e-05	3.76208117558976	4.7070007574745	4.43365141866838	3.96556167801279	4.35631561232975
chr8:46420044-46420545	Basal	1.04127065344254	0.00022194211475463	3.50795785102054	4.19256675071342	3.49845065210916	3.85465461472259	3.85741810332526
chr3:35083985-35084486	Basal	1.04125492875964	0.000669180195023323	2.88823459087539	3.24261262989217	2.45004927951906	2.91785687280573	2.74067037430331
chr17:7333532-7334033	Basal	1.0412321138497	1.54978507337008e-09	4.08141204398178	4.60539327966342	3.77923440258557	4.18738607849941	4.24194577416761
chr2:71741890-71742391	Basal	1.04036784857748	0.00265232531798755	3.39579813258097	4.47017815079754	5.52207538134964	4.22499408876877	4.28688777856938
chr5:141095218-141095719	Basal	1.04020668636197	0.00508907615122629	3.40143940695033	4.26646439557076	3.52759637879226	3.79861951237497	3.56370675999191
chr6:133198672-133199173	Basal	1.04016209024668	0.01432354959379	3.05780332942823	3.81561000044601	3.25698554094915	2.7876461306218	3.1629136854109
chr12:1791563-1792064	Basal	1.04011012885786	1.44555859572086e-06	4.80211054019976	5.50765309434252	4.71754488554904	4.88322322743286	5.09357797014622
chr6:24774055-24774556	Basal	1.03964861007949	9.16048352890566e-07	5.31830921866616	6.10485778487176	5.18722964978539	5.16992164051691	5.04376653640424
chr22:38681009-38681510	Basal	1.03956077533024	0.000151115413589853	5.09800017837236	6.08467019147545	5.28935715744262	5.1844045489744	5.05715402456097
chr5:6636990-6637491	Basal	1.03892865615231	0.00181109472960232	4.08394902098042	5.27588534961129	5.32449860428886	4.64475706564879	4.35004275813945
chr9:14320786-14321287	Basal	1.03872200910223	0.00225141211436704	5.41095452827722	6.48376193320724	5.40880445270155	5.173057797671	4.73269484620216
chr2:44363499-44364000	Basal	1.03866360855157	3.23460939154361e-13	3.91801393546331	4.74968476533149	3.84171117838972	3.59277347706032	3.89412909402998
chr22:37975327-37975828	Basal	1.03816440512737	0.00162776736236113	3.61858953997924	4.40757403012344	3.43897797141795	3.46660103314763	3.37448581372879
chr2:60413089-60413590	Basal	1.03783323756829	0.000453274390197442	3.3795054860401	4.34916646790184	3.3979607553513	3.01331269704498	3.04389394260949
chr7:155202037-155202538	Basal	1.03780485548754	1.70916442357458e-05	3.7467426088378	4.22080830768558	4.24808879800582	3.97077941023464	4.01612407065601
chr20:34184128-34184629	Basal	1.03768310517106	0.000838313037460607	3.20672222146858	4.11039649316844	4.23881822121509	3.03395901630937	3.05195639410927
chr6:7545147-7545648	Basal	1.03756172791767	0.00102254989392206	4.22255644424607	5.36348334990026	4.5925583761096	4.53859783888844	4.47153416443702
chr8:104470173-104470674	Basal	1.03755227715016	0.000429523687397328	3.26700267048997	4.01583582590878	2.89683879985578	3.15110108405804	3.41268199078603
chr9:22005325-22005826	Basal	1.03736378034055	0.0014137085513425	3.64661382746703	4.34635102984078	3.62140518992121	3.59670730829467	3.25101323130603
chr1:17116915-17117416	Basal	1.03735833409938	0.000154247219418574	3.4447605629458	4.48903128955643	3.84910166568453	3.47070796366902	3.41285133088438
chr3:170870663-170871164	Basal	1.03734811902389	1.90184464083338e-09	5.47541825262393	6.40117413255798	5.56986357850573	5.29995906491033	5.4098795077613
chr8:127704917-127705418	Basal	1.03724669417457	0.000436504798104694	3.03435399414069	4.10455159301099	2.8260053037383	3.1234837934446	3.14848263442933
chr6:42779494-42779995	Basal	1.03717873900391	3.78113785175826e-08	4.72226963333403	5.60202071884617	5.23259104513042	5.03120350014114	5.16297088736191
chr18:14177338-14177839	Basal	1.03698438358519	0.000393852453680989	3.30182367332541	4.03677444105669	3.30241740305528	3.33410208729679	3.34391244277696
chr1:206063993-206064494	Basal	1.03683297352171	0.0446332420063577	3.4962409360848	5.00158058220576	3.09668086979193	3.10232983708177	2.91739047547335
chr17:29989185-29989686	Basal	1.03681203342601	0.0076147200360716	2.56228549824275	2.98098321865039	4.07814452723111	3.0859007952084	2.75103350195265
chr18:24022600-24023101	Basal	1.03675413181945	0.000216373029816497	3.94428605211139	4.97532716204661	4.23032078628441	4.62668491853922	4.70906623477667
chr19:14323039-14323540	Basal	1.03660693348277	0.0114549605878213	2.97642064388992	3.86065941593736	2.88196319779706	2.72190965549706	2.72577485303341
chr5:35231010-35231511	Basal	1.03655900038023	0.00701567784668065	3.98752790297129	5.25816671058973	5.38707355453259	5.17388335534068	5.35763141772856
chr18:9473919-9474420	Basal	1.03630847020052	7.55838986095539e-06	5.04958021343112	6.06105018273281	4.9074454230238	4.89229213952803	4.74490073566547
chr18:31242939-31243440	Basal	1.03598811875886	0.00163918514799006	3.93760236690678	4.99488369406832	4.15951190435997	4.08048352753728	3.85370067054023
chr1:24794469-24794970	Basal	1.03595487746277	0.00225770066705298	3.44264593661767	4.30768693619821	3.64097414809255	3.81559734129115	3.34054661454789
chr2:44927859-44928360	Basal	1.03591930049585	0.00191186288583955	3.00567663559129	3.55931895186825	2.69219805614167	2.83120284770031	2.8103457769368
chr6:108134545-108135046	Basal	1.03572645206264	0.00104958887322596	3.6806958141814	4.29185490046343	3.99041832106657	3.5122402168292	3.1926748378963
chr6:36153427-36153928	Basal	1.03547789916215	0.0057812559690727	3.41759498491657	4.71127930013613	5.80995294246999	4.71271343611906	4.90003735805822
chr10:32219140-32219641	Basal	1.03546031797316	0.00509646618677766	3.11365318113909	3.96171318164415	3.98106158525336	3.27560138158779	3.59298534289913
chr2:102241569-102242070	Basal	1.03543707210837	2.28385780309713e-08	3.80059793107314	4.49685616248803	3.36167093234252	3.69873962272012	3.60456504133863
chr6:26202173-26202674	Basal	1.0353684342769	8.44801194225557e-05	4.68150715484013	5.65233683651287	5.27675971429703	4.72052157148958	5.07249436188971
chr8:144081551-144082052	Basal	1.03511989688221	1.52961312034936e-07	5.42064751893225	6.35483975336764	5.65610426576701	5.31978183198721	5.53437184957898
chr2:102632354-102632855	Basal	1.03473955310685	0.0192669725758839	2.97922580493708	3.72572618087497	1.87039839164384	2.36417634789946	2.40907290815202
chr12:12565247-12565748	Basal	1.0347079300579	0.000504625562484245	4.34607277450884	4.96791393281909	4.58602831858732	4.29131141200029	4.46020361131578
chr2:25883087-25883588	Basal	1.03417923760579	0.000724206219337874	3.88945443834846	4.7260729045944	3.83747637745616	3.70249523822537	3.92440084900805
chr10:92595816-92596317	Basal	1.03396202374245	3.02687414409691e-05	3.86540970518502	4.44443601132859	3.90481051795458	3.6687113724598	3.85773341053832
chr2:161137461-161137962	Basal	1.03380463830121	0.000326649881040509	4.17647528589423	4.93293137400305	3.89636878646818	4.11832840515704	3.97867379683734
chr13:39835975-39836476	Basal	1.03311864003009	0.00266757182999327	2.65590552374703	3.43027423186317	2.12953040614799	2.75732954593153	2.56528977723871
chr15:89385044-89385545	Basal	1.03290083393463	0.00145944102269359	3.48147735995887	4.39625469218276	5.16685628579748	4.15727327126736	4.35835974548757
chr11:67026476-67026977	Basal	1.03261417275292	1.91231882507344e-05	3.89875253170731	4.85018868450411	4.9418876242708	4.57051944027372	4.85085483028647
chr1:235162363-235162864	Basal	1.03260117666121	3.61403867530178e-14	4.17535769933123	5.10758031920116	4.18256962854847	4.24450912944765	4.16080455606135
chr12:92147588-92148089	Basal	1.03251398921275	0.000384285563685383	4.82714646828419	5.67070807035438	4.25416167445968	4.34091405917661	4.63971683973295
chr8:144476832-144477333	Basal	1.03228089333959	3.17485221772449e-05	5.81312058070116	6.94447578119315	5.80207310720213	5.82825554684055	5.83511886048279
chr6:28942922-28943423	Basal	1.03217267780437	2.16080774018386e-07	4.29409248213497	5.1258078498503	4.64190141787894	4.33804552211254	4.17556908940276
chr17:76352313-76352814	Basal	1.03216668888921	0.000646511781944337	4.05920118323954	5.0084135443004	3.81722771440337	3.93469315079317	3.93751923331111
chr19:13789699-13790200	Basal	1.03198787636934	1.46865528547202e-12	4.11542240471709	4.82962586845601	4.19445843148385	4.03764832017647	4.24294321423399
chr16:968028-968529	Basal	1.03190164594298	0.00010797182029878	4.3767293328301	5.15090959723195	4.39391575012294	4.10717603321182	4.57710422387168
chr16:11655618-11656119	Basal	1.0316954648709	1.67590148407171e-06	3.72668979558898	4.41294697846011	3.91627296527768	3.6082254935094	3.99747383550769
chr8:116946838-116947339	Basal	1.03159729806321	0.0064714159829665	3.30843859223408	4.12179141180832	4.31118272323903	4.00469333279363	4.19773496217989
chr14:23355818-23356319	Basal	1.03153671767739	0.00102068000999046	3.76417909741772	4.82104029143425	4.82494217920178	4.21337224345851	4.2578384650783
chr7:99967947-99968448	Basal	1.03146529161007	9.13803778974111e-05	3.23068664847574	3.83664092734163	3.92208166120822	3.78749257594579	4.03295671350498
chr8:46121877-46122378	Basal	1.03139185063846	0.000158309473495756	3.07465079380993	3.92174902420205	3.06348647385843	3.28305565968458	3.17906355546564
chr11:118688825-118689326	Basal	1.03136202190633	7.34731819679679e-09	5.02690047486796	5.83605141603849	5.13875621833471	4.9886151828164	4.81779063151933
chr1:207864784-207865285	Basal	1.03119323824329	0.0099973863786556	5.30091996519075	6.49128531891319	7.63751986447003	6.46280054305546	7.05458770256958
chr6:21871810-21872311	Basal	1.03106417577059	0.00232605513786239	3.18042430857901	4.13344181532474	3.46388879890333	3.18765178362097	3.42124895003619
chr8:80405136-80405637	Basal	1.03105141682019	0.00116533082539969	3.1875735158526	3.91787104640846	3.43169312496962	3.74812949694794	3.79525814783829
chr12:130118427-130118928	Basal	1.03079622645633	0.000877761627362661	2.85273478665054	3.25033366209292	2.51085775964342	3.2181065936949	2.92577231962632
chr7:55350180-55350681	Basal	1.0307833765258	0.00251381189120337	2.76751522778683	3.5667562273233	2.22510280936229	3.14055772544439	3.05517052782186
chr1:214604501-214605002	Basal	1.03073170248109	0.00144620010046761	3.70591036518822	4.84915143135401	3.37636987031244	3.54989069606213	3.53553255156234
chr19:13072988-13073489	Basal	1.03051600110095	2.41187033096254e-05	3.8127960070052	4.66721367775983	3.47834920920889	3.79499540350223	3.64087222280906
chr19:20763048-20763549	Basal	1.03045154587024	0.00857913452438045	2.87347281862812	4.02008567674814	3.79816323491669	3.39402110737348	2.88267826489275
chr1:152441660-152442161	Basal	1.02965588615903	0.000467586149366513	3.75290786074053	4.38704055302155	3.67346234820742	4.45031178091269	4.27619789391885
chr1:155331362-155331863	Basal	1.02953567458023	7.55821112922725e-07	3.83512141418853	4.63778125527772	4.18873049233687	4.06289847706088	4.12641716581846
chr5:37367595-37368096	Basal	1.02941187175624	5.55233322556316e-05	3.33705463641931	3.92222536049244	3.54248039304499	3.36970512126332	3.32874152417219
chr8:103299965-103300466	Basal	1.02914272415805	0.00642021814386015	4.41639565784691	5.27094516043553	4.04275036082515	4.17883992157922	4.03547666555293
chr12:8916621-8917122	Basal	1.02913901968435	0.000273815411676897	3.62542668537889	4.26519369677748	4.10970391126041	3.78104415735731	3.73560161118088
chr6:149842277-149842778	Basal	1.02897435043374	0.0159938404402646	3.96385062168114	4.44712936929085	5.55749889753451	4.12469093462223	5.2025864435119
chr2:200867440-200867941	Basal	1.0288239492528	4.21067039092821e-05	5.23058927871676	6.28539209182229	5.78417104630439	5.48823490094006	5.48897655354826
chr19:13064943-13065444	Basal	1.02881219272053	1.28761625599521e-06	3.9573859264668	4.75456584104378	3.89683053221769	3.78530006557018	3.7823522141704
chr15:90863921-90864422	Basal	1.02872623174721	0.00244304587782458	4.28098605640615	5.38870712106732	4.40574470632711	4.2239552050352	4.13143633479697
chr2:62370547-62371048	Basal	1.02854027780666	0.000479609908384026	3.47990369197957	4.30695891797754	4.29860986323454	3.68388233244788	3.69327812597409
chr1:156699121-156699622	Basal	1.02851955883773	0.000123184346581111	3.78226285408831	4.71795472571397	4.59690541930595	4.56762789812187	4.73664052113116
chr8:144686374-144686875	Basal	1.02846235664635	3.18868333342687e-05	5.79330502456001	6.68851034611866	6.13054807302561	5.91175181289298	5.96787251395423
chr19:37698150-37698651	Basal	1.02826572783881	5.95741474805163e-06	2.86308437198963	3.65466097967144	2.82970414187101	2.67646633822971	2.66902740768433
chr9:15305427-15305928	Basal	1.02816004624482	7.24687682139168e-06	5.08127394976999	6.00856761988553	5.37293787806763	5.16254867952278	5.30079517784962
chr7:143383092-143383593	Basal	1.02806411813546	1.75882317096048e-07	5.1552780563993	5.81406767884973	5.61244409228955	5.60928516806159	5.36989413175284
chr8:66611912-66612413	Basal	1.0274598591552	2.09498985824657e-06	4.47306466896484	5.33207964215731	4.49226947535114	4.60757340357637	4.821904823313
chr19:12994322-12994823	Basal	1.02705569742935	2.28929225837435e-08	4.60201027296051	5.5522255764327	4.49057344185043	4.57032853779427	4.48936897303579
chr18:24755000-24755501	Basal	1.02692030868983	0.000572738502162924	2.56571659035298	3.3855857810034	1.89313937272435	2.4383712468712	2.32607647325049
chr6:41026925-41027426	Basal	1.02688547336375	0.00315622681875694	4.28424306939139	4.99729883400804	4.42767881717742	4.49466576582995	4.32105239154032
chr6:158338303-158338804	Basal	1.02676349856163	0.0024462070209777	4.11213435336582	5.14621272028811	4.88713377455265	4.42784222038473	4.42351349350769
chr3:123761178-123761679	Basal	1.02668598802714	0.00892135709339392	3.60272363172499	4.1654955028096	3.32307729743298	3.20053125732799	3.14924668785686
chr16:20744036-20744537	Basal	1.02658972936249	0.0029936415883332	4.49083166879605	5.18400249612372	5.57939108717855	5.12150206684841	5.30855393701496
chr16:18791265-18791766	Basal	1.02653573262098	8.30970797809276e-12	4.84159083445322	5.7411572176503	4.98038238201023	4.89395855188707	4.9825832640662
chr7:6843149-6843650	Basal	1.02629203017362	0.00421362431571842	3.9321833606287	4.90865576636294	5.7563895244515	4.09788263722006	4.29307206490784
chr8:138619806-138620307	Basal	1.02598710057281	0.000845436022243532	2.96417925532406	3.42813722024323	2.8371747214236	3.09966893234958	2.96303072206703
chr22:35399114-35399615	Basal	1.02531590890812	1.38316630522555e-07	5.1146121183674	5.92997021098352	5.44351471644546	4.90489173765282	4.83946497045255
chr12:8831060-8831561	Basal	1.02529803552968	0.0403815359131852	3.19872420482482	4.34624005941734	4.55491057659518	3.46388118153289	3.50597220458492
chr5:73276304-73276805	Basal	1.02528838266846	0.00249020692473188	3.07379236184591	4.13026414981551	4.27505437353137	4.46422169586279	3.75069558658438
chr3:138654767-138655268	Basal	1.02420960956078	1.90780396189804e-07	2.76614883749927	3.40958025647107	2.59804231031169	2.90680455652654	2.80806009627055
chr20:32176014-32176515	Basal	1.02397351557753	0.00321739099219773	2.8850127833994	3.59657544896892	2.95665816161444	3.03322874146447	2.98616298925932
chr10:72010610-72011111	Basal	1.02379916250399	0.000248399484704062	3.94321967314598	5.00970668801442	4.44219479985818	4.08644194932705	3.6500574999751
chr1:238269105-238269606	Basal	1.02352142830979	0.000255566119299818	2.95273299008596	3.6698102377981	2.53096156367178	3.11046276857876	3.0267518886445
chr6:20156181-20156682	Basal	1.02345015064661	0.00018352941138249	3.3439709704276	4.19041696730498	3.20028619037742	3.65801157662409	3.53085578297331
chr8:86003979-86004480	Basal	1.02321143357791	0.000688725633729678	2.87681758176332	3.91852868979612	2.57144095902128	3.22431971355148	2.95137906650195
chr11:129379161-129379662	Basal	1.02272166009203	0.0199586644393471	3.04655098164583	4.13439108458203	3.19124951314907	4.21206809281635	3.05214818253714
chr6:110816570-110817071	Basal	1.0226497930885	2.89528528164104e-11	4.55392981124619	5.26053528271135	4.72933164223727	4.29112576823568	4.21683050848787
chr7:98798223-98798724	Basal	1.02261317390114	0.00108797617294527	2.68971122694431	3.26033077909602	3.17922616167693	2.49855242498951	2.56523044424102
chr1:226132386-226132887	Basal	1.02251957434196	0.00231637071621645	4.92117321241653	6.16035163725936	5.63111640127287	5.32698286792712	5.28629780143274
chr19:16068832-16069333	Basal	1.02242554385521	0.00647478948201291	4.79359921151934	6.03836808795533	6.0635620392631	5.63158873347516	5.55846030807623
chr6:110182263-110182764	Basal	1.02238122911727	3.25677259045746e-05	3.24472160679673	3.51545200311554	3.04120518427425	3.0512148550622	2.75997475743194
chr10:4846789-4847290	Basal	1.02204667515596	0.000177035600412599	3.81962830276587	4.81717810229655	4.59254697293282	4.31751300692973	4.24988976785189
chr19:13799656-13800157	Basal	1.02195443083757	1.94444086202132e-11	4.16460732740893	4.92256921289863	4.25704647774182	4.37981414786023	4.29856733942339
chr1:244454386-244454887	Basal	1.02156379520071	0.0143710519442092	5.06909547388742	6.21825016603024	6.34067566438103	6.33081317767213	6.43591709697662
chr7:56048748-56049249	Basal	1.02104550883567	0.00418776855889836	5.24347727294014	6.33797852748989	5.18151080470922	4.65570383801272	4.68329557804421
chr2:64141634-64142135	Basal	1.02038873233611	0.00026179602710439	5.48937151536939	6.43345933331169	4.76708930976133	5.18542150605833	4.64479451439102
chr1:236098885-236099386	Basal	1.02024731776177	0.00109525937177209	3.67614895387185	4.29439236148068	4.07003457319214	4.2195238269501	4.05455247176983
chr19:33391223-33391724	Basal	1.02014053217913	0.000152175561570587	4.54043880356324	5.61170994268737	4.32232601925113	4.45939576645141	4.23960830253169
chr19:36137655-36138156	Basal	1.02001230798179	8.59591765770418e-09	4.44591598011596	5.38921200866146	4.79652134170835	4.52548493540692	4.59131016143951
chr6:43577797-43578298	Basal	1.01978619511522	0.00226671501388109	4.41302687005186	5.33638999924078	4.3225113765812	4.22839253226287	4.18283004691846
chr19:36103208-36103709	Basal	1.01966397962508	5.59471241084234e-09	4.10224427968154	4.92966866209123	4.22311065394556	4.05585837774983	4.16197979510457
chr2:55636763-55637264	Basal	1.0193215681494	0.000921179596528773	3.08228771797049	3.71570306867834	2.79881415112121	2.86441370388769	3.01969911815644
chr11:69599967-69600468	Basal	1.01930102572636	0.000849236450019354	2.60698528857578	3.39735922669965	2.6938632709103	2.73178494821846	3.27718158501865
chr6:11209308-11209809	Basal	1.01895832095825	3.05956909603783e-05	4.45001033196915	5.31260260724656	4.05051710553063	4.35810346617393	4.1561438009445
chr2:6206862-6207363	Basal	1.01894431694892	0.00633591512696616	2.90590362051216	3.31086226991234	3.06945132459071	3.01766294522762	2.80663376117931
chr7:64874846-64875347	Basal	1.01880359454519	0.00158254662472722	3.69433981759566	4.37137787875768	3.44483604837782	3.49055859381744	3.75795146268011
chr2:60548778-60549279	Basal	1.01866959069636	0.000689366802343795	4.06051604245785	4.92971184816389	3.43994413233767	3.64445853774979	3.24053177209908
chr7:15494792-15495293	Basal	1.01849157291719	0.00823942355397855	2.99052539826513	3.73366645482425	2.76122958442098	2.89011609999633	2.68467964843427
chr16:66474001-66474502	Basal	1.01787985053022	0.00351456133739875	4.02042592211194	4.89917159208575	5.94802800743968	4.94344606047115	5.2008569802066
chr6:41462004-41462505	Basal	1.01734545732044	0.000290909098287458	3.70170754209758	4.32694283671585	3.71367932768056	3.73521747996039	3.84075908453083
chr17:29220554-29221055	Basal	1.01726997140925	5.09807956780913e-07	3.37044848303338	3.77197400069148	3.80708669583551	3.16483142917847	3.33207252172309
chr1:200428492-200428993	Basal	1.01726487273812	0.000594683349770603	3.29817087828287	4.02865606106512	3.44849396241779	3.49609353114788	3.66608689039548
chr3:4153708-4154209	Basal	1.01724762609419	0.00523010748590945	2.88544566328468	3.47743540572976	3.0277168854264	2.91701726836175	2.68567677108937
chr19:13953746-13954247	Basal	1.01669798237095	8.56719900004408e-13	4.52186670308075	5.20062511554698	4.73070503188623	4.47434340034591	4.58467206440481
chr17:41514525-41515026	Basal	1.01642359121572	0.00330730917067341	3.56874685785378	4.2449790993323	3.44634076630676	4.30097910949573	4.21558165283913
chr3:184222532-184223033	Basal	1.01631256690998	0.0118544353323236	2.83607971669621	3.48543910719234	3.04222509283106	3.27489544660246	3.44601132610268
chr3:71920976-71921477	Basal	1.01606723851878	0.00787794903877623	2.91320456162588	3.60637505322197	2.86706095662397	3.20290584097587	2.84999030242536
chr19:16548331-16548832	Basal	1.0158301027442	1.11782544193983e-08	3.41629150681716	4.06357772567068	3.49685950462893	3.26025335230433	3.5529455399809
chr6:26523438-26523939	Basal	1.01466330410495	4.2440046029915e-08	4.00978133024262	4.80267210757081	3.93128260899881	3.88058289179251	3.93942360413827
chr7:75833643-75834144	Basal	1.01439758655768	0.0015004245734569	2.88064010068179	3.29684586926779	2.58920649681887	2.20301866307188	2.29900282951698
chr17:4654386-4654887	Basal	1.01419029257969	0.000108601459144245	2.94411083406223	3.34409153947268	3.08729896011083	3.22098987965493	3.22766619849983
chr10:124417439-124417940	Basal	1.01417640188343	0.000600695292149784	4.70802509076997	5.77557159451843	5.56504012370682	5.87646724802802	5.57143587698661
chr2:14297882-14298383	Basal	1.01399625986052	0.0147477265072567	3.25483556256463	4.26010732743403	3.29272133698584	3.29929149572951	3.29472457106935
chr18:4961149-4961650	Basal	1.01388292537285	0.00115224435637569	3.11523484017269	3.51825782236167	3.70166561328627	3.22710849104934	3.11424498323963
chr6:106971659-106972160	Basal	1.01369841170818	0.0199357184258286	3.94015290082466	4.79901152309684	5.2192945919692	3.91235575070632	3.79504762600732
chr19:16887154-16887655	Basal	1.01362299617187	4.26127263964569e-05	4.13469457295987	4.75973336940931	4.30118259360076	4.11714730486337	4.15452114833428
chr12:68749329-68749830	Basal	1.01346614968762	6.05427435131565e-06	3.57419400137038	4.15236957318008	3.38822472496729	3.43155031075812	3.64514100766034
chr7:30280559-30281060	Basal	1.01304126931029	0.00051799059774276	4.25172839781812	4.97278241769819	5.03536148331237	4.2975974423956	4.33420706299208
chr19:36105036-36105537	Basal	1.01288873450571	1.70547032324773e-09	4.04265884200326	4.91378479689295	4.13140337108835	3.85458866322339	4.00242250421054
chr10:84427334-84427835	Basal	1.01267147774302	0.000252622454468345	3.65827936056116	4.61271641625554	3.78096780136945	3.46433196222638	3.33623959898329
chr19:10116542-10117043	Basal	1.01259338228151	2.7588749273679e-11	4.91707018075405	5.85494622092739	5.35238189841215	4.95983055425404	5.04282157018078
chr8:125000034-125000535	Basal	1.01239397271386	0.00446640184741923	4.79410797938321	5.44377891913595	5.27099728889997	4.65919155394781	4.85409508795302
chr10:121591623-121592124	Basal	1.01231485374517	0.00571742712443555	2.99396145479959	3.43182420160708	3.22855693369298	3.29038893789336	3.43373602490195
chr6:73660935-73661436	Basal	1.01230836355047	0.0167302713826577	3.06747781820936	3.84102448397464	2.84129574170659	2.79091781011557	2.85603648525584
chr1:110030405-110030906	Basal	1.01204247168332	4.3255190885571e-06	4.55381320692266	5.31781614611914	4.46507760640054	4.44071404489185	4.43244487883244
chr11:70070058-70070559	Basal	1.01202692820031	0.00148032020307288	3.07819688563811	4.01907116359784	4.01772095656194	3.60367802902932	3.9595561788975
chr19:54438626-54439127	Basal	1.01180074481144	5.08309244290207e-05	3.91857916470905	4.62288238792981	4.02306436903146	3.86722202755974	3.90288351174308
chr8:143735718-143736219	Basal	1.01174457949508	0.000446034983575484	5.28297800655807	6.40462457443402	5.81509432386731	5.53308378535143	5.80745558771298
chr5:136893941-136894442	Basal	1.01173336772888	0.00613848980174438	2.54166178773116	3.06835532801745	2.48267818414613	2.70546646505881	2.33900328109817
chr6:155040133-155040634	Basal	1.01169051594958	0.0161634289196955	2.86299653762501	3.98546647950055	2.43121947677807	2.97974798035005	2.52725127894519
chr14:69661431-69661932	Basal	1.01137654247383	4.1786487628535e-05	4.44311664342009	5.50251441162322	5.53771710050677	5.31002203830187	5.25246062273401
chr6:150854335-150854836	Basal	1.01134767471618	0.000242099211522203	3.58784171879388	4.40568009256529	3.32957270785444	3.18129921585052	2.98936459733719
chr18:27110228-27110729	Basal	1.01134097070335	0.00971974124603898	3.02678218056407	3.87815216657824	4.45447366086522	3.80021752111775	3.69191638370637
chr2:39139490-39139991	Basal	1.01130095205872	0.0176707784450616	3.08793942091034	4.23357051687319	3.85469443350797	3.33155610573212	3.36108327382361
chr19:40966533-40967034	Basal	1.01103669335231	0.00549360744802329	2.73825500284477	3.11540316576404	2.93782968635096	3.16764756471035	3.01502726399966
chr20:50196322-50196823	Basal	1.01083257560454	2.02334275712955e-05	4.4674294052513	5.46810448817395	4.64966216085466	4.82066488592133	4.75232269152493
chr19:13005891-13006392	Basal	1.01047111350369	0.00915483002285176	4.64715917196336	5.7644449962647	6.34507307131361	5.52342425674203	5.3442844257719
chr10:80148326-80148827	Basal	1.01026761588973	2.37337310240353e-05	4.59369103809395	5.32486659985841	5.69365537952716	4.79575483330436	4.76278572401489
chr3:169822001-169822502	Basal	1.00979823929414	0.0359326939558694	3.84819066019715	4.98922998878792	4.30833804258388	3.42097609937659	3.39728631926974
chr1:151650670-151651171	Basal	1.00960036249874	0.0131397857670953	3.01746272082352	3.93660622510638	2.7419926549379	2.91722581269937	2.82583559124474
chr7:152086366-152086867	Basal	1.0095688689849	0.00535533671248995	3.14727326138907	3.72107527473332	3.77256775059406	3.26173742224748	3.32723284218321
chr6:106727434-106727935	Basal	1.00956813955511	0.00879042638009687	3.6152283657238	4.51310293386983	4.23863668913086	3.47567376074477	3.47078647943658
chr7:149145572-149146073	Basal	1.00927479651196	0.00111207698422502	4.95418433581791	5.93149728481978	5.47305785607682	5.1093679774529	5.18086961277355
chr22:35542330-35542831	Basal	1.00901202500473	0.0070396392722296	4.40526473335631	5.63458487863132	4.76476074936115	4.35330118334496	4.21506920517709
chr8:127725003-127725504	Basal	1.00890073175921	0.000187696829809662	3.35604493270473	4.39307621110871	3.36837417795902	3.61520827293101	3.7443717336267
chr8:47993635-47994136	Basal	1.00888216519769	0.0157748500070595	3.56352754658699	4.39781215889779	4.56047043900838	3.80511811330382	4.14343792469017
chr22:40553129-40553630	Basal	1.00854580011957	0.000129244781043746	3.39657207257216	4.13211214112187	3.7550136121114	3.32991440836372	3.35979431474859
chr12:53233565-53234066	Basal	1.0083386588815	0.000221055446546682	5.14540029652294	5.90514539125948	5.06835373249944	5.45802158014851	5.3885875269734
chr3:63913776-63914277	Basal	1.00830614280823	9.36593622284343e-06	4.90311142537034	5.8243796518976	4.92894996917799	5.12678441087099	4.79814055954416
chr8:40355471-40355972	Basal	1.00798207751223	0.0192925542400395	3.11330215015131	3.91916342720231	4.84266483447949	4.4081075906708	4.61133967644279
chr5:36052764-36053265	Basal	1.00773186862427	0.000239402667856741	3.04536441448839	3.41093727988075	2.71603671064075	3.14564063899902	3.11761401407547
chr11:68117009-68117510	Basal	1.00738503840884	0.00201009856926577	4.19359498793792	5.04018646131778	4.34499405834857	4.13423599536738	4.34575758388527
chr7:105301228-105301729	Basal	1.00735655720409	1.91570354907419e-06	3.50949041047121	4.1578057715688	3.95554731194212	3.81970270248025	4.01839985040149
chr1:154992261-154992762	Basal	1.00729953554456	1.30561408253433e-07	4.47474462986021	5.1281816017877	4.7450473572603	4.66233385427601	4.73972725644874
chr19:38144822-38145323	Basal	1.00723801352091	0.00218966658945864	3.44182253505995	4.29897676904219	3.48556673496898	3.2568022786267	3.30027717460404
chr5:17095589-17096090	Basal	1.00638013435034	0.000332643149559333	3.42644238234178	3.84166649325987	3.41301563112835	3.26163877456022	3.42482354374075
chr4:105337894-105338395	Basal	1.00602377519406	0.00120858007056326	2.4204233401095	2.78197267179639	2.00176463357366	2.5642722533538	2.44334282027204
chr8:38708123-38708624	Basal	1.00593314749285	0.00292795024132655	2.86193155363143	3.54844891115536	2.73152270615013	3.49151119032111	2.89752208329159
chr1:116489965-116490466	Basal	1.00588992456331	0.0094131571071539	4.62316260620962	5.48647781551169	4.6732372657466	4.01204612171704	4.07383773697741
chr2:47687882-47688383	Basal	1.00578528121543	0.00341341427923672	2.72125112616158	3.83047175963181	3.01843131374259	2.51769399899369	2.65685581636734
chr1:154999025-154999526	Basal	1.00578046214624	8.34607989039935e-05	6.88235838930473	7.77197442766343	7.11121163892199	7.09820700199938	7.19320401441521
chr7:98024029-98024530	Basal	1.00558855800886	0.000158578592030781	3.43353602535456	4.10962917923207	3.43161673996594	3.50384785348441	3.28529280438973
chr3:42472475-42472976	Basal	1.00489476294746	0.00491446928641223	3.67513698882249	4.76613687827996	5.84488703009824	4.22857463655661	4.39416685422355
chr1:226582894-226583395	Basal	1.00399377974824	0.000256259218633875	3.17727270415405	3.68097741079042	3.01488924301378	3.30048614802134	3.26996132097706
chr6:1612936-1613437	Basal	1.00377272378237	0.00270312067258024	4.09304420042674	5.08509906176776	3.45628022815828	3.80372048965055	3.28458025607666
chr8:127673242-127673743	Basal	1.00373594111778	0.00169390368130547	2.96660963749129	4.0084420790862	3.28408966606869	3.37698748109972	3.27698420068722
chr6:46651686-46652187	Basal	1.00321846586025	0.00922064523087542	4.70041437848269	5.6445175404045	3.38335434450476	4.15870064425194	3.5045881037059
chr19:16654083-16654584	Basal	1.00321684035049	2.7601130062888e-06	4.12875312070122	4.91859364091435	4.165067458221	3.53894527592095	3.80365790377072
chr4:8194615-8195116	Basal	1.00304052911994	0.000250113439698966	4.79440641246842	5.60211451406558	5.51612325624614	5.29786172661478	5.17991758402423
chr2:232624952-232625453	Basal	1.0026793785275	0.00357842908705794	3.39140700525586	4.38028729831717	4.99219272289764	4.46923038478103	4.66720383400551
chr6:111606920-111607421	Basal	1.00250857940582	5.08461749778017e-06	5.09474589881882	5.73858517487786	5.93016147607652	5.10041726197616	5.00841741059151
chr19:17151395-17151896	Basal	1.00241765471001	0.00171076095767093	3.31579512141912	4.29716683319283	3.31643182403071	3.38430663301168	3.32589282160668
chr4:55347807-55348308	Basal	1.00224331607407	0.000268860695785586	4.32597694225302	5.11436882236741	5.14002748934723	4.56706143805281	4.48705918094804
chr8:106655946-106656447	Basal	1.00210553222808	0.000507287680526067	4.16051835407542	4.93504939984796	3.96357065016936	4.27813282613318	4.24021036151428
chr4:55980688-55981189	Basal	1.00192440280409	0.00144221049291598	2.59533471266808	3.02141617884767	2.22545353412244	2.56633684813215	2.44687498254598
chr6:41368207-41368708	Basal	1.0018814766749	1.71082007467008e-08	4.15205479581242	4.84586049905804	4.27329719692185	4.16180576663178	4.1506388212979
chr8:108016119-108016620	Basal	1.00185829060532	0.000385914408332124	2.83363555680557	3.23252803666027	2.837123307842	3.19140202620873	3.04974725176449
chr4:56776910-56777411	Basal	1.00178345371006	0.0234186578949507	2.66683592532427	3.01633549570122	2.13261371749897	2.52245005005176	2.30763885659147
chr16:11794404-11794905	Basal	1.00136975706079	0.000592987023381831	3.98979469170043	4.72718693247115	3.93523508082805	4.2078992296534	3.99095634460695
chr6:6057955-6058456	Basal	1.00099091767263	0.000579663563937912	3.0498887824118	3.45500975159815	3.07745130114915	3.13859042957043	2.89287524719093
chr7:54595465-54595966	Basal	1.00094356171757	0.00314688536860246	2.40117744805981	3.00882315815878	2.05858135926182	2.65147903354586	2.26140502023304
chr1:211832881-211833382	Basal	1.00033830090322	9.71370360483871e-07	3.6965356373312	4.40412401961019	3.86748983795965	3.66051859117748	3.74827366108791
chr8:133535666-133536167	Basal	1.00016869138738	2.425133309367e-05	3.57556625523678	4.499271637806	3.66987910224874	3.7915061249222	3.89195839801057
chr8:124999061-124999562	Basal	1.00006937717185	0.0005561734893248	5.951187595961	6.65628854674934	6.25892017667386	5.90804506272625	5.94413819518116
