peak_id	target_group	log2FoldChange_vs_all_rest	padj_vs_all_rest	mean_log2normcount_all_rest	mean_log2normcount_Basal	mean_log2normcount_Her2	mean_log2normcount_LumA	mean_log2normcount_LumB
chr7:29097056-29097557	Her2	4.273683882317	3.60500249489809e-24	3.37637611273053	3.44289912515918	6.8539127493131	4.64442842278797	4.93738808754717
chr17:29958909-29959410	Her2	4.03011073025029	3.88077848317241e-18	3.31335654895319	4.86190288807783	6.77392877883689	5.18192736212142	4.83478214834596
chr17:49099330-49099831	Her2	3.84552616497038	1.84609811947069e-22	3.11057621731043	2.74529303342197	6.095833498466	4.42364554084158	4.76469007026618
chr17:49365228-49365729	Her2	3.73287487587865	1.08139075598399e-48	3.85262454587723	4.10436837874663	6.22589103222256	4.55001944197611	4.98872206803665
chr17:39735988-39736489	Her2	3.67510835412979	1.62517126204927e-10	5.39007123779443	5.57373171880588	9.16852855850571	6.11062909173051	7.01807252475532
chr17:39948431-39948932	Her2	3.66617324598122	6.43595405503953e-37	4.39668889920801	4.61050272838196	7.02180744480247	4.70418993716588	4.91278084840432
chr17:39722753-39723254	Her2	3.64996764655709	1.98138733485109e-20	4.2840628268244	4.49632734906754	7.47876999349036	4.56783141286233	5.26072303292076
chr7:23742624-23743125	Her2	3.6376148772591	4.38691082781246e-29	2.94514048145956	2.31989132805741	4.29892550986977	3.30678576983886	3.64480194549064
chr3:149284439-149284940	Her2	3.61006681304338	5.23095233591091e-18	3.76052033581027	4.05304696995772	7.19692716001587	4.61977632449418	5.55625988993503
chr5:15342575-15343076	Her2	3.58872263114999	5.32280560098385e-23	2.69531645807324	2.33354662640403	5.74348509138814	3.02241436747433	3.87087617783794
chr20:52564587-52565088	Her2	3.56547056705877	2.03998764213032e-17	3.03840114496957	2.8555724438608	4.99996815017446	4.22895128547398	4.06075112759345
chr1:163626437-163626938	Her2	3.54357063427102	1.32020583729545e-21	2.63655969640915	2.21344316020104	4.73635577607819	3.45340091844129	3.60045166310713
chr19:8814091-8814592	Her2	3.47007857034744	2.22568083052275e-25	2.61713467881297	2.78986699231342	5.81312091473659	3.29666399028972	3.69029304672668
chr17:39943070-39943571	Her2	3.41822450993552	1.36734106928719e-48	4.19428486258775	4.65423480452294	6.76869970006405	4.57773317518753	4.84705355002443
chr6:129854801-129855302	Her2	3.40817619270251	4.28396825694314e-36	2.87377278422584	2.99636369880444	5.26702767547936	3.35405068358407	3.2145644093267
chr3:20870509-20871010	Her2	3.40557263243787	2.63206029677459e-18	3.19276237610169	2.72225381685329	6.4035342088483	4.5891225380827	4.83075501424077
chr7:29482646-29483147	Her2	3.39530358177292	2.55620949315798e-13	3.15499928025654	2.22276606513553	5.54642006925291	5.04083553386401	5.05533114300305
chr8:119434815-119435316	Her2	3.38345705415814	4.08327877878479e-21	2.9641446436981	2.65606012388659	6.01210435363813	3.87704518840008	4.05091516070062
chr8:114614501-114615002	Her2	3.2971571183099	1.08749718495328e-09	3.31777146709324	3.2685304815476	7.11363992381761	4.94222322733711	5.61534367403003
chr17:39702101-39702602	Her2	3.29382073140432	3.5285181318068e-12	4.70568474022874	5.27832582711377	7.92719714450464	5.14955169375201	5.94326828071847
chr17:49393361-49393862	Her2	3.28609108636866	3.29364590281786e-33	4.0399695265216	4.35036768983926	6.06979135922511	4.68618964353465	4.98642531280211
chr17:39933080-39933581	Her2	3.28566341035523	4.0918507993027e-40	3.5886022312807	3.28147719604215	5.80747312066874	3.76072847014218	4.23309841943973
chr12:89241106-89241607	Her2	3.27521075420238	1.19200069739755e-19	3.03830912250009	2.38596868330948	5.62321995492448	3.85182923369886	4.4892419512731
chr17:28541417-28541918	Her2	3.2697986174386	1.63474744829848e-23	4.15817411744626	4.14645290233826	6.56247570446798	5.57629499108984	5.66758353539517
chr12:108262186-108262687	Her2	3.26900147469434	2.06469994176256e-27	2.5969033668577	2.45246480287295	4.66529237194199	2.42438589550412	2.7787830934012
chr17:39934875-39935376	Her2	3.26398789619921	3.00512130639593e-42	4.03317912659284	3.7351001035944	6.41462920036888	4.30020529797109	4.70724751439314
chr12:31190027-31190528	Her2	3.25256849840567	8.33950972797882e-15	2.06032070141713	1.86300720187575	4.83098729965063	3.22162818574178	3.44875210180254
chr11:120657272-120657773	Her2	3.23847153624686	8.8661293508333e-14	3.52881779737606	3.1223116437172	6.45375036208553	5.3194064113654	5.47137958719277
chr8:130221804-130222305	Her2	3.23389303075073	1.12306996987226e-15	3.69070168288745	4.9867463619988	6.92084297804233	4.4327946582504	4.68396021902062
chr10:61828783-61829284	Her2	3.20585795977562	7.03814776186744e-21	3.43849954301149	3.44267684172833	5.61305450501158	3.7951300540877	4.0835997989213
chr10:118381685-118382186	Her2	3.20555773256106	7.40719728242106e-14	2.2109426639865	1.64244279220125	3.70611672198528	2.50717074877842	2.81917962210073
chr10:120348522-120349023	Her2	3.18184068398415	1.07623411707614e-21	2.80087377137327	2.64960183425625	4.26941824901111	3.0076446197647	3.15194597936716
chr17:39735206-39735707	Her2	3.17612728389869	3.89035665272639e-13	4.01629646821345	4.04449912955248	6.88190003744536	4.21418346587719	4.96066792934092
chr17:39722167-39722668	Her2	3.17501368098303	1.74725637915706e-16	4.28019372719178	4.66436139313467	7.04255233491429	4.54335430823181	5.05989240477623
chr10:66320174-66320675	Her2	3.17467296676574	3.90736107101219e-20	2.78859540351918	2.71699335015204	4.7042841182724	3.82469059730356	3.66199370867262
chr6:27241438-27241939	Her2	3.16455737698262	5.01938705368123e-13	3.22999658111317	3.19390003565844	6.64342070707818	3.6397125686749	4.25086568219976
chr22:48220789-48221290	Her2	3.14893104164768	1.27026250368341e-12	2.05658336324055	1.29668897111435	4.69312901717751	2.55241542623769	2.49444556616487
chr17:39721453-39721954	Her2	3.10733637264644	2.08457364598155e-16	4.05965474787959	4.27781211012175	6.79849206776116	4.35147148955507	4.79560464212891
chr10:13399693-13400194	Her2	3.10706012737184	3.50539274551323e-06	3.3500957652596	4.14646340247229	7.22739216594888	5.40346346604257	5.35645197812759
chr12:54609993-54610494	Her2	3.10422968330076	8.46836112308563e-15	3.24635830169456	5.03007061227357	6.30790083384382	4.61025342695114	4.36744935247337
chr17:56170046-56170547	Her2	3.10338754914357	5.94227464913448e-11	3.00210479446407	3.12784485235589	5.79116984417234	4.49518277498145	4.45133708441312
chr2:38152953-38153454	Her2	3.10171449659483	4.76714292295793e-11	3.4575214249434	3.23883361033348	6.68497328514855	4.85690522343195	5.39181638449196
chr17:39945226-39945727	Her2	3.10046116290216	6.03053868465274e-46	3.87281492518991	4.0635924750689	6.15812910222172	4.01447453103238	4.42772529963499
chr10:120203811-120204312	Her2	3.10022194086121	2.63923553771484e-19	2.7789905374239	2.05035171487155	5.14305863119722	3.24487845216361	3.30552466375019
chr17:51608736-51609237	Her2	3.09834630482567	8.92795024768797e-10	3.14948756467001	2.57101348228266	6.3826717393335	5.33885959610244	5.60963564425733
chr1:30486857-30487358	Her2	3.09414579480401	7.46909065615101e-12	2.540074018467	2.26648472099417	5.48959728553332	4.32708811043012	4.47149485371304
chr13:32561504-32562005	Her2	3.09364974353747	3.88807518356685e-21	2.69114422335708	2.38286872336333	4.45964471393296	3.43486089961198	3.37087980273686
chr16:48733358-48733859	Her2	3.08974642417309	6.16770711835195e-19	2.60494513420181	2.39902565193149	4.61586989710035	3.11308429255192	3.77941235068057
chr10:22115079-22115580	Her2	3.08375964198713	1.13968248690211e-10	2.26502096120418	2.44140483564574	5.12171945093644	3.99334953505605	4.21354898263443
chr5:7660843-7661344	Her2	3.08346994148896	1.91499347723274e-11	2.94219374195198	3.23013526692558	5.97256292648137	4.42195482362555	4.79300988296543
chr14:36748468-36748969	Her2	3.08170994934962	1.09208551586878e-12	3.15303145386254	2.83209552117197	6.21614454608042	4.46242043111099	4.83774111722453
chr4:96773890-96774391	Her2	3.07352873123391	6.57292226682895e-17	3.01464366396475	2.12249864575782	5.74455951847969	4.19909548539466	4.40911087778329
chr17:39946047-39946548	Her2	3.06836749578661	2.94249694058236e-44	4.06709901956793	4.14791520735321	6.2536811585815	4.21061251479472	4.65502066021746
chr17:39725645-39726146	Her2	3.04497385346521	2.12481622109543e-14	4.77716261673045	4.97714092651305	7.51960197880807	4.99241142884306	5.58237626274409
chr17:39728752-39729253	Her2	3.03577138932318	3.48879137392186e-12	5.10343345644004	5.65809375125884	7.94633607828573	5.37373624913546	5.91012231500183
chr2:31514907-31515408	Her2	3.02428302063148	2.63009725614764e-14	3.18757950608088	3.3291805297936	6.06076820803797	4.72384205525857	5.03773712180007
chr1:164245466-164245967	Her2	3.02404412373423	1.84269506357049e-11	2.70379991373884	3.1051336389059	5.32111286095919	4.5590182677163	4.54403881255886
chr6:122697608-122698109	Her2	3.02273568846611	1.76999759234455e-19	3.21514336830372	3.35405426559844	5.98779059634464	4.07040467853895	4.28565948122526
chr17:39533059-39533560	Her2	3.01991610620755	1.65361978106939e-10	3.340570786653	3.53593648560904	5.59609119308698	4.16843668235027	4.68553526332235
chr15:40714186-40714687	Her2	3.01457935301994	7.54045847563146e-16	2.58886964973341	2.16181039066841	3.88880868543427	3.64465647501001	4.10608533824622
chr1:36770375-36770876	Her2	3.00677416176761	1.66423574660131e-12	2.89258608843805	3.34799124631597	5.5706746873878	3.92731724575221	3.94316827511929
chr3:104612617-104613118	Her2	3.00389584223298	1.62091484093347e-10	3.24770771189514	3.20749870910384	6.34098120263967	5.16118087342659	4.96276051765879
chr9:118447937-118448438	Her2	2.99831516988465	7.03814776186744e-21	2.65497147248684	2.05695706531479	4.25977239281184	3.21863056566333	2.8552974748931
chr7:9030802-9031303	Her2	2.99789425320077	4.92922758454906e-12	2.95838722708576	2.47983163009824	5.36927295238999	4.2625913846765	4.1852219509749
chr10:120997255-120997756	Her2	2.99696341770723	1.66538809009494e-15	3.90586094930646	4.25393314251732	5.5639152843465	4.79079847859756	4.75912804141034
chr10:120095877-120096378	Her2	2.9944984032657	4.26069156651043e-08	2.70140636122991	1.89821681609843	5.08927251516506	3.7484028233427	3.4833170881685
chr12:107764134-107764635	Her2	2.99058099657937	3.51351209104393e-10	3.68252321767312	3.13923377689584	7.16878319427405	5.8976684677577	6.33552529602154
chr1:211499104-211499605	Her2	2.98794667320074	1.07167074458041e-18	3.62341270426961	3.92116421592205	6.61934008928339	4.7861841218133	4.97314547649712
chr17:39932397-39932898	Her2	2.98626712434581	1.26757255855503e-45	3.5899264818726	3.57364504792963	5.88509073704755	3.68821650763581	4.16662254772215
chr2:31561005-31561506	Her2	2.98213855651032	6.26758739955627e-08	3.08020960865016	3.10685083809945	6.34522277136618	4.93687657894075	5.38039257978964
chr17:39947695-39948196	Her2	2.97768048935069	7.83272976583732e-41	4.24829483785582	4.3042179104701	6.39302631660654	4.4106235789664	4.90709373583099
chr12:31112718-31113219	Her2	2.97433531793227	1.66939729024726e-10	2.2965998032545	3.00706430458575	5.09956129135931	3.37834592614184	3.22945394797152
chr8:116927930-116928431	Her2	2.97331350191636	1.15852492971934e-06	3.68989566927358	5.83113502554672	7.63383433211517	5.94553120201179	6.62912789130597
chr17:49100436-49100937	Her2	2.96423537154804	2.25049750897377e-17	3.60074667024804	3.21712490758827	5.89837701662358	4.50196861803119	4.56622162568389
chr17:39729460-39729961	Her2	2.95900505223328	3.87295586257043e-11	5.81667890372792	6.23839685826517	8.54600040885501	6.06165905952807	6.48127351678073
chr6:11395392-11395893	Her2	2.95410217500164	7.52008179715919e-17	3.54996342240084	3.36133159734146	5.53762068874758	4.59834143537907	4.69529600705245
chr17:39731720-39732221	Her2	2.95035427684936	2.89644721342847e-13	4.53156418467595	4.77509024429552	7.12609010745601	4.65955765080224	5.30104094778751
chr17:39727712-39728213	Her2	2.95000961848612	1.34673429249643e-12	5.14143977383601	5.69036150737419	7.86997199595817	5.46979959586028	5.85699096094531
chr9:37498675-37499176	Her2	2.94885683165667	1.80744139987288e-30	3.41439234299589	3.64944264260189	6.10976683401194	4.23399298583464	4.50424403809558
chr10:93722491-93722992	Her2	2.94802509163805	1.18982259020603e-18	2.93313794619652	2.90464798859868	5.80691425814396	4.32430623062941	4.23664366380864
chr10:62107075-62107576	Her2	2.94739814511598	8.45865935026704e-16	3.71398496734138	3.75451065991923	6.05110233599825	4.71464424360937	4.9496141085289
chr2:7611684-7612185	Her2	2.94349455365402	5.95492819485686e-20	3.04517147775015	3.22855273229734	5.87593439328341	4.15284427616832	4.36261955166017
chr1:239169178-239169679	Her2	2.94333611461475	7.72761823060409e-11	2.80083734201248	3.51554754394617	5.4453354304388	3.23930414766354	3.21250276975312
chr17:39720823-39721324	Her2	2.94254561585873	5.92807375040563e-14	4.31133226023646	4.52468424654698	6.95729991334863	4.49195349691896	5.06934552971713
chr20:2605159-2605660	Her2	2.94061632947171	3.23563960453505e-14	2.99824623206218	3.67821687779838	6.11991443707569	4.12446567551653	3.99921274522405
chr11:20487037-20487538	Her2	2.93402779511438	2.4945044100402e-20	3.05334670262424	3.02947660622344	5.92218349924669	4.12365252550619	4.48021480254235
chr10:83225763-83226264	Her2	2.92704889959577	1.37552835788849e-10	3.16477702544016	3.12544615588929	5.98792623933728	4.34411568412332	4.76540881684066
chr17:39139749-39140250	Her2	2.92701453539921	1.77238131857233e-16	3.90659568327672	4.19588693252838	5.33007742683547	4.55774238455532	4.81147578585207
chr17:39949775-39950276	Her2	2.92379094649278	1.91251588337742e-41	4.50170543715676	4.67528590439498	6.77575336465638	4.67079311446926	4.97673238735711
chr6:150342021-150342522	Her2	2.92368293879021	1.63118742480806e-11	2.9936320079284	3.84442562700599	5.95631915214291	3.92596615884738	4.86998882089748
chr17:39673396-39673897	Her2	2.92294966584072	1.79829621905301e-14	4.97558437353263	4.94959553533467	7.60760664825369	5.04683845047505	5.65928628033771
chr10:120995422-120995923	Her2	2.92189760104457	2.12492329579025e-16	2.83459717648343	2.54729230746923	3.96758116063837	3.08037724981857	3.07891474412161
chr2:64980515-64981016	Her2	2.91831057571706	3.93088298848552e-16	3.48538515576937	3.32766528433371	6.44805177435802	5.12202903702327	5.2931809677169
chr17:39925689-39926190	Her2	2.9050190491114	8.09750984899287e-31	4.91409194285106	4.78084056998191	7.18295074139785	5.01922313453523	5.34602727214656
chr17:39731112-39731613	Her2	2.90359806281812	1.1402284152926e-12	4.959042616544	5.3293282275571	7.53498844561598	5.12483075121183	5.69154837581468
chr17:39220616-39221117	Her2	2.8991883660121	3.50047503135243e-13	2.89245909224435	4.22806568324543	3.73983508242911	3.23084902412497	3.33355885146908
chr17:39726724-39727225	Her2	2.89855304511993	9.50963267534916e-13	5.16366231052313	5.48923353029045	7.78954033916133	5.26996425105735	5.89894892870359
chr7:135520658-135521159	Her2	2.89616014938446	2.56475721249553e-10	3.15191167817929	3.27217544183763	6.20192294979552	4.64927234382783	5.38932817122277
chr16:55463869-55464370	Her2	2.89495704203939	9.44663050797408e-27	3.51660129087033	3.3394470442448	5.52549906355371	3.76646524434635	4.27901798522559
chr10:37197044-37197545	Her2	2.89418974005323	0.00010083562632426	2.33609842172562	1.85540047141915	5.59755697638685	5.50331989849719	5.4688143434502
chr11:45709732-45710233	Her2	2.89245053268312	1.74931132810785e-14	2.61310476266481	2.61252124652924	4.54415914996412	3.3835951461432	3.28110636982815
chr6:106955594-106956095	Her2	2.88933842936463	2.94667469926861e-10	2.68277322337808	2.7926199565813	4.18342757376156	3.10108154920071	3.31281442958922
chr6:141496448-141496949	Her2	2.88620309457552	6.89313630665917e-16	2.98676349498447	3.18402703172148	5.78230305251617	4.0973415962903	3.95077450444288
chr10:118970012-118970513	Her2	2.88292143902365	1.80846092965439e-13	3.3367825734939	4.00683715361083	6.04014910843911	4.9525798117572	5.03671377404033
chr17:39669391-39669892	Her2	2.88262853753411	1.22177773086766e-13	4.80434425258307	4.83511323315653	7.34183390861132	4.68302284520252	5.29392616572398
chr1:57043910-57044411	Her2	2.87706098893411	1.98335914562147e-13	3.08985455836232	3.02199262480283	4.98793105569289	4.48337537412581	4.39134012136165
chr17:39847372-39847873	Her2	2.87577456792745	7.43611708070139e-14	2.93473511397498	3.39151970345028	5.04378012937193	2.71710326640165	3.10089055442621
chr12:107765337-107765838	Her2	2.87407396114917	1.1286221533048e-07	3.35035102079354	2.62157913294419	6.8258334659492	5.61494073773009	6.1272811412239
chr17:39941402-39941903	Her2	2.86221447966214	4.58650136003632e-42	3.846530487882	3.88151902108481	5.89996760683181	3.96094285160077	4.42379759611838
chr7:136150249-136150750	Her2	2.86218209567609	3.90069332003187e-10	2.95711485187205	2.96548574141443	5.97485357499937	3.6747384307731	3.48633582593537
chr8:124171978-124172479	Her2	2.86065950122432	1.25894382841403e-10	3.0494310557571	3.49277249061472	5.58635808658717	4.34528466001265	4.71126801398606
chr7:148390324-148390825	Her2	2.85930520868035	9.94224410668798e-10	3.1008987446936	2.63145032822617	6.07347797966098	4.48739886537892	4.83215265300333
chr7:23599150-23599651	Her2	2.85897403079352	9.01700446685656e-33	3.79392607337979	4.32149626786996	4.9720243417987	4.25874263500404	4.24261584022695
chr10:76927111-76927612	Her2	2.85333508282975	1.56368148975028e-09	2.49231771975656	2.03376325135578	4.91109238753686	4.17013594171402	4.45835733867407
chr8:93051030-93051531	Her2	2.84826698143543	3.19352744440068e-17	3.18519914276558	2.93735028695758	4.88030857777124	3.80062111588792	3.98834738619846
chr17:39559470-39559971	Her2	2.84730907620525	6.62044437441745e-22	3.18991529160804	3.17206501958202	4.85735981517503	3.2474567192066	3.57564889141617
chr1:20459090-20459591	Her2	2.84699120691405	6.40433197096208e-15	2.96640471384492	2.86620179254564	5.42450647175219	4.32550091071558	4.08632625194806
chr16:27128430-27128931	Her2	2.84427678485296	1.32557125371535e-15	2.68236669739346	2.57966454686638	4.37083120915628	3.26747343010813	3.78076036626034
chr2:136669407-136669908	Her2	2.8411963087703	7.11008274312068e-10	2.97660300991628	2.58038339916692	5.67448446770933	4.69528316291753	4.27265458907324
chr17:39671179-39671680	Her2	2.83898608427529	1.63014537012541e-12	4.58566471347094	4.39372769231229	7.15052384847997	4.71718063680904	5.17951259285766
chr17:39734466-39734967	Her2	2.83681348175666	4.75411884432724e-12	3.62330536302988	3.61694518112253	6.1847197354681	3.78369596259905	4.4628378895372
chr17:39817780-39818281	Her2	2.82882760921266	1.45721099481785e-22	3.562093844254	3.5996546535519	5.79658578395806	3.61534925673422	4.34168866419526
chr10:110435166-110435667	Her2	2.82371117705121	3.37477846846242e-12	3.3173587386722	3.16052937527721	5.87713028381366	5.07211433014242	5.58603556680217
chr17:39712733-39713234	Her2	2.82009611445735	1.73795562377192e-12	3.7036019750022	3.85675939417201	6.26437412994592	3.69059316354053	4.28913228312782
chr17:48520748-48521249	Her2	2.81420327092913	1.31761607650458e-12	3.25220810366201	2.66655985651288	5.73945456136747	4.71389636432959	4.66978512119061
chr17:48759249-48759750	Her2	2.80839284912007	1.00579887630043e-06	3.28847800097075	2.64753409421219	5.73247557019781	5.30214580653218	5.18018692015197
chr14:34259943-34260444	Her2	2.80758469815162	7.86370219318058e-19	2.82117209427598	2.30072461088347	4.01424465732979	3.3441650324996	3.36626954914531
chr3:195605822-195606323	Her2	2.80049945344128	1.97653060549759e-15	2.50483478916602	2.40099415003624	4.29629074756007	3.4409125970842	3.64644873779741
chr17:39248869-39249370	Her2	2.79763270609304	8.9195417942371e-20	4.00922587800722	4.29648062397477	5.10861290063433	3.9169542178042	4.35052360646857
chr10:99443378-99443879	Her2	2.79555534158535	5.58172010656025e-12	3.08340793978602	3.40182067180245	5.51367428887062	4.47808230239762	4.64989621032183
chr17:39732814-39733315	Her2	2.79072758613637	2.13954027513598e-12	3.85277279190075	3.8162292932932	6.22824779738761	3.93979575418018	4.53381401279088
chr17:39940811-39941312	Her2	2.78836751213173	1.46666745591377e-42	3.59385949692472	3.64530023831636	5.61924474227641	3.86783431956657	4.08326270023657
chr20:45539277-45539778	Her2	2.78108969307662	6.4307035398488e-20	3.20010128960213	3.17837497947998	5.19527749512265	4.0179589448124	3.9756707727747
chr17:39951573-39952074	Her2	2.77723141733432	1.62751964898536e-38	5.14848002093685	5.13751731468581	7.33049656127624	5.15450226444689	5.5864025251901
chr17:39707453-39707954	Her2	2.77608443580382	1.74491923879658e-09	4.25635420382923	4.73985245859117	6.8843611443279	4.44817464384959	5.03491452084514
chr2:140624061-140624562	Her2	2.77500578866631	9.22567726121453e-14	2.84398001665052	2.03042658356014	5.21634305776351	3.67101280963801	3.91808699278244
chr11:67670662-67671163	Her2	2.7730797504215	1.44610538108798e-13	4.20983037754161	4.995525987363	6.79513468119343	5.3711700139897	5.70456473039201
chr17:39950334-39950835	Her2	2.76662322716722	4.11722991588282e-40	5.09288051418244	5.07424589964637	7.23549185507377	5.22334383372179	5.54573313189793
chr6:107177578-107178079	Her2	2.76575992752581	2.74104785655005e-08	2.49846061872544	2.24800081083896	4.6324566962417	2.75930858619283	3.62391753193586
chr6:10127125-10127626	Her2	2.76541151108067	8.36898256262912e-16	3.08559270193213	2.92629458377942	5.35233139033533	4.03789339530774	4.19458381435978
chr12:33154060-33154561	Her2	2.76531803594947	3.12572507092885e-09	2.35780110516589	1.55609506086391	4.58255998126998	3.84319672920457	3.37310786507147
chr1:56054026-56054527	Her2	2.7636564642715	1.84967470790608e-21	2.63348522006236	2.47912915737585	4.3276309181339	2.85349096545155	2.67407211337035
chr8:98690679-98691180	Her2	2.76343131967146	2.39534618182367e-08	3.73317859838643	3.58273895666265	6.89845723652615	5.67896393260513	6.37185666110123
chr1:202601132-202601633	Her2	2.76161339400453	1.39781968827031e-13	3.74484871979096	4.32785356642514	5.96900887530474	4.45973707656025	4.89755804868045
chr9:126667183-126667684	Her2	2.75770254560524	5.38647523885053e-09	3.97340433449031	4.55391359226104	6.89250525875806	5.96327163376411	6.26663920388642
chr10:116135144-116135645	Her2	2.75518390571754	1.28842419648574e-05	2.66131321103774	2.50404984658572	3.8217461555698	5.10770215308444	5.43080621900018
chr8:73191756-73192257	Her2	2.75392894821512	1.54124910076921e-15	3.59392494757514	3.47068643690306	6.31687097340922	5.09079082616926	4.82883608010356
chr17:39710387-39710888	Her2	2.749523593257	4.66592344941086e-12	4.04300117438511	4.21005403551548	6.45269710925545	4.28221204147489	4.72054442942314
chr12:28455197-28455698	Her2	2.74832548931857	1.11566784456271e-07	2.57480168221137	2.63608714298409	5.25311560137984	4.42487938420725	4.47239210425145
chr6:119491028-119491529	Her2	2.74824949727855	1.26069917287741e-14	2.84482558484901	2.43915886006955	5.23993974620205	3.95987378802203	3.7043672479497
chr17:39931845-39932346	Her2	2.7477233529136	1.45742328116943e-38	3.63566203456815	3.58505033101419	5.71128893842597	3.45705837746779	4.0383495468145
chr6:145187499-145188000	Her2	2.74545404693599	2.70008082219925e-07	3.33908959649024	3.11047846476609	6.49152499136336	5.3451583440745	5.92614876775335
chr2:230105620-230106121	Her2	2.74507972627945	2.10419067513703e-09	2.56094412020116	2.59783584620279	5.46553189122101	3.46971434880677	4.19102914026347
chr3:38088118-38088619	Her2	2.74451636477159	7.83616558335161e-15	3.09330351800066	4.34842705470352	5.32306092054965	4.08751767525149	4.08887198794498
chr7:134829640-134830141	Her2	2.73914582374498	1.09443217446428e-17	2.87218129466656	3.22850769955821	4.53927623115464	3.44783381149211	3.14139114937493
chr2:218146273-218146774	Her2	2.73810126046857	3.85553256633792e-15	2.66704477195185	3.59233969019513	4.73062123535875	3.889111487387	3.91595758420318
chr8:79912602-79913103	Her2	2.7361657978347	1.15699480273682e-09	3.45099806413491	4.42322939716275	6.00264309592014	4.5447188164211	5.24788147776385
chr1:36764803-36765304	Her2	2.73487225948488	4.68353277084182e-11	3.18764370013825	3.45558852610677	5.5209644765994	4.76524677505074	4.68272369322391
chr10:1488089-1488590	Her2	2.73267305809369	7.66291002734517e-15	2.67140799989439	2.55591339186638	5.13722702593051	3.58018411677266	3.74586204961573
chr15:49098527-49099028	Her2	2.73222077533572	1.35334153174946e-08	2.51689924981732	2.49423036400789	5.08917584239628	4.66700431180778	4.83173803234309
chr10:82029810-82030311	Her2	2.73094135179117	2.40118091295527e-15	2.52023498951829	2.80439774903504	4.00455787369927	2.7772258945593	2.51808509177318
chr14:52373370-52373871	Her2	2.72779848132664	2.99861861939493e-05	2.45887798479877	2.213192774672	4.78002784653793	4.83939859374156	5.44681936895674
chr17:39711921-39712422	Her2	2.72761814845876	2.07521383029014e-12	4.36141980912107	4.5570315855041	6.84387202844482	4.41589129689194	5.07756414569327
chr8:117145635-117146136	Her2	2.724868282074	5.73118050648979e-09	2.73443586372699	4.05357676586416	5.60309662064262	4.23724810779504	4.2973913635144
chr2:79272910-79273411	Her2	2.7247659329214	9.22737193630523e-10	2.44891359542679	2.03977287537676	3.75663381437782	2.7993397472964	3.02570245598548
chr12:54682377-54682878	Her2	2.72469364290217	3.55315911570671e-10	3.17517675372055	4.2249257710494	5.40418529770007	4.50671993245138	4.32818485740343
chr17:39713728-39714229	Her2	2.72330543751609	4.76621824759163e-12	3.96421364243538	4.36518066872538	6.40135141928778	4.11185172033478	4.54608228820001
chr17:39715054-39715555	Her2	2.72257112067528	1.60055516296806e-11	4.2900763397246	5.229762471998	6.83694278947078	4.33146989899703	4.88005716543851
chr17:39669993-39670494	Her2	2.72012394566509	3.97271109220147e-12	4.90415419684018	4.79296791129746	7.39873767546141	4.85677353839901	5.57536733984116
chr17:39670511-39671012	Her2	2.71993818216517	1.1210523280178e-11	4.6757033040796	4.61544883351518	7.18344452659681	4.59549963281419	5.17566965675778
chr17:39565559-39566060	Her2	2.71913494298951	1.38892404373995e-20	3.40339200901785	3.55551766448086	5.06257664701601	3.41883026993787	3.84412148940056
chr17:39566305-39566806	Her2	2.71889385590012	2.84775012518298e-21	3.76159524310704	3.8106146232006	5.44498048074868	3.74235404963083	4.22536284527306
chr17:39955620-39956121	Her2	2.71779137213243	9.96347048259736e-40	4.46027330305287	4.14300223399304	6.51992421802524	4.3977148853248	4.86989780726195
chr17:49091859-49092360	Her2	2.71271348141082	2.85293841012072e-22	3.20641701604328	3.4400310553758	5.25363503312925	3.84095418788776	3.9173359269267
chr5:24735235-24735736	Her2	2.71170044631844	1.35054562007064e-12	3.01775605197434	2.81959420222032	5.18383612846395	3.41132517671792	3.90331101203199
chr21:38071288-38071789	Her2	2.71006572271437	3.50348291360187e-10	2.73989294970253	2.5727970869246	5.5773143495042	4.21311938556072	4.37320561126677
chr17:39733799-39734300	Her2	2.70856438349753	1.26384819483175e-11	4.17677554542879	4.18340239104456	6.51950022096618	4.29983999006965	4.88910707418906
chr10:9964748-9965249	Her2	2.70784649495632	1.12282193313886e-11	2.81856573756543	2.76033319104092	5.06087310122254	4.12930385347188	3.91427862811735
chr13:71682875-71683376	Her2	2.70683127140311	2.78585322477744e-07	2.71064800757428	1.92722391350939	5.14989236918964	4.58973910434463	4.98444655881874
chr17:36919934-36920435	Her2	2.70511826484261	1.04566889746709e-07	4.18248143241736	5.73690240741223	6.50960733780185	5.11538587379055	5.77335548422471
chr16:13875667-13876168	Her2	2.70480523347584	1.36022329741917e-20	2.97703226441771	2.97703178108465	4.70925204886233	3.47809004458741	3.49904779693038
chr8:62613060-62613561	Her2	2.70213342040028	3.07610953055078e-08	2.79853254948304	2.50510759969872	5.12200674930688	4.46515650438628	4.13575349124936
chr3:149288538-149289039	Her2	2.70182630446376	6.56767504386558e-19	3.56550017870088	3.69864264222008	5.68768039691356	4.17247053193624	4.61841650462295
chr5:170133588-170134089	Her2	2.70098670896916	2.23141235484006e-13	2.76585484324525	2.83483712560215	5.32947639914942	4.23359798815851	4.28895224571397
chr17:39566830-39567331	Her2	2.70008743789937	3.66691227817539e-21	3.6031024385874	3.51206162252081	5.35370798798944	3.58484406621186	4.06605528426725
chr17:29672997-29673498	Her2	2.69841079301563	8.39197834271919e-24	3.3896796396054	3.11156365480111	5.21836124490927	4.12618786444588	4.02797410300492
chr1:56075297-56075798	Her2	2.697620029128	2.17554315998051e-18	3.03246145846916	3.6017604504273	4.97145475016734	3.4509140835498	3.48895346638257
chr1:119428038-119428539	Her2	2.69635649845622	2.45056551260097e-16	2.83384048869445	2.66042161462889	4.93356611838694	3.12381119433767	3.26517892183927
chr1:143635154-143635655	Her2	2.6959998013998	3.2317438600748e-13	2.93881072131164	2.47689641925875	4.25545587012932	3.30700604647044	3.57957287872699
chr3:131713386-131713887	Her2	2.69102669757757	4.30646495517029e-12	2.87665634851906	2.1208561874499	5.52503576307388	3.43270771854832	4.18899833791327
chr4:97117134-97117635	Her2	2.69101596967739	6.17135301075799e-07	2.18013005966261	1.66142131448153	4.01533703927933	3.83394958984827	4.37372373217414
chr12:107764638-107765139	Her2	2.68809633744238	4.69243506709684e-12	3.95523461224814	3.29923183688601	6.91121491428622	5.65570052819661	6.0914683494067
chr17:39896033-39896534	Her2	2.68807572740132	1.54406840447215e-17	3.22624835727372	3.65426699084793	5.11348734753238	3.28388883195528	3.585934352163
chr3:193384888-193385389	Her2	2.68770684980108	1.51500014404535e-14	2.75667525066977	3.97328419898626	5.27496757420695	3.24681544855921	3.40483680689052
chr15:36420785-36421286	Her2	2.68188570206275	1.68272069254354e-09	2.11643432864956	1.90463217701003	3.53735916099001	2.82390443385467	2.64514799432274
chr3:129512046-129512547	Her2	2.6814860329895	1.4369020097629e-10	3.55087780044664	4.43694471379322	6.12655257296514	5.37566955473971	5.65004758426508
chr4:124325596-124326097	Her2	2.68105663738518	1.25454133375313e-21	3.25862525530613	2.7297067833268	5.15006764774815	4.15545344639554	4.05938830216175
chr1:75581684-75582185	Her2	2.68077079143446	6.7133674002109e-17	3.16720552182908	3.35282277185887	5.40186414781941	3.93823791543983	3.82691405562123
chr17:39954716-39955217	Her2	2.67983057448558	3.16792012674824e-38	4.85769719440826	4.59834236506284	6.90890091163937	4.97820018749383	5.28482229869851
chr17:40009809-40010310	Her2	2.67780180085777	7.08856624984822e-24	3.59234365476269	4.48405619675425	5.47567429719648	3.67938660582209	3.83438067428665
chr17:39561596-39562097	Her2	2.67546826639809	2.41827540212324e-20	3.44697143245207	3.25679641000467	5.15590783488285	3.41690516054105	3.90190368829715
chr17:39564779-39565280	Her2	2.67524953526737	2.13398366018993e-17	3.41095337364551	3.29666247599789	5.00435082188669	3.48697528612754	3.90110020366487
chr15:76313793-76314294	Her2	2.67519845337816	4.0534237342493e-12	4.33390995018682	4.10981953732634	7.1576699368817	5.32615545920988	5.55089584946992
chr17:39958065-39958566	Her2	2.67458058306762	2.94249694058236e-44	4.42780651725132	4.20769922605983	6.47489823198854	4.52362075215333	4.9264931206034
chr17:39957029-39957530	Her2	2.67440948838032	1.78727855745001e-38	4.26047648254219	4.08303862421823	6.2803303387361	4.3657459925773	4.73892315855682
chr14:43035650-43036151	Her2	2.67433285477636	8.84805151878224e-10	2.24841281504678	1.40474450817588	4.54927277364553	3.54699889572759	4.03620978604958
chr9:109753277-109753778	Her2	2.67161009924225	2.29454855228361e-15	2.66334883018997	4.04322356807266	4.79892718591093	3.21700096551196	3.00017683629767
chr1:163766958-163767459	Her2	2.67049794235155	2.49711634442308e-07	3.31138624117357	3.08813311319637	5.6053275198012	5.62660164048051	5.7253500905024
chr14:40367674-40368175	Her2	2.66955983635703	9.58781583042751e-13	2.54884867340952	1.96719162772144	4.95242393469302	3.93318012008009	3.90577740766038
chr10:83692052-83692553	Her2	2.66831334950594	5.6240965184402e-11	3.07942790307137	2.4131051179133	5.26678088177906	4.65830241192048	4.80770810814144
chr3:14822287-14822788	Her2	2.65566615068105	4.63881600280197e-06	3.15698617730833	3.82260530904391	6.53918254694852	5.11256078613435	5.16543703236428
chr17:39896621-39897122	Her2	2.6545865118895	3.37051088409853e-23	3.35729671414802	3.59187667511117	5.25984148744247	3.38400227036551	3.59559270948007
chr19:51807826-51808327	Her2	2.65275918611224	9.3863970314277e-17	3.3947924671397	3.17834036635879	5.92334554304084	4.05025819418185	4.11164920940304
chr1:36750727-36751228	Her2	2.64745097154159	2.12562753789485e-07	2.90875518168867	2.85092360798424	5.52322078112659	4.89603230449679	4.95617294208558
chr12:110948007-110948508	Her2	2.64623812392981	1.08480760687326e-11	2.45923801459727	2.12775873470847	4.40828373136042	2.83536965272254	3.44125299348218
chr3:24073777-24074278	Her2	2.64552932826323	3.97172598752738e-08	2.39758033843775	1.5573297570716	5.04055099893309	3.44653952771031	3.64648402208813
chr14:100768814-100769315	Her2	2.64165457169834	4.68997325157846e-12	3.18953170446981	2.60225890608859	5.65410941557265	3.70478625728691	4.15802793508286
chr17:39956337-39956838	Her2	2.64139156493888	2.62183470216841e-37	4.00283514738657	3.73993843791676	6.05436826752055	3.99395263494969	4.4827945840909
chr17:31635077-31635578	Her2	2.63921028502437	6.68688261960731e-13	2.52941949487266	2.43898008421005	4.67144957153068	3.83762643269777	4.06991423980058
chr22:48169068-48169569	Her2	2.63600529079822	1.48752853912754e-08	2.99083272155492	2.17420731900827	5.67681947380961	4.05439229681096	4.27152207506497
chr5:21015795-21016296	Her2	2.63585609269694	7.11460531500141e-14	3.13126851587298	3.34971389000485	5.72654835832694	4.18254373419663	4.44139487924506
chr22:24123573-24124074	Her2	2.63583091790047	2.62469306458909e-26	3.53035512155953	3.4482697307795	5.62575704721536	4.49410870380324	4.13532284467345
chr5:2696077-2696578	Her2	2.63571426589564	2.8956273855089e-07	3.27773738934785	2.70538305281296	6.32043683476305	6.03303362527617	5.65173452377697
chr17:39720276-39720777	Her2	2.63511534275737	4.65382240151219e-10	4.60712557903969	4.70731762173383	7.06106420179961	4.80627622541889	5.14292102957498
chr17:39954121-39954622	Her2	2.63247478799577	6.26805544399165e-36	5.06691815909444	4.87235863847827	7.14725449395963	5.10803133610166	5.55712844153403
chr17:39897134-39897635	Her2	2.6302531105246	3.48619937389811e-23	3.14983878477184	3.20357791218243	5.1922508905043	3.24735150524182	3.48208140172138
chr6:148257770-148258271	Her2	2.63019922536659	5.04795772812008e-05	3.16045312366387	3.14468663149915	5.43873579671045	5.32862759551042	5.43857000829642
chr7:22362553-22363054	Her2	2.6267740463556	3.85845411077414e-26	3.52731285371957	3.51371215875802	5.11210366012877	4.13888355380481	4.38486032150536
chr7:74154572-74155073	Her2	2.62644586471226	1.28283388214985e-10	2.63412099437841	3.41096447062979	4.83458121019601	2.94168031548366	3.49180255519385
chr13:100086037-100086538	Her2	2.62559415352604	9.37988751034931e-09	3.84480515779572	6.10393000272033	6.82799660426373	4.50202792630368	4.49922475778134
chr15:79203891-79204392	Her2	2.62249322019237	1.24648094503991e-08	2.519626132608	2.52144726780948	5.22044820197363	4.52644631079392	4.36751333179405
chr2:74349835-74350336	Her2	2.62181837140034	7.98628767712738e-16	3.53295208438533	4.4974472820118	5.92771401254598	4.20577785236881	4.45835173142113
chr6:122694673-122695174	Her2	2.61992557295109	1.28352394794172e-13	2.83640116957612	3.44589595227987	5.34945145072083	3.75050143714675	3.96669519475171
chr2:211833246-211833747	Her2	2.61929118938152	3.8617871273195e-07	2.94548644330978	2.18469280555166	5.69357418099793	5.07891359864239	5.11045379105229
chr19:6019604-6020105	Her2	2.61862455683277	4.51032337803262e-16	3.86004579440964	3.67710949578473	5.45774142827034	4.78420334065994	5.22599518362416
chr3:31445660-31446161	Her2	2.61750631667871	8.41204597882249e-09	3.18342798923197	4.87742265590648	6.00204136853605	4.444328625967	4.74884602320046
chr17:27792011-27792512	Her2	2.61736351879136	3.96567140577209e-19	3.19172915992475	2.4962383528228	4.9648811953771	4.2197063483582	3.88514632556438
chr15:35937361-35937862	Her2	2.61732120415994	1.60464178423188e-16	2.96721319071446	2.93214229491191	5.04484092335011	3.98892248280209	3.82956351472632
chr3:8710719-8711220	Her2	2.61700988343866	3.68226839065729e-07	3.40122424284656	2.45604765854759	6.37612973956094	5.67663170041149	5.84365272047577
chr2:50408149-50408650	Her2	2.61645683228419	3.63941845966041e-08	3.13000362228746	2.90578480491172	5.07877786176753	4.26434495503799	4.21752752614258
chr17:49375136-49375637	Her2	2.6155961616067	3.95390813611437e-18	2.97091228059237	2.95729622574037	4.5640833103768	3.85810580632404	4.23300840176409
chr7:29450564-29451065	Her2	2.61470102177134	5.61477845091332e-18	3.42999291195745	2.45451729526432	5.08389477573134	4.59876625368406	4.38070837941596
chr8:18278151-18278652	Her2	2.61111340637235	6.66150992902865e-09	2.63507552448663	2.12485542318942	4.63790399484212	4.10251440963704	4.50615095250236
chr8:91612558-91613059	Her2	2.60956039673623	1.5341513092547e-09	2.69913762518397	3.18312711470045	5.35037684179591	3.7322149684699	3.98295201663815
chr11:45687181-45687682	Her2	2.60837029879998	5.70961531372402e-10	2.81401308041876	3.27450079409558	4.68820715227208	3.59049941965137	3.73803740863246
chr5:15392785-15393286	Her2	2.60822369022637	6.87707806669574e-08	2.49953120915769	1.94924206698006	5.11472563742866	4.05878021395199	4.65573526864096
chr13:96519347-96519848	Her2	2.60806239396043	1.98646544788575e-12	3.16263451703608	3.16999890333757	5.80379893859991	4.52045147224475	4.11860260507236
chr17:39930940-39931441	Her2	2.60715337056381	1.97031007201153e-36	3.74954639854281	3.78625856759687	5.77331204848754	3.84134676467715	4.23924422763814
chr1:41858932-41859433	Her2	2.6059421636272	4.64470733772064e-12	3.19706447712581	4.3282714787153	5.90524930114116	4.52087093897052	4.87847736543579
chr10:8910919-8911420	Her2	2.60420374110647	1.53696439633981e-05	2.98969980086372	4.41848789377657	6.15326426854452	5.67772379162176	6.06224980364044
chr7:110279651-110280152	Her2	2.60396734979138	2.24492244685177e-14	2.84360949740116	2.51414917156666	4.65746261785236	3.22363265027665	3.78647411640636
chr17:39742170-39742671	Her2	2.60372066411749	3.95743175814455e-11	4.5216793929408	4.66190500177873	6.88724653864982	4.56691709729057	5.12085737294342
chr6:100944599-100945100	Her2	2.60199930285652	1.26382660357982e-07	3.46874839770038	3.39193994861529	6.23187127116813	4.51921840763789	4.84327579019563
chr17:38971602-38972103	Her2	2.60142236116867	9.44982771159111e-13	3.17370868476791	2.61112939258188	3.76956999172426	4.32328066342949	4.31007251238647
chr7:26022532-26023033	Her2	2.60090378827324	6.06065005712221e-06	3.34225746544274	2.98222757290165	4.48430393972866	3.96951544754163	3.85143755517055
chr1:230837840-230838341	Her2	2.60075620752862	1.94973161054702e-12	3.35903764364733	5.01524792303234	5.87885572109848	4.24515609905548	4.35741734784007
chr14:93471053-93471554	Her2	2.59979518540301	2.85675479060872e-10	2.40600433598854	1.59200168723916	4.93882780083292	3.4820253500157	3.80485245091481
chr17:39686415-39686916	Her2	2.5983568996126	2.35047063285961e-12	4.23796188407767	4.10568044484219	6.45120214664964	4.07662770133621	4.71453302549102
chr22:17302595-17303096	Her2	2.59776675118599	8.59227897847266e-11	2.93176557942982	3.39744524758655	5.02071279629525	2.96938327101793	3.36204365586148
chr6:20487554-20488055	Her2	2.5970240183625	4.68369968624827e-10	3.26129579415725	4.02804647826255	6.04733296061461	4.17868660757393	4.78622519532456
chr16:48735256-48735757	Her2	2.59594948555437	8.9125928741574e-15	2.04830755886964	1.73041443541768	3.35735775869013	2.49148894720094	2.82576726815536
chr17:49098520-49099021	Her2	2.59575280610111	1.00656213828505e-24	2.77368948868737	2.52293964125389	4.42716750687601	3.51788962745973	3.39339173914751
chr17:39699111-39699612	Her2	2.59358949422063	1.66955149094034e-08	4.58771532037676	4.87003428370764	6.95853210261929	4.57189912230617	5.30072031590466
chr17:39567415-39567916	Her2	2.59188282159247	4.19669167301226e-20	3.41880366062204	3.25969090554673	5.0326014704018	3.41029487407497	3.84182325867471
chr6:23738263-23738764	Her2	2.59110564045579	4.479469622081e-11	2.61641744974299	3.23089462230629	5.00684879399025	3.5546211943945	3.82231602275341
chr17:61723086-61723587	Her2	2.58926312895388	2.55282776770792e-06	2.60923731190127	2.58754151132664	5.12806115542642	4.11667001966777	5.06599468577668
chr14:36931812-36932313	Her2	2.58906339585372	3.35730261269667e-16	2.27332363281913	2.0748375280403	3.75634712355608	2.77858289705955	3.05075117896737
chr17:71395887-71396388	Her2	2.58855353946078	1.86978133356706e-12	2.01231440664637	2.95017529215377	3.62815418528511	2.6333300601277	3.01649837539938
chr2:152927061-152927562	Her2	2.58832657959983	5.18882364383863e-16	2.7295878402407	2.85933374375647	4.31618273233803	3.58037190927217	3.35560431903031
chr17:39676833-39677334	Her2	2.58722912470227	4.62278523914801e-08	5.04772659894558	5.10278776088032	7.60737040457736	5.06918749156942	5.65982047834365
chr14:91749736-91750237	Her2	2.5867001105923	2.58622554859623e-09	3.54037116867922	4.30142771976729	6.37034501215357	4.94601684716986	4.75926836346583
chr17:39698407-39698908	Her2	2.5823454367834	7.3101281544623e-10	4.02075516926996	4.21928098073004	6.39899399039966	4.13655506182506	4.62965137967774
chr12:125505550-125506051	Her2	2.5807184451968	3.16392668627421e-15	2.55306890589557	2.16176788271825	4.50272485672479	3.42479873715796	3.37990975598023
chr7:22360859-22361360	Her2	2.57934402440239	7.32260332893245e-23	3.59310256521772	3.41113176925042	5.18550503358974	4.33589216053946	4.33073036239672
chr11:78098756-78099257	Her2	2.57849946452783	2.89042023238131e-08	3.69940748655645	4.06220632271361	5.30792709794405	4.82689188203767	4.88502973504348
chr14:93883777-93884278	Her2	2.57821546490205	3.21613228512119e-12	2.29419331586124	2.20190439060505	3.71125254180881	2.61570971995257	2.34048598203527
chr6:10314843-10315344	Her2	2.57815632328313	1.05934699536444e-06	4.05589455988848	4.68565285409275	6.85890435992452	5.95935916060485	6.10800996321885
chr17:39900297-39900798	Her2	2.57697686167081	8.87537384441644e-21	2.90366654776987	2.94899953752947	4.87570903444667	2.81145032880532	3.41289752851374
chr17:39380200-39380701	Her2	2.57454192446402	5.562368656663e-15	3.20969024249284	2.64581426837634	4.47376200696128	3.52116019989099	3.98704250519007
chr7:123619994-123620495	Her2	2.57451417283519	9.5216378177238e-10	3.03633931731535	2.985201717617	4.99993460963674	4.43544184995182	5.25775852191385
chr17:39811661-39812162	Her2	2.5731657672004	7.23191057724369e-12	3.00481966056643	3.42701904606297	5.03963829668797	3.04882705051029	3.63980299903554
chr17:39930288-39930789	Her2	2.57253815362015	5.06867831539534e-28	3.81447357604402	3.68291832514751	5.82821517305065	3.80006085467738	4.24955103327681
chr17:30243221-30243722	Her2	2.57221702695276	2.21837445010355e-08	3.48203596936979	4.80327651554135	5.47583999720151	4.46053616907963	4.68022322023813
chr17:39769297-39769798	Her2	2.57220731623993	3.05512558305594e-09	3.9104305718204	4.42678059465038	6.30371959157098	4.20896680715622	4.68438278274821
chr10:74821533-74822034	Her2	2.57186205868267	1.01263858215208e-08	4.84040355567442	4.13639418027931	7.28082455184234	6.09365656661307	6.45072357635571
chr7:92166023-92166524	Her2	2.56829951290055	2.94667469926861e-10	3.10114630404645	3.22965217920819	5.13910501910558	3.77704295649048	4.35590702484437
chr7:28951300-28951801	Her2	2.56700640440362	4.0209920114851e-11	3.17977399680441	2.88690126875648	5.36066354999273	4.76411755636354	4.76836651593722
chr8:18325885-18326386	Her2	2.56665574864234	0.000154359056792195	2.86528243863613	1.83648556768782	4.7390148574257	5.67452866314885	5.8690941591059
chr5:36258557-36259058	Her2	2.56656027916811	6.2346220207396e-21	3.01010754645661	2.88039133975986	5.01853224709181	3.77173924236887	3.77778542545839
chr3:176902874-176903375	Her2	2.56602246139755	1.61052027847218e-13	3.18149013259636	3.71559784732319	4.54704788046727	3.56103255001112	4.0556799116119
chr8:92634144-92634645	Her2	2.56577911379189	2.56113025736776e-13	2.55903683915309	2.4092098425082	4.25055293888687	3.50137263572312	3.80225082817188
chr20:42891647-42892148	Her2	2.56243517602099	1.05320011846988e-07	3.04369687434332	4.39505172679059	5.28615110509238	4.75600114838881	4.9575385731876
chr10:37196516-37197017	Her2	2.56173491664464	1.05772404484324e-05	2.70995741607889	2.11907906760484	5.35577069563721	5.32203518819717	5.10736372637056
chr3:15904895-15905396	Her2	2.55991323424651	1.13296630660776e-10	2.87496075369381	2.45463952391879	4.80847852662167	4.18577308498604	4.23619295023595
chr12:119066049-119066550	Her2	2.55962270804766	1.43494162515723e-07	2.51705240773081	1.97146265647013	4.14295430614397	3.09452705877966	3.15802471076649
chr17:39902007-39902508	Her2	2.55956737794834	2.30912258976277e-21	2.94537365200772	3.07164457627662	4.81901556937513	2.82807559029567	3.13311909716621
chr17:39690618-39691119	Her2	2.55930712711853	3.46408987170689e-12	3.65008943982821	3.52576563744341	5.75192696797735	3.5146433824788	4.14305658491368
chr15:94793542-94794043	Her2	2.55905963457966	1.0057858015562e-13	2.87948394175176	2.67695467802554	5.24955643148083	3.3574276405905	3.70128618014066
chr10:123377310-123377811	Her2	2.55506336155184	2.46657977001097e-11	3.06403765642405	3.74681565610054	5.66727999254523	4.63997835540618	4.80539224041339
chr17:39572748-39573249	Her2	2.55419945255088	4.37649835398022e-15	4.59766922084225	5.04543610002249	6.40913111036107	4.75610268906567	5.30214934105074
chr17:39895393-39895894	Her2	2.55135892771703	6.17268207095733e-16	3.06486489942467	3.18139941586652	4.79937585279532	3.06278541931075	3.52840073298581
chr17:39846688-39847189	Her2	2.55090894351078	2.41864651590334e-12	2.39763542474139	2.70895418882055	4.09738510108987	2.10644764244625	2.53395920144508
chr7:26116188-26116689	Her2	2.55034248711329	6.61281814556921e-11	3.14853167032436	3.83024100150637	4.97568359183436	4.23836206034618	4.19182075921681
chr17:39742734-39743235	Her2	2.54735532352283	1.14290179530455e-10	4.50335956133845	4.53628791453985	6.91799007220754	4.41388840523055	5.16655759336338
chr16:54246416-54246917	Her2	2.5456650715312	6.85663467800789e-22	3.43824091879911	3.82491364057143	4.82549033725416	3.72238355212712	3.86169224807218
chr16:1573099-1573600	Her2	2.54503883801878	2.50243690459177e-05	3.7678358583781	3.72683945011082	6.30939717542087	6.18545439851166	6.54713456895829
chr3:137489802-137490303	Her2	2.54441387449169	4.37924621913484e-12	2.60241819971633	2.1136325593183	4.31119199246936	3.30972152004868	3.73911956289531
chr8:117577224-117577725	Her2	2.54254914446781	1.35360416495083e-08	2.66551217004264	2.33904419195715	4.38021006177103	3.97295299289941	4.57413400119949
chr3:160608827-160609328	Her2	2.54250806461301	7.41082442209745e-11	2.58044798989218	2.49790554910013	5.14781622560299	3.79150773096654	3.73382007288207
chr1:185101386-185101887	Her2	2.54148696135849	1.90074993194403e-08	2.73418273591494	2.86869430945187	5.07531908684119	4.75557133390592	4.80414168203668
chr9:101175823-101176324	Her2	2.5409618145988	1.65085984567049e-09	2.94197903616941	2.34891826539643	5.1992337235008	3.54518194597888	3.82456635011665
chr10:73676230-73676731	Her2	2.53986201093569	0.00233846968201614	1.81865022897053	0.993968070303787	4.66654377088101	4.20338114759223	4.78827832749924
chr11:62272044-62272545	Her2	2.53832972979289	1.19384754096274e-11	2.54419138063697	2.67567654304721	4.08631421592136	3.62879617295046	3.46393464303215
chr17:39697505-39698006	Her2	2.5375033694149	2.74366872488965e-10	3.7049148909559	3.65136388760592	5.98055139597159	3.6880603916194	4.36435635088198
chr6:127565327-127565828	Her2	2.53360181066422	2.97173096123603e-06	2.94167207546457	2.31737133865524	5.48498265679379	3.51491688298759	3.32098119493941
chr6:10142028-10142529	Her2	2.53335085216267	4.50777057267949e-09	3.10800060748058	4.04266204452831	5.65859412913362	4.66991073095078	4.94380883767811
chr17:39718628-39719129	Her2	2.53285379838097	2.45519134138576e-10	4.03903694609958	4.19777575275302	6.22648758633902	4.00662475488635	4.37260822694461
chr10:129169051-129169552	Her2	2.53216336459293	5.80493081203557e-12	3.02816158444499	3.11461882909242	5.00023653182734	3.62177844526726	4.00811456849274
chr10:82928567-82929068	Her2	2.53179711460344	9.05970093469023e-09	3.02932071357582	2.36734308921105	5.65962266980568	3.93471400365874	4.13336798448841
chr7:30058210-30058711	Her2	2.53047338890742	1.47566502947886e-12	2.65825449709505	3.17826492841677	4.91927695170831	3.4487513024615	4.01824471272299
chr2:57092945-57093446	Her2	2.52994732777447	1.64605141463394e-09	3.19567543875478	2.85178760498025	5.49348526290512	4.70838133210514	4.95311516483162
chr8:57578373-57578874	Her2	2.52897360328914	2.08614520599296e-06	3.46964977854461	3.2699193079385	5.99363983439983	5.33934594929896	5.99777710851543
chr3:61064791-61065292	Her2	2.52597590271223	6.5699544227072e-13	3.19015546058385	2.53767252508304	4.84725792139764	4.43969121026241	4.4611341579515
chr14:36683852-36684353	Her2	2.52578991297671	1.32451457987572e-09	2.65233763444781	2.76753017479485	4.95550650857622	3.90331695286636	4.14536153415276
chr17:39628190-39628691	Her2	2.52175391486963	2.18633256767457e-05	5.18305035502941	6.21881751598223	7.58945057231045	5.33756001395931	5.32676748584552
chr6:132893696-132894197	Her2	2.52140001023502	2.66125260185072e-05	2.91303537261724	2.56691225974316	5.46324464948838	4.84036380590944	5.44769437008363
chr2:24536640-24537141	Her2	2.52107801034548	4.49632649630584e-20	3.23928375157076	2.93565353669671	5.51561799323429	3.76720469897975	4.03282769778845
chr3:149287787-149288288	Her2	2.51985056754344	1.33473798516801e-14	3.89665785757909	4.05054505883937	5.89809164898623	4.44922139862238	4.8856202457923
chr17:39560430-39560931	Her2	2.51892221333896	1.19542927233598e-16	3.17207666840911	2.88936221558389	4.66111770543788	3.07581377734182	3.76364376577497
chr10:37228794-37229295	Her2	2.51890589544015	7.32803077457431e-09	2.912073067197	2.75577809139	5.26365714496658	4.8365999814368	4.58135874501956
chr8:117089355-117089856	Her2	2.51859647843017	1.53469167320184e-08	3.06309689298879	2.88072190364895	4.71447206515783	4.50720604485424	4.77277547309935
chr5:64959519-64960020	Her2	2.51839612908173	8.41948611432138e-15	3.1897280472288	3.29291538026877	5.61676112168979	3.92444363811919	4.40063304896008
chr11:63616911-63617412	Her2	2.5169318256579	4.08425600031779e-16	3.3751726774919	3.02984343342227	4.46337855638853	4.03383122248671	4.18100176607731
chr4:17753704-17754205	Her2	2.51346593386577	1.76098784285901e-06	3.25002868676463	3.06041196351811	6.16815072289042	5.36282637454334	5.43678564685864
chr7:25444943-25445444	Her2	2.51201834888362	1.04324471226548e-11	2.54612134084191	2.22069407896025	3.99377956297507	3.06483690720268	2.69542801813831
chr17:40024176-40024677	Her2	2.51079176185641	4.13496321675436e-24	3.97551581881809	4.02717790192084	6.01831097980799	4.05792490560295	4.40030897381368
chr11:67688911-67689412	Her2	2.5097914672769	7.72893194549285e-16	3.36492299024338	3.79167917380262	4.98180628392044	3.8115945756878	4.10663088065834
chr7:39883559-39884060	Her2	2.50756823151158	3.3230867735031e-09	2.56570078465578	2.72250323610585	5.23725843469663	4.06627148456355	3.74289181651204
chr3:97200581-97201082	Her2	2.50709799228449	4.3606450396795e-06	2.8570043327461	2.90462368747216	5.34284313728281	5.40756603202646	5.48260958861836
chr1:66388176-66388677	Her2	2.50690260602489	2.5502894039273e-07	3.18281763677453	3.63840839633528	5.70243692536269	5.49288753738342	5.20601484102494
chr1:208333650-208334151	Her2	2.50615595058612	2.11216312865901e-10	2.94812311803436	2.83754030444578	4.69745289777606	4.19656815087847	3.9869043934258
chr3:180274466-180274967	Her2	2.50432220640773	4.93563707362267e-11	3.10904244034554	3.02444137413961	5.05466526596856	4.30361490613815	4.73156818371985
chr1:48516307-48516808	Her2	2.50378194007717	1.44237893635621e-09	2.51917409302811	2.50153920823207	5.09604917309698	3.70580384820704	3.43488740413657
chr17:28469506-28470007	Her2	2.50252842934351	8.68148711954345e-10	3.87959747042023	4.38214706506924	5.86041869142448	5.30497363981155	5.44134223880496
chr17:39961108-39961609	Her2	2.50216926927458	5.01839807949978e-27	4.06260282915394	3.64518529019613	6.03820052685056	3.87064093730723	4.35200494258905
chr17:39892653-39893154	Her2	2.50155911847572	5.1867497133197e-22	3.07206633540353	3.08373348115799	5.05752617422954	3.05059395341945	3.35549678306683
chr17:47582362-47582863	Her2	2.50133336521915	9.92976511952423e-08	2.64780386215008	2.09570127614916	4.1015502618945	2.86569165046017	3.5539580623268
chr17:38321261-38321762	Her2	2.50094224321039	2.4727103639676e-16	4.04295839725318	5.00248506306139	5.33293390333942	4.86301236844341	5.11114065048625
chr11:67703608-67704109	Her2	2.50024938753047	1.08258440747031e-09	3.58677686584475	4.26480418676799	5.56007572288902	4.01700897824579	4.32237114670824
chr10:100831721-100832222	Her2	2.49805155847547	7.12561688760589e-08	3.61674703283957	3.00137432458617	5.77178843044082	5.42896526904007	5.80612780414646
chr1:14459441-14459942	Her2	2.49785050882621	4.00514900536105e-07	2.41391760945009	2.84145991087476	4.18197418251906	4.17066824118294	4.05041248973372
chr17:39744004-39744505	Her2	2.49669212350525	8.18008915289004e-11	4.21883059760764	4.23415366943683	6.44524638175171	4.28291425063406	4.8629192162624
chr17:39572169-39572670	Her2	2.49585132702765	6.84594116626698e-17	4.20434962255973	4.25061246137172	5.90449314615883	4.38815799759603	4.74019331310005
chr17:39923167-39923668	Her2	2.49133361031652	8.29348314857771e-27	4.27805130445815	4.12273658299331	6.27070339583941	4.28628269707576	4.54909226734977
chr17:38585617-38586118	Her2	2.49126351006288	1.13607557105478e-19	4.24620808562239	4.42129795741513	5.54676718511798	5.04871255907731	5.15651024397781
chr17:39809956-39810457	Her2	2.48640220761086	3.27885720881601e-10	2.74473057667675	3.20645357633529	4.87712852789631	2.94910265289951	3.28788056963052
chr17:39576886-39577387	Her2	2.48530753743546	6.98373410550111e-18	3.46819690238883	3.33365316536275	5.06448850514556	3.53685884179123	3.88890326987347
chr17:40115540-40116041	Her2	2.48515076378421	1.87238092869732e-22	4.42936749585714	4.32670399246538	6.01329899894517	4.65933281365425	5.20893397136663
chr17:39744508-39745009	Her2	2.48385471368484	1.0124666554234e-10	4.31419191776588	4.40596377825347	6.59667290325382	4.41282159530895	4.92607472086262
chr3:106680771-106681272	Her2	2.4837519163289	2.88043144848964e-10	3.18081826990657	2.94262916650335	5.46916381555227	4.7294064508106	4.87596804565117
chr17:39807883-39808384	Her2	2.48284705568393	6.07991049145389e-08	2.97878562521954	4.00600742779217	5.13206721500404	3.0052581504426	3.62208771444431
chr2:30956281-30956782	Her2	2.48243505427316	9.50963267534916e-13	3.10329257043524	3.48412084129449	5.6364495923021	4.3714096839925	4.4164407635801
chr10:9186865-9187366	Her2	2.47969942409251	1.2950735498319e-05	2.66032404308188	2.35346593083637	5.35409705203138	4.55171063056786	5.30846921979287
chr3:10549849-10550350	Her2	2.47472131753588	1.5309669965088e-07	3.39747926600584	3.72958573759333	5.86150937156759	5.65828319793812	5.18758358205704
chr20:51161275-51161776	Her2	2.47303406972707	7.10342128531185e-13	3.12387919533059	3.54171657151009	5.1268774861866	3.40800687705838	4.12301620203305
chr1:49925764-49926265	Her2	2.47278328522369	9.75667090004025e-13	3.03066394082189	3.07959523597419	4.85770880942399	4.06139195402587	4.02461419086895
chr17:39743481-39743982	Her2	2.47209008450941	3.43280115346809e-10	3.99854538940668	4.07409213136773	6.12344687675077	3.90524638767376	4.66762407283721
chr6:4937800-4938301	Her2	2.47001290135981	9.88308196184243e-12	3.4588084918581	3.44643268807831	5.72420276810396	4.53958158296249	4.74222911320302
chr6:10258285-10258786	Her2	2.46802732787214	1.15293032912942e-14	2.739447817099	3.00590594340657	4.32981733538868	3.54263159527837	3.61752859910823
chr1:46901127-46901628	Her2	2.46463893030761	4.12620678410911e-06	2.90932459274119	2.85282713682837	5.73437929686378	5.04246970882066	5.20054512160574
chr17:39689958-39690459	Her2	2.46433726725685	1.08273174235828e-11	3.78001029377663	3.57798715193079	5.79892749962008	3.72761478905167	4.23410568871855
chr1:210788870-210789371	Her2	2.46410647520018	3.52917677065852e-05	2.9653441969781	2.49272552409102	4.94265037111449	4.68643920052497	5.05169448523811
chr6:88676712-88677213	Her2	2.46402548607338	3.89773174367409e-09	2.73238030742215	2.73773241476246	4.94212267705934	3.82036009406912	4.07878005016214
chr17:50431194-50431695	Her2	2.46397735470678	1.35334153174946e-08	4.3818837570964	4.68087939084976	6.83053726286839	5.63076995392864	5.83111264957643
chr6:128234184-128234685	Her2	2.46391115982744	2.92099176025977e-11	3.09787404966542	3.49379538808237	4.76043373934106	3.18692184884172	3.38171114996164
chr17:49366145-49366646	Her2	2.4634551734383	2.8697327171869e-24	3.57147514853315	3.62130358950484	5.17636611160775	4.32021116825077	4.26543542582426
chr12:114555285-114555786	Her2	2.46239015830583	4.01268841982323e-06	3.22667630943586	2.65353522814964	5.84285739137167	5.19993581407235	5.39071808845945
chr17:32317266-32317767	Her2	2.46063293786439	1.0448432292453e-14	3.31097512477095	2.88636941348213	3.96661152332119	3.88065998255706	4.12831615417986
chr8:27626054-27626555	Her2	2.45892813063834	5.65695583734805e-12	3.25768791865306	3.47983425665832	4.49368160753386	4.5479846463153	3.93148237344829
chr17:39691292-39691793	Her2	2.45851832352141	9.49256007937106e-11	3.37620665343567	3.01973737760691	5.54685367506703	3.49507860873268	3.96572033624236
chr19:23404608-23405109	Her2	2.45809030992328	1.74106878896429e-08	3.69313128077469	4.41536860831822	6.46103126036991	4.97929545466843	5.1728084529741
chr20:52239047-52239548	Her2	2.45795987079017	1.6447689912533e-09	2.86732695085788	2.09969941779569	4.38911363450913	4.24788574544298	4.3304624013713
chr10:90204168-90204669	Her2	2.45722685051277	3.04716413871129e-10	2.64215228251988	2.6222889414706	4.6849922016626	4.14807103984298	3.92709508223713
chr3:102204450-102204951	Her2	2.45653583202936	3.00755980957957e-11	2.69328874736454	2.66710958370918	3.88822136938124	3.57346866771734	3.88514106417025
chr2:20077817-20078318	Her2	2.45614445776313	9.75124096145418e-12	3.54049039065754	3.8806033092374	6.02402513628137	4.87815053556088	5.14482158445102
chr13:77420038-77420539	Her2	2.45480900973036	4.58167842783834e-08	2.46581007155908	2.22320200247686	4.70891274572816	3.15167214994785	3.42100148293931
chr17:39656997-39657498	Her2	2.45361285685161	4.30646495517029e-12	3.53937636554107	3.42420954270075	5.67608591106358	3.49915950948907	3.92877801306451
chr17:39844168-39844669	Her2	2.45306591554996	3.30391902358213e-15	2.49412448849446	2.68948904948475	4.23336750062714	2.14932490466084	2.70467813007034
chr20:48226590-48227091	Her2	2.45283154406589	5.02644888673397e-06	3.43419965191392	3.58552801555552	6.37026083324156	5.77711612306737	5.73884759222121
chr7:29236090-29236591	Her2	2.45240257606241	6.57239777365834e-14	3.41216040594638	2.79791480180782	5.26553427635267	4.568188003085	4.39371658306199
chr8:116172508-116173009	Her2	2.45179802989024	2.9133145027635e-05	3.18884302989828	4.8905831862838	6.01261584237885	5.50422511301248	5.77019276581585
chr17:39748606-39749107	Her2	2.45023273289856	1.45765258182272e-10	3.86681582514395	3.83515725248443	5.95550441030219	3.49640969648081	4.42352848941914
chr12:101219865-101220366	Her2	2.45014737674974	2.7256354275473e-08	2.73365944972872	2.68623655916076	4.69086741081297	4.20874248296955	3.95962275444735
chr12:96648928-96649429	Her2	2.44881665534137	1.13410788104977e-20	2.76064430712933	2.49349407848402	4.82226962845884	3.4334853120927	3.29682018163554
chr1:238810225-238810726	Her2	2.44667836620343	6.93433726774708e-12	2.90998642211014	3.42794635097795	4.52380799061262	3.46218236885243	3.52489728464563
chr12:30941154-30941655	Her2	2.44350811579253	1.89462700798707e-17	3.37897379170231	4.35913840776952	5.71235183464774	3.8337599240588	3.94225438779191
chr20:32012597-32013098	Her2	2.44231141328225	6.11507479876185e-18	3.30821083234482	2.95092353244281	4.99674233340905	3.81437491510172	4.27664541929035
chr20:56898523-56899024	Her2	2.44078155117981	9.79325378316461e-08	2.71011539447867	3.16876932435679	4.94561639034416	4.60325306393975	4.45794534035306
chr17:39655019-39655520	Her2	2.44049031828045	2.26233061292414e-12	3.65443048105755	3.55490927330811	5.78936656191972	3.52346963991493	3.91404030218378
chr3:186979748-186980249	Her2	2.43979664743676	1.06626146685344e-10	3.74709533903995	4.8760451121505	6.29194161840858	4.7794382066801	5.055904856013
chr1:46841254-46841755	Her2	2.4392113085394	3.51504320537105e-10	2.207875983862	1.99242375576905	4.29099656687996	2.93373584344121	3.08957889729228
chr10:59910814-59911315	Her2	2.4391051148471	5.94674341434904e-12	3.02510952522152	4.04466441720282	4.13145391259077	3.26491970902085	3.20874188429592
chr17:39912322-39912823	Her2	2.43721779108275	2.51929861793753e-22	3.41186681006912	3.31303024256531	5.35953834912637	3.06328678845639	3.56897176849233
chr17:38618175-38618676	Her2	2.43698553792493	2.14822826443652e-17	3.34675725597493	2.94190447177384	4.12421303397545	3.55660341703483	3.56686665376832
chr17:39905776-39906277	Her2	2.43673062292468	8.45014028413524e-24	3.56645349544698	3.51079078207667	5.43438683637745	3.5107093864228	3.81138197423863
chr13:96105005-96105506	Her2	2.43591017836475	2.78585322477744e-07	3.02654011201309	3.44801753799526	5.75744946649144	4.46369687225519	4.9899804704342
chr5:170189274-170189775	Her2	2.43294344876316	2.12608767601789e-10	2.90782936832342	2.54637127055066	5.32186845326066	4.07164121279652	4.02596271424399
chr17:39983583-39984084	Her2	2.43078597359252	2.06085537659532e-38	3.7151424105876	3.44550937280689	5.58733572284595	3.73972029797575	3.96683552793188
chr20:57986148-57986649	Her2	2.42968112034155	4.12303405200167e-06	3.08764685499924	3.04951764244568	5.89284830404871	4.93888793462461	4.9957679045303
chr7:54484324-54484825	Her2	2.4292336994868	1.39000197167416e-10	2.9323304756278	2.77983315029097	5.02052249851013	4.09957941227714	4.24284716769965
chr17:39570567-39571068	Her2	2.42899430153882	2.15315238190847e-18	3.91665918038418	3.80320014456522	5.70148213016241	3.86509660786745	4.53789160520642
chr3:97257880-97258381	Her2	2.4285676675104	3.14296497677601e-08	3.37017064402304	2.98375314195692	5.93675662272289	4.66593853756062	5.22812614126506
chr20:54456436-54456937	Her2	2.42846374666759	7.5310270399876e-06	3.08425955814781	2.77485909377083	5.82778683494294	4.67115337075034	4.32739429614392
chr17:54409951-54410452	Her2	2.42779933618979	8.82757477918324e-06	2.822190455528	2.07974738736895	5.35298712167407	4.38363361088897	4.721813961917
chr13:77090980-77091481	Her2	2.42765414085478	3.39107234005223e-08	2.85010771746486	2.67849345701957	5.20570797560226	4.35970599441063	4.42013575731045
chr17:39814382-39814883	Her2	2.4256643000933	4.92125746562573e-15	3.27955672619514	3.43853936493043	5.34998968308522	3.24014109699293	4.18428673618611
chr1:203162907-203163408	Her2	2.42529016627279	2.91756355949662e-13	3.54891219544492	3.48300688031512	5.37852301829448	4.2782066080424	4.80796102200965
chr12:54607102-54607603	Her2	2.42338953906279	3.63046140889219e-14	3.10055726225306	3.53625290600333	5.36599743122813	4.48814989753858	3.93414939310874
chr11:48622227-48622728	Her2	2.42305062990981	1.88792702091569e-14	2.701342423601	2.76762342689211	4.77472911336466	3.37384166512942	3.38583289375548
chr1:46837498-46837999	Her2	2.4227199640669	2.46067908084732e-10	2.5301153861269	2.21851813739466	4.61979585287307	3.71466482213731	3.58411656978757
chr20:2618314-2618815	Her2	2.42238607241444	3.40010997610458e-15	2.74988099608392	2.73601990410439	5.07353953459734	3.07535689001168	3.43223818210267
chr17:39834649-39835150	Her2	2.42147228476164	1.02316353246873e-19	3.39586920334149	3.23953547258726	5.30604851033052	3.3556253289997	3.8186556213028
chr17:39906647-39907148	Her2	2.42020695126502	2.44987441701064e-23	3.50083002291677	3.39672060902422	5.32872390617464	3.45321670892044	3.7112943535523
chr17:39570051-39570552	Her2	2.4199530329688	2.13013334623706e-16	4.07289757757454	3.93614646282849	5.73369204446356	4.1118860959539	4.73462055785906
chr3:195585088-195585589	Her2	2.41464589008442	6.06540680501723e-10	3.57553185469537	3.77253181438503	5.17133606826363	4.19236801292182	4.6873175431662
chr15:35942235-35942736	Her2	2.41451588750973	6.04885498313444e-13	2.34080086251616	2.14002867969019	4.21970759991262	2.91269231924718	2.77574087941871
chr17:39913166-39913667	Her2	2.41438168884544	4.34513265263461e-21	3.36568521243066	3.08604462129445	5.15388760438016	3.00192983707159	3.55224526402647
chr8:93956120-93956621	Her2	2.41310556012356	1.30389668927971e-12	3.72055974657464	3.604120348791	5.99587201372763	4.7675997666579	4.92616525110774
chr7:52725412-52725913	Her2	2.41303754930374	9.01939247136355e-07	3.05230165583766	2.00432951516385	5.43654273000191	4.4786084377331	4.96571545657928
chr2:179114591-179115092	Her2	2.41192941990364	3.25132227574482e-07	2.99130636494434	2.9087162008956	5.13456251962006	4.92369895087699	5.01902948146072
chr18:4338324-4338825	Her2	2.41192083858937	5.6172135192042e-07	2.71029884429553	2.29431086835145	4.43484714499759	4.36141061522803	4.16688326002115
chr17:40008036-40008537	Her2	2.41142304666865	9.44209519391906e-36	3.66803358093703	3.74313920264023	5.46450865125768	3.86362588705134	4.03971900762234
chr16:15706555-15707056	Her2	2.41026189948741	1.27081800550568e-12	3.51047074383158	3.87604334194963	5.4657936847553	4.85175327297677	4.7255565557319
chr17:39656479-39656980	Her2	2.40940998466603	6.66504347505345e-12	4.09514258096811	3.88294007896487	6.25375745710007	3.95835779013839	4.66295328982831
chr17:39535007-39535508	Her2	2.40859318242454	1.38514540283266e-08	3.45948279901341	3.20738543690535	5.06169963206697	4.17407686007183	4.56951854119042
chr10:78581051-78581552	Her2	2.4071467655329	2.87802255365263e-10	3.46610646248393	3.31299816205051	6.01870051937448	4.58762174944739	4.6819060938119
chr17:49975049-49975550	Her2	2.40667761024557	1.5784479263905e-17	3.61525881081783	4.23117093161306	5.51439496358604	4.08066013144699	4.5371964199378
chr2:12926883-12927384	Her2	2.4061676503753	2.29511685597549e-12	3.02193745598405	2.84023780666306	4.69998027696831	3.29069672923155	3.18486922081862
chr4:84336893-84337394	Her2	2.40585544794135	9.6990682000895e-13	2.72694425039628	2.0763731554582	4.29102999413051	3.3715663103908	3.73337412119055
chr17:39661511-39662012	Her2	2.40539931583018	1.40360161856162e-08	4.7503977845942	4.63598213317385	7.00461404063396	4.6987211397271	5.14299134145137
chr17:40008645-40009146	Her2	2.40529985552581	4.99226120430485e-30	3.53122144045787	3.54738121639019	5.20124463459883	3.659017453539	4.00467662444473
chr15:87807945-87808446	Her2	2.4050013790838	9.87792150475702e-05	2.67976644167388	4.26997219314128	5.67204604269776	5.12915457470399	5.13322411289853
chr4:96441218-96441719	Her2	2.40493022722174	3.84711478696228e-11	2.75238452577934	2.1738450792168	4.53804925280422	3.59425282690066	3.92405165495257
chr14:73609775-73610276	Her2	2.40392777806247	2.45056551260097e-16	3.19832678695479	3.86616929212661	5.43056740742726	4.25024812429413	4.04679514852027
chr2:35785540-35786041	Her2	2.40327215188888	3.00443474563988e-10	2.71110162768303	2.83829977599132	4.58911578484846	3.99638421690844	3.44503333837024
chr10:104477086-104477587	Her2	2.40283208417143	2.11532025534892e-08	2.60654192054807	2.54604562105961	4.50239033547542	3.5844047320866	3.97729835572591
chr5:42109158-42109659	Her2	2.40267321018294	5.49736449138666e-08	3.60881843234935	3.06575211957062	6.00186697232176	4.69724295758687	5.09962979624241
chr17:39657782-39658283	Her2	2.40248488536127	1.90042641908636e-12	4.07150156324515	3.78327381872709	6.1546490710791	3.89498075832978	4.63670471892524
chr17:39985938-39986439	Her2	2.40118373838123	1.43715162936931e-38	3.81010909867887	3.5442893644219	5.60698891866195	3.68500533074661	4.06495509443819
chr8:88461758-88462259	Her2	2.40017974549706	7.02803817928562e-10	2.62709302922901	2.10578567753237	4.11816314150954	3.86904416858672	3.86560283969407
chr17:39983006-39983507	Her2	2.39952947644659	4.11722991588282e-40	3.77905144305726	3.57534018316485	5.64547092713161	3.78560526275826	3.98870764967272
chr22:36806270-36806771	Her2	2.39882939622573	2.95440038164379e-09	3.20122992228901	2.73198177508577	4.7623823156043	4.63410080807579	4.36492519217154
chr14:51524553-51525054	Her2	2.3985530684896	1.57027168434922e-11	2.49678359663475	2.03022765050563	4.64366411376725	3.38613232328012	3.31634910108699
chr1:210499966-210500467	Her2	2.39844751510228	4.58607148786037e-05	2.84713807848126	2.97396013441331	4.74791992165128	4.15423356099191	4.12137848019061
chr6:106545181-106545682	Her2	2.39796892755207	2.38930366664673e-06	3.12176845895019	4.63830804146811	5.46520758407853	3.84829393633664	4.12917833481131
chr17:38528701-38529202	Her2	2.39689968260236	6.86117555672632e-13	3.3793485399031	3.57938950719888	4.56318791699322	3.88244642764193	3.70087874970815
chr17:39985318-39985819	Her2	2.39548989223588	5.63506928686626e-40	3.8088821401202	3.75687790017161	5.62088909757152	3.77671374775503	4.10852557422879
chr17:39747706-39748207	Her2	2.39500525085296	2.01182265660189e-09	4.392680473412	4.36367524815182	6.55367271028229	4.44752646287035	4.98622641290245
chr3:158651126-158651627	Her2	2.39437819235474	1.06112181238259e-07	3.27215530179504	3.25009373439339	5.6656718230928	5.52031968457989	5.26325332503902
chr22:34971325-34971826	Her2	2.39394536846096	2.78314172634747e-05	3.066956231882	2.48494543620636	4.58467399865593	4.14334711619012	3.86618659712285
chr9:91135121-91135622	Her2	2.39377902875077	2.4092632707932e-16	3.09157810893191	3.20544044842657	4.75735599372974	3.67014466070218	3.44029670760034
chr6:104430988-104431489	Her2	2.39348447329707	2.73326838802633e-15	2.59458625525139	2.25028840909122	4.00728652695907	2.77831145509702	2.62888393510061
chr17:75355486-75355987	Her2	2.39331434717956	1.34731691163648e-13	3.64601168990231	3.20369621120481	5.41759376000475	4.73675185355607	5.23266385120981
chr11:91607567-91608068	Her2	2.39314205501257	1.99181841532716e-06	2.9343510267673	2.71224809477222	5.33262135849144	4.36496324996096	4.19718007845485
chr17:39577655-39578156	Her2	2.39146369649166	2.12492329579025e-16	3.28620596717877	3.14180896639027	4.81651649148819	3.30006758540275	3.79811330806699
chr4:147223479-147223980	Her2	2.39066588527425	8.4948068588927e-09	2.90445687767977	3.22907603012197	4.3708967941229	3.29394880158239	3.39236341130727
chr4:64954130-64954631	Her2	2.39048616130387	5.89306337329209e-10	2.77631687958279	2.53135162768202	4.73366482874008	4.05940013545257	3.81147676107272
chr7:91416391-91416892	Her2	2.3903988131012	1.87068083841685e-10	2.91844952541986	2.45117373699924	5.00333034048931	4.05986551605968	4.07040305063666
chr22:25614717-25615218	Her2	2.39024371139465	2.27327950867423e-06	3.18002431323198	2.98066487131892	4.69926545483055	3.84898846637364	4.17176491123588
chr10:37182666-37183167	Her2	2.39024254668907	0.0169700578791942	1.17847028324001	0.485828610997535	3.08727370193251	3.56343951430578	3.10572198678749
chr18:73937510-73938011	Her2	2.39020545902712	9.41087089047117e-08	2.91719663105456	2.7660670927719	5.29249497735821	4.77906118569665	4.90524608748916
chr14:93860751-93861252	Her2	2.39016046241061	6.00578526661859e-08	2.83985122731764	2.51756858246069	4.31218381004136	4.42926419625528	4.25388258021822
chr14:43951391-43951892	Her2	2.38992356022301	7.24264214452204e-08	2.30905009671485	1.91643090525572	3.33283459790134	2.58711190531255	2.822654046061
chr17:39681465-39681966	Her2	2.38850819159341	1.32918803234102e-10	3.49950777517734	3.18634883502853	5.5950502355546	3.30978974471595	3.94506547986856
chr17:39691947-39692448	Her2	2.38771198276022	6.07910680846836e-11	3.62563810623113	3.26734523426365	5.70647649174697	3.67629608093463	4.12437465659736
chr17:39685641-39686142	Her2	2.38699305136825	2.94185853976427e-11	4.36526102930605	4.19647419293899	6.45604202479958	4.26152685231821	4.81341802855615
chr17:39982476-39982977	Her2	2.38644187970599	1.94337652579912e-38	3.81938471280348	3.53812808502512	5.663825774438	3.80583524607151	4.08713685127863
chr17:39922627-39923128	Her2	2.38575159359536	2.67444650340588e-22	4.26289354150939	3.97495845449915	6.2352000288878	4.17187723909544	4.50243423238688
chr1:245995174-245995675	Her2	2.383462351789	3.76637933178943e-08	3.61992290432105	3.7506165069208	5.64079725579557	5.51059987453431	5.39567640352026
chr17:30272654-30273155	Her2	2.38245140682461	7.11620500331023e-13	2.81470303680309	2.60311416067177	3.90073466379005	3.25709593874251	3.82684617452432
chr7:47747984-47748485	Her2	2.38184901432954	2.87383392319352e-09	3.31483883688968	2.73075397990017	4.91914319981109	5.35491686176109	4.94083652002068
chr17:54814316-54814817	Her2	2.38101857370926	2.85789185927457e-07	3.23864413484895	2.71555177879814	5.45186111255238	4.39053504684241	4.48179291413048
chr17:40011209-40011710	Her2	2.37921496573992	3.16621467725215e-12	4.28040779747929	5.68126870055558	6.04800098919858	4.2492920255622	4.87326310850643
chr17:39981436-39981937	Her2	2.37843968500212	9.1186943151202e-28	5.58498701060547	5.39900774148011	7.439443133438	5.70761332114635	5.98499857617025
chr1:18703824-18704325	Her2	2.37455725977778	3.1487267532025e-09	2.84587013552873	2.68995456406258	5.39010201360164	4.04628557655339	4.53419976385769
chr20:36871511-36872012	Her2	2.37351064346945	1.23540670834373e-20	3.90569742985596	3.90113444303975	5.29108979810113	4.19249942635932	4.57637078816957
chr10:74786104-74786605	Her2	2.37189729488936	1.33513708659486e-07	3.05049464275968	2.61336438228138	5.35179592885108	3.55782381565323	4.18167146555873
chr7:146216320-146216821	Her2	2.37131869873379	9.56821681948884e-08	3.21544027436502	2.82377553135167	4.38247733312977	3.46069795651983	3.26440217091196
chr2:79265846-79266347	Her2	2.37046143657499	1.66223024368957e-05	2.92950760288549	2.72855711400151	4.69787901018413	3.37985773433463	3.69514091657779
chr12:114530360-114530861	Her2	2.37014589667627	1.07391502912736e-05	2.60460733335431	2.36606570161503	5.35169933983251	4.79522217449892	4.65272288491186
chr11:62264254-62264755	Her2	2.36727608362524	2.96308375736397e-11	2.99830541819097	3.68600407121324	4.74211201468011	3.75964139209988	3.87643646569841
chr17:49392813-49393314	Her2	2.36550731627213	2.64440771940111e-19	3.18401110674803	3.32688702623967	4.76889517328331	3.92422381287938	4.18083876566604
chr11:60825721-60826222	Her2	2.36549241606689	7.26081564576949e-12	3.50339170612781	3.62230497885963	5.78082961594773	4.76233713893335	4.98150935568906
chr17:39990742-39991243	Her2	2.3648440243424	4.2380908014604e-38	3.41150175669255	3.36480215540724	5.14291325084596	3.40911600500601	3.58517775079035
chr6:109714524-109715025	Her2	2.36378017931112	6.22266615351785e-09	2.1456159687046	1.86273707156269	4.10571633828162	3.16706535549479	3.29123716912591
chr7:31651808-31652309	Her2	2.36270115976206	1.00970958180286e-13	2.89847477918469	2.98882236274211	4.7321859004293	3.31973792769818	2.89698556664004
chr7:14767151-14767652	Her2	2.36118938804126	2.01099530519329e-10	3.00173833719419	2.57052642982244	4.39340981900125	3.54588621590525	3.53191653579124
chr17:40007460-40007961	Her2	2.36034570053239	2.95892898686962e-27	3.50283521477947	3.52878673507908	5.23928812808112	3.57814236927438	3.98954645989264
chr17:39568506-39569007	Her2	2.35998937792689	2.44048217517594e-15	3.82626637769914	3.85289785905635	5.24808239332149	3.82053098209271	4.23554858189314
chr1:58288310-58288811	Her2	2.3581087186888	0.000350666170837742	2.97631851518601	2.36659788771856	5.50834730968883	5.12548244893627	5.51164469532811
chr17:39749480-39749981	Her2	2.35807482286464	3.34173378778264e-08	4.64589528042868	4.80338918318352	6.72080161228649	4.47922847287947	4.88306614157698
chr1:224304718-224305219	Her2	2.35671845674078	0.000718288850521905	3.25862841442062	3.11416293397441	6.64202519435906	6.1278949546965	6.43842365898768
chr10:37203012-37203513	Her2	2.35461667819229	1.24439634482879e-05	2.52142626262879	2.13795471942988	4.56125178095247	4.79772581228181	4.43297170011843
chr17:49975553-49976054	Her2	2.35432219643768	4.37421054597071e-13	3.95612414439673	5.12756116907357	5.87843789176477	4.78044216408104	4.87194033879534
chr17:39810871-39811372	Her2	2.3543035103566	1.34673429249643e-12	2.90414879961347	2.91032809873028	4.8248032088804	2.82097445515326	3.44803445412801
chr11:120285171-120285672	Her2	2.3542044346639	1.82614823239986e-09	3.25988142076351	2.72556550564081	5.80780381375382	4.58205702606459	4.93279830156118
chr17:39658430-39658931	Her2	2.35397082113684	1.25431067780138e-11	4.1706591844576	4.13148813808824	6.27090123737655	4.10456951166064	4.67286736628112
chr17:39981975-39982476	Her2	2.3534441630407	2.52739199779379e-28	4.56127223025975	4.24887322524348	6.37045026135673	4.54997004589802	4.6388857385987
chr15:49074025-49074526	Her2	2.35307267456883	3.49381777826672e-06	2.63089601456627	2.6015849722729	4.96211181269737	4.12261113695494	4.03981063950561
chr12:33233873-33234374	Her2	2.35285773291231	0.000266611872966255	2.5233650487743	2.15580329624225	4.18866633232506	4.21736480088569	3.17877822374175
chr22:44569055-44569556	Her2	2.35285013248917	3.71865301978892e-11	3.06017725990076	2.82824731689581	4.6295483806752	3.68507347612944	3.90599635836694
chr4:8796115-8796616	Her2	2.35116400912088	3.17685147535477e-06	3.17221162034505	2.52990049205633	5.54455502797501	5.25808676944772	5.13029517804306
chr17:39908563-39909064	Her2	2.35113082615057	8.93468848484901e-24	3.32899995987582	3.43761348693554	5.25419408986613	3.29231802262984	3.52120097612783
chr12:93082392-93082893	Her2	2.35082216066992	1.67123056142311e-09	3.44760738320827	4.8657581406526	5.553754903318	3.90921672951062	4.46998652848373
chr17:39575212-39575713	Her2	2.35081485832215	8.47615361118902e-16	3.85875967569332	3.90202184919662	5.3115622478045	3.92570411693761	4.44333546808914
chr17:29989185-29989686	Her2	2.35066182104717	1.8265201774359e-10	2.53590482942865	2.98098321865039	4.07814452723111	3.0859007952084	2.75103350195265
chr13:34518841-34519342	Her2	2.34880216839061	3.5347998001728e-09	2.75970198874505	2.05512226778255	3.86254161792338	4.05228703886106	3.35571894988559
chr17:39571291-39571792	Her2	2.34876882004943	1.53416581944812e-14	3.18930086312542	3.07372425151445	4.6842802397394	3.37752411312121	3.88752223225767
chr8:18345828-18346329	Her2	2.34872973527636	2.66174377860044e-05	2.82777475223717	2.24468149172689	4.59865707424627	4.5873203778627	4.95745389684105
chr17:40006107-40006608	Her2	2.3475686797485	5.94245573992399e-29	3.22742493911713	3.46883869217641	5.00485613678806	3.38748272529866	3.5503247344783
chr9:18893071-18893572	Her2	2.34744190205714	3.03318026554123e-10	2.89113266101697	3.32837906283995	5.10954334459737	3.11929276829248	3.50963673204512
chr17:39984445-39984946	Her2	2.34674110359037	1.19587715884438e-39	4.16010346079785	4.01040015104749	5.9195808860276	4.02998997386168	4.52448671116445
chr2:5824097-5824598	Her2	2.34656078184203	4.72770290482993e-13	2.9168001137398	3.02617709349563	5.17330938539718	3.71135814801953	3.58998833564793
chr4:69868242-69868743	Her2	2.34596828867054	1.72084961997455e-08	3.26512357582302	2.31610000692965	5.26662364923781	4.12718546222278	4.59460685637332
chr17:40009236-40009737	Her2	2.34469265394356	6.64863865126928e-27	3.53176612718982	3.82519194633288	5.22291931924954	3.5738317116065	3.89359232463972
chr17:39655574-39656075	Her2	2.34451220664681	9.83042719564664e-12	3.82099757025087	3.67974728794033	5.82412405804297	3.70820585531343	4.23341710053098
chr3:14883683-14884184	Her2	2.34418180362817	3.94177835676564e-13	3.41292353185338	2.81381942885058	5.56993800031786	4.47632241662213	4.56162652701155
chr17:49373584-49374085	Her2	2.34253676344684	1.48006836855381e-14	3.19591916620162	3.25844386276737	4.8253723595432	3.48719826716881	4.06381639060977
chr18:54501707-54502208	Her2	2.34251705408812	1.47646993681978e-14	2.84750032294202	2.62830929234752	4.7297788791301	3.59742665263893	3.84051783449721
chr1:66287122-66287623	Her2	2.34141787950501	4.22733257565255e-16	3.38139429687249	3.59751185232809	5.36508169824439	3.98097192820305	4.05759319130774
chr17:39650885-39651386	Her2	2.34100268206047	2.2638797129538e-11	4.29658448426568	4.1181980469704	6.39177903318574	4.24129965894981	4.70118085628055
chr1:204758590-204759091	Her2	2.33894837632846	2.33574001375295e-06	3.57643352929967	4.9777611483364	6.34989025428608	5.84358718322738	5.86288084490974
chr19:54809046-54809547	Her2	2.33716012217099	1.06626146685344e-10	2.48532029655357	2.24843018369322	3.68018753524424	3.23801782784183	3.18533771409827
chr16:77998340-77998841	Her2	2.33701672365128	2.45054497298539e-09	3.01583584620153	2.48420031235457	5.39241275260901	3.63074711812803	4.70786211439292
chr6:40648829-40649330	Her2	2.33544673144788	7.04717125167975e-09	3.05135550378285	4.03406085562108	5.31947928344428	3.57128492439932	4.50896284583039
chr17:49374589-49375090	Her2	2.33540069852779	2.50617386521241e-18	2.94860809159836	2.92973445643949	4.48585663463032	3.64965703071534	3.96343878791308
chr8:115692794-115693295	Her2	2.33352335377787	0.00142640931905085	2.6077372375048	3.22317290240246	5.48353576657433	4.73460499477348	5.61004312004303
chr17:39211341-39211842	Her2	2.33301825607204	1.32977996423244e-16	3.79412711544169	4.32711627926288	4.50662699933364	3.93252797203788	3.94938515938949
chr17:39529404-39529905	Her2	2.3314969988934	1.0999950098507e-09	3.21738891128407	3.29189515309737	4.7435461808076	3.71481752243961	4.36285493338531
chr6:127618735-127619236	Her2	2.3311954512974	4.69355064345328e-10	2.88500744518237	3.16107159050311	4.60923713576235	2.89181339775441	2.6624977380354
chr6:108223568-108224069	Her2	2.33052723667597	3.32699891181024e-16	3.1860258097201	3.41421344852541	5.44869188143883	3.92681262590468	3.96212831542469
chr12:85373533-85374034	Her2	2.32995520018214	8.32536709534132e-07	2.79736629265592	1.97924947687389	5.06300793869587	3.83135151340713	3.84961418361231
chr17:38531814-38532315	Her2	2.32954754742774	3.37674879687095e-15	3.4531515295732	3.70568502541877	4.70262458493208	3.94209660357312	4.08212857911079
chr16:80543718-80544219	Her2	2.32946563094057	1.75403667421658e-08	3.13934750751811	2.50887203683565	5.50814773716771	4.87553207332042	4.94506390477217
chr10:73695234-73695735	Her2	2.32888031367562	7.64839111358866e-07	2.26037714843044	2.92231243018223	4.29435015110347	2.57242263543122	3.31234445396241
chr12:91542076-91542577	Her2	2.32879371870239	1.07730399132987e-07	2.64720603073749	2.11176923761525	4.33617253335497	3.92688655697238	4.18178822800956
chr1:210698562-210699063	Her2	2.32846562702913	5.45360279563675e-15	3.47989069022028	3.683377684615	5.0372407412931	3.57712408683992	4.24295792835199
chr16:82316731-82317232	Her2	2.32836066134408	1.06513127536458e-08	3.21841860524609	2.85595232406107	5.73524529506923	4.71278507935765	4.94417838254537
chr17:40006749-40007250	Her2	2.32560364115622	1.70068607214975e-26	3.23000932712282	3.43348201338456	4.86378913098799	3.44236094272269	3.51955925797355
chr14:44197809-44198310	Her2	2.32509651423487	1.99226903219909e-08	2.5254917063033	1.82163792121536	4.53157820221963	3.23519006237691	3.79559297738953
chr17:39630382-39630883	Her2	2.32287392698438	7.36737743700066e-08	4.56048736056434	5.21130703809581	6.80495771820951	4.69266533490972	4.85564682517758
chr3:149286959-149287460	Her2	2.32271287528516	5.94935938113911e-17	3.49910495903645	3.63484222946981	5.38289009338692	4.19714461901789	4.50659438065836
chr17:39902567-39903068	Her2	2.32211575314163	2.63027581253419e-19	3.17407250319701	3.36069225284226	4.84346537484079	3.05975711061011	3.4449035627811
chr10:107610321-107610822	Her2	2.3219859503959	1.03639289614921e-08	2.96364822364722	2.3954903867064	4.95857443701188	4.46843375380348	4.74571979015547
chr22:34037762-34038263	Her2	2.32196257599285	1.96025792927151e-09	2.38775616353723	1.85627458212069	3.25634172886541	2.94310659559704	3.7080557096658
chr12:67967101-67967602	Her2	2.32035231912147	4.13652702551033e-09	3.11585351907163	2.33692668175771	5.34184603559881	4.61861684559093	4.7503593505126
chr17:38530000-38530501	Her2	2.3198152199455	6.26156662483043e-17	3.51375343950536	3.85990989048553	4.74867281535095	3.81880769010431	4.14670044586731
chr17:40000363-40000864	Her2	2.31914300990289	1.19170751331879e-24	3.39719013147145	3.37884991652639	5.02064140453363	3.3838236382271	3.57612335499245
chr14:73602908-73603409	Her2	2.31908175188233	1.00786744821113e-17	2.70548554429028	3.03685563700095	4.77245037217957	3.37468032345928	3.54099489286568
chr9:38240024-38240525	Her2	2.31869293627938	9.47380580399867e-08	3.22436240095745	3.96232600499346	5.44490707827331	5.41465060042926	5.14482436871439
chr14:100769322-100769823	Her2	2.31839678826944	2.6982028596182e-05	3.15098034033382	2.86156938782027	5.32823836525858	3.30012153160091	3.80977398705196
chr17:49372180-49372681	Her2	2.31743365584998	1.01647033497037e-21	3.33794645168332	3.71255374494903	4.97981639654495	3.88757282297677	4.03341811880112
chr11:10539281-10539782	Her2	2.31625627549415	1.87565073093294e-12	3.37855468011754	2.79789296939837	4.83160455149615	4.17959986345412	4.32914523414114
chr14:28571623-28572124	Her2	2.31610953160203	2.87383392319352e-09	2.40502835262684	2.14716600795304	3.97358205055497	2.96728726200955	3.02137817256345
chr1:57011613-57012114	Her2	2.31594757438716	4.17058810330316e-08	2.7402291641254	2.94399305990185	4.51877300925698	4.09650562312921	4.05085153020706
chr17:39909875-39910376	Her2	2.31532295582455	5.94029473513641e-21	3.38928589339125	3.37106448160979	5.13730225973702	3.26260552071281	3.62098868405651
chr8:56387448-56387949	Her2	2.3145097920141	2.7815234698747e-11	2.6151673198244	2.30525510377537	3.55424181199349	2.89320974592311	3.09931217827175
chr17:49886122-49886623	Her2	2.31413192760224	4.32906458595975e-13	3.77794158143016	4.5622877692701	5.59045949042299	4.88913404025706	5.14456720118258
chr8:92119554-92120055	Her2	2.31381747293045	3.06043007052314e-08	2.66188066562634	2.75008443757233	4.41140206256493	3.14229646027683	3.65322374225932
chr4:128232670-128233171	Her2	2.31352693670832	9.38008624392889e-07	3.01820472463229	3.0786739608333	5.25482503099466	5.2843922083705	5.32360687250048
chr1:209375053-209375554	Her2	2.31292518837803	5.49873850670875e-07	3.31225904887939	4.26438303958274	5.18262197878645	4.08157303249712	4.19992483220227
chr2:197510927-197511428	Her2	2.31147774502072	3.74315991591656e-09	3.28153213641472	3.77995368848597	5.68227182788785	4.76711839186741	4.96985735236635
chr3:128893400-128893901	Her2	2.30981992587572	4.53435209534961e-20	3.29960378088539	3.61684019769327	4.96258053097327	3.87049147463561	3.83198925914801
chr10:120101105-120101606	Her2	2.30965602716579	2.18174880363205e-07	2.92488006491018	2.40197749326998	4.36869655663747	3.74087904793989	3.55574822236845
chr10:8950888-8951389	Her2	2.30759842037943	8.45637854171127e-05	3.08419933356303	2.94048404641762	5.76746883673666	5.55168592451688	5.87334747105611
chr8:30253015-30253516	Her2	2.30757615163373	1.44307490763012e-05	3.60984040519556	2.81854546184879	5.84550317302405	5.88297467442569	5.64927008927433
chr11:62224401-62224902	Her2	2.30738477815308	0.000103231629401028	2.40358877739728	2.36960362070012	4.97006311586722	3.62041098010882	3.56729573554606
chr17:49097946-49098447	Her2	2.30726510483081	7.46745686134196e-22	2.85820329525161	2.73295592847423	4.41118322083376	3.47175648107793	3.22788957656714
chr3:80016180-80016681	Her2	2.30661426955402	2.46002258145854e-09	2.70901409410002	2.14296865118449	4.09536222164214	3.35110464542523	4.24429170674691
chr6:75061906-75062407	Her2	2.30547633928547	5.15281237110055e-08	2.72602563281938	2.21744145629834	4.22120930645214	4.28732382074799	4.13445127996669
chr8:60301236-60301737	Her2	2.30456481177277	3.13673539177369e-13	2.39748152089029	2.81614553895304	3.39990129486387	2.63214449681317	2.86757504340892
chr4:96929600-96930101	Her2	2.30441546511701	3.25238804072244e-14	3.05972393931495	2.71284499750766	4.20051996171786	3.61512579618423	3.82102211208192
chr7:54491493-54491994	Her2	2.30414175997911	4.13692610013337e-09	3.2659722419382	3.39504643892027	5.02203545974658	4.09012039259025	4.04909936495272
chr17:39531213-39531714	Her2	2.304096474362	2.88181033602592e-12	3.81784338208571	4.04914109617001	5.22305624161147	4.07893314790289	4.6517588664159
chr17:39976692-39977193	Her2	2.30357060869525	2.7461086381797e-40	3.80735011349394	3.68289464036792	5.62588849770194	3.72341573209941	4.0299611261169
chr8:18328497-18328998	Her2	2.30330728672616	6.74558948128981e-07	2.47531201626107	2.02130564398818	3.94088135900776	4.11754197301565	4.37958551842103
chr17:49888187-49888688	Her2	2.30278575547212	4.19177963297167e-11	3.47521352828644	4.46583098476229	5.23339632522076	4.68329454380577	4.89353743074772
chr17:39989642-39990143	Her2	2.30167856148007	6.5106056667986e-38	3.76323489161428	3.8350530755212	5.45352365077415	3.54387221447797	4.0594994209279
chr17:49094987-49095488	Her2	2.30159507068449	1.19200069739755e-19	2.85495122646249	2.77054170678147	4.49138203922126	3.36448296589601	3.37688075149578
chr10:37149349-37149850	Her2	2.30018044786373	5.92134991008022e-07	2.61072360368353	2.13012268458394	4.36061388678376	4.34648930746991	4.04933016882076
chr10:37195646-37196147	Her2	2.29805712638764	0.000200721947319126	2.49471441167303	1.69591532836242	4.93973415430519	5.14752432995998	4.77034567928845
chr17:39991585-39992086	Her2	2.2966021589946	6.02032411082303e-30	3.40954869274146	3.38134385882478	5.20757933165644	3.37797312720107	3.94621623607531
chr3:175546294-175546795	Her2	2.29535283852479	1.40063561937833e-10	2.90289036531129	2.62794598629351	5.26186368911799	3.4910481753776	3.64399591918689
chr6:89016443-89016944	Her2	2.29428378786162	9.46365436700629e-09	2.27235816796917	2.14573577508461	4.127837622149	3.57331352616872	3.63159858608117
chr8:117231221-117231722	Her2	2.29405315882943	8.57408168256233e-06	3.18409797607763	2.93966847894191	5.77847642049063	5.14313249532986	5.43277477658609
chr3:149279823-149280324	Her2	2.29392036140968	1.39986636080862e-08	3.81925247279599	3.63439787404409	6.15292750004993	5.03879211106275	5.11598750096253
chr12:40391867-40392368	Her2	2.29301018328437	1.90370483868015e-12	2.86124766625912	2.59147615062364	4.85943259560286	3.70614518491916	3.72454792496743
chr8:116114252-116114753	Her2	2.29300084990822	3.35565256306705e-05	2.94616664993843	3.53969719184118	5.35178455432123	5.11776821566478	5.3305337322117
chr3:58096796-58097297	Her2	2.29285113882503	1.38056229287212e-07	3.90390614326936	4.18142059795044	6.27859021743841	5.52680681005294	6.03300324613405
chr1:201082299-201082800	Her2	2.29281936254059	4.86897822965992e-07	3.20440134225765	3.08366561152948	5.04845069567461	4.16848478536576	4.33104961598405
chr17:39993127-39993628	Her2	2.29280815812242	6.24276541437079e-38	3.80222890689418	3.7969462664865	5.5115891839394	3.70154111644393	3.98536886509705
chr10:82187425-82187926	Her2	2.29230964986842	6.32323419540878e-11	2.39514603635928	1.51944453713513	4.30629893703375	3.25791343325961	3.22496169598985
chr1:144533371-144533872	Her2	2.29164994401479	4.36334460611503e-06	2.50325784124252	2.59479351215697	3.86556386237997	3.37115323471532	4.26546507106375
chr1:148452784-148453285	Her2	2.29134095065285	2.08481435521367e-05	3.10467502722982	4.74488295535981	5.77331708961748	4.1052374308133	4.05140481430064
chr14:98963438-98963939	Her2	2.29084378982549	1.44891214794231e-10	3.1429426126489	4.19027292785279	5.36603307221528	4.47552432749339	3.689113028878
chr17:39815176-39815677	Her2	2.2906454481186	1.49425264003635e-12	2.70564311731728	2.60429386144852	4.55379098886373	2.84659773194393	3.36798946059221
chr17:39692744-39693245	Her2	2.28990210741312	2.37370318402003e-10	3.56521703937947	3.21007161429726	5.54365626778507	3.64274129110432	3.95572664722315
chr15:21328045-21328546	Her2	2.28975209385636	0.0344259236611076	0.793949703892079	0.422522518601798	1.79701857411496	1.65724717155349	1.47460671404802
chr14:101148399-101148900	Her2	2.28823760962217	7.90453396918101e-07	2.87558788403177	1.8815898162111	5.08046092273666	5.23422930104657	4.74741058763159
chr17:39964370-39964871	Her2	2.28657129508008	5.50396433396938e-31	3.909620485878	3.72873399184161	5.69440112438711	3.69680136113967	4.18455530644116
chr12:43377432-43377933	Her2	2.28623814540166	1.16722820189335e-07	2.67967282700871	2.25421189102133	3.49151017586412	3.43630085696818	3.69879861455507
chr1:191163622-191164123	Her2	2.28535717423365	2.8603046957546e-05	2.72318160938592	2.76329274069587	4.75039513079422	4.80720837600173	5.18471109369667
chr2:163369068-163369569	Her2	2.28510844122347	5.41874216811626e-05	3.22623505089047	2.80157212314497	5.5972381573579	5.00934163435035	5.668424414553
chr17:39638742-39639243	Her2	2.2850346240473	3.36869735832771e-13	4.17350507801429	4.05729697009909	6.14821448006077	3.92159720726399	4.53350273377304
chr10:117399534-117400035	Her2	2.28491226075733	3.92894065498282e-10	3.01238389119616	2.49813409156244	5.27681579682144	3.21977911834563	3.40353426745675
chr10:120982200-120982701	Her2	2.28474417862098	5.73018024115544e-10	3.51224797368247	2.87221929890173	4.31441080120444	3.68970864106368	3.82753884053817
chr1:85203701-85204202	Her2	2.28329334135211	3.55560827453448e-07	3.44311954344861	3.64198732065089	5.511006802525	5.35397984655808	5.52517423570834
chr14:52568427-52568928	Her2	2.28317467873334	8.76458167300898e-06	3.3364238156987	3.55228717845193	5.57813872343049	5.12081103529781	4.74034987967341
chr10:74745535-74746036	Her2	2.28225685226071	6.17268207095733e-16	2.71584667094095	2.52799398165159	4.34531560635489	3.50058133256882	3.6748826817046
chr17:40012262-40012763	Her2	2.28214957890349	6.03996231746617e-24	3.77277266300966	3.91190555009325	5.44714725951486	3.76957311393484	4.15906759787783
chr3:185120093-185120594	Her2	2.28085616115291	3.51546852747973e-06	2.64425747406378	3.31811716228684	4.57195129140999	3.86447906754518	3.82527634656018
chr17:39683515-39684016	Her2	2.28047034196146	1.34819185875788e-09	4.05260109747059	3.78100871598593	6.07729947916985	3.99440521264326	4.44398092199233
chr8:123172969-123173470	Her2	2.28035882376254	2.05447036996391e-05	3.37987018233806	3.16077723634521	6.07718752303399	4.53184786237421	4.89684164131129
chr17:30260220-30260721	Her2	2.28007415700484	5.86441611620975e-19	3.03498912550629	2.59775275145511	4.26889236561328	3.7009959138716	3.77105025826724
chr3:104915788-104916289	Her2	2.27854152889238	9.58360056822782e-07	2.79671957473378	1.92743784794397	4.14985628857879	3.56265156951394	3.87128517826158
chr17:39644168-39644669	Her2	2.27683348413783	1.74290112570411e-13	3.8668659072881	3.9585974876252	5.85349261275114	3.77503189459789	4.17579673286959
chr17:49105166-49105667	Her2	2.27653266370348	2.04962819652148e-18	2.93722059870885	2.83898666967806	4.47956835340909	3.24385775354216	3.43247174140403
chr10:74643515-74644016	Her2	2.27458686612644	6.2888855760017e-09	2.88765182876166	2.59939810981859	5.21544925215161	4.2267647250316	4.32416330925898
chr1:44153926-44154427	Her2	2.27364101736468	3.68238157062671e-07	2.62395892044064	2.32846545226215	4.83932786392249	3.81219379995012	4.36864027703446
chr7:94476855-94477356	Her2	2.27275061558782	0.000190656561338234	3.21614023340152	2.90349612297594	5.46945750424883	5.7385993324337	5.99142779988276
chr14:80435566-80436067	Her2	2.27242025727821	1.3284504434869e-18	3.0802844498797	3.01041208926355	5.06172556805727	3.53582699053701	3.53393958674689
chr20:52578439-52578940	Her2	2.27231602267501	7.55495123785344e-10	3.02668497460912	2.60814083754317	4.20022490878156	3.49187208554407	3.60024907907343
chr17:39615828-39616329	Her2	2.2722841722994	1.30478279442113e-16	4.40215151782568	4.20862294581581	5.95717849990187	4.33063955694239	4.67607350873445
chr17:39198648-39199149	Her2	2.27181973161662	1.45974950276075e-23	5.00081837154474	5.05555760150378	5.44325329115159	4.71485380003514	5.14520117438426
chr12:4944341-4944842	Her2	2.27142582685227	8.36096467525729e-08	2.91818690502168	4.07481124537785	4.63166418261116	3.32619720305607	3.4010260669774
chr9:115129042-115129543	Her2	2.27050798532922	8.22555823652176e-10	2.63278058735466	2.17588018519639	4.62826965140077	4.37006499261489	3.52844771213531
chr4:72899615-72900116	Her2	2.27009300636204	8.18008915289004e-11	2.73503707994482	2.46437865489786	4.31004886831769	3.41903051908754	3.72060164947174
chr2:4462167-4462668	Her2	2.26935236413944	6.50769822894018e-11	2.93678703479579	2.86283535935218	4.58291962140782	3.87215201878811	3.22928869944045
chr19:51918949-51919450	Her2	2.26929221878204	1.44237893635621e-09	2.80680346687833	2.61556874281666	4.57401466505309	3.51926182270691	3.51090116176171
chr17:39816318-39816819	Her2	2.26893154062451	2.16894174165996e-15	2.86896642194968	2.93642348473707	4.74791963241822	3.028045611078	3.53424531420059
chr14:101323503-101324004	Her2	2.26735734174319	1.89527699527544e-08	3.22353710725322	2.45168426043385	4.76309492203184	4.02245105437174	4.13342489597995
chr10:9205391-9205892	Her2	2.2673043216035	1.1744933369472e-08	2.73000564242191	2.57417639830184	4.70002164610854	3.95706995789604	3.98859599638294
chr19:13696129-13696630	Her2	2.26671289962511	7.85809940261101e-11	2.77707038406172	3.21285652556093	4.63638154595264	3.80288115783633	3.55398162306353
chr17:39786976-39787477	Her2	2.26632458638055	9.95250932771422e-05	3.3788859386396	3.36150499955852	5.69818425872896	2.83311050978862	3.5479269608786
chr17:40005509-40006010	Her2	2.26548189104891	1.01355925546626e-27	3.31398520469821	3.19591209032713	5.0195319965121	3.42842585796913	3.57661716408319
chr8:124427889-124428390	Her2	2.26522187128421	7.01523491263063e-08	3.06675143331728	2.9083728823361	4.39946941494836	3.54331208518312	3.87042977385583
chr15:71072349-71072850	Her2	2.26437699374342	7.89737221288408e-05	2.85647989548446	2.6582344214038	4.92420052832071	4.16067968738596	5.41200227122477
chr17:39986664-39987165	Her2	2.26416703470916	4.16587254245155e-34	3.78670099213871	3.50925996938861	5.51181363653747	3.74723396808337	4.10776663825605
chr17:39621290-39621791	Her2	2.26300418817981	1.01037777675048e-13	5.11680425612407	5.14822113650809	6.826079023673	5.09693376003245	5.44102630930672
chr7:8408892-8409393	Her2	2.26197728953069	1.73639647272848e-05	2.67640047590098	1.79850075272413	4.73363045711268	4.79683458229215	4.8223951861474
chr10:59909660-59910161	Her2	2.26046514045997	4.78476028079182e-19	3.78998806258098	5.05321795112396	5.54764436841698	4.02776150163944	4.02823448275897
chr17:39987525-39988026	Her2	2.2599652670666	1.31398527726372e-32	3.65287757853654	3.45889176504591	5.37354646264957	3.79433972933794	3.87522585521338
chr2:6108861-6109362	Her2	2.2594913385579	9.2303371917112e-08	2.97551097476125	2.94180305637727	5.00353543845574	4.16457243858647	3.98312247968776
chr5:174057515-174058016	Her2	2.25724738208396	5.47738740177833e-08	2.88449607071237	2.46714588690292	4.87615090257405	4.15122126251957	4.07044872351408
chr17:48515968-48516469	Her2	2.25632979900428	5.0583948012156e-09	3.39820709415857	2.94229340953385	5.42660216233961	4.53377011736867	4.65629223687624
chr8:79933668-79934169	Her2	2.2559231109956	4.00724840137492e-11	3.13475599378769	3.22235527194154	4.44095225880028	3.78482892573134	3.87158938307562
chr14:21910101-21910602	Her2	2.2552786194965	2.49522572213411e-06	2.7824597067127	2.12764562797294	4.86458064827837	3.92170768090926	3.8300840471119
chr10:56958192-56958693	Her2	2.25484224072889	8.47917381421315e-05	2.89826824913614	2.28044190703334	4.68197561565751	4.29261491842992	4.52948766772905
chr1:226528847-226529348	Her2	2.25302788609454	5.11001366573695e-12	3.35024110667055	3.73686214015156	5.22818636967635	4.33281810639368	4.30188426268316
chr1:156718479-156718980	Her2	2.25253025392792	9.27614418968632e-12	3.37995100815135	3.94203871338689	5.06769138908464	4.50084980709195	4.77488264891305
chr3:11665968-11666469	Her2	2.25170039120229	7.5780012184897e-13	3.20769239362433	3.41089869310553	5.29603900326736	4.07733284580419	4.21498356296045
chr5:97203199-97203700	Her2	2.25104195970605	6.72410274562623e-06	2.69086031407289	2.27398272037495	4.51092947525492	4.91153362614683	4.73877206537294
chr17:39682957-39683458	Her2	2.25033292882614	1.27594965041901e-09	4.00279099402095	3.85231670362298	5.98934441352925	4.02178399604932	4.42839104536075
chr1:180554435-180554936	Her2	2.24912757275108	8.25028099534238e-14	3.01132363382448	2.94598055343198	4.12422361921541	3.91431100872118	3.77430942827673
chr17:39535684-39536185	Her2	2.24851775475279	7.25689952855763e-11	3.61762769068061	3.91106742538497	4.86726244159753	3.63731813440298	4.41750599830771
chr1:44606569-44607070	Her2	2.24841541911585	2.44281454061743e-14	3.21534196767106	2.64495847965667	4.46545375656712	3.80819973115098	3.61008614066763
chr17:39978329-39978830	Her2	2.24790286189291	8.55618870938225e-35	4.48829400232119	4.31831670403208	6.17041148437671	4.35024522736773	4.69611004819943
chr6:76740646-76741147	Her2	2.24727620885937	3.62083621938022e-05	2.2749386881509	1.64713531780572	3.60989612528235	2.99594959094105	3.91445457964986
chr3:158680849-158681350	Her2	2.24714165279958	7.3377242374123e-05	3.36220471700411	2.85815271785419	5.46845179308299	5.5697457579004	5.72612523214823
chr2:10662068-10662569	Her2	2.24610056138636	1.32065834037347e-34	2.92763550865367	3.08276725513322	4.55409594066471	2.80498972652586	3.12688713140582
chr13:31090049-31090550	Her2	2.24473967757974	9.54321470369496e-09	3.58278023339309	3.80178707020391	5.03525580045988	4.87955741749704	4.78773344980418
chr13:97491431-97491932	Her2	2.24432480289844	3.39949422883822e-05	2.85972451436081	2.84183652689991	5.5908002741605	4.37000385991607	4.63670080384454
chr14:99962157-99962658	Her2	2.24383413093613	2.95133936504975e-05	3.37313608190817	2.88718678472527	5.82552697568057	5.53230057151711	5.73807526450117
chr17:39319762-39320263	Her2	2.24376615866058	5.9644013484647e-16	3.22223989345611	2.90466360831263	4.18631421737841	3.08787862375246	3.3676447106452
chr8:57970371-57970872	Her2	2.24371675843443	2.66820485097335e-14	3.17587167941902	3.37467743552328	4.64638979520131	3.75055067220331	3.9118464475395
chr17:39680917-39681418	Her2	2.24267650723547	8.49938340173429e-09	3.88085337437004	3.82371813403608	5.82868158048561	3.57064404639697	4.31532875952248
chr2:76448839-76449340	Her2	2.24233465111294	7.26081564576949e-12	3.00600164337068	2.63686663991611	4.64812088792704	3.75213556073447	4.08690181940774
chr10:74823607-74824108	Her2	2.2415659024354	1.33511339763302e-07	4.86478475451667	4.39355176490871	7.044156873712	6.13104310083838	6.34872528419415
chr14:84519763-84520264	Her2	2.24049366682557	1.06329378038712e-12	3.06209708316496	3.02446415254841	4.32153753949414	3.31832097587809	3.50950876342731
chr2:76715972-76716473	Her2	2.2404576487716	6.53142202553083e-07	3.13806872346572	2.83729782832028	5.30727981216075	5.3616955890591	5.08063223561922
chr6:109856405-109856906	Her2	2.23963589830707	3.61777269991055e-11	3.19641628164177	3.02840666530288	5.08159822410294	4.39955604682966	4.3844402846453
chr17:39887022-39887523	Her2	2.23933848143844	4.07376891252181e-17	2.65360099879465	2.5800406594562	4.39938427634749	2.71581747595266	2.8021924088519
chr7:8718092-8718593	Her2	2.23793579639932	4.31526633392178e-09	2.71489817957723	2.29745946250754	4.17235888942055	3.05949320185145	3.43201570496955
chr17:39380809-39381310	Her2	2.23630489829042	8.30570326265207e-16	3.18131325255274	2.79313760288398	4.17078704064783	3.44179358177306	3.79324395933696
chr17:39616891-39617392	Her2	2.23621818031197	9.30352641106528e-14	4.85734007868382	5.04130251506299	6.41136546866585	4.77581581010521	5.21621522827037
chr14:40110849-40111350	Her2	2.23571854075153	1.15293032912942e-14	2.71586318409673	1.79269464719779	4.37778250490139	3.2829645741653	3.21335849747437
chr8:126311251-126311752	Her2	2.2355419128709	1.22394472016181e-05	2.99140392060627	2.78155745871553	4.95284957728104	5.12221109303428	5.30632047665646
chr12:114717880-114718381	Her2	2.23545079874974	7.04291947941439e-11	2.93624966456869	2.50848034010192	3.93792422183777	3.78691189784449	3.58307527524089
chr13:66038033-66038534	Her2	2.23411740267888	1.00678760885734e-05	3.32286552871727	3.23249276192523	5.31769772783759	4.56771886621558	5.09753127042831
chr22:24595798-24596299	Her2	2.2338778256283	5.04936891145531e-10	4.47974750064959	4.50118091425479	6.16847537325502	4.98956731708537	5.20255400271006
chr14:41639860-41640361	Her2	2.23369683917038	7.73622462684612e-11	2.89121802998336	2.40344214817914	4.53718987213105	3.23538613196635	3.53464299453941
chr1:24598086-24598587	Her2	2.23345704786664	5.00938156251267e-08	3.07234774744461	3.09366062755653	5.28970463225783	4.04748424993692	4.4405257137914
chr17:5974441-5974942	Her2	2.2334358995198	6.16235266788646e-05	2.44469000125538	1.88479257224456	4.89739179270319	3.68883941973974	3.24848643968936
chr7:146214184-146214685	Her2	2.23325699144169	3.16621467725215e-12	2.82319656310933	2.43258387881833	4.24140769565528	3.16618695594024	3.14174495631088
chr5:145427988-145428489	Her2	2.23193753962462	1.1920092911465e-07	2.88839972752437	2.48610295194458	4.84308547108454	4.78633529089617	4.80752160309819
chr17:29910223-29910724	Her2	2.23111483315935	3.46033062225035e-12	3.19308808662671	2.41871224608534	4.30201957266399	3.92817515239575	4.14277612344699
chr3:62299914-62300415	Her2	2.23084537451284	1.56300103253868e-12	2.99558265046709	3.30872740864933	4.16746671406801	3.77090204812102	3.78675634397158
chr17:39635997-39636498	Her2	2.2307897348613	6.6045844319561e-13	4.78075862274386	4.81171574164751	6.7477767486803	4.59931052526561	4.97322916730463
chr17:40579442-40579943	Her2	2.23035671843884	2.87525365896649e-08	3.61833451036851	3.4686757871382	4.86817919899584	4.96419884981491	5.33607044527167
chr1:88928423-88928924	Her2	2.23031995194648	4.02545875497694e-16	2.98950089785352	3.76781172881462	4.785354103902	3.34466178265421	3.26903184667853
chr3:198160664-198161165	Her2	2.22768246164286	0.00110252365305246	2.13402239399204	4.69998619789267	4.40864349682038	3.31497805796792	2.81861202453734
chr4:124132806-124133307	Her2	2.22663204926036	5.66746833002564e-11	2.75862940536575	2.36044685707893	4.38434068840292	4.06690379566639	3.90945425249193
chr10:32687083-32687584	Her2	2.22659673826503	5.70162755169874e-15	2.98849911789767	3.20111772426222	4.53329294625153	3.11615678957782	3.42919637382262
chr17:49364580-49365081	Her2	2.22579562443005	4.0680312955994e-29	3.57135868310114	3.62550145346963	4.92943778612337	3.87314243510563	4.04197529741406
chr1:48903191-48903692	Her2	2.22486585974642	3.01021540256394e-10	3.09144875042052	2.64588498621754	5.00512387054791	4.48211504781599	4.368649553235
chr17:49392274-49392775	Her2	2.22353912505392	5.81633376943644e-19	3.47983453601182	3.74136621456442	5.08034290006996	4.03432781033972	4.17780794728124
chr8:116118068-116118569	Her2	2.22272723535727	8.48501122285286e-09	2.71255047891891	2.93372277862078	4.19506185469369	3.78911580940326	3.83790312499863
chr5:174146919-174147420	Her2	2.22267698348527	0.000123354418041247	3.00380565921593	2.28655151544151	4.90912625233039	4.6554636139638	4.99017653670876
chr17:39646478-39646979	Her2	2.22262431923523	1.37366981775026e-11	3.72311084961728	3.542910701225	5.61469396052054	3.49323229705418	4.2517693800106
chr16:54449215-54449716	Her2	2.22222171110542	2.8000287373128e-10	3.06695034505043	3.81280093979723	4.80897008105908	3.35798105262291	3.95429355331555
chr17:39620730-39621231	Her2	2.22065984302234	5.90079400769566e-13	4.56177548775256	4.55174691196739	6.25599303642222	4.44664298604095	4.78284634883697
chr17:30224486-30224987	Her2	2.21954945235307	5.20767317210171e-08	3.16043777226686	3.69479010739673	4.93756362259522	4.02702406852353	3.84290408762735
chr17:39992562-39993063	Her2	2.21915316674637	1.15263088191626e-38	3.81269664021059	3.74776263865737	5.55348203715623	3.66767006085216	4.09284799306507
chr17:47521356-47521857	Her2	2.21879094058732	7.10659310949608e-05	2.63576085515228	1.97835319040676	4.22493498375726	4.66572165214782	4.74645135868886
chr2:131548720-131549221	Her2	2.21713629700838	0.000583046178999823	2.54492405832508	2.16162070526754	4.08071695209179	5.17084815987112	5.56823291716825
chr8:65654705-65655206	Her2	2.21696433482599	4.745423007174e-14	3.3066463486657	3.53859634460057	5.38358207328031	4.02268419021124	4.23959476730257
chr22:37548054-37548555	Her2	2.21660077303928	7.08461765727123e-11	4.47402117299807	6.16430368205801	6.6093288861355	5.33591500904655	5.0818015429416
chr17:38586452-38586953	Her2	2.21507770796204	2.36321191001389e-18	3.98004577629577	4.05361505471464	5.15869439417398	4.33620298878559	4.70596978452358
chr5:34234437-34234938	Her2	2.21329386757179	3.54855715411669e-06	2.85095718704459	2.30724467843627	5.00594597634015	4.2820394795217	4.26214212178012
chr17:29967039-29967540	Her2	2.21302723112401	5.50899091336583e-15	2.28455878390032	1.54390473160293	3.30423280514036	2.40751467707689	2.60310388089895
chr11:78606631-78607132	Her2	2.21265628966935	8.35916824864845e-05	3.13454878655252	3.38742675225434	5.49219197483963	5.48926308233098	5.25134180325695
chr17:39224240-39224741	Her2	2.21131059179149	1.22819834323169e-10	3.87576120973922	4.79413789606752	4.4072365316429	3.88450262760897	4.17089903491097
chr10:82193109-82193610	Her2	2.21121663879849	1.47566502947886e-12	2.67291419582104	2.60941570307461	4.18245444352013	3.54793963489402	3.26748212416362
chr11:129621865-129622366	Her2	2.20962029627524	2.70713377895583e-08	3.2143511401047	3.92958187493983	5.38209936395473	4.64761517414917	4.4836904905998
chr12:72364322-72364823	Her2	2.20774228857001	4.44266028957571e-09	2.85673337397224	1.77301759434045	4.28950243507879	3.29272808896108	3.80619317922932
chr17:39807235-39807736	Her2	2.20762529211801	1.79693528944848e-09	3.13405652731532	3.52180830404236	5.02143035577344	3.25905252884988	3.597608501518
chr17:39771038-39771539	Her2	2.20756107458567	3.40943554190795e-08	3.811460022238	4.46284822357525	5.78202291918748	3.52709122215054	4.42487654098744
chr13:46762441-46762942	Her2	2.20582593735602	3.13421561177216e-08	3.45866756969455	3.09067300299671	5.73178563966911	4.93654596028922	5.11511505341917
chr15:47584295-47584796	Her2	2.20558554247353	1.55586959183598e-11	2.57305403901376	1.93670346361285	4.32457571202136	3.69270300447518	3.57225760076089
chr17:39619131-39619632	Her2	2.20435792732727	3.55903355037262e-14	4.99302697425489	4.98813095695274	6.70047949338053	4.82901716225836	5.22225623894261
chr17:39815753-39816254	Her2	2.20352296299571	9.523647967863e-14	2.58364021184143	2.25366356165048	4.4002361121563	2.76604997671897	3.10487311982394
chr3:39205035-39205536	Her2	2.2027900690667	5.07695480667613e-20	2.86306217905982	3.03933274859269	4.01051874990042	2.99675627511121	3.15649857819591
chr1:113195983-113196484	Her2	2.2010310178431	3.89725373844417e-10	3.51472623892266	4.78381351654581	5.64174483502774	3.72167564660386	3.97361718656658
chr17:39977680-39978181	Her2	2.20095215817195	5.40925960896633e-28	3.72890228102702	3.4223093254061	5.34896528953021	3.59279688317111	3.95935247290175
chr17:39806650-39807151	Her2	2.20046626136398	6.86278470127517e-09	3.37430593173373	3.59224865240726	5.30507374638941	3.35267562940549	3.98520253811266
chr10:37378484-37378985	Her2	2.1999697665623	2.65280277662375e-05	3.25079296716991	3.10544623792104	5.2280454614709	5.59824041302957	5.25020312910517
chr17:40020138-40020639	Her2	2.1994676544101	5.38873340449087e-28	4.02575058304908	3.85690424093368	5.81143185426214	4.06027012424295	4.42160525522463
chr17:39582648-39583149	Her2	2.19781743543714	5.20662423449241e-14	2.9499922741113	2.82960123745055	4.41366774619139	3.01241496076387	3.27148938141282
chr2:241764244-241764745	Her2	2.19556328703845	5.05408722354363e-07	4.16076019082189	4.0410756494377	5.93448847261751	5.44568867761691	5.62373819644597
chr8:116175103-116175604	Her2	2.19547607648239	0.000635530351431402	3.27306880806873	5.3124653010785	5.88992387521135	5.53360857030918	5.81684913318014
chr17:39613037-39613538	Her2	2.19529939469879	1.4202779738532e-14	3.68509071311547	3.56568954088286	5.14495307841112	3.63613533547644	4.06793080234937
chr7:39717766-39718267	Her2	2.19495988432002	3.56419495063121e-17	3.6051340861278	3.7201542207376	5.61252439979364	4.26167298106297	4.4051282422716
chr17:57158000-57158501	Her2	2.19308805048064	1.86030826851945e-08	3.3530780076308	3.15933182122626	5.08212831680815	4.1055343354489	4.68360728235287
chr8:71599769-71600270	Her2	2.19289538519249	2.24505392682728e-06	2.67318145554605	3.54939673995666	4.44343161858721	4.13422101200179	4.43456087517474
chr4:35770714-35771215	Her2	2.19185669502477	0.000108105903375098	2.27874219505975	1.95355755145665	3.83036547299436	4.53171177075419	4.48488112723764
chr2:216750765-216751266	Her2	2.1909884633546	0.00104304715145324	3.13947053949487	2.33652597450088	6.22080594605308	5.26127097063771	5.68744774326381
chr7:30012174-30012675	Her2	2.19057018062948	5.33487550170064e-12	3.21430253994914	3.22793167828486	5.12107856292658	4.22949288042194	4.31739582859351
chr17:56103572-56104073	Her2	2.19030048619108	2.01943836692891e-10	3.10791774514667	2.52721268829761	5.15365794635595	4.0226719156881	3.98009325565898
chr17:39215164-39215665	Her2	2.19009260611484	1.27352122327685e-15	4.13725336730105	4.68659819650618	4.9491330125313	4.33378979210104	4.31920590989446
chr17:39974945-39975446	Her2	2.18955759612922	4.86193533895199e-28	3.40955914023516	3.0252618813119	5.13127816705848	3.33842172695179	3.67729976685627
chr5:15350282-15350783	Her2	2.18927185107181	2.51404770730652e-08	2.98034999177866	2.47741331396956	4.83055103789094	3.84482616472431	4.36711828800783
chr17:39768304-39768805	Her2	2.18915018572676	5.70177387787139e-09	3.51689690358132	3.81454436899923	5.40704527717293	3.45864635366838	4.07308133619565
chr1:36754664-36755165	Her2	2.1886638120358	3.0734546325502e-07	2.96674191191141	2.91644561040218	4.92152968982271	4.43331488339971	4.70763776020025
chr14:97831820-97832321	Her2	2.18838345954204	2.21496976015125e-08	2.74432143566506	2.27455257820715	4.60749494306375	3.89265246840689	3.4908980612667
chr17:29056898-29057399	Her2	2.1862908961403	1.03631593355881e-08	3.18540106615186	2.80965853002718	4.92954481513451	4.11166354410285	3.79558338397703
chr5:77619627-77620128	Her2	2.1853509643005	3.54252028973104e-11	2.80476090218522	2.27110303084207	4.47600855806857	3.127484970281	3.35849148434586
chr17:50052106-50052607	Her2	2.18532059703723	2.39666483874886e-08	4.85377421061941	4.32097581188536	6.76264284854581	5.76633347853061	5.74990981993551
chr17:37142881-37143382	Her2	2.18500066962524	4.1499698329435e-10	3.15477312544478	3.87346659050742	5.19769116057148	4.1119672445256	4.35556108658599
chr5:3501380-3501881	Her2	2.18496197089771	5.1766745893376e-07	2.75406391720583	2.29496683744775	4.93935602987899	4.01055375842084	3.33793687673291
chr3:55932238-55932739	Her2	2.18465289784545	3.53128235331289e-08	2.30787001494835	1.34644334297563	3.5763192891109	3.22145962900343	3.23282071048966
chr10:70118863-70119364	Her2	2.18438754111913	2.58811922075031e-23	3.30762068169304	3.5134087636625	4.60452468669349	3.80271491665425	3.71675654490736
chr17:39616369-39616870	Her2	2.18393971175872	6.46234368097798e-14	4.33432299508465	4.27961075473214	5.82065866774881	4.26244494718465	4.64929228332879
chr17:40020754-40021255	Her2	2.18258757504044	4.30563540140327e-21	3.77252402104409	3.68434262157817	5.59658643870221	3.93653942415407	4.14761310833134
chr13:55653360-55653861	Her2	2.18182974243192	2.50433152517816e-07	2.97985069966279	2.40415476650418	4.91426860671385	4.01334433926934	3.88462988120245
chr17:39975798-39976299	Her2	2.18114157541938	8.74605437249509e-30	3.61323303313892	3.27609182821437	5.28703667105831	3.49666767960299	3.76135624249874
chr16:65824901-65825402	Her2	2.18082341002719	5.26003711980568e-11	2.72485617393134	2.02177909529065	3.55107458623761	3.12567978314234	2.94375521859394
chr7:22492406-22492907	Her2	2.18065394406883	1.83866830212591e-11	2.36489084543409	2.27872020237933	2.90971281663458	2.69146708356332	2.71263478096619
chr17:39806028-39806529	Her2	2.17785320399604	1.41453011237809e-07	2.8207100569849	3.07696225378352	4.65370132126586	2.61747078193859	3.41235487928096
chr17:49375638-49376139	Her2	2.17766095931328	3.87357868494432e-17	3.21148389320746	3.35427309825171	4.58442487956103	4.20309519383444	4.1515459082545
chr4:91272342-91272843	Her2	2.17718017731855	9.28995071064156e-07	2.62288310745111	2.01248917761333	4.59130004885163	3.43505026637074	4.14996314167827
chr2:26301724-26302225	Her2	2.17696071267286	2.63009725614764e-14	3.74517398400708	4.86430027720768	5.96218431346197	4.82840572096342	4.79356819523615
chr4:54593480-54593981	Her2	2.1766450198381	4.31665058149707e-06	2.80484123225147	2.93945845331424	5.15529882391156	4.18583552007258	4.25574534584608
chr3:124777266-124777767	Her2	2.1755329718264	2.35349836373183e-19	3.85015354341766	4.1618456545253	5.82563157224382	4.59306419618334	4.59997949254237
chr1:18703260-18703761	Her2	2.17528403430343	3.50477770034926e-06	3.66383755611454	3.20311279141265	6.07113943738163	4.76189197587219	5.22437528715415
chr10:22110427-22110928	Her2	2.1742535130985	5.3764390975949e-06	3.02216052599097	4.87046062836107	5.54889546107387	4.4128112955557	4.5224767695144
chr17:40001209-40001710	Her2	2.17417681793753	1.43553707701451e-23	3.13302625014337	3.13945881466289	4.75751818527481	3.03896380038509	3.41037129239319
chr6:36153427-36153928	Her2	2.17318219245779	5.03627447549237e-09	3.4000552062242	4.71127930013613	5.80995294246999	4.71271343611906	4.90003735805822
chr7:31273107-31273608	Her2	2.17314052341683	3.86491062409238e-12	2.86733253646452	2.32590986800016	4.46088656036362	3.75900437137348	3.56752996799325
chr17:39645525-39646026	Her2	2.17159831291617	1.54174613061281e-12	3.70738770070827	3.58997961803532	5.58220830897395	3.52311374929753	4.03363913362552
chr6:14965424-14965925	Her2	2.17096961581375	1.92185989623656e-07	3.16823632739558	3.45178930070807	5.36727473414186	4.32825419952871	4.46575072495761
chr17:72534682-72535183	Her2	2.17092249353089	2.08524544767077e-05	3.96772229593881	3.66861903962172	6.19289245562635	5.5561119555128	6.30803286641241
chr17:39613730-39614231	Her2	2.17089839696667	1.55089994260155e-14	3.73485148110784	3.7031943524432	5.23865556989597	3.6276751154501	4.16133488364951
chr17:39578598-39579099	Her2	2.16844987715414	3.7826671994742e-11	3.52146559426715	3.52403871015444	4.93826939066876	3.4522922380771	3.91227386926802
chr8:51795702-51796203	Her2	2.16785634726978	2.5465265691919e-08	2.84904041087113	3.03108026540291	4.07009426714572	3.47205345656499	3.85530657487061
chr16:48732787-48733288	Her2	2.16700189891697	1.54646012352064e-14	2.86262897609993	2.4511441846448	4.08446247609458	3.14326087197515	3.50756261528913
chr18:14784769-14785270	Her2	2.16698943327723	4.06336315120023e-06	2.43373729395595	2.11192706875922	4.57551267611945	4.19168915901714	4.08416816758675
chr2:37792331-37792832	Her2	2.16611620701758	2.23141235484006e-13	3.33909319352325	3.8597462896994	5.09705145461618	3.9123505628833	3.96221008391575
chr8:135347610-135348111	Her2	2.16584143786684	4.6843154475593e-06	2.9376453069124	3.26088093643676	5.13334586689988	4.44267933587081	4.35969750533408
chr17:49107425-49107926	Her2	2.16560365010091	3.25333534747548e-12	3.25780449659136	3.91937659056474	4.80717255312608	3.61321122092402	3.68635876232992
chr16:14473424-14473925	Her2	2.16557730757001	2.46657977001097e-11	3.60819613098125	3.38851004482758	5.65292153636113	4.48821532967487	5.23121313363694
chr10:29115227-29115728	Her2	2.16546420171678	1.10672140224896e-08	3.12867088043637	4.64354197922822	5.14923914346532	3.78859763494111	4.29238549483731
chr17:39581052-39581553	Her2	2.16499018665892	3.9766601273484e-12	2.97812118652845	2.53710874534813	4.24661538570079	2.80384113147493	3.30235812871067
chr10:121044927-121045428	Her2	2.16480215231334	1.22855245311691e-10	2.86215829482653	3.08774666368607	3.83534402785658	3.62042102669201	3.03690241868554
chr7:30435131-30435632	Her2	2.16420577973221	2.4364692139689e-21	3.89488984797089	4.19415076119432	5.18667092175445	4.21346551588371	4.20842481346437
chr17:40003503-40004004	Her2	2.16416187937312	9.45444510382734e-24	3.22544912569187	3.19807471314241	4.76214129527962	3.30593251443877	3.51037764463592
chr13:28097463-28097964	Her2	2.16279213538153	2.57358579003617e-10	2.52363059473096	2.41145421603031	4.26235350195749	3.87007952675584	3.61071749214932
chr8:72174984-72175485	Her2	2.16246820175592	0.000945281381955536	3.13888652102265	2.84867778652452	5.05855937234714	4.98668532883307	5.79761275261295
chr2:138336135-138336636	Her2	2.16219426421196	8.02812192620462e-14	3.28293803139017	3.76743524536372	5.43525047729062	4.12440164274995	4.02750465105435
chr17:40002072-40002573	Her2	2.16166935497505	1.09530372483627e-23	2.94680324817627	2.78895633199486	4.57921488368994	2.73087497739241	3.17058183862212
chr7:47634109-47634610	Her2	2.16156004976052	8.79941107851405e-10	4.09873637235109	4.20514904819988	5.32920095034055	5.15576012900186	5.33843842453123
chr20:62738401-62738902	Her2	2.16025458208329	2.53152982018171e-15	3.89174846342905	4.65139294654602	5.8923732764745	4.37836949419435	4.36291122025818
chr10:114819252-114819753	Her2	2.15959284468361	1.00087927317303e-08	3.65098676347188	3.42395701450874	5.50103120901634	4.89899606070456	5.10244284355218
chr10:77634907-77635408	Her2	2.15945496280944	1.1001358308501e-07	3.30559858180687	3.03061469692691	5.22802344421287	3.87535355669508	3.84570365771955
chr2:87430442-87430943	Her2	2.15859720338348	0.000937540528169067	1.75114747179052	2.8508488264003	3.87129681544364	2.57741500771224	2.96473833574064
chr17:39614437-39614938	Her2	2.15840015473799	4.91872568312604e-15	3.81165109737783	3.77354372763015	5.28914160343421	3.80028419998602	4.18551463013646
chr15:90477561-90478062	Her2	2.15815924146324	4.65382240151219e-10	3.49391492082493	3.46048247681931	5.61900694281096	4.92303159169781	5.07817471544774
chr11:73193230-73193731	Her2	2.15785046869639	8.77091521766598e-08	4.64207918095457	5.60729942626627	6.87722741712613	5.96615745250968	6.04383969983784
chr3:149023251-149023752	Her2	2.15680939519229	1.88375094001087e-13	3.421528756136	3.74399150450363	5.13912828127066	4.46685173141117	4.54009727280903
chr6:145444886-145445387	Her2	2.15558763185262	9.4291183074471e-12	2.9091269607738	2.43805337402282	4.49339220418397	3.33079902347604	3.6948932312905
chr9:120014840-120015341	Her2	2.15501620168018	5.71253807321246e-08	3.22590351916733	3.5385048439124	5.09669545077996	4.26102699144286	4.21094964594737
chr13:54128072-54128573	Her2	2.15456479237814	3.18647870816126e-09	3.02001014544046	2.37190012779277	4.60754716341014	4.14205649942308	4.13822983011684
chr3:130114923-130115424	Her2	2.15431666202434	5.60591053890899e-17	3.84349981739346	3.58337564979601	5.34349164042367	4.5242779447195	4.84169100916356
chr17:40030827-40031328	Her2	2.15403550228151	1.91813772431704e-26	3.92164049659997	4.1094939547808	5.51141161786794	3.99467110089562	4.29468064069627
chr2:31559497-31559998	Her2	2.15356125985888	9.61266159043543e-06	2.88626162675516	3.0143174623069	5.35134538108969	4.46455495741464	4.57768342190974
chr6:145631287-145631788	Her2	2.15307826813136	1.49161260910977e-07	3.64297670755296	3.41662879243978	5.81183759889526	3.98035324348069	4.44086570074651
chr17:39624139-39624640	Her2	2.15249532715986	2.28849046401226e-12	4.18185295985784	4.18316893978026	5.82899413610379	4.07850780063443	4.68609871808395
chr17:40029078-40029579	Her2	2.15245751012478	7.81091122916246e-26	3.9548776980387	3.96010183897724	5.53682277340452	3.82245572975683	4.29265188996467
chr7:38378166-38378667	Her2	2.15207622524097	2.2375574012835e-11	2.87664679507584	2.27944200008702	4.10066543886288	3.54378178540444	3.37843170037377
chr1:119068079-119068580	Her2	2.15131696189309	7.21875597893789e-10	2.89159636518678	3.28564045449601	4.65757534606372	4.1135037945033	3.86837769598886
chr16:78050924-78051425	Her2	2.15106776449317	9.86193552822005e-05	2.59773345630839	1.36989511277935	4.71065971891848	2.85985956437325	4.12062597067771
chr10:37414014-37414515	Her2	2.15063430365633	0.00198394269138413	2.66604378698445	2.27718373338584	4.99407127360324	5.66580467639415	4.83167772089973
chr17:39993930-39994431	Her2	2.15016892467936	1.57922890888531e-22	4.04813560608962	4.08694679322671	5.64721266768063	3.84725765554294	4.30687027086752
chr4:184893419-184893920	Her2	2.14906973300372	3.66860672077564e-06	2.90107452869781	3.13758125327723	5.11631958888258	4.50569684112366	4.43417145860335
chr1:221714322-221714823	Her2	2.14871087566738	0.000127639778414059	4.68075279485229	4.42743323574679	6.97590930693447	5.54967863008605	6.05929013267904
chr10:107749153-107749654	Her2	2.14869093967482	5.97388318807486e-06	2.98963078342278	1.81944570146519	4.70694351077627	4.00715795614199	4.24335928400854
chr20:33010001-33010502	Her2	2.14854840820217	6.27508223629086e-05	3.7265775241727	3.8184155050497	6.29158037160533	5.04093548290725	4.70552974462789
chr1:229891130-229891631	Her2	2.14850426982257	8.79426376933118e-09	2.81480651291359	2.74292838958979	4.93743840924176	3.93235875483627	3.9952631110396
chr9:38436305-38436806	Her2	2.14827928668362	4.91200513023724e-05	3.87185313193136	3.51113067651272	6.1529893539334	6.43115990852782	6.03434488149878
chr12:14900490-14900991	Her2	2.14809052282264	1.68291558505841e-07	3.50293655015082	3.97011757711959	5.52349131995108	5.22086668434801	5.4487195120621
chr11:73832988-73833489	Her2	2.14749119462435	2.47951172117967e-14	3.10209370040047	2.82703862930374	5.00926584394289	3.87893935904897	3.77620846638955
chr16:11293248-11293749	Her2	2.14710579252789	1.77201626243935e-06	3.58484526196431	3.73127092799529	5.72754724739209	5.36868160639256	5.76897085854415
chr1:18488883-18489384	Her2	2.14614011544113	4.65718049892598e-07	2.94589195902675	2.25067697757797	5.16730690209833	4.25496830297193	4.57545322103694
chr17:39615304-39615805	Her2	2.14591399672507	7.23778530812362e-14	4.18243484979516	4.13690429939313	5.68872117224748	4.29772558617843	4.5783459639113
chr15:40409353-40409854	Her2	2.14532072268209	9.0661186315641e-09	3.90386032624838	4.33266476365649	6.0513940712435	4.73753276544283	4.52744717664153
chr12:70567798-70568299	Her2	2.14457519730589	1.42364194890829e-14	2.88275426015493	2.20181657615889	3.90687442496889	3.17127703825063	3.22002472832287
chr2:71741890-71742391	Her2	2.14406205631871	1.34475653516585e-10	3.37733785475557	4.47017815079754	5.52207538134964	4.22499408876877	4.28688777856938
chr2:131600041-131600542	Her2	2.14345950774933	0.00837917322876258	2.53063691726794	1.54737716741711	4.5233372030297	4.97067757995299	6.16013846292702
chr7:71218996-71219497	Her2	2.14294015477352	3.60327477624588e-08	2.62755551994316	2.38746384407276	3.45762827105257	2.52765347840916	2.21712025432558
chr17:39562239-39562740	Her2	2.14193943586477	4.35136505579196e-10	3.19707963732459	2.93923169696491	4.52953180439426	3.03756587047219	3.6110120592842
chr2:10336234-10336735	Her2	2.14129315433617	9.76006550083479e-07	3.50144368529298	3.34069821428681	5.68879854189856	5.09884458986166	5.67172086686642
chr4:3779427-3779928	Her2	2.14074651723967	4.78772789904043e-06	3.66833176714618	2.72206906455736	5.07721392017899	5.08727315869033	5.45459652243193
chr17:39966174-39966675	Her2	2.14061500423578	3.10405644449617e-27	3.91682398874177	3.60462973789371	5.46632026675244	3.61925081444092	4.18569313469403
chr17:38526489-38526990	Her2	2.13914110709718	1.6623764592479e-16	3.08905971380676	3.2364823745791	3.93632985667482	3.45634466234589	3.36886307497569
chr10:95919400-95919901	Her2	2.13911409284095	6.3689974653738e-10	2.86697447693174	2.90525203192615	4.78463001830742	3.86264665913996	3.88898391773823
chr1:33148238-33148739	Her2	2.13760917282841	1.29269913372038e-08	3.28272480112436	3.31850965462325	5.43298233606448	4.65079356524759	4.76754025153352
chr4:8721362-8721863	Her2	2.13715347106366	1.93896236744712e-07	2.5659685557982	1.97856333660432	3.82446483725372	3.7100364261254	3.7815035516952
chr17:39635077-39635578	Her2	2.13712566128372	1.34194765460911e-09	4.60455990058026	4.47801203151763	6.38845638346891	4.31269536373723	4.79409123670603
chr6:106531524-106532025	Her2	2.13699290474607	4.3652285261249e-10	3.0198969590804	3.23252114154994	4.43887783852957	3.0987637915011	3.36810943876226
chr7:69418241-69418742	Her2	2.13637889209849	4.24148894919019e-12	2.51717317628199	2.76816050296531	3.69078401316604	2.80153106652144	2.71729786315052
chr10:50007631-50008132	Her2	2.13501809378931	0.0114982805230056	2.77386990338212	2.05524176421029	5.45825562512866	5.12762288727638	5.71974471911463
chr6:14541118-14541619	Her2	2.13501256007755	3.35749448385947e-07	3.20766294596037	3.78600592902616	5.37617879960019	4.8328296298347	4.5518007349959
chr10:37152590-37153091	Her2	2.13272297135253	0.00017078227903847	2.62583397197864	2.23403094528166	4.4827215699551	4.76013794991366	4.36654629091894
chr10:87007703-87008204	Her2	2.13124892394603	0.00194562946910185	3.10941382371179	2.7050444887338	5.73402536315621	5.36014811231935	5.8322529759487
chr12:66443689-66444190	Her2	2.13050179948981	3.61246530014749e-05	2.80595926669286	2.6264934459743	4.46446088155399	4.50785268949942	4.74542753487152
chr17:39974320-39974821	Her2	2.13027194408493	2.59577832148975e-33	3.82646310466518	3.74084836052119	5.50227901760423	3.62934799674573	4.05676357109101
chr1:44642815-44643316	Her2	2.13013492793733	4.45426698207579e-10	4.06615656926307	4.01517769123621	5.71632073373151	5.11886480342398	5.29097068373871
chr20:45874487-45874988	Her2	2.12962060002394	6.83474875011268e-09	3.71508246477374	4.80868982252309	5.9303167136938	4.79390004006154	5.21747915242329
chr20:17357754-17358255	Her2	2.12940240602515	1.90844317514457e-07	2.8253534069908	2.42038199037148	4.96109238327333	4.12789876511121	4.04695181353827
chr16:19483996-19484497	Her2	2.12841780112025	0.00127415482270165	3.27104418385203	2.64507071391309	5.90630981953735	4.79077292499068	4.89795847789246
chr8:139742947-139743448	Her2	2.12791446180293	1.75427012057465e-06	3.63613039079839	4.61808049436471	5.77250580136226	4.53654062523989	5.02772908995256
chr17:39609777-39610278	Her2	2.12783938263203	1.01576082757773e-14	3.41168545840733	3.25850447050196	4.776566554934	3.39748560983671	3.7883305888301
chr17:39767719-39768220	Her2	2.1262828121221	2.80014859400101e-08	3.39833594407567	3.72710320814865	5.25718730013147	3.40671676466796	3.91438031265642
chr2:237048090-237048591	Her2	2.12546069533475	2.35122892224225e-07	2.71628042909299	2.61829796807403	4.06501601961873	3.47367359189134	3.69810564945929
chr20:720680-721181	Her2	2.12427714106972	3.67551633008218e-09	3.12257873776158	4.28776021466657	5.1453074324244	3.91231405659916	4.24126278698252
chr17:51407545-51408046	Her2	2.12293854771998	6.5699544227072e-13	2.82020972293857	2.74535863256902	3.94780905851164	3.26368428379496	3.48835156189596
chr8:117806669-117807170	Her2	2.12215221815364	1.84481034543521e-09	3.01155301771642	3.66523432724343	4.59437127504384	4.29073743790205	4.22003962295366
chr12:88424238-88424739	Her2	2.12176207707852	0.000168750372492709	2.70206625629519	1.9322668148616	4.65256583765322	4.33165383809647	5.15106458809653
chr1:205092926-205093427	Her2	2.12110976928653	1.17173205877063e-14	2.82347547452632	3.40572151949732	4.58390601887118	3.14850701086897	3.30651679831502
chr16:10083287-10083788	Her2	2.12069897754007	5.84709849521744e-06	3.42061614389186	3.11641493725948	5.54454743245481	5.12015695849174	5.08103164922824
chr8:117127473-117127974	Her2	2.12059287499109	2.78212989459899e-11	2.7447948202364	2.61665108142609	3.52008420294316	3.69782135675123	3.60688677791958
chr1:30502144-30502645	Her2	2.12054435077446	3.94520693255115e-06	2.61706612615637	2.14148477886538	4.24632214013732	4.30025730811292	4.50476390854919
chr17:39823635-39824136	Her2	2.11885339578485	1.29663210001017e-14	3.38218157612032	3.54708713452522	5.12097864203688	3.27779494717249	3.74940016350351
chr10:116141185-116141686	Her2	2.11861057928853	8.8110822371456e-06	3.01992467962152	2.80557631197681	4.423342099415	4.43168946528428	5.29889931525591
chr6:104908539-104909040	Her2	2.11847304905441	2.49790717026051e-07	3.19044791915807	4.23441722571723	4.56098086954792	3.24637415495877	3.64109706903477
chr3:20928149-20928650	Her2	2.11841247240425	7.21326021259336e-12	2.89085410483783	2.19502237166219	4.46949123834415	3.54122640756482	3.47841619682823
chr8:101453473-101453974	Her2	2.11835783453304	1.69675866984402e-07	4.18817453089935	4.49264028192171	6.48299931062258	5.08983801458011	5.455951670336
chr12:8639813-8640314	Her2	2.11821392401858	3.13863648325792e-06	3.46238959758368	3.36696555196515	5.536953489816	4.5845196488842	4.23711619457334
chr8:70492294-70492795	Her2	2.11815069469695	1.34403184280993e-07	2.71228087145934	3.06595181033714	4.70055570361963	4.01193628803052	4.06013411892864
chr2:5265144-5265645	Her2	2.11601619507388	3.72386703407425e-05	2.36511664813829	2.03524364885699	4.1633595787314	3.57871838802455	3.58162769082287
chr4:105932931-105933432	Her2	2.11569698930881	6.50626612186827e-08	2.76767757918221	1.84974880505922	4.41314602905458	3.83788168962228	4.48590800342952
chr6:10314293-10314794	Her2	2.11499166977151	0.00101801610631957	3.94658206521671	4.35269576278477	6.43486169580858	6.23862671703097	6.23626891109055
chr1:210475266-210475767	Her2	2.11400407778416	5.73386586008183e-09	3.07974532313094	3.7296714007273	4.93575976143116	4.2785224366857	4.30214116272647
chr17:68425494-68425995	Her2	2.1132301930781	9.0455728167144e-13	3.81730305294983	4.15481234398678	4.9425265257035	4.5665296233207	4.83386804247469
chr17:49372795-49373296	Her2	2.11256703749061	1.06205802839635e-18	3.3366069857775	3.42633893883412	4.79144527428067	3.65965763423433	4.00407990687847
chr10:37321514-37322015	Her2	2.11140373859733	4.43490952924418e-06	2.85415763254369	2.51761153777254	4.60889372644512	4.9513330016451	4.51463441777583
chr1:155040210-155040711	Her2	2.11087098948807	3.15658857449336e-09	4.3296534983309	4.73942620320269	6.10442919349722	5.68413700350007	5.97649332564821
chr10:37470071-37470572	Her2	2.11085416800157	3.52504790836826e-07	2.79372697818627	3.00437995487169	4.38807707556596	4.26607998480696	4.14351636377209
chr17:39835471-39835972	Her2	2.11028977025517	1.28847968091858e-14	3.2617776134819	3.38275771311335	4.96542655077889	2.92199132535243	3.63512579988587
chr2:138488175-138488676	Her2	2.10979479477868	5.9058817706199e-12	3.1305209411726	3.02337629062258	5.03400164169637	4.42234764731657	4.36631566132534
chr6:166152605-166153106	Her2	2.10966043368268	1.14130243879e-07	2.59044332734835	2.44410514203817	3.46318286757315	2.56385852581267	2.38077486075177
chr10:121359667-121360168	Her2	2.10889137636229	1.76320461658447e-09	2.8941737627711	3.47771762021955	3.72181546935603	3.22660452678448	2.95671967822007
chr1:241265284-241265785	Her2	2.10753111186536	3.11605395392459e-06	3.15858589974761	2.85039922252346	3.81415585254599	3.9419171649631	4.53787352614925
chr8:124738266-124738767	Her2	2.10681133418458	0.000121575805890687	3.57976818192113	3.44334804336317	5.98594779388167	5.00210422130681	5.7963140776706
chr18:58017181-58017682	Her2	2.10621614586146	1.4853604862267e-07	3.13214510352905	2.54124107362269	5.07491528799852	4.63635449305441	4.56598314132006
chr8:123667076-123667577	Her2	2.10537075651496	1.05134607133821e-07	3.42954392726724	3.79099641819198	5.66368039872346	4.5882366760009	5.02117647211486
chr3:3329181-3329682	Her2	2.10431824715923	2.0390175965256e-12	2.87794479512017	2.78717031587063	4.30179043217804	3.72129360395344	3.51132390393062
chr16:52206322-52206823	Her2	2.10400241662793	3.23637260796744e-07	2.85963418640506	2.36232232193092	4.23665916517315	3.8723145544557	4.1345732326727
chr17:40017132-40017633	Her2	2.10377668996185	1.00656213828505e-24	4.02016018984628	3.59894110467357	5.67980389916911	3.9708675124323	4.47764190133326
chr2:194326068-194326569	Her2	2.10377360515423	1.28957402174306e-07	2.96286034103419	2.60470561791227	4.75498517945611	4.35653520856945	4.59484975941645
chr1:41448767-41449268	Her2	2.10349234361395	6.37330185038884e-08	3.88096454368746	5.31229875983371	6.26317764115543	5.32204432335071	5.23835731649285
chr17:39833957-39834458	Her2	2.10337623475988	1.0099787807072e-10	2.83464313202648	2.47853997642018	4.37600617148328	2.63385777643062	3.12520788553668
chr17:39328164-39328665	Her2	2.10258986909562	9.642254828332e-14	3.02309247608452	2.50004483861296	4.12976626394834	3.16023273576382	3.49678814599539
chr11:17445335-17445836	Her2	2.10151597172555	9.07410668035207e-09	3.11776567295374	2.76195650231409	5.11158792150244	3.87663312198863	4.21822126188654
chr9:38183002-38183503	Her2	2.10135591205582	3.77397802015467e-10	3.34965032544906	4.72041183942944	5.45176942709672	4.41021651861986	4.41088713638273
chr16:10016681-10017182	Her2	2.099616952349	5.77712447093249e-10	3.06976719285695	2.80161505876499	5.20596858886006	4.06541720136546	3.53265662799376
chr8:120970060-120970561	Her2	2.09832772014658	2.78496157489904e-09	3.17961487839597	4.75670532073643	5.33313811996734	4.0252626647051	4.07726440476507
chr14:23958129-23958630	Her2	2.09814840105852	2.39212446040871e-07	3.35887569057102	4.46883468416411	5.75611852251363	4.41249467627783	4.51741897000831
chr13:27199691-27200192	Her2	2.0971446253927	1.16064063579629e-05	3.22519585790156	2.75154117142668	5.1852166214396	3.59908656224793	3.61708205890944
chr5:28505116-28505617	Her2	2.09698555225838	6.2174243440766e-07	3.23943282514714	3.22115167332124	4.93709868832653	4.61856213682997	4.6175980094323
chr1:191364423-191364924	Her2	2.09601642998884	0.00466397599843309	2.99426429150481	3.14868302066183	5.01602628988603	5.55510978110234	6.24360919882617
chr7:90603240-90603741	Her2	2.09520031698008	9.06065549674613e-09	3.38443665002616	3.39626555515202	5.25835970787811	4.43310309091751	4.54549696902798
chr17:34923811-34924312	Her2	2.09498413182824	0.000105161948543179	2.18129560960958	2.09194987434996	4.12531437484351	3.32163945988709	3.55925711867842
chr14:72501588-72502089	Her2	2.09479519466405	1.30892043695895e-08	3.03065481622373	4.14713076267254	5.03092838598373	4.03329067458615	4.09020520682072
chr2:65327032-65327533	Her2	2.09477241441652	4.16783058904455e-06	3.57652553366195	3.68758955782819	5.93276055114812	5.57115206186061	6.02863949302731
chr14:37030964-37031465	Her2	2.09454174173422	4.25935247332581e-07	2.54787709480149	1.93303472292539	3.31085475295603	2.93965337923064	2.80675473762648
chr8:115686838-115687339	Her2	2.0943251148549	4.21003955541049e-05	3.02945154349609	3.39535670061053	5.11022919347319	4.87185988671085	5.17037912232671
chr8:67708003-67708504	Her2	2.09401588262399	4.55590596476428e-05	2.76790267279702	2.16270654244391	4.80597193967474	4.63631455333451	4.96303479514074
chr22:44645004-44645505	Her2	2.0939498968327	0.000219638975088853	3.83181810643855	5.30166979745272	6.12574602125285	5.44845901267616	5.66163354546334
chr5:2696919-2697420	Her2	2.09326661516032	1.32058765211076e-06	3.12380473439085	3.17938107001735	5.47094291263055	4.90791145687154	4.44647575727635
chr1:79291013-79291514	Her2	2.09292284504883	0.00255122975197321	3.32401125330726	3.94186024687956	5.67508039811271	5.53620590943375	5.55739466824421
chr9:80749438-80749939	Her2	2.09222948759986	0.000430734034550038	2.26443606599616	1.67228014719247	4.19590127208236	4.0523695808022	4.70676359322697
chr17:39581857-39582358	Her2	2.09131150832134	7.26081564576949e-12	3.09772548525596	3.121992214984	4.60937234316094	3.10311112624217	3.37249676078214
chr17:48536501-48537002	Her2	2.09115552828328	2.8002371346429e-16	2.76536221570626	2.45976602575886	3.9328889071831	3.36492927941083	3.30667817662097
chr17:39594542-39595043	Her2	2.09049650853984	2.10415134547242e-14	2.93864772023584	2.63269038031412	4.3395274980253	2.95473757801875	3.16666259242711
chr21:40382810-40383311	Her2	2.09017707633346	0.00165498117559927	3.14217036180408	2.36956459450826	5.68239803554543	4.53477551782737	5.87600324656547
chr10:37203995-37204496	Her2	2.08961739228009	0.000215165560577254	2.50371547612054	2.05326326208228	4.34469555492424	4.81902820869148	4.3534543235013
chr6:55210888-55211389	Her2	2.0888265830295	7.13426258608796e-13	3.05854773845344	2.6274132301571	4.43919185568653	3.19647001411801	3.5460809818416
chr17:39527718-39528219	Her2	2.08770029570154	9.20778520388381e-14	3.77800816703854	3.77550385063274	5.05592272887583	4.11005284816585	4.49636424266119
chr2:42788840-42789341	Her2	2.08658369724218	5.33517070959879e-11	4.06726654380003	4.16762940401314	6.19743104442023	4.59568172328228	4.87024121323157
chr10:37206098-37206599	Her2	2.08639688194994	2.37113407892509e-05	2.77059768225189	2.28127344821741	4.64930417025243	5.02439171267641	4.54854903717321
chr1:207043226-207043727	Her2	2.08597217319526	9.6990682000895e-13	3.33241736249053	3.54530078114328	5.4496577940429	4.29195157519339	4.45655796002191
chr17:40114818-40115319	Her2	2.08577082312514	6.81030737241902e-13	5.22919465530112	5.3008924964868	6.65845972244036	5.40915568642413	5.8645883961765
chr1:117196615-117197116	Her2	2.08556875314965	3.3828869084661e-07	3.07755060626223	3.57696961937557	5.18861892559486	4.32227500625335	4.58163355293014
chr6:107140557-107141058	Her2	2.08548492205149	0.000340080789581929	2.8750435590157	5.39190627534518	5.0792500469372	3.64609384597936	3.63438728886992
chr17:49290169-49290670	Her2	2.08544329505672	2.9694075518859e-15	3.7417387604316	3.54112934574247	4.73427916477749	4.08021591598985	4.17892079839533
chr6:11936078-11936579	Her2	2.08542403470811	5.44669006118145e-15	2.55498596484204	2.48929468102098	3.28869867581383	2.56769047425183	2.66991323726133
chr4:84206055-84206556	Her2	2.08521836048926	7.34758875710356e-05	3.40635979425416	3.9127904810085	5.43920189987706	5.18316443649693	5.50226786115995
chr7:29538788-29539289	Her2	2.08465509830835	7.10342128531185e-13	3.5465869626068	3.37700393664246	5.20533893210218	4.24113088590719	3.94136375512829
chr5:31784807-31785308	Her2	2.08384048953154	9.07033766330096e-12	2.90867693923615	3.16495734855188	4.49802704678446	3.09494202712609	3.4809071017166
chr15:61271077-61271578	Her2	2.08368616993696	0.000543855953394891	2.770146656996	2.43569334008427	5.26587744578536	5.22068948994599	5.22276428143549
chr4:68461743-68462244	Her2	2.08360614982692	2.28705200824007e-08	3.21041605485952	2.858859655131	4.76970936422149	4.16710201937241	4.18439127149591
chr19:38057260-38057761	Her2	2.08357973572772	4.05633270535066e-08	3.98418809400793	5.12166663349965	6.06001560698843	4.98195400559194	5.16641872206077
chr17:39752106-39752607	Her2	2.08355820515189	1.32544338233462e-07	4.86201716585157	5.15804345151226	6.75685164165679	4.51346600917105	5.11934150771296
chr17:39587602-39588103	Her2	2.08348696033233	9.69790452875038e-13	3.11069476821188	2.65376886126522	4.51800885192759	3.12948953268543	3.46923059132477
chr17:38533014-38533515	Her2	2.08221970073139	9.88308196184243e-12	3.34512490729634	3.55150818237984	4.4439350650963	3.71675253128197	3.94392891775709
chr2:73173645-73174146	Her2	2.08199948199251	1.80639575216468e-19	3.71171984587722	3.65954966819116	5.48351871851825	4.16037732789368	4.25356031102895
chr11:128881247-128881748	Her2	2.08127023175459	4.00048404732489e-05	3.61127502478079	2.98524639946282	5.22951410421725	5.23647934875212	5.14018011422555
chr12:93874704-93875205	Her2	2.08111804142506	1.97578542632992e-05	2.62769311478398	2.00074983796101	4.63041854281303	4.14195580380397	4.6144375311171
chr17:39611028-39611529	Her2	2.08075446228014	7.01832087798086e-15	3.53122835280767	3.4581320783903	4.97032013415774	3.58912285402612	3.92166356433778
chr17:40029897-40030398	Her2	2.08010896090842	5.38358446466113e-23	3.69555614400192	3.81064878683528	5.23472530937216	3.81385698206242	3.96146090210621
chr17:39971491-39971992	Her2	2.07920637387927	2.02735482257667e-26	3.76529098559619	3.70809456808662	5.39187651986522	3.50899393731946	3.883612051501
chr5:71404905-71405406	Her2	2.07915417031973	9.55289212043293e-08	2.27449378438194	1.63094811316663	3.99393839723107	2.9700594113653	2.99159188042379
chr17:39274761-39275262	Her2	2.07909303338501	1.1637777938818e-12	2.67795858382596	2.70526114571066	3.48688939908768	2.7761430913787	3.08116551990727
chr17:39583485-39583986	Her2	2.0785969396676	9.75667090004025e-13	3.00527494155203	2.93058260571872	4.41589402216462	2.89444917734628	3.49226772330118
chr10:79360646-79361147	Her2	2.07642818420595	6.3051102481415e-15	3.50712186015403	3.74457821252017	4.44602756569423	3.90064157708863	3.73311175307988
chr17:43830671-43831172	Her2	2.0756441233781	1.51479250024488e-10	4.04136668081978	4.06977721399984	5.77905476666298	5.0902721970479	5.46264500765538
chr10:46835825-46836326	Her2	2.07544546716764	0.0399664365479249	1.30839669230882	0.736094801313988	3.22035517639122	3.31172637916714	3.53433109086477
chr3:34729473-34729974	Her2	2.07532892979878	6.21644970559376e-08	2.77113890198267	2.5215324979842	4.54259609138544	3.68674657485189	3.90432244556795
chr4:91183545-91184046	Her2	2.07530767345134	2.86941071415752e-12	2.62067919657353	1.77972769538191	4.06030758562743	2.92582270306011	3.26523194917435
chr8:92998823-92999324	Her2	2.07474731708505	0.000610197959421349	3.04482704863719	2.51368502110527	5.17112676862861	4.74106020887553	5.11392751122632
chr14:65563816-65564317	Her2	2.07396415013509	8.4334112947195e-10	2.99383425699859	2.27001314316506	4.5936256305986	3.75661320657878	4.23988232653524
chr17:40016621-40017122	Her2	2.07387698460729	5.18020761283913e-24	4.21059876739382	4.07141016502982	5.79979718023092	4.22753107516866	4.47208829058129
chr17:49364052-49364553	Her2	2.07376678983872	1.8917226052537e-25	4.0099895887238	4.04682711392727	5.29033124300043	4.15795710241058	4.42747501908152
chr7:26244052-26244553	Her2	2.07362345411715	1.01252061098171e-05	3.07936024273329	5.51955301473707	4.7763790205009	3.19795791900012	3.43566719580164
chr17:39913916-39914417	Her2	2.07339166102167	8.76507990881209e-09	3.55897371431592	3.33794517184781	5.21706018691174	3.10341136610949	3.63300837691844
chr6:114543599-114544100	Her2	2.07285476891596	1.97011560737749e-10	2.74804513209835	2.65126514989723	4.17254664821622	3.29406517821575	3.44196440514596
chr1:46007025-46007526	Her2	2.07208562267876	2.89054689013353e-19	3.39903102491232	4.07358388860594	5.399536424742	4.36576451515285	4.34974384079271
chr5:21494266-21494767	Her2	2.07182798919575	6.01060936322411e-05	3.65348065556151	4.01598687095136	5.41713002491612	4.86148210026702	4.44906939337902
chr10:37481450-37481951	Her2	2.07078320129043	3.59756311857823e-09	2.79284380534112	2.64206864435055	3.95505959835583	3.93523953333468	3.51146164094428
chr10:93750078-93750579	Her2	2.0704703407878	9.64756152570958e-11	2.99669104415674	2.41961472488126	4.38641193671057	3.93590473172041	3.76452514683345
chr3:154126841-154127342	Her2	2.07013320688642	4.85812182476306e-10	3.91534763124109	3.9454582426386	6.04848720483306	4.52675351001015	4.9064186725031
chr16:1572593-1573094	Her2	2.07005755910884	1.33579954586273e-05	3.76971697079554	3.84494774348313	5.5405178604977	5.42302429784301	5.80096233196852
chr3:106281173-106281674	Her2	2.06963190344045	2.14100106319437e-05	2.78529125677919	2.10895645306697	4.84189571593312	4.19953586780145	4.37045973504278
chr10:50429145-50429646	Her2	2.06955838976372	7.43986623016447e-12	3.53343723581835	3.724421776158	5.36741301774823	4.79146199715818	4.82964953610693
chr17:48538180-48538681	Her2	2.06951492641348	9.3270803823769e-15	3.43839429492883	2.72964561199081	4.65047577535286	3.9933868632325	3.86048858084234
chr2:5741233-5741734	Her2	2.06896848886508	8.26046349893757e-05	3.12744684662693	4.89352524540141	5.68381440190538	4.32556824523843	3.94915805294814
chr5:168722635-168723136	Her2	2.06893786141747	9.51919150583945e-09	3.09986184332374	2.45035067694909	4.78046321619615	4.05392889635812	4.48639957142255
chr1:173774933-173775434	Her2	2.06890842861022	1.33796383086577e-21	3.32700193526586	3.57211863706033	4.84777785707071	3.85856652984541	3.70120789235638
chr2:68672691-68673192	Her2	2.06851742222086	3.55670429743069e-08	2.59534037273736	2.21713444694349	4.01039895129249	3.74574814666147	3.39026345101402
chr17:50050439-50050940	Her2	2.06850433268629	2.38230462100741e-10	4.71536219699021	4.19497165594988	6.08796129424924	4.86918715616022	4.94160228820757
chr17:36190546-36191047	Her2	2.06758499575752	6.57681664062398e-07	3.44636205352562	3.16742351456879	4.99935707017407	4.50291114101537	4.69837361838686
chr12:69426781-69427282	Her2	2.06753856366743	1.22561037072912e-05	2.56326456827317	1.86248749153595	4.21119092723281	3.88450669971926	4.41008035565009
chr17:49395929-49396430	Her2	2.06727669129658	6.78519422922757e-19	3.67466488915603	3.75865032383543	5.13851181078721	4.19605643236338	4.49779313317891
chr12:89301289-89301790	Her2	2.06710680205434	3.51504320537105e-10	2.51063869394866	1.74384348360788	4.08958674000921	3.09450193972855	3.38376212207371
chr17:40028454-40028955	Her2	2.06681509738139	3.68018595576534e-23	4.13331308332211	4.05456729269028	5.65149668212123	4.11354947245478	4.56743978536495
chr17:39838722-39839223	Her2	2.06664591918649	1.12919473589117e-12	2.63483653350662	2.71416698089648	4.17730797784664	2.46023340495166	2.92777798942263
chr3:42472475-42472976	Her2	2.0666216734047	5.77110032260276e-09	3.65609573980683	4.76613687827996	5.84488703009824	4.22857463655661	4.39416685422355
chr8:56315796-56316297	Her2	2.06645656470262	1.75023392852569e-07	3.62959217467261	3.30302861862485	5.67013490094549	4.97151095398917	4.28476442107307
chr14:80312521-80313022	Her2	2.06607118403211	1.09459465002099e-09	2.7150844005657	2.0600434309259	4.27715382543087	3.57687330970256	3.61221810148292
chr17:39200857-39201358	Her2	2.06585112923745	1.80928876365318e-19	5.2119529920209	5.25369873661676	5.61489283167301	5.05912993068252	5.2813899240931
chr17:39247673-39248174	Her2	2.06515790370527	7.11460531500141e-14	3.7086740007966	3.76592376212778	4.50269301502858	3.52704184987226	3.93661018315375
chr2:78524682-78525183	Her2	2.06463858239377	4.65256767422534e-07	2.65097686779984	2.02106058531238	4.04876952874906	2.87834447386376	3.12461303554656
chr8:35716811-35717312	Her2	2.06447915140854	2.36331931975372e-06	2.81803374089843	2.41141891804889	4.60502271101062	2.94336931753681	3.23779093813455
chr17:28468000-28468501	Her2	2.06385084085455	1.81416724680864e-08	3.08535787774966	3.74335772501148	4.75571096123039	4.29215915107782	4.29231105793467
chr17:39968436-39968937	Her2	2.06379461288398	3.22825570105453e-25	3.43001066311411	3.26687845410134	4.97369723684571	3.38080495757148	3.73336734148069
chr7:8705706-8706207	Her2	2.06365568727963	2.04013014755125e-15	3.06546217618924	2.55248263018914	4.86575551847803	3.49544633179763	3.51212932384936
chr1:63598885-63599386	Her2	2.06323601326036	8.7033119260431e-17	3.278904761071	3.97091101678293	5.00467468575619	3.56429610995574	3.56782771843229
chr17:39776434-39776935	Her2	2.06317270256135	7.20367506039181e-07	3.20083568514322	3.28321775205071	5.03699358650665	3.28306750304676	3.99558292255143
chr6:89039342-89039843	Her2	2.06205376210377	1.47814231787395e-16	3.43655834468084	3.55781820859359	4.33282881678913	3.55671747652993	3.27557012655233
chr2:232278582-232279083	Her2	2.06124946956359	6.20294163129317e-09	3.05317144405712	2.97343481008837	5.21917142991255	4.24219665944577	4.5423393611965
chr6:106398687-106399188	Her2	2.06082514740171	1.45671949855594e-05	3.01223191837608	3.01747943430264	4.81946839345783	3.30137074768035	3.46622230992719
chr14:33852778-33853279	Her2	2.06057990084826	3.05101044771718e-15	2.93245270549474	2.3319532062466	4.46057464206744	3.26450104041372	3.30505847585188
chr13:96248040-96248541	Her2	2.05943362256035	1.57502021636982e-07	3.00036442832395	2.63659790561808	4.86087225972367	4.00738359499324	4.24491325788602
chr17:39863416-39863917	Her2	2.05927141337419	8.28362324439722e-10	4.09687195083021	4.38089021052823	5.79741679672994	3.94254710500943	4.19580761514368
chr17:39610420-39610921	Her2	2.05885747971981	4.05453155455695e-14	3.43092922374092	3.29295595180801	4.90823091554915	3.38899549841936	3.91012180346485
chr8:74574111-74574612	Her2	2.05815053924952	0.000987173553555294	3.35333541803186	3.77842141187483	6.04012848223876	5.70002808638668	6.40580643733363
chr18:27480923-27481424	Her2	2.05780721661421	9.68870483895713e-06	3.02455634096111	2.73367537187543	4.77046983831238	4.40874595078984	4.82451845662788
chr2:15946284-15946785	Her2	2.05700568190172	1.03444491742527e-08	3.24820724446357	3.02521250571357	4.772877223771	3.53732577422138	3.77721037684452
chr6:80708562-80709063	Her2	2.05664100834786	1.7765655219635e-07	2.8077089622563	2.44139682398571	4.98159989021147	4.06785916928385	4.25278998174572
chr5:58095341-58095842	Her2	2.05631419003345	5.16045565677759e-09	3.24032954797329	3.03509976714346	5.01198187139918	4.41269746400257	4.55417679671726
chr17:63752656-63753157	Her2	2.05572795080492	0.00019573701092975	3.70369591732388	3.04359278079563	5.636999416196	5.47597220741905	6.26454601464752
chr22:21108354-21108855	Her2	2.05470305329145	0.000520220396410746	2.85384852574792	2.90446216482369	5.18909752328144	4.19194475337011	4.36599621806665
chr8:9788655-9789156	Her2	2.05434024227318	5.07305767137498e-08	2.82664662780611	2.24160933605665	4.51998100842991	3.13531724455728	3.27913905285862
chr11:24457966-24458467	Her2	2.05425388130106	5.38261970632532e-05	3.15451967557844	2.36876890764177	5.29851229723082	5.02301029856858	5.24239823907172
chr17:40051795-40052296	Her2	2.05357992423671	1.14590319145489e-22	3.57417020543407	3.60925788210886	4.86184290038732	3.62089061686053	3.83340729264058
chr13:22983791-22984292	Her2	2.05268779146405	1.02609639853972e-05	2.97450018739248	2.48401696477425	3.95339836262209	4.00755649685657	4.36044722760868
chr14:32774126-32774627	Her2	2.05229377189202	1.556432297184e-07	2.77959102218953	2.23264723796796	4.25290877405052	3.72301351751005	3.63184051752088
chr7:91398331-91398832	Her2	2.05136138252782	4.63881600280197e-06	3.38747628817873	3.24741749808996	5.00719384815831	4.28075677673482	4.06549507076953
chr15:61392952-61393453	Her2	2.05090290062858	0.000129501966772217	2.58779900695207	2.93002178368229	4.95172463479933	4.73231970421445	4.3096935654032
chr3:155614396-155614897	Her2	2.05040715682058	1.16432473808451e-06	2.93761898957521	2.91187940663832	4.76119394562664	3.38401823809727	3.69272193218269
chr8:18338200-18338701	Her2	2.04962214302277	1.22058844637805e-08	2.61944556961828	1.9465819258661	3.41476752329215	3.53172236129891	3.4206375572416
chr13:105999263-105999764	Her2	2.04956729803879	3.53442405442863e-12	3.09424654876068	2.97592682069306	5.02528686154982	3.99345204391293	3.6869959958065
chr17:40034218-40034719	Her2	2.04940561923895	4.08327877878479e-21	3.63053874226054	3.76184468914328	5.21582158340523	3.6924382614934	3.89175965685529
chr1:46839604-46840105	Her2	2.04922704488751	1.46870987578721e-07	2.64334345491667	2.12122736102395	4.41483845200538	3.7052918987723	3.70841125224971
chr3:174480709-174481210	Her2	2.04843156517994	2.48822051736121e-11	2.87075267609769	2.4606988619912	4.03201058586459	3.2971851241924	3.79398196503398
chr17:39546988-39547489	Her2	2.04801861022021	7.46531907136395e-13	3.27638938512779	3.23064612104178	4.50278629322121	3.28314791355039	3.92342086912933
chr17:39619689-39620190	Her2	2.04798827772249	1.49773089294393e-10	4.66189727079369	4.53466022838967	6.18590476059318	4.3530512159898	4.92355870353185
chr21:38414765-38415266	Her2	2.0479709816834	0.000134380989562429	2.72938879134139	1.89124748613376	4.6205519395747	4.7675463084056	4.72889791814186
chr17:39836055-39836556	Her2	2.0476711495993	4.06726509206617e-14	3.28792660912384	3.37010343843761	4.97626019286507	3.24996992213552	3.60384490148312
chr13:87744703-87745204	Her2	2.04764447962401	4.65171367351402e-09	2.69187417836762	2.40644464815127	4.17709707415799	3.77519929280576	3.38515497543015
chr17:39528325-39528826	Her2	2.04674557719079	2.54795291479775e-11	3.43587346736389	3.35778840885943	4.71805205718167	3.58524085440415	4.22402468254662
chr17:27483918-27484419	Her2	2.04599773796755	1.92625863170628e-11	3.49707652305986	3.61534569064747	4.60797934926969	4.45056150302292	4.10938716254042
chr9:106603292-106603793	Her2	2.0454750084727	3.30088918510576e-07	2.62611870988017	2.57958138828181	4.07313809914202	3.46443237820548	3.28714302763423
chr17:30259171-30259672	Her2	2.04510530291116	3.93149980673815e-16	3.14777016821332	3.12293734166145	4.17425369414737	3.65909155517388	3.82569714611087
chr10:69726826-69727327	Her2	2.04475033600321	1.69675866984402e-07	3.44684060588531	3.04876637103846	5.49679701851637	4.38569589212059	4.60425305528775
chr6:108278816-108279317	Her2	2.04361007024341	2.20442933588722e-11	2.95949963159568	2.58797033258194	4.45163439243099	3.21379945688403	3.7993521612323
chr14:37658092-37658593	Her2	2.04303813776365	1.13331017358336e-05	3.38139073958364	3.11996191731154	5.2870874823973	4.32264803039952	4.4236247286609
chr10:33945541-33946042	Her2	2.04271988570241	3.02683824114488e-07	2.64365854033111	2.35613931340209	4.23880165608997	3.545419008513	3.98095743699848
chr1:223851025-223851526	Her2	2.04259540373705	0.000118907749935513	3.30302537551224	6.4361265478498	5.63603819787058	4.5417503390853	4.07548690701818
chr8:101387654-101388155	Her2	2.04187556761583	2.7204827047674e-07	3.62308111847633	4.69209469992884	5.81696301944695	4.85560205114788	5.11739985207538
chr17:39320480-39320981	Her2	2.04003898383417	6.52307429945338e-15	3.14009659969028	3.0793390027541	4.08304256670298	2.9837044763666	3.47635709485601
chr17:49893205-49893706	Her2	2.03938829819876	2.84037165327992e-12	3.29873012308967	3.30758423625234	4.78166432153889	4.11929378889276	4.40158818503591
chr17:39840632-39841133	Her2	2.03843183430298	3.07939302405781e-11	3.11068956692353	3.11337687006225	4.76054284556765	2.83475165285632	3.54817412326772
chr1:103369001-103369502	Her2	2.03742119716927	1.32469080374229e-07	2.84936191011056	2.61550142743195	4.62645953472863	4.08339830681625	4.07469280869635
chr1:172296256-172296757	Her2	2.03721604097426	1.29283855855215e-06	3.37193153114536	4.72612209964775	5.06338876309968	3.51542142054759	3.86949381983479
chr3:127113439-127113940	Her2	2.03662619305721	2.42429926797851e-06	3.22989660278168	3.19031746786319	5.31066930700032	4.69974555711253	4.59172567146748
chr17:40116494-40116995	Her2	2.03653512906863	6.89318416259034e-21	4.46027311105978	4.52885811126165	5.65006187298553	4.66714964986011	4.94056318168254
chr1:30417275-30417776	Her2	2.03615172470814	7.64839111358866e-07	3.13098118010709	3.00798100972834	5.28638360470037	4.72192622571569	5.10079824961829
chr2:81529580-81530081	Her2	2.03529228316224	2.00234678632258e-09	2.32282184682164	2.39495934778301	3.7699169473202	2.54560098032889	2.615931401154
chr18:14797095-14797596	Her2	2.03515976318148	1.09056025179428e-07	3.1303905527774	3.13599986547537	5.09740822061941	4.63266735878641	4.57685299336835
chr1:154712345-154712846	Her2	2.03475457868701	2.57254928586877e-07	3.58326424229428	3.64785196680787	5.64060293455022	4.35158266399662	4.47742331127324
chr10:37161065-37161566	Her2	2.03462204290288	0.000890269645647613	2.55629521342743	2.09337396812839	4.83265067819798	5.0836594348323	4.64690448300034
chr10:56878745-56879246	Her2	2.03419083159189	3.15293701601131e-11	3.10959587556757	2.87835457678987	4.57250372342738	3.80157873064785	3.96717674753794
chr10:37413399-37413900	Her2	2.0341423579515	0.00211051046153984	2.35740608667952	1.89494329735575	4.16908897660955	4.90059509094733	4.33645967677799
chr2:52910279-52910780	Her2	2.03414153291788	7.0357629519485e-06	2.69073287247617	2.74566734146177	4.76709127300341	4.45355701498597	4.33598578971407
chr5:2676119-2676620	Her2	2.03359098811622	1.1269700976605e-08	2.93922786995638	2.64606396143052	4.59769199936745	4.17182496761093	4.0675632239214
chr1:199066055-199066556	Her2	2.03333832954597	4.6937676345707e-09	2.48780343034182	2.34193307085955	3.76008472289973	3.38240527368038	3.19538902954493
chr17:39788009-39788510	Her2	2.03301209686734	2.20280602971327e-07	3.30605272661914	3.49003037379196	5.09121102320745	3.15374996521721	3.6166847719675
chr7:30502437-30502938	Her2	2.03261729404777	3.84786145588828e-11	4.3042227601332	5.1644725518765	6.2121394189334	5.01671771880512	4.96874056307207
chr10:37410396-37410897	Her2	2.03201509253145	0.000194749246297886	2.51323735911636	1.9348257498922	4.38185507597303	4.69637110941503	4.10945956110702
chr1:177459050-177459551	Her2	2.03168056344716	4.66499708171371e-07	2.8728593495098	2.57522542637919	3.99628565061864	4.10969688562408	4.23366668588556
chr2:197846127-197846628	Her2	2.03162514799861	3.95944679186512e-06	2.90432308719144	3.09665838710981	5.12203814298543	3.93336170478717	4.23985856509892
chr10:37204923-37205424	Her2	2.03134035944088	0.000191406281036823	3.00967238035454	2.51055381812877	4.90843894258166	5.41222523420947	4.9949517839849
chr9:97179557-97180058	Her2	2.03132021178441	5.89191983343098e-06	2.46372812096534	2.17596789473005	4.61643583194356	3.75964073822116	3.87440175831334
chr17:39584210-39584711	Her2	2.03100641789811	1.16873138995524e-12	2.92011552649182	2.53762392465979	4.31975698397888	2.86741474009244	3.26713187248655
chr17:39585901-39586402	Her2	2.030574827596	3.80547538402801e-12	3.03032480595166	2.84663660698554	4.39947212634274	2.91754694695234	3.55508674343221
chr18:65636840-65637341	Her2	2.03022181337668	0.000107986905034446	3.07504346107307	2.45196760078878	4.79316851476485	5.12327331895172	4.96555138502103
chr10:37469548-37470049	Her2	2.03010775328986	4.70394730694483e-07	3.08019020677998	3.16114805225336	4.67341112406828	4.67308138493703	4.37317538338486
chr17:39558689-39559190	Her2	2.02984524977634	1.08480760687326e-11	2.97974887051271	2.88743622199289	4.10978631647613	2.95484108424205	3.36789642960306
chr10:1494095-1494596	Her2	2.02929357873748	0.000692747067931471	2.38212780129572	2.13754212349508	4.57719888435719	3.52841015388929	4.03058295699426
chr1:223518573-223519074	Her2	2.02888927212551	0.00113324508077609	2.88098374980901	2.1228865678788	5.53046399887856	4.15801680823726	4.66965724754164
chr1:184446363-184446864	Her2	2.02879386004258	3.09295038948852e-05	2.92176115234132	2.50879197096341	4.85608899043081	4.98414667050379	5.06217621573873
chr17:38534394-38534895	Her2	2.02869328597108	5.53581967246833e-11	3.98293023415732	4.28682603047674	4.93705739473166	4.39472912677319	4.58052592234642
chr1:205012121-205012622	Her2	2.02867545636225	4.73729510037196e-08	3.69259167407779	4.16910260464617	5.38671010332168	4.60539698596215	4.5080572136083
chr10:37148395-37148896	Her2	2.02729737710258	8.64087588933407e-06	2.6756098552589	2.0957352627184	4.2223894493077	4.33531953879356	4.20623437000853
chr17:72676343-72676844	Her2	2.02669439258209	1.09463475726888e-06	3.35345563819462	3.23985395205002	5.26529831459285	4.6941025542152	4.96513454890476
chr19:21607843-21608344	Her2	2.02659471108198	2.29930531174108e-05	3.43332816902936	2.96959927779357	5.75042811939995	4.67193820773726	4.96000023781793
chr5:170753279-170753780	Her2	2.02650230574146	4.69746263432678e-07	4.01465043555064	5.72723090822748	6.17228542000709	5.02210866018133	5.07103781544126
chr16:30048965-30049466	Her2	2.02592122903459	5.11417489496034e-09	3.78680488040192	3.50662168023343	5.45985629960308	5.18064461442022	5.4448641035347
chr10:37412592-37413093	Her2	2.02590379432722	0.000749207250371695	2.75469497536298	2.26836416892194	4.6182835509798	5.35590323256967	4.7462080918409
chr17:49104168-49104669	Her2	2.02491171963993	2.17042684625848e-15	3.36246470840435	3.34764236027221	4.7365471350295	3.59474195279863	3.99409316949835
chr10:10426726-10427227	Her2	2.02483738882242	2.2013971297647e-07	2.64359027628395	2.42107850493931	4.30323101954681	3.95067979572782	3.69217011098605
chr17:39764119-39764620	Her2	2.02469100880105	1.90796990711935e-08	3.64621037364542	3.63477902514544	5.47975342656317	3.56349173722934	4.0514086529135
chr1:207864784-207865285	Her2	2.02441098115659	1.90164330869887e-06	5.28100342055563	6.49128531891319	7.63751986447003	6.46280054305546	7.05458770256958
chr10:125825972-125826473	Her2	2.02429915983486	1.34945210226474e-05	3.51991807913703	3.56170639802102	5.72411692199227	5.54008111019584	5.24394569798924
chr17:40074330-40074831	Her2	2.02422310409562	3.74250979246648e-14	5.53040249609642	5.31724112500626	6.88409550127643	5.63351931057649	5.72822335450594
chr17:28274842-28275343	Her2	2.02408759699031	8.08208389006956e-09	2.98122248382662	2.42289440282185	3.82331137352172	3.77100556828034	3.83944042590153
chr17:39680230-39680731	Her2	2.02403318604782	1.5179246541893e-07	4.15925055488757	3.97761900868066	5.99026096910246	3.97642439740007	4.43116873458122
chr8:46490964-46491465	Her2	2.02375521374791	8.98270114312454e-05	2.83655827836979	3.71106185651595	4.56258929262535	3.31031624974945	3.27665243681804
chr2:240907425-240907926	Her2	2.02338357361997	3.8052523202299e-15	2.93613656291908	2.83970987768301	4.49545763487422	3.29604184804894	3.05760390304428
chr5:134969367-134969868	Her2	2.0230080778559	1.53388491139107e-06	3.03166428929403	2.8258161343999	4.87239261040212	4.84969186846704	5.03879795002439
chr6:706040-706541	Her2	2.02228200945949	4.57257900686498e-06	3.01781915782878	2.933695351333	5.16996479106589	4.45373523306191	4.55698805097588
chr22:36786966-36787467	Her2	2.02103859696993	9.17435424276547e-15	2.8974993129896	2.28099508918544	4.14507481384851	3.51842198124651	3.25136682729311
chr6:9510389-9510890	Her2	2.02091504807204	8.86354036177333e-09	2.84457016522544	2.81428299214731	4.57011480212454	4.19694064268216	4.37623106549844
chr13:51929637-51930138	Her2	2.02012743952055	1.17107823781148e-08	3.35063559443423	2.73880977280376	4.96103211375827	4.23267742507613	4.76112833085941
chr3:176858867-176859368	Her2	2.01879712800755	2.66030438608104e-09	2.97816193773685	3.18163654813692	4.60345627569584	3.50427815996094	3.53744288777491
chr20:56568321-56568822	Her2	2.01799571290707	5.38262330942055e-08	3.00878081633634	3.04707693473652	5.13484594406142	4.27247348616921	4.46254454455089
chr10:123205005-123205506	Her2	2.01776770443711	0.000529660299663682	3.21346580392589	2.42815942964091	5.43399315549756	5.53280513889869	5.80455138429735
chr3:119890817-119891318	Her2	2.01775717612775	8.73066379871494e-21	3.08729577620055	2.96060123480545	4.62196134030373	3.2988141376713	3.74930709091136
chr1:226855143-226855644	Her2	2.01737285927562	1.72482301506894e-06	2.78647367627081	3.99801206856329	4.61811745105517	4.03383910793334	3.91863167171015
chr10:124104001-124104502	Her2	2.0171333549963	2.31233446552813e-10	4.17287758025292	4.15738820468057	6.19867569141604	5.33069598655858	5.49744622125242
chr8:93176980-93177481	Her2	2.01705013128761	9.17201283263021e-07	3.05203299395194	2.78775703634582	4.60885502541238	4.27789944835136	4.41061797262277
chr1:153356055-153356556	Her2	2.01601430262943	5.01537099852972e-08	3.66741110547668	5.51983399067372	5.66986401554233	4.22560357529025	3.98706033644769
chr12:8631031-8631532	Her2	2.01510574525725	6.9147343726776e-11	2.59031886965971	2.1734589047881	3.88211165581992	3.19992066290489	2.93195498294664
chr2:238693006-238693507	Her2	2.01420462672996	7.88031193178058e-07	3.06014744438552	3.18974162463842	4.83267528169843	4.16148182609121	4.41225791849488
chr17:39761983-39762484	Her2	2.01357496814137	2.20698159445818e-08	3.70067145140706	3.84206202636928	5.50536394972779	3.44662735188675	4.08196657804285
chr19:23536288-23536789	Her2	2.01353570119086	1.21795897020953e-06	2.75820561585653	2.8767138354125	4.77925135980183	3.94049443452219	3.85764495523897
chr14:68106403-68106904	Her2	2.0128431033296	6.0945092256448e-07	3.52300670747248	3.50649786460791	5.70800610571838	4.93800488290348	5.01008532912457
chr14:40307218-40307719	Her2	2.01197360586353	2.4271601394525e-12	2.61279694001322	2.46085601832248	3.70243347673067	2.77138595013304	2.86255311141372
chr22:37337510-37338011	Her2	2.01184372789764	2.12959025796669e-08	3.89371583944616	4.38229587038329	5.69636221005685	3.68779898702119	3.9357674122673
chr6:106855556-106856057	Her2	2.01158803899064	2.06421968528756e-06	2.92511753871503	3.06895032757813	4.51099060290159	3.3643285351771	3.70810438860801
chr3:4701276-4701777	Her2	2.01018557031578	1.20605319646532e-06	3.12354350090035	3.14676517818676	4.94150443098728	4.57368967615622	4.50999634460532
chr2:100056537-100057038	Her2	2.00877512107346	0.000142393328773758	3.43184294116468	2.48475623849063	5.24333327203999	5.56055952086619	5.74834701591977
chr6:106964915-106965416	Her2	2.00851593547206	2.23139906414854e-05	3.13009730805159	3.49611195554661	5.02759242140541	3.77922727355617	3.53075808101192
chr18:32495810-32496311	Her2	2.008410159262	6.78737275429486e-05	2.87683881064589	2.13483453815195	5.31911237962103	4.28316818244223	4.17731685736922
chr17:39917616-39918117	Her2	2.00793375862277	3.18784949253972e-09	3.89376099292947	3.37035281847637	5.45250801399652	3.64250880920295	3.86855840043385
chr1:175279293-175279794	Her2	2.00694272000967	3.18184339179061e-05	2.8405974257787	3.65115986274226	5.08218969529852	5.10192491458133	4.38604489358791
chr8:112628217-112628718	Her2	2.00681214215466	1.59217285468624e-05	2.71525781604111	2.74478622953662	4.06717073894453	3.74605764967159	4.28884767011681
chr5:42426478-42426979	Her2	2.006587643559	0.000578424773918799	2.91670013416091	2.23346367589005	4.60155598646831	4.16170629619097	4.58164977455984
chr15:68467547-68468048	Her2	2.00605133248073	3.28956652525894e-07	2.59051577820205	1.97146819669771	4.07875306038727	3.58821984886378	3.49548578474501
chr22:46019261-46019762	Her2	2.00542140748105	5.74021374116251e-07	3.869374253129	3.87408056085222	5.94574447648649	5.21631411448391	5.59472495447906
chr10:37379035-37379536	Her2	2.00473952071401	6.35853351388442e-05	3.46572798545515	3.12771473917893	5.36724677828163	5.75222111819196	5.24033275903241
chr16:48689267-48689768	Her2	2.00456836770967	2.33743688157999e-12	2.77301425457655	2.33797396046004	3.52359705410228	2.80862188214162	3.03740275663277
chr16:28323674-28324175	Her2	2.00407167260817	5.6172135192042e-07	4.02713212192051	3.60654734266063	5.90488667639736	5.44273360966607	5.9789714412054
chr1:36765489-36765990	Her2	2.00389815458663	2.96193684000869e-10	3.04887432201026	3.13476476204138	4.61843560589329	3.79950679473768	3.97424101629315
chr17:39760744-39761245	Her2	2.0037194365942	6.34124733631778e-08	3.53869507145702	3.64416339476063	5.37287368813331	3.35128175409344	3.98981508585763
chr8:54997493-54997994	Her2	2.00371522894572	4.71248653126536e-05	2.94318034519273	3.12933905626131	4.31171651857631	4.27965515859246	3.66730702310863
chr17:39761251-39761752	Her2	2.00371035397885	3.27244949348755e-08	3.31372897901378	3.38766033573647	4.88478054926527	3.136021756409	3.70574138959923
chr17:39650025-39650526	Her2	2.00318983238473	1.42602366078228e-07	3.79961355837637	3.56861196077681	5.60320150009867	3.59414238639998	4.00194525606249
chr17:48523657-48524158	Her2	2.00294017430138	9.31218201086115e-14	3.29556928532192	2.55353616547385	4.80967725414487	4.10629311658284	4.21613417638032
chr2:131606316-131606817	Her2	2.00293051356138	0.000129555969257102	2.85669931539661	2.0586793107302	4.09131983144311	4.21713081721781	4.91223170801331
chr3:95001766-95002267	Her2	2.00242804844391	2.17734471986269e-05	2.64175792778889	2.10239106658764	4.77283290752206	3.54777382526772	4.08207491530243
chr3:155782532-155783033	Her2	2.00173221472608	8.9471982737599e-06	3.02320339320081	4.25421078239828	5.02951043963231	4.41739886760257	4.70440456704337
chr13:32320467-32320968	Her2	2.00170183553244	9.50200914675904e-10	3.18785247505379	3.04031444453139	4.85203158776331	3.61439952856884	4.0644514559791
chr2:65492737-65493238	Her2	2.00151129506843	2.49878064211745e-15	3.22509675564547	3.54773056642409	4.50560735740499	3.97159755862392	3.79891439078522
chr2:176438620-176439121	Her2	2.00144212254714	1.81617660631554e-05	2.44515986025251	2.47522674899371	4.68106175731101	3.8373317966772	3.8597944401958
chr17:39803750-39804251	Her2	2.00143526043872	2.76621294889752e-08	2.78388797330693	2.86466266193078	4.35687935701661	2.65386766063123	3.20450579536357
chr3:48331254-48331755	Her2	2.00057051599547	6.59480819214284e-12	2.94919260202933	2.93775223721246	4.91299745177289	3.78698809945549	3.84139657053818
chr1:3107133-3107634	Her2	2.00042186782041	1.82935611539694e-10	3.06859431948653	2.46544230716167	4.25275176458344	3.10716505298899	3.22988181223136
chr8:88441707-88442208	Her2	1.99993121046588	3.12488317234097e-05	2.79076688450261	3.27215720654769	4.66079122924974	4.77561854570694	4.13898237365548
chr14:44191474-44191975	Her2	1.99814142398283	3.28238924598059e-10	2.65525725858663	1.97500596441877	4.27053720383624	3.28596547023082	3.77839376098231
chr8:142333831-142334332	Her2	1.9973974773988	1.00654883151128e-06	3.45628829437913	3.79899352245659	5.39356704481989	4.7476788560508	5.12372788778824
chr2:154845881-154846382	Her2	1.99704157199888	2.39847751061211e-06	2.90675092902477	2.42843950628009	4.42928306039671	3.86860077790578	4.43054517617625
chr17:49366741-49367242	Her2	1.99691503427154	1.03918075518138e-22	3.54077465753924	3.33309881895765	4.86441948966164	3.87154114679328	4.11000118658898
chr17:49888709-49889210	Her2	1.99663580383674	1.21569029208767e-10	3.44660985736409	3.9133316531755	4.88415064678296	4.39975855193529	4.41132410691743
chr5:35201227-35201728	Her2	1.99630448971227	7.05279447949119e-05	3.22378988308475	4.43549293729535	5.66403608982039	5.38492570530103	5.63985540377015
chr17:40305747-40306248	Her2	1.99616294057302	1.59834867577677e-17	3.46838394548391	3.14658680440686	4.67910100357059	3.86757645174598	3.98212122360838
chr18:48205641-48206142	Her2	1.99611628022524	1.48172368055009e-06	3.05555068189426	2.90211529778037	4.68112196999959	3.50975617699706	3.74400181121487
chr8:120182312-120182813	Her2	1.99595949742183	3.38247640393001e-07	2.9311503432729	3.53621569542969	4.89640604415718	4.20135849540057	4.34135449332695
chr12:44168933-44169434	Her2	1.99575923079873	2.11216312865901e-10	2.54420712360061	2.17563338974781	3.77823107134899	3.38485464184334	3.33159522403915
chr10:74820957-74821458	Her2	1.99527657977486	5.09616149377288e-12	3.91736490337042	3.73339912372344	5.61996558841328	4.69906625147972	4.97153986071704
chr17:39839428-39839929	Her2	1.99500389369157	2.61245185365756e-13	3.04159676321338	3.10890778441868	4.65822154521961	2.85361927926303	3.3679856070395
chr8:88959925-88960426	Her2	1.99481010238709	1.92435933704866e-05	2.80291796751308	2.70488888056693	4.36782057971748	4.28391442067781	4.05769038735634
chr17:38691579-38692080	Her2	1.99370287538138	1.4576841287977e-16	3.75896031963521	3.62125643128056	4.72595073243948	4.28506923292381	4.73999714571645
chr10:2464517-2465018	Her2	1.99359419028977	1.02895061856183e-05	2.60763527661643	2.51785107453265	4.38689097933206	4.2538096316337	4.16126675080064
chr1:195413881-195414382	Her2	1.9934815156277	6.25607933743183e-07	3.00527778220059	2.81719406141366	3.79649073007633	4.49014272882353	4.3413680052811
chr14:38329165-38329666	Her2	1.99304358493771	0.000197155799295969	2.92062375022973	2.30388812961138	4.68178621245698	4.05920855985094	4.58782467324775
chr17:39825906-39826407	Her2	1.9929535571515	6.57239777365834e-14	3.00317223071356	2.88356233834139	4.6114483481958	2.82977915535878	3.28691302908708
chr13:25608175-25608676	Her2	1.99237296755854	1.99374182178067e-05	2.78407266674971	2.20544290598157	4.93527311979067	4.51769416500012	4.28606306950619
chr10:83691524-83692025	Her2	1.99044779833468	3.70052593942664e-08	3.00720898242972	2.66833085613935	4.61317327992164	4.29723458862382	4.42562013380629
chr17:40016029-40016530	Her2	1.99044020448998	4.22023597897831e-21	4.4505382852236	4.41968960651999	5.98563865255591	4.38268766553145	4.7274571890319
chr13:31329426-31329927	Her2	1.989566787277	9.40276655951103e-10	2.97369468681146	2.43299976870316	4.71663520882334	4.3422528867985	4.04391632752223
chr12:70584229-70584730	Her2	1.98702373492026	1.07629062191665e-09	2.51569686037521	2.3878626353	3.4962733496504	3.06152896337231	3.090926970988
chr9:36322556-36323057	Her2	1.98667968237642	4.96560211648947e-09	3.98197742086542	5.02139714561631	5.78229790667594	3.99918623409166	4.11141188073221
chr17:39771589-39772090	Her2	1.9865206442985	6.76351587134691e-07	3.80246616127304	4.10820869734796	5.67489814095501	3.64481768261315	4.35398974396838
chr1:154711366-154711867	Her2	1.986196373697	2.2050378087999e-09	2.90566250099421	3.42678814197024	4.81281220927335	3.70217937860547	3.69369542937686
chr8:99531098-99531599	Her2	1.98619365828263	9.10244700132158e-06	2.64641117760579	2.28413353542503	4.4593033969176	4.21812820565835	4.51387364434405
chr7:118422331-118422832	Her2	1.98554914277679	2.16184797238751e-07	2.24217526157224	1.86423015737922	3.51702275943172	3.03240379835324	3.35735729073156
chr10:79251975-79252476	Her2	1.98508548619298	1.57777621311683e-18	4.42643411292175	4.79309104456175	5.95207535531209	5.27950060928222	5.37887968881276
chr17:38607805-38608306	Her2	1.98493495791644	2.118342498699e-10	4.52955811242713	5.23834336423375	5.5974970532441	5.04447645233085	4.85707906097464
chr8:73891760-73892261	Her2	1.98489160458677	6.89035729824825e-06	3.33555846561274	3.2463693772091	4.98747288165721	4.72214918932337	4.94682321113803
chr13:32507209-32507710	Her2	1.98412258913832	6.65279706085146e-09	3.62921129720284	3.58854898818654	5.29992152909992	4.73207572058192	4.54957455902727
chr4:165918631-165919132	Her2	1.98392857857192	2.28705200824007e-08	2.81927575670316	2.31270195183627	4.05579950963708	3.69199391675956	3.68744939673908
chr17:49385464-49385965	Her2	1.98348364754316	5.36758347238369e-09	3.35736253710842	4.21943209119382	4.77218977840911	4.52745160486104	4.29335224713767
chr14:37598891-37599392	Her2	1.98310288481377	3.30845731274194e-05	4.61635464318783	4.40372017879793	6.96050425787702	6.11457509555879	6.2855264599163
chr11:67673385-67673886	Her2	1.98242530480539	1.77038589682665e-06	4.0578276368929	5.41432062276318	6.03980803541963	4.85485248877441	5.11671780765246
chr20:51126956-51127457	Her2	1.98170096224469	2.3435876402662e-05	3.03872699427138	3.25212742325898	4.78343215270546	3.68954295654336	3.50406991608902
chr17:14097676-14098177	Her2	1.98132027138987	2.2538820103054e-06	3.10865867846708	3.62460904479233	4.83135385528602	4.07410141824884	4.34787930659989
chr19:7808028-7808529	Her2	1.98119468281297	3.66860672077564e-06	3.63543611334588	3.45405860616721	5.93694467095217	5.15447057223104	5.6496996228212
chr4:96785612-96786113	Her2	1.98118527790737	0.000247662213538731	2.58465856202882	1.94900064793493	4.70468549618632	4.61429376764874	5.00896740270429
chr17:39400224-39400725	Her2	1.98101678965158	3.91130489206056e-07	5.087042969768	5.00880485080764	6.00350807007822	4.69881957059168	5.1677384265549
chr5:34449104-34449605	Her2	1.98042851464999	5.22211273741444e-08	3.59600167368222	3.25484630137039	5.52862433258958	4.79337339330106	4.91751263191272
chr7:72325510-72326011	Her2	1.98041213840829	8.92795024768797e-10	2.7219076484549	2.27751174527379	3.67882402031521	3.21213476509291	2.79861093153094
chr11:19760587-19761088	Her2	1.98015455069129	7.8167970652497e-08	3.34259483668617	3.54631601452402	5.23941191712868	4.68885185256986	4.15983960375518
chr22:44794954-44795455	Her2	1.98013016218092	3.42732581324858e-10	3.24188212605227	3.3619014692913	4.86105906983512	3.41255510657551	4.11311044527922
chr10:9065656-9066157	Her2	1.97955096388995	0.000977709219338329	2.36068996747185	2.13609716525645	4.37583643041346	4.37754274485208	4.59760862156791
chr8:93162807-93163308	Her2	1.97946810006095	2.42918641150648e-08	3.35131087600691	3.26273533663803	5.19824724030162	4.34296866381396	4.27168022432038
chr16:65479983-65480484	Her2	1.97899712281251	1.69587328166792e-07	2.97610268325762	2.56919356923268	4.8221281607226	4.42352198908448	3.95798073091415
chr8:126370320-126370821	Her2	1.9772085926625	8.84644026819765e-08	3.24943601879868	4.1474355278922	5.09015363243527	3.89234215499761	4.09044392800266
chr2:172956101-172956602	Her2	1.97541329429579	1.39460211780232e-06	3.22679259060347	4.87246579968669	5.3836243895988	4.57495124877093	4.55892016860141
chr13:81318043-81318544	Her2	1.97540522494089	2.01182265660189e-09	2.97698290312004	2.66291583556091	4.5573222348061	3.66861563973717	3.64540905416343
chr3:186842978-186843479	Her2	1.97482666858052	9.16652460528295e-06	3.82746190050975	3.84771407261915	6.1308587937969	5.65313879641672	5.67735444286489
chr6:134405721-134406222	Her2	1.97442103377559	2.71632478728245e-12	3.11934718713857	3.34155740608539	4.25627618774366	3.14800531548615	3.32862081103807
chr10:37416344-37416845	Her2	1.97435753562225	0.000951490105871672	3.11918113280979	2.58570770835239	5.20125965498536	5.69119621517958	5.06048459534935
chr17:49357987-49358488	Her2	1.97412830118733	4.28208945321295e-13	3.80782719731697	3.59264888399291	5.03120548966226	3.98121313261224	4.2644596783434
chr1:216465467-216465968	Her2	1.97303274413402	6.17790422464582e-07	3.17006594179935	2.90192408003263	4.87407820711856	3.68392031461518	3.57396249571485
chr3:16490594-16491095	Her2	1.97282369280123	1.12620159196166e-06	3.28720200326928	2.80944240000039	5.52674189674283	4.48799718566863	4.53347434898083
chr12:8484238-8484739	Her2	1.97249301378881	9.46729163311115e-10	2.54185513318758	2.22704487876652	3.22058228402438	2.81231794392214	2.7924371556688
chr3:194243104-194243605	Her2	1.97188131759758	3.750484462686e-07	3.00978177012286	3.37424289558077	4.66887156087403	3.88166651852232	4.2726765145892
chr3:149285269-149285770	Her2	1.97177327909095	2.20442933588722e-11	3.56150445553379	3.60393725927233	5.524165542336	4.10066101134844	4.76140718249541
chr17:39765726-39766227	Her2	1.97131358791255	6.8853289654988e-08	3.72487942392972	3.69145508461873	5.4727721254056	3.6928469822127	4.23127562626943
chr16:54920217-54920718	Her2	1.97085754855585	2.57753908565857e-07	2.37832101841676	2.30988208844386	3.4463885782289	3.18114795504556	3.60755082918423
chr7:143132942-143133443	Her2	1.97034384524903	1.74724508380372e-09	3.26503650817534	3.20488822653601	4.9681315820843	4.31154307069028	4.201128952698
chr4:160458986-160459487	Her2	1.96948203866374	0.000139039111301537	2.75633262742553	2.0515277048726	4.85972977945145	4.37145742310078	4.9246361925988
chr1:30345388-30345889	Her2	1.96935241451473	0.00143959547374323	2.86861678963949	2.09723615302342	5.19875715106643	4.64354478099781	5.03677783197107
chr2:156862980-156863481	Her2	1.96894027489216	9.21023046483575e-08	2.93803583929598	2.69385419733784	4.89177058429914	3.75176883641218	3.98086912804751
chr3:104587358-104587859	Her2	1.96815687622509	4.00051732090444e-08	2.93755127775788	2.73047442957063	4.05629120577539	3.77585122511491	3.53621488493184
chr8:28545811-28546312	Her2	1.96769130714715	8.51103910831446e-14	2.92136824733154	2.82629145950524	3.83634431363295	3.26861137097843	3.13841901385877
chr11:60825129-60825630	Her2	1.9661199091063	1.66118679738796e-10	2.81694112817274	3.81162447924245	4.25340463503856	3.4115854733465	3.69872682079645
chr6:10891921-10892422	Her2	1.96577669906588	9.29882120405271e-14	3.10153226616264	2.91974198738265	4.41596744981383	3.52719538174944	3.80891661454458
chr1:210729910-210730411	Her2	1.96575176658971	0.000271738992893507	3.14476040052231	2.75786135307007	5.2678045079454	4.65137516270476	4.95107555788982
chr1:204571606-204572107	Her2	1.96571273023764	3.97359507299853e-06	3.54239920941631	4.5088105265939	5.63231171382776	5.40264244987138	5.18405633794139
chr12:61734388-61734889	Her2	1.96554340177728	2.82360364969555e-05	2.80080119926659	2.92373344574036	4.68529262536741	3.50563509989292	3.96075192327618
chr20:45696528-45697029	Her2	1.96507787545518	0.000783345542382334	2.11564840331653	1.39362892802933	3.87127486498258	4.03812973425318	4.43615888600094
chr15:39619932-39620433	Her2	1.96500848411089	3.63344523350748e-05	2.56418966038381	1.68096477339203	4.45736007634023	4.06503257308715	4.65710121514667
chr8:125835893-125836394	Her2	1.96485945294748	9.36540609500452e-06	2.81236675162907	2.30264195936367	4.00008849376716	3.80129776457496	4.20251601784818
chr17:39595916-39596417	Her2	1.96455946329571	4.0534237342493e-12	3.5740450457833	3.31130261147709	4.93323269003155	3.39456624051745	3.96802547131751
chr17:39216396-39216897	Her2	1.96425042115541	1.43933578551061e-13	3.67391565234005	4.08063055364924	4.23185379244695	3.74069664030991	3.89241638264464
chr13:92101153-92101654	Her2	1.96383376703402	3.74884871931623e-08	2.57059975667601	2.09948182454919	3.89012220165977	3.53248460026826	3.10298418636229
chr17:34860604-34861105	Her2	1.96348102462125	3.14408548801139e-10	3.14899431753038	3.36322880507599	4.8409223993541	4.11811372273482	4.11406067492207
chr17:40306397-40306898	Her2	1.96308033658874	4.92125746562573e-15	4.77678872286419	4.50380216247801	6.19846727965835	5.03901298930125	5.21034347630086
chr6:127847046-127847547	Her2	1.9629032338889	3.52052179368588e-06	2.68434447943324	2.19991526749176	4.29705122419411	3.95079076676002	3.90224155605755
chr1:116706060-116706561	Her2	1.96241133530652	0.000794715164083473	3.11162681505735	3.1720185028345	5.46918613338286	5.14508886655688	5.56627482671084
chr8:18217187-18217688	Her2	1.96212570746826	3.00652831398673e-06	2.72179607148889	1.92083007796715	3.69487820834853	4.05832568658078	3.97489034884431
chr5:43872706-43873207	Her2	1.96178598196229	1.18873398789098e-06	2.778203695363	2.23907029064351	4.0896775325283	4.23170848886654	4.17494982348039
chr17:39247144-39247645	Her2	1.96135619192432	4.90672894951767e-14	3.64922693639368	3.67645514041855	4.36535751717168	3.59208981095248	4.03955533518379
chr8:78526888-78527389	Her2	1.96085278934334	7.90215942222846e-05	2.79033737654853	2.3638274874364	4.64284195102883	3.45655079361129	3.95263327987135
chr14:43673120-43673621	Her2	1.9598516284805	0.000416135067656969	3.02265191408566	2.68318999096217	4.47700249414921	4.93416988296867	5.10656222584176
chr17:49319531-49320032	Her2	1.95963574738106	1.1198669158902e-20	3.33928843285356	2.99652581588923	4.59309508244816	3.67945276910208	3.92948682149996
chr3:11799184-11799685	Her2	1.95901780554756	4.16308153448077e-07	3.34887683874727	4.22690317232252	5.44364478043083	4.33550327367695	4.6276042157853
chr2:65471805-65472306	Her2	1.95870552376771	6.14566110163824e-09	3.11606312464738	3.07474307598333	4.93579378566839	4.1424400148251	4.27394350467596
chr21:32732538-32733039	Her2	1.95865780525346	2.19353560249353e-07	3.69702564085857	4.73170202780062	5.88078673417768	5.05794882940076	5.33509776354473
chr8:100735540-100736041	Her2	1.95851776874349	2.203798827796e-12	3.31359266314767	3.84739657833674	5.21125610856639	4.07731727315507	4.44041049664243
chr5:168460731-168461232	Her2	1.95755764143061	1.27023359493972e-07	3.41448971152262	2.63510369488118	4.95455144585042	4.28340736770326	4.91076046626076
chr12:50229617-50230118	Her2	1.95649579036436	1.69315330772596e-07	3.96217659498438	3.18483707153456	5.94427444588488	5.08041332281881	5.38206497197479
chr2:215049991-215050492	Her2	1.95635030910322	3.76669787338342e-07	2.57916058804157	2.34351743897321	4.34419167330443	3.87203037506949	3.66077891709585
chr16:54485342-54485843	Her2	1.95627122488913	7.41873252740373e-10	2.93477306233908	4.07226662688342	4.29545129563449	3.39827265382315	3.80203346263225
chr7:6843149-6843650	Her2	1.95579331847062	1.0478421188993e-07	3.91842909231388	4.90865576636294	5.7563895244515	4.09788263722006	4.29307206490784
chr2:175536702-175537203	Her2	1.95537799538041	0.000984874115088369	3.06790105073607	2.47037762266348	4.8143092411354	5.2909792646276	5.38596913220257
chr1:18487016-18487517	Her2	1.95477580903738	6.42554382195155e-07	3.10785523399265	2.87434846720277	5.14711258551861	4.54495850964955	4.70557437421726
chr11:73431313-73431814	Her2	1.95468039501055	7.11519749508461e-09	3.03617542334399	2.58609767109175	4.0922938196031	3.58120257562357	4.10347344420263
chr17:49384410-49384911	Her2	1.95423788709075	5.05972694757276e-15	3.38824933960561	3.95561926285376	4.75159006403067	4.04417812051606	4.25494633155718
chr11:84688322-84688823	Her2	1.95360191245719	6.2803299029437e-05	3.22361306183553	2.93953114604491	5.14769938081531	5.1780591742569	5.33541677372589
chr11:18694922-18695423	Her2	1.9534013396744	1.79254134344161e-06	3.40334902404503	3.29012091911857	5.63882462400378	5.15133894857768	5.06943921282049
chr2:125365692-125366193	Her2	1.95320876702757	9.15429807020864e-06	2.82470347319927	2.14210552361219	4.77295394282071	4.86261600787285	4.1747593514533
chr2:129140646-129141147	Her2	1.95291703323889	1.19765638242688e-05	2.37881749984121	2.81717223250467	4.31963849622054	3.58574677787467	3.41602374730277
chr12:96946452-96946953	Her2	1.95264614185644	3.46154149904284e-06	2.81096041993422	2.57568024267649	4.28662266357308	3.91839928017809	4.17469131956275
chr15:76360341-76360842	Her2	1.95230019047066	4.03150612023524e-10	2.95065642246621	3.0884273972708	4.89818872965949	3.88371013626466	3.55334789169567
chr21:46646498-46646999	Her2	1.95228108606996	4.89556699354541e-09	3.67669876875471	4.5704366580239	5.31274793282416	4.08532555754875	4.6333497514868
chr3:133386508-133387009	Her2	1.95205063532049	5.79090455960491e-08	3.45190561218035	3.13986068917926	4.65452033599649	4.35722542560052	4.8298039808101
chr7:25531667-25532168	Her2	1.95168795302145	3.87187394279498e-07	2.95444684594175	2.82880920141286	3.69634835559217	2.72561299788352	2.98128544715769
chr1:84132110-84132611	Her2	1.95156140147293	8.59223694114208e-09	2.97423631471042	2.5552810504478	4.87279287789683	3.73866801623196	3.28678614620122
chr7:56180859-56181360	Her2	1.95145559054099	0.000480729461557929	2.61250878471033	2.33306231594481	4.19949194991568	4.88459094435688	4.52389658367655
chr3:3291653-3292154	Her2	1.95140239805414	3.39611716214033e-09	2.85668941270521	2.29002660084145	4.29079369203992	3.34136388312076	3.43250688914926
chr20:47506325-47506826	Her2	1.95128717657257	1.05608384602796e-05	4.17568599096037	5.36867004399533	6.38171593016066	5.08514343102776	5.98212988796596
chr8:98782939-98783440	Her2	1.95126436582018	1.00636896758571e-10	3.43829977171661	3.78170546400019	5.0733131326546	4.22127187639526	4.53658322625676
chr14:21719694-21720195	Her2	1.94893954011284	2.81788543948787e-05	2.98847201654538	2.43674815462521	4.71785576908455	4.16209791532506	4.16016785396308
chr20:56980676-56981177	Her2	1.94735971066197	2.52939414912035e-08	3.26417827312406	3.68495638989848	4.63422551565828	3.82821700244962	4.09812897690908
chr17:48177773-48178274	Her2	1.94691301621656	6.39698992171374e-11	3.34446722267465	3.15039603219001	4.51963689032547	4.22271572788969	4.25154005825195
chr13:44355607-44356108	Her2	1.94586883747519	2.24860607018327e-07	3.20841091170687	3.76800402133592	5.0903289418211	4.2717615671844	4.42722814858831
chr17:39246303-39246804	Her2	1.94566856515579	2.63009725614764e-14	3.92517734362412	4.14657127260213	4.5649469119754	3.77230439075678	4.04993685244117
chr20:39259814-39260315	Her2	1.94557436914078	7.39284579242493e-06	3.31302216799287	3.45489468230101	5.09067604308324	3.76336878389297	3.86295484474307
chr12:43378059-43378560	Her2	1.94550950057035	5.81176921883966e-07	2.89789258761598	2.37892764761559	4.03627260021464	3.59916679836289	3.6420360783389
chr17:39584952-39585453	Her2	1.94522621750353	2.29672077461007e-11	2.96326673428026	2.59647597375075	4.21709142448991	2.9350892723859	3.2292081850794
chr6:114545038-114545539	Her2	1.94504654841606	1.29562821593576e-07	3.0507307098703	2.77415731267867	4.35294149429427	4.25248205116271	4.06723379898908
chr17:40052440-40052941	Her2	1.94496543390801	3.00051480471345e-23	3.87842502558185	3.71519828655182	5.19914229873985	3.84875441710557	4.03743678132457
chr6:165684287-165684788	Her2	1.94457069171141	6.56614307012834e-06	3.17200835774451	2.60940809369028	4.29179369618139	3.6663983413625	3.74275621817882
chr8:95070605-95071106	Her2	1.94453162551728	3.0734546325502e-07	3.34630742697029	3.8302813513856	5.3041328028105	4.42420697173929	4.96227546990299
chr10:37411726-37412227	Her2	1.9443028156232	0.00166489199288918	2.28146427659259	1.8586044120576	4.06975614659465	4.49466043124571	4.13475237113608
chr20:46711120-46711621	Her2	1.94416067143704	2.71822988876861e-09	4.44862852734078	4.0168116901549	6.3294914711519	5.47547414405137	5.46895538532283
chr10:37384000-37384501	Her2	1.94320631060951	1.24347743539015e-05	2.91890147392844	2.58471475266998	4.61752947845978	4.74605383521399	4.31418850915272
chr17:36866270-36866771	Her2	1.94272702609367	1.51274920199353e-14	3.16428993033915	3.01428280463915	4.32927134244968	3.31362829957394	3.4307823241913
chr1:145527843-145528344	Her2	1.94235295355375	0.00108468739388373	2.29435519201867	2.37819644819302	3.64113768920086	3.06019200252543	3.09089069949266
chr17:39307254-39307755	Her2	1.94227347825968	5.51189854580761e-12	3.4020973764223	3.44552255933567	4.34588234076132	3.518138019605	3.87493616609453
chr17:49369035-49369536	Her2	1.94216294322907	1.14998622420804e-15	3.27644056603565	3.29824545267718	4.57961059351112	3.44919903963604	3.84626478147521
chr6:4493569-4494070	Her2	1.94173611629816	2.1667178540465e-09	2.67110366588882	2.07981422106507	4.45406239532518	3.48355492654879	3.79349835922629
chr8:103643954-103644455	Her2	1.94161855367896	1.39460211780232e-06	2.7624811935982	3.09801110699067	4.04780576387998	3.29147656296407	3.60514441441814
chr12:81385310-81385811	Her2	1.94097342620348	1.0828738161919e-06	2.96932393086824	2.48547450176956	4.58144341986139	3.62834072345054	4.14083118406577
chr7:881459-881960	Her2	1.94046091163288	0.000102797273721021	4.77020864917104	4.49973173135345	7.04951604054967	6.86086700736876	7.06652751866021
chr6:106346525-106347026	Her2	1.94041100489855	4.6350954183776e-06	3.04550623217999	2.8241639324676	4.90707459404437	3.82628873279193	4.268111019423
chr7:118621801-118622302	Her2	1.94037995726372	0.000288806539439672	2.62554730529557	2.32655103670221	4.65512921865792	3.67943009870068	4.62932314907995
chr17:49718138-49718639	Her2	1.9400194208371	7.56669511155218e-08	3.29982717834322	3.04436663620872	4.98880832350932	4.68549908340824	4.78408261875134
chr9:120776662-120777163	Her2	1.93858130172016	8.77745273600458e-07	3.32770361656016	2.93939546000808	5.21733707169075	4.49257567060642	4.77714307388807
chr20:42737667-42738168	Her2	1.9385564802306	1.36246197471411e-07	3.29788241154744	4.2405629503258	4.96241305694837	4.27547342442446	4.08859139106246
chr9:126617014-126617515	Her2	1.93852381506458	0.000200823782439301	3.4921114865084	4.05158284225776	5.56756345353119	5.87269189237301	5.98078680801086
chr12:32942960-32943461	Her2	1.93754491500317	3.1686951018083e-07	3.16932388917467	4.39150503015613	5.10255759894122	3.32962811892221	3.57483215232182
chr17:39376240-39376741	Her2	1.93727500758783	1.24841888343412e-10	3.49508365110045	3.45477321900255	4.46979099869815	3.26058740184895	3.78790096802466
chr11:93935769-93936270	Her2	1.93718712074111	3.90948491082357e-05	3.42446039100171	3.65324857308391	5.28140796241952	4.64608107596256	4.85878094117165
chr17:39557792-39558293	Her2	1.93641768870644	1.27699217087573e-11	3.34992601325671	3.33948931792034	4.34556902785147	3.39337370495216	3.83776656994443
chr6:71919396-71919897	Her2	1.93617549387898	4.79540153296479e-05	2.67894129116656	1.99936367452692	3.74227858057423	3.65268200459422	3.58665465467119
chr20:49998839-49999340	Her2	1.93610407727741	5.33948580303463e-13	3.25194890705665	4.39546015933583	4.54830064129183	3.4533472449965	3.47025715247913
chr10:79449644-79450145	Her2	1.93608210013535	1.44307490763012e-05	4.64180563745402	4.52708428959378	6.79806515986152	6.08176886272481	5.91084874791857
chr17:49383696-49384197	Her2	1.93579506898603	1.30691551605441e-14	3.41275565824959	3.73739877777588	4.81790848030966	4.20372215146869	4.2341242635845
chr4:75167702-75168203	Her2	1.93579466030939	1.43169252009943e-08	3.08902427774314	2.55126215789772	4.19131314076055	3.80566092886772	3.94938724487582
chr13:47091727-47092228	Her2	1.93532911116391	7.89560929672334e-07	2.70626953527397	2.12877775250657	3.99444530635125	3.99651365322348	3.68881909635235
chr17:35026326-35026827	Her2	1.93522095531588	2.96339540280581e-13	3.8523626365051	3.4656969831288	4.7169479721182	4.49407946354506	4.47666955729208
chr20:51653988-51654489	Her2	1.93502152801441	2.3066910594629e-08	3.3457649873729	3.49803096673721	5.25079014507769	4.54025917717679	4.55874771519058
chr1:31502478-31502979	Her2	1.93489957753021	1.42455360871495e-15	3.63672384532511	3.16899984813794	5.2308453370965	4.0816615152758	4.3302935924758
chr10:125524424-125524925	Her2	1.93475660172488	0.000120930357970765	2.69448115903491	3.58396090010659	4.34812349889945	3.91196875897022	3.72672064898858
chr8:116919748-116920249	Her2	1.9345974152383	4.97895814572917e-06	2.73800809374971	3.34532429176279	4.49167965888756	4.17434369518011	4.28322583089136
chr10:71594747-71595248	Her2	1.93399614249607	6.33328781109089e-10	2.89421100917361	2.56968429559218	3.9549851967065	3.27463182343833	3.25929736115531
chr1:55780924-55781425	Her2	1.93395406673446	6.05645607257597e-07	2.96715737012902	2.9010411787362	4.62299593053213	3.06138520250153	3.18373799512533
chr14:43464949-43465450	Her2	1.93329559012043	0.000770489227961366	2.30765542951648	1.56105777504974	4.16745368358549	3.94997304487013	4.1861732602081
chr6:138386806-138387307	Her2	1.93320544420218	2.65512524323981e-05	3.14662894279523	4.2272125434056	5.33040490529084	4.12337111789403	4.26812911764707
chr17:39545637-39546138	Her2	1.93261371240177	3.31404622463556e-11	2.82438653451186	2.69531561387252	4.14644308511486	2.99012589493866	3.42309855020757
chr15:76314583-76315084	Her2	1.93254798351453	1.48930677789261e-10	3.50427069430371	3.0411315942526	5.47675299905582	4.40414176199573	4.46729256470021
chr16:56368457-56368958	Her2	1.93202122778399	9.43976708939744e-06	3.48488635614007	3.26663109692367	5.34813572086609	5.0644021112731	5.47258006104657
chr16:21171149-21171650	Her2	1.93189366188581	2.4226258319721e-17	2.96368496034485	2.73262740798292	4.35524931749105	3.13787762849802	3.45950919409934
chr1:211861687-211862188	Her2	1.93154512341757	2.41876241264896e-11	2.58349156375627	2.6629370582803	4.01016176857309	3.34844897765958	3.61605191900932
chr8:18323056-18323557	Her2	1.93132198577216	0.000343426224307444	2.61544949808072	1.70053711685287	3.52401151480138	4.40358344402948	4.52176213778191
chr1:27684090-27684591	Her2	1.93091578049042	4.28850022322002e-07	3.5398570649121	4.16008982470424	5.66775945730912	4.18181500354964	4.60249501048208
chr15:77376716-77377217	Her2	1.93053776380843	1.94319112188412e-07	3.23690302721976	3.09081232138624	5.21299949888765	3.88619522163406	4.19102305942966
chr1:11352248-11352749	Her2	1.92944429524203	1.56189922458835e-05	3.31075063621721	4.07240705981937	5.55955821670531	4.77957964353265	4.73314754997219
chr6:9538577-9539078	Her2	1.92904583535726	1.75970764175651e-07	3.18107739107192	2.83806858035011	4.29990969458465	4.07201280808594	4.0786578154817
chr7:29482109-29482610	Her2	1.92902657644444	4.01729673960834e-06	3.44887217722275	2.18020244680079	4.58248196501092	4.35920946964986	4.294959531868
chr10:60173440-60173941	Her2	1.92887284222046	1.21663720875773e-12	3.19161260778449	4.15307985616313	4.6376568140064	3.77673686965261	3.91929203470273
chr8:115936446-115936947	Her2	1.92843683913717	2.06970896829828e-08	3.29099491980628	3.64464746030466	4.6469397656183	4.44913667840681	4.55846630913273
chr9:117019207-117019708	Her2	1.92780022283494	0.0026554620555521	2.65713981050833	3.44645082209928	3.56536547196955	3.0577113229759	3.20910336841326
chr4:83749168-83749669	Her2	1.92761940967073	5.5899197915263e-08	2.63724771291518	2.43826583960872	4.13119933094229	3.73783690580222	4.09640796889754
chr11:78155731-78156232	Her2	1.92756167211763	0.00485181422545152	3.50781284569938	2.95084613678885	5.64754685873603	5.90757309685101	6.22471298459874
chr17:28922962-28923463	Her2	1.92750438420805	1.7321062533761e-11	3.61918990996335	3.38179234100159	4.51606441441969	4.60931401312727	4.65658813685057
chr12:91424399-91424900	Her2	1.92616560030222	3.12871066232661e-07	3.26555944293293	3.27301691386674	4.71448434938598	4.38989959295871	4.8679146912842
chr6:35783482-35783983	Her2	1.92593372796246	8.7863330209737e-07	2.86161435665438	4.35161770668395	4.82716543870861	4.07232331325759	3.91983224974765
chr17:39827120-39827621	Her2	1.92575800278275	3.02826621764177e-13	3.23639526971511	3.25299699519312	4.81102580475761	3.03015160988275	3.39641341078178
chr10:60737188-60737689	Her2	1.9252561808007	8.85254965475139e-07	3.43299339258933	3.35978453062324	4.55512922550993	3.83304698401359	3.66452455205097
chr2:196965123-196965624	Her2	1.92501574386626	1.01079168053797e-06	2.97098071725115	2.13640290533407	4.39987392377032	3.47581968196336	4.10645350155381
chr7:54838386-54838887	Her2	1.92492374338033	2.78124609917651e-05	3.72816467748761	4.18812771848385	5.79934944908832	4.51506866954979	3.97567518388703
chr12:131474238-131474739	Her2	1.92459548580258	3.13699923683739e-06	3.27048806122553	3.32443851706383	4.92210246329117	3.76220835545694	3.56717087846208
chr1:231964165-231964666	Her2	1.92341990917146	1.23411850444223e-07	3.27848639491067	3.26899121108012	4.93606829409832	4.2356152578506	4.36908343976238
chr18:41693184-41693685	Her2	1.92304401730514	7.42450624204207e-06	2.73195239992305	2.37949956676839	4.45704125902006	3.78752134284272	3.67685444978941
chr10:43538256-43538757	Her2	1.92299042311157	0.000359913943365029	3.11395230861508	3.02476485974016	5.26381718446018	4.64352591699549	4.94652809620128
chr3:158913894-158914395	Her2	1.92203258460735	1.66641881177347e-05	3.14194955630788	3.00163360735274	5.0832718334237	4.70418811532157	4.4959486986955
chr6:109796553-109797054	Her2	1.92184888603245	5.16110974413645e-07	3.28582248344012	3.17424976903647	5.00674179672705	4.69052297038956	4.26059118987445
chr11:70064302-70064803	Her2	1.92133278132353	8.83010820174112e-05	3.50201527808771	4.72881355002753	5.42554202659599	4.73370052433525	5.06095741886743
chr1:163616845-163617346	Her2	1.92128022144402	0.0141630866398464	2.86546162083231	2.54803985069501	4.6920774607362	4.82293481361475	5.00282958806726
chr12:115443482-115443983	Her2	1.92113073597745	4.66810604449026e-07	3.33026154954541	3.17135566549974	5.18351871789366	4.81221859398713	4.80065973348089
chr14:52548252-52548753	Her2	1.92091495657818	7.88087372584604e-06	3.72354337438267	3.1746878205287	5.61964424989344	4.88139314285919	4.78014288602505
chr17:49330129-49330630	Her2	1.92073756097194	6.43393669228236e-18	3.18432250567722	2.91421138931239	4.27111919268575	3.56310528340814	3.6058669561463
chr10:92942163-92942664	Her2	1.92073569259659	2.01896744754632e-05	3.02116349119592	2.33510018812742	4.53032984355067	4.88915570721675	5.01340090676724
chr17:39757189-39757690	Her2	1.92023206676543	4.71536521887026e-08	4.16591338053724	4.0460881250236	5.90128902043635	4.07738460208989	4.44346044612031
chr11:120507018-120507519	Her2	1.92018871301585	1.14486942602508e-10	3.12823071827287	2.72454508045661	4.20025686261102	3.70760933189909	3.76340294810521
chr5:77946438-77946939	Her2	1.92014648824422	0.000995758118054025	2.98949430070372	2.82184724222451	5.45489548794931	4.53071461296676	5.08746659583061
chr5:62925410-62925911	Her2	1.92006465655927	2.26362095977464e-06	2.64227084099182	2.24142519881386	3.77290342846195	3.41112215173452	3.48943416063622
chr6:119854600-119855101	Her2	1.91967464133313	6.22352184497817e-08	2.71453248958003	2.50150546499671	4.26580200764404	3.21975810066486	3.78324178764646
chr17:39580202-39580703	Her2	1.91959496448455	4.75366584397968e-09	3.39719354046788	3.21356974456438	4.70809503821609	3.13916002012139	3.7730232120223
chr14:38276930-38277431	Her2	1.91956066204473	2.52567994337898e-10	3.04463086767404	2.87891701254129	4.21845863096574	3.52302573330374	3.48448235819583
chr16:14474897-14475398	Her2	1.91944321406236	3.6527883723278e-09	3.57667606879192	3.67632622215799	5.39525787949915	4.63468489198599	4.94829094107104
chr17:40036065-40036566	Her2	1.91924731738075	5.14645626216753e-20	3.9409651891675	3.78810347063404	5.2748188554696	3.97436067191117	4.2662518674034
chr17:54884464-54884965	Her2	1.91915296578175	8.74289242561047e-10	3.20548011330964	2.76594163409765	4.99858508942457	3.96241070401262	4.13329018256173
chr6:86186476-86186977	Her2	1.91842195150856	2.75223587730205e-07	2.948918578048	2.34482794986344	4.62099478570798	3.93586369203128	3.99848783941659
chr1:202288298-202288799	Her2	1.91772906166263	2.21983547207111e-05	3.62350995104933	3.54357060017051	5.72737959969964	4.75213195963296	4.8645216278934
chr17:68298497-68298998	Her2	1.91755463016544	4.26069156651043e-08	3.39023660517619	3.54521956182516	4.87032481303789	4.41926941632411	5.03032234882834
chr10:73676732-73677233	Her2	1.91708198587093	0.0242652843791981	2.03793300262802	1.10083586660423	4.43321739685039	4.12999277155323	4.62123559476378
chr10:80441777-80442278	Her2	1.91685910577491	4.38816717948046e-09	3.70329309425098	4.19995659370518	4.75050916472168	4.25665844551556	4.2719637142111
chr3:89694584-89695085	Her2	1.91649242442007	0.000689624046181394	2.73059853365822	2.13719911891934	3.96707726487291	4.50763386814163	5.00741393032437
chr19:58060342-58060843	Her2	1.91632743563396	4.617812593839e-07	3.52798433900282	3.74997769843975	4.56540431864586	3.89977452320385	4.17518169602634
chr1:165604579-165605080	Her2	1.91565940680371	7.42060547936579e-06	3.13950201771746	3.03938095753669	4.56584978705517	4.79189833715078	4.94212220180378
chr2:74866650-74867151	Her2	1.91559535973212	9.99967716940556e-06	4.38907050181541	3.93575127760013	6.573357052259	6.00978549298575	6.42909585308721
chr10:60474064-60474565	Her2	1.91523939997655	4.87936652796259e-15	2.97279136143473	2.72184758999925	4.15600506122709	3.35669534949203	3.42490701716715
chr17:39303533-39304034	Her2	1.91478364292177	1.89702074322211e-14	3.34178176435898	3.25280533911991	4.39291006481609	3.35123013184319	3.63478889478217
chr20:61702340-61702841	Her2	1.91412491049613	8.19258129744099e-09	2.82310292515348	2.51272239852114	4.14658803498156	3.55456281749108	3.62347067819241
chr12:14255523-14256024	Her2	1.91363786928442	6.39205688678932e-06	4.61664677313885	4.42688238530864	6.42113012086819	5.82561646100859	6.12131239932578
chr1:46831414-46831915	Her2	1.91344489330246	7.47355512792835e-09	2.77774131124625	2.45005036422655	4.31431992761332	3.60954091066582	3.70169931402362
chr20:51734859-51735360	Her2	1.912982224984	1.28957402174306e-07	4.14903558885512	4.03130766938182	5.73398931167199	5.49588475469315	5.7624822977159
chr17:49317919-49318420	Her2	1.9122912026407	1.44529498934554e-20	3.45334568509409	3.35785895941482	4.62034803081037	4.03066672300172	4.14860921111507
chr17:39801750-39802251	Her2	1.91191062722472	1.98212683881325e-06	2.44407741571062	2.33197866930063	4.12791957996955	2.36840667229416	2.80267013180478
chr2:83607129-83607630	Her2	1.91181076675817	7.41879427810105e-05	2.50591254560122	2.05481001151628	4.16120094750605	2.69248990116656	3.20096438406606
chr17:39591408-39591909	Her2	1.9115992262442	2.01049826046818e-12	3.51887414031331	3.22174786184035	4.86500980520331	3.21082084862689	3.9505467396477
chr17:39375256-39375757	Her2	1.91115058545247	4.39721814807747e-13	2.75261575707256	2.60567105281861	3.74878517629031	2.71774422470714	3.06053625715933
chr10:9178479-9178980	Her2	1.91043306004823	0.000393868530145576	2.56959335858611	2.24210491154089	4.19396681967261	4.37424297970266	4.68944057372701
chr19:53008007-53008508	Her2	1.91038659559828	0.000235939431542097	3.3715829372327	5.48804206220846	5.25681208177829	3.88751451330273	4.12699966105724
chr5:103445642-103446143	Her2	1.91030103147153	4.55996940963758e-05	3.17154763561954	2.94352885127041	4.88532177511938	5.30343834954307	5.01900070744168
chr16:60220805-60221306	Her2	1.91027452107461	2.46044755571035e-06	2.3401167173277	1.6899028798633	3.8326425810959	2.88276326683857	3.22011884562622
chr17:39626079-39626580	Her2	1.91006231713173	1.47235422135979e-05	5.03943810853934	5.4942033793702	6.87620342516941	4.8855373304906	5.17684208346764
chr17:39315418-39315919	Her2	1.90946843350579	5.36466056190193e-13	3.04205142126655	3.08529192289539	3.87310336319344	2.9207234237734	3.41877139907786
chr17:40051030-40051531	Her2	1.90863371545962	2.58811922075031e-23	3.72150456613625	3.63549862869838	4.87660066029922	3.58722459885775	3.95336786315246
chr3:131712597-131713098	Her2	1.90825487896956	7.24264214452204e-08	2.84715418757012	2.44431100693462	4.49884260394095	3.4143746111303	3.84827244484602
chr4:145333116-145333617	Her2	1.90813642854524	0.000189397735504523	2.73326394328181	3.58264359507485	4.87695218984278	4.33432823145338	4.38931439139274
chr17:39595135-39595636	Her2	1.90788675915254	1.59679504091943e-11	3.29263840028104	3.10278069404675	4.52035368377159	3.23805500707818	3.59437731388142
chr17:39537577-39538078	Her2	1.9077221658963	3.71794299127491e-11	3.166643474506	2.84555884220238	4.14906788279689	3.45304145515002	3.79458545898723
chr1:225749733-225750234	Her2	1.9076571082863	7.93128938326616e-07	3.69068485416619	4.64210599216821	5.65625163158085	5.24216384365539	5.10190885702411
chr6:135683646-135684147	Her2	1.90743840481499	2.89167908687151e-12	2.92828685625064	2.7140067592519	3.90096025600982	2.95540903018591	3.19918489968779
chr10:37408943-37409444	Her2	1.90724157184135	0.00038403018719069	2.95607258256649	2.48183118925747	4.78824858502388	5.30221406973091	4.71104577298034
chr22:29794750-29795251	Her2	1.90623029806057	4.67187219343095e-08	3.71157253130242	4.45148002434637	5.60487534553069	5.01399825892919	5.12320618161823
chr1:102836928-102837429	Her2	1.90591774959299	0.000101090673619436	3.34609146751327	4.34548096174718	5.65848658379815	5.0537708611322	5.29545122037181
chr7:29067646-29068147	Her2	1.90578001556587	3.0416048857114e-10	2.98664198044835	3.41904210953732	4.35163196079213	3.71387926281279	3.58980970017861
chr7:42093585-42094086	Her2	1.90523099617932	3.49801264584534e-05	3.43092742640801	3.1829021306977	5.06298119126684	4.81274567121827	4.74001735123375
chr17:39756667-39757168	Her2	1.90500359230622	2.37522605758348e-07	4.2813568891248	4.22706826980515	6.05454811092089	3.97072648614644	4.75019935678714
chr3:11539102-11539603	Her2	1.90423594932923	8.75469872075482e-08	3.81762832057982	4.56891797907704	5.86390844303454	4.65239676006693	4.64962290624308
chr1:145579610-145580111	Her2	1.90414669168782	5.33739512964121e-06	2.41474950091154	2.41966955043361	4.3145585751751	3.30632526140401	3.29074173798931
chr7:35731285-35731786	Her2	1.90405182411146	1.76867168490417e-07	3.21898524703313	3.03849590170834	5.12458421393615	3.98322234276529	4.21935389156716
chr7:123322038-123322539	Her2	1.90386297417986	8.98547285309403e-11	3.58723786272847	3.48992456470513	5.19238021911607	4.45310469167513	4.44530740594347
chr21:31790890-31791391	Her2	1.90362655825893	1.03105437884158e-06	2.79010940570796	2.44596636617929	4.17937247391286	4.00051644714564	3.93914837196518
chr15:79206842-79207343	Her2	1.90343452977063	6.19911289145131e-07	3.07004369608757	2.63310466946305	4.86759844949907	4.13009478627215	4.03969906968262
chr20:51314805-51315306	Her2	1.90230164451673	3.5018101244099e-10	3.31274212385261	3.65494500885717	5.13543446377551	4.34165433050768	4.23539699783075
chr17:30255045-30255546	Her2	1.90172081905342	1.61552469306049e-11	3.0029977357562	2.8060232620275	3.92862970629112	3.74371113856291	3.8678419794725
chr8:116312050-116312551	Her2	1.90139615608359	6.44651646183771e-06	3.19446638911928	3.78437643804034	5.22735734462883	4.21636198972054	4.55826700801659
chr7:17942186-17942687	Her2	1.90018816681438	3.97074356903656e-09	4.07293664751873	4.8480005443175	5.93646602883701	5.11667215384716	5.2538357139243
chr11:15286522-15287023	Her2	1.89941679186492	0.00118561207814371	3.51050106077129	4.01959982466895	5.84001398139161	4.58495242632414	4.66397961911145
chr16:49934434-49934935	Her2	1.89929544160404	3.12829914976285e-05	3.00999400140788	2.28583721320423	5.0725600248829	3.64050968995253	3.96335730120987
chr8:95301494-95301995	Her2	1.89908232200549	9.5803719400489e-09	3.45612544947901	3.36916894548121	4.74287273808916	4.45364489519808	4.49580608522477
chr19:52070256-52070757	Her2	1.89859621595975	0.000272338464349191	3.49556345428339	3.3928498859956	5.13073809401182	3.71084922754993	3.94222163530586
chr17:48534964-48535465	Her2	1.89803654550811	2.73503312992676e-14	3.13547076619766	3.17715981669565	4.22560991922982	3.72620656888409	3.56416279408413
chr17:38582336-38582837	Her2	1.89795804503027	4.22733257565255e-16	3.90348737627697	3.75608836572362	4.80449769634054	3.93676268292526	4.46258636707807
chr17:40044635-40045136	Her2	1.8970234611711	1.09267928753021e-19	3.21773472949633	3.05651946296441	4.41704576424953	3.30469713275432	3.41599720951761
chr17:39298409-39298910	Her2	1.89632608046065	6.40222727319989e-15	2.91419415582534	2.87282731570704	4.05730525135663	2.7318189894985	3.28472491774209
chr11:4490760-4491261	Her2	1.89627738841029	5.84961578914498e-08	2.752237838835	2.28255763617128	4.02670890069436	3.74262111714266	3.7409284674047
chr14:52595564-52596065	Her2	1.89570575997639	5.20861101109805e-05	2.58007841905915	2.16886605397015	4.28769346350365	2.69187113674057	3.31589688554333
chr17:27431345-27431846	Her2	1.8942679335513	2.31072945460619e-09	3.12475320970572	2.85965090985598	3.97169246084567	4.42963428353268	3.91476885088103
chr1:150361207-150361708	Her2	1.89416717675886	2.05223218606554e-07	4.69587235150726	4.71606868350298	5.67902348905709	5.51021109895414	5.4309501603327
chr12:9640742-9641243	Her2	1.89372291157027	7.49490412286394e-10	2.57795450664278	2.61214953373157	3.89464012159601	3.37832625093476	3.44705237604877
chr17:39601052-39601553	Her2	1.89362588968766	2.69100566225792e-11	3.43936528400866	3.21868058738531	4.8398879571661	3.36955623933823	3.67049774625951
chr9:126616484-126616985	Her2	1.89343029912267	1.18882725530606e-05	3.7564760506759	4.33390416518973	5.6676550759164	5.6303708193658	5.86462975231809
chr4:17149631-17150132	Her2	1.8934116702022	4.12362099922252e-06	2.43476893215394	1.77815461249636	3.84771964641789	3.72145457308363	3.51673530115393
chr4:151598676-151599177	Her2	1.89320552134574	5.82931630868887e-09	2.6049399961804	2.27407036286578	4.0386199660029	3.5955491450832	3.72535056953573
chr6:80736095-80736596	Her2	1.89296598372888	0.0159660420317226	2.55853925016156	2.11096573003267	5.17627636198574	4.3793089094408	5.08471378037489
chr2:35461856-35462357	Her2	1.89236890709269	7.52968121731068e-05	2.63728008196646	2.35610636331932	4.17057963596595	3.70219919913386	4.23641488375797
chr17:39588598-39589099	Her2	1.89174226935921	2.82762518188106e-11	3.00021778995902	2.77398866095109	4.1830659004081	2.8832796916544	3.50011756229037
chr8:117402289-117402790	Her2	1.89136091441215	0.000942204813555714	3.50769395925508	3.74565951801345	5.75659929634217	5.22955384089338	5.86924287805441
chr2:30919071-30919572	Her2	1.89119188353345	0.000121186813860084	3.20347024463273	2.70743322593636	4.8838070019631	4.40465014011908	4.30028709294783
chr1:42961702-42962203	Her2	1.89105792404012	1.83419852369417e-06	4.83919265883774	4.87475296017467	6.82865678705877	5.83870691293229	5.95581418371499
chr1:186997860-186998361	Her2	1.89082924350289	0.00010695163623215	2.70519726733637	2.15281571363239	3.73173723551122	4.05066868404184	3.5519802828894
chr17:40119048-40119549	Her2	1.89049379560004	1.90368605633852e-19	3.97007053273515	3.95968522365049	5.08453058924163	3.94526244135302	4.21847905401002
chr13:100801230-100801731	Her2	1.8903238147273	4.39059529246694e-08	3.14235557966891	3.12880243150822	4.91332033112055	4.10379993549526	3.78057434461146
chr17:51424163-51424664	Her2	1.89027522316872	2.164282651732e-08	2.61205011710729	1.90478720770764	3.29552061461171	3.2465471048185	3.48066239803689
chr10:37307969-37308470	Her2	1.89014245570609	4.10281262047102e-05	3.03406303671255	2.71944935444307	4.8675877996556	5.05628257402316	4.65330736105039
chr6:111927360-111927861	Her2	1.88997813971911	2.37448514930893e-07	3.11411348648041	4.60001302324468	4.63218820663502	3.29792754986853	3.16965715783057
chr11:17485451-17485952	Her2	1.88918713709477	1.18603805613915e-10	3.1194509401717	2.37996875040171	4.35999700072464	4.16533346109987	4.03320632152652
chr17:39586649-39587150	Her2	1.88894557948839	6.08568986483678e-11	3.05133996205165	2.54679337112253	4.29855182021975	2.79839178037081	3.46373452900407
chr6:10193211-10193712	Her2	1.88891848814529	5.14945811294998e-05	2.55168683117162	2.73291640269852	4.18115684368267	3.62816718938066	3.57221593737819
chr10:125289434-125289935	Her2	1.88890797705917	0.00101801610631957	2.62026196491973	2.38336291828927	4.83164156225619	4.23770365267492	4.23308048858794
chr13:59196219-59196720	Her2	1.88832965809782	0.000105793256682979	2.53193441962546	2.10206165953479	4.32480331290841	4.40566798008217	4.08372382176322
chr10:37226448-37226949	Her2	1.88817751929283	6.69280053840015e-05	2.91330549008551	2.38339843418242	4.79955494550344	4.76342130869699	4.45269968521316
chr10:37200232-37200733	Her2	1.88791812888939	0.000445783618958155	2.42631257032781	1.91114739537312	4.2265590945142	4.61180826247496	4.19224054053488
chr20:57756932-57757433	Her2	1.88618653898149	7.7021625841243e-05	3.20238943284595	2.90386327302104	5.1555437030533	4.5730426375727	4.60300602319019
chr1:204562497-204562998	Her2	1.88590441885801	2.0197684068466e-05	4.16605108619138	4.7631067700578	6.07305172930616	6.0376469774625	6.1924021969953
chr19:3402525-3403026	Her2	1.8851260120352	9.04194406658205e-10	4.63571457644716	4.98764787285261	5.90613121111663	5.41712792283907	5.41751981935001
chr5:136906455-136906956	Her2	1.88456422458813	3.86974074966495e-09	3.0816415556576	2.44450531197107	4.5199326168198	3.67169616663003	3.84255691267763
chr9:109335868-109336369	Her2	1.88450864324792	1.14067450620997e-05	3.29056467628959	3.70955226016345	5.2873591004706	4.68223700129559	4.88864492457855
chr17:39788807-39789308	Her2	1.88426034658666	7.7492566710914e-07	3.04115316972843	3.10771323636991	4.73722103005445	2.98286556822158	3.47770855063443
chr17:40037268-40037769	Her2	1.88381321508659	7.985486561859e-19	3.50354836579057	3.26221338693213	4.83236537916657	3.62637821134179	3.87605053487185
chr17:39766539-39767040	Her2	1.88365380771447	6.49082690052412e-07	3.73254815756195	4.01035199351461	5.52051561757533	3.5217574622863	4.19612244933938
chr2:180321816-180322317	Her2	1.88339552144488	7.24351745576122e-10	2.88910522033173	2.98831099155345	4.40106002021502	3.10251370149747	3.05417014824656
chr3:17796434-17796935	Her2	1.88318474242918	7.12705917825446e-13	2.33271801782851	2.18439429936548	3.2581430595196	2.51670772658075	2.61223878166106
chr7:22682423-22682924	Her2	1.88311245319653	5.73386586008183e-09	3.14997265344769	2.68264575533528	4.28665017868745	3.54164381283791	3.40282742133571
chr2:96669540-96670041	Her2	1.88304665709213	3.38899448291105e-09	3.76587417780649	5.01561781778202	5.5930163783398	4.68229620138647	4.79205064143618
chr7:50066534-50067035	Her2	1.88297845978292	4.57886401908382e-11	3.66255259268486	3.56254959466101	4.85128942735653	4.52313050331677	4.32998479744194
chr1:178338473-178338974	Her2	1.88280639118686	4.89628707173662e-09	3.34273691320285	3.70189637869257	4.61773884855149	4.13902801397366	4.20484041307724
chr4:82526080-82526581	Her2	1.88261121367722	6.72425165033383e-07	3.2251586955652	2.88832376176232	4.55596884659207	4.41935526998529	4.68385786202549
chr1:222860168-222860669	Her2	1.88243657719224	4.10508279823498e-08	3.07060308062149	2.74782618932087	4.1972391526451	4.0816084822179	4.26469951944852
chr10:37377881-37378382	Her2	1.88243629075364	0.00012648658717276	2.94206912285015	2.74215323735075	4.6158594682845	4.88599444926608	4.6727519807138
chr1:221579247-221579748	Her2	1.88212904160496	0.000348727034986836	2.28180556166579	2.18323733415336	4.16603757187653	3.56733845058383	4.13856170414034
chr17:39282194-39282695	Her2	1.88207060107315	3.14408548801139e-10	2.95055756252491	2.44500013037783	3.60471551588955	2.90947523335664	3.22249330723925
chr13:37969541-37970042	Her2	1.88184200342183	7.89108681264009e-06	3.09397221312563	3.09660405016894	4.82937084569307	4.28302747161656	4.05035343361237
chr8:73400662-73401163	Her2	1.88046718175621	9.43188436810882e-12	3.47349264965821	4.20386613969126	4.96512685579619	3.37427642023633	3.79867416329672
chr2:71447262-71447763	Her2	1.87968356538685	2.42119980533932e-08	3.35607192410921	4.82668567511643	4.97522281410133	3.64782810995494	3.95166922339185
chr3:54371759-54372260	Her2	1.8790223222498	2.55658489658316e-07	2.46131174189444	1.72829274087275	3.78065135959471	3.11145855712609	3.40636264071932
chr1:40101998-40102499	Her2	1.87869768638401	2.19353560249353e-07	3.19120310485908	3.59453806419071	5.06602166999369	4.10647899782918	4.09445941974609
chr12:26502829-26503330	Her2	1.87849019316502	1.65335253236356e-07	3.53752234984963	3.30048073249523	5.22454950017935	4.99051860694274	5.05357940413997
chr17:39830566-39831067	Her2	1.87827728648301	1.56093015241914e-11	2.74908308624479	2.38047036778302	4.16375261495137	2.52631027607877	3.00222175169064
chr17:36084244-36084745	Her2	1.87827616825557	3.79990185749745e-11	2.83203551983697	3.271582521921	3.9241230324439	3.374908463633	3.33043029195308
chr5:83494004-83494505	Her2	1.87814164289808	1.26550889434228e-05	3.6243324699416	3.23381978952707	5.34580059769933	4.62703124703888	4.85519943181175
chr3:89698182-89698683	Her2	1.87809213747611	5.41775470697185e-08	3.44558376442358	2.82869755139145	4.97441205666476	4.669146192566	4.52732656817599
chr3:124853993-124854494	Her2	1.87758074444066	5.1896700809617e-05	3.47732440744992	4.14372767688721	5.29748723950375	5.17058833469018	5.06247230377727
chr2:4466921-4467422	Her2	1.87751540072738	4.31497619985677e-09	2.54150440478423	2.05808013490133	3.47703294022436	2.89379870393487	2.84511516489337
chr5:31593612-31594113	Her2	1.87749660062742	2.713339925813e-06	2.81856146596494	2.73860674792344	4.36831264253516	4.0091898534744	3.76613022224095
chr10:37408065-37408566	Her2	1.87647923618882	0.00112568650894229	2.39963263025407	1.76031041119937	4.22452275225047	4.60217853698815	4.11065613783347
chr2:62298256-62298757	Her2	1.87625604621102	4.17098665285775e-11	3.56286838676749	4.5452165580659	5.48441661858621	4.35882859561235	4.53438051225764
chr17:49332502-49333003	Her2	1.87612973535964	4.62068635982305e-17	3.14192851083006	2.91424681896208	4.27506833193736	3.59748064467979	3.86656022477997
chr17:40117367-40117868	Her2	1.87556826104723	1.19072914556569e-19	4.22763701241758	4.1188684730062	5.42756461813532	4.19924370774218	4.65205371207493
chr16:49093363-49093864	Her2	1.87549162657863	6.0873354701709e-09	2.65172960038732	2.25063952239886	3.09986657570993	2.65591203795112	2.86146865293655
chr8:52765802-52766303	Her2	1.87450291647612	2.37865983850188e-08	3.88251188792562	3.87909435500409	4.73733167626066	4.50513320939539	4.20842696150251
chr6:113883154-113883655	Her2	1.87409610139003	8.80751413210897e-12	2.66867732185092	2.48244627548874	4.17770958359412	3.08732754796757	3.23987134380592
chr22:48244746-48245247	Her2	1.87359199395688	0.000342474357544718	3.09083715922254	2.48526208732233	4.93150398003779	4.01423432306987	4.2048222489891
chr17:39551072-39551573	Her2	1.87317742309401	8.27466215531969e-10	2.91095090575632	2.83134380252622	3.95271386390604	3.12445068345535	3.48493821333139
chr18:13826565-13827066	Her2	1.87313612822517	2.29930531174108e-05	3.37284381601387	3.22408889652369	5.39737323591988	4.3377102465498	4.56378232251707
chr12:110983737-110984238	Her2	1.87302526373792	0.000324799552984808	2.89614070109371	2.37602688742767	4.75313993881413	4.5494068241287	4.69234358022848
chr2:239989421-239989922	Her2	1.87289819719004	1.964517631421e-08	3.46491523579665	3.35217864490547	4.96722316149205	4.43177681386871	4.62109998961854
chr2:219036650-219037151	Her2	1.87244615352455	5.35623064524906e-09	3.07700960887649	2.62847737122215	4.18598708556924	3.54462782581363	3.58985500780531
chr5:14519519-14520020	Her2	1.8723783760074	0.00242370274801196	2.75744274268395	2.2987770491797	4.8946268466074	4.8313538448729	5.16793468593082
chr1:91958955-91959456	Her2	1.87218486693905	0.000400232335944229	2.9266884414634	2.6404398357054	5.03244668204242	4.36549724555414	5.06357900639394
chr16:82166170-82166671	Her2	1.87189591023558	8.06590796773684e-08	3.35100917158266	3.56885477309677	5.10600894821284	4.5487144549224	4.03444349861274
chr5:132810590-132811091	Her2	1.87186838013083	2.14870070432224e-07	3.66241082691757	2.81505278804832	5.09653747152692	4.93348015693325	4.67125750037299
chr10:37384996-37385497	Her2	1.87177078840539	7.70280471544739e-06	3.36218690910327	3.04912942816443	5.16359684604293	5.21823881734239	4.73224373990939
chr2:30805150-30805651	Her2	1.87162083723424	8.82860030339038e-06	3.5841470249325	3.88254530134702	5.76123529246417	4.7646962520243	4.90114204783849
chr17:40315576-40316077	Her2	1.87146849201464	2.6022613794103e-11	5.60207750371104	5.59701166663235	6.90023301357076	5.71507929642382	5.9085315910013
chr17:46757565-46758066	Her2	1.86932146691314	1.54873023638858e-09	3.06736855448477	2.72358218092224	3.97656721098303	3.77240697477634	3.74992269268239
chr10:37380609-37381110	Her2	1.86899746688324	0.00039332549722508	3.33784880099656	2.95025312894379	5.12784106730366	5.63464054581223	5.23434641274681
chr17:39556171-39556672	Her2	1.86884092324544	1.49464415560674e-08	3.65766666245812	3.36462939059839	4.84336379916048	3.9224862257339	4.32345639750455
chr2:120372450-120372951	Her2	1.86799683967623	1.81956086898945e-08	3.46656881436924	3.10354364847952	5.35461475023123	4.72566081748309	4.78220546111891
chr16:54429615-54430116	Her2	1.86781145631786	3.03519926226996e-08	3.55956470989152	3.62044348143306	5.22625742529186	4.53211218946237	4.59419113554123
chr8:40243181-40243682	Her2	1.8677935289041	0.0126241770539832	2.43698079960619	1.96660827855446	4.53268767728083	3.86796525978885	3.87218413622681
chr2:30756736-30757237	Her2	1.86744877527863	6.55135282436834e-08	3.79905472295343	4.30082929704302	5.82856076183043	4.80516961969935	5.14388666772777
chr10:107609666-107610167	Her2	1.86685252189263	2.65716362329914e-08	2.71941461047624	1.98426936003208	4.05446846693704	3.57234196378067	3.80099090575988
chr13:105796197-105796698	Her2	1.86669136193417	0.0043946164314814	3.03686581312557	2.34310562204813	5.13021808642205	5.00216697503589	4.77460423749165
chr1:152630631-152631132	Her2	1.8663592682914	8.3425788215292e-06	3.17030298146745	3.38595654438743	4.72096625505568	4.22869040658923	4.46090773969169
chr1:76819963-76820464	Her2	1.86596013323686	7.30395081947496e-05	2.98448931503799	3.47077167518072	4.96734592167253	4.6611252181042	4.75461611375812
chr17:39240120-39240621	Her2	1.86591226496267	3.17658616705584e-14	3.66266186791287	3.71655029911005	4.2002527774946	3.47612755038937	3.88858936839746
chr10:60137910-60138411	Her2	1.86553424150268	0.000489205807185301	4.01804144685897	4.92249171166572	6.03494666574841	4.67589255037504	4.71978245839414
chr1:37813414-37813915	Her2	1.86519763652153	1.31612324763567e-06	3.67787670619785	4.17218609068736	5.47621627601468	4.19900515720906	4.34662031605203
chr17:39694563-39695064	Her2	1.86466682079234	1.28969875200114e-05	3.79974466673936	3.52381097974259	5.47549927362654	3.46855701011086	4.09838808250818
chr7:157132688-157133189	Her2	1.8636500699737	8.19258129744099e-09	3.47830980495979	4.23970560640505	5.07391272678313	3.67594228104959	4.1058144456826
chr17:49318945-49319446	Her2	1.86317527985877	2.4727103639676e-16	3.33282392706294	3.40218496643873	4.42475914139272	3.87683751246005	3.81590901829298
chr17:39541652-39542153	Her2	1.8630442917995	3.53515467610507e-10	3.18523549104118	3.50686308417749	4.28559492172744	3.30636762883926	3.71365603519893
chr17:39798362-39798863	Her2	1.86292483492026	4.5367870140192e-07	3.09423799110388	3.18882202643986	4.73834109239119	2.65560897754876	3.50743694866062
chr1:40026039-40026540	Her2	1.862855489045	1.90834964697412e-12	3.65915108609021	3.50989351250554	5.29794429226561	4.63931741219689	4.53497653753449
chr17:40040177-40040678	Her2	1.86073422421521	2.85391598122556e-18	3.4753780710799	3.15159824074709	4.7934124343752	3.60771937348585	3.71360072669958
chr7:28959571-28960072	Her2	1.86063074702423	1.9823692812603e-11	3.92662497291319	4.7533973516784	5.49460247296865	4.86957925071929	4.79902020132915
chr17:48545542-48546043	Her2	1.86043376183509	2.22173154428413e-06	4.24797997169746	3.98463597777261	5.5306805942842	4.90272651698817	4.45095056938425
chr8:93160787-93161288	Her2	1.8599630523315	5.97526903172598e-07	2.81903535261429	2.65190889922271	4.53866453142178	4.17803083254612	4.17820654038844
chr9:77737804-77738305	Her2	1.85994353301487	4.39045097820309e-11	3.21722623302671	2.89184846075524	4.84141213554751	3.97794696451245	4.09154416721013
chr6:149842987-149843488	Her2	1.85965161913796	4.91965911435027e-07	4.40023013827904	4.93664402672496	6.33184723196169	4.78621941074007	5.58755604280786
chr7:143087773-143088274	Her2	1.85932155954057	6.76127502422723e-05	2.59578128309138	2.10324325464702	4.05729907582959	3.83085218446405	4.12639877030072
chr10:37382082-37382583	Her2	1.85830099893786	0.000318165298512555	3.08219018367816	2.90484723433488	4.73189400283907	5.25304115567518	4.76127511440943
chr4:171444902-171445403	Her2	1.85829897879405	0.00187746362319675	2.38106432367867	2.01311640586367	3.68048102588228	3.86352580254707	4.69931926297402
chr13:27040913-27041414	Her2	1.85763511738462	2.59628243797117e-14	3.77092835185421	4.33769097859409	5.44235101975988	4.3858258137324	4.43633171539851
chr19:23821512-23822013	Her2	1.8574413073786	1.04033024648371e-05	3.78624628178724	5.58387424634297	5.94804369362591	4.55701135503768	4.73266508429886
chr17:39758963-39759464	Her2	1.85725331246063	2.56219103384657e-07	3.93558195694562	4.01714628382913	5.49642749976688	3.57708014269821	4.24968495132558
chr7:42400345-42400846	Her2	1.85718627447295	5.70716264385713e-06	2.51239264620838	2.58892542900844	4.19085366762154	4.18891257916771	4.04436742222628
chr1:151259389-151259890	Her2	1.85711563365266	7.19271546930045e-05	3.8278678667798	6.31979135012575	6.06203708567689	5.33887173593701	5.41690240019553
chr17:39379663-39380164	Her2	1.85669057237766	7.21326021259336e-12	3.25102459958815	2.92146180686472	4.06868352760099	3.30644782994181	3.61712764613402
chr16:9242354-9242855	Her2	1.85615551250619	2.06001106150646e-05	2.68317773072397	2.61540325128411	3.89472324760466	3.69719223206088	4.0719307414883
chr10:37323371-37323872	Her2	1.85597531414241	7.10659310949608e-05	2.96738124763655	2.44165809163893	4.78745912685543	5.01308477230354	4.59790623897427
chr7:19369766-19370267	Her2	1.85559601567138	0.000964302999908108	3.42002965138243	2.39613349995152	5.48159522338961	4.69014083446838	4.48859618913446
chr17:40693979-40694480	Her2	1.85521245684324	2.47888806691605e-06	3.33287182428065	2.95937490183941	4.62437688912194	4.36340473393634	4.8688654735558
chr12:88820697-88821198	Her2	1.85516339846347	1.36820697365986e-06	3.08002293644448	2.62426746224159	4.72028672191919	4.41135821598365	4.75209682320406
chr17:49962136-49962637	Her2	1.85369244461688	8.56785765367936e-13	3.10786206796743	2.99916514566569	4.366495071649	3.50153517569686	3.83413373692013
chr1:175300694-175301195	Her2	1.85328509071461	7.65634244823037e-06	1.96068455427422	1.71223845232753	3.59824373263932	2.95730415310832	3.10504063362683
chr10:61016587-61017088	Her2	1.85284228707767	3.02770914632662e-05	2.81714256455226	3.68030844768052	4.67533811411395	3.25233919775574	3.44628667262228
chr1:194999659-195000160	Her2	1.85216753288904	8.9403818349344e-07	2.55259125530313	3.68273690966053	3.2337897533888	2.99000311346431	3.0096231957846
chr16:28586380-28586881	Her2	1.85216092134108	3.84215888241612e-10	3.3080818307598	3.78638195379903	5.17766164696073	4.46614746859321	4.28115599155923
chr17:39597342-39597843	Her2	1.85214498141798	8.71167548068907e-11	3.4638398383225	3.34972343901787	4.68187984196389	3.41761220078207	3.79543237528782
chr3:105616308-105616809	Her2	1.85208069904218	3.69295894593892e-06	2.83530338271099	2.26069972393366	4.17951659033439	3.22066084807274	3.44182847439021
chr17:39241298-39241799	Her2	1.85207715449033	6.35513567622574e-14	3.67621584477335	3.77695415786681	4.35689377442372	3.62782935912273	3.91842087266103
chr10:80435338-80435839	Her2	1.85047839404014	2.74107608675204e-14	3.38396364059423	3.78887297721	4.18424770525371	3.63352928321307	3.58407898511971
chr8:95086719-95087220	Her2	1.85043747597371	8.76835122871746e-06	3.74265619639667	5.12175227628889	5.81354822062187	4.62746135082185	5.26243690076757
chr16:54426949-54427450	Her2	1.8500883429663	2.39310203080791e-11	3.35270160474222	3.69272106963249	4.84949686192298	4.02488421340155	4.20206756999471
chr1:219530725-219531226	Her2	1.8500456326365	0.000298534242388814	3.31212050040457	3.18741103053292	4.86225142826254	5.40634654054096	5.304580756649
chr17:49346261-49346762	Her2	1.84979685353915	1.41456765332499e-16	3.19418051841332	2.98542323299699	4.43712143207519	3.5917169383641	3.83948674813564
chr1:178436838-178437339	Her2	1.84941102532183	4.39052767465734e-06	3.26550849209903	3.40014054154151	4.74560308392354	4.9795630638672	4.83440551915749
chr1:221691274-221691775	Her2	1.84910496119809	4.14656589475811e-07	2.92298195565526	2.75905705482681	4.28844818787182	4.2667175507283	4.06625135815927
chr12:109487338-109487839	Her2	1.84866883729758	5.54782928154839e-15	3.11568831288528	2.92378079543254	4.22379449326655	3.52519046494706	3.31862003924463
chr5:2267883-2268384	Her2	1.84854266986955	4.88165918604689e-05	2.62688915139675	2.38760319738364	4.21832601716882	3.83775392817186	3.17461089054322
chr8:124854414-124854915	Her2	1.84851217188855	0.000260627122603537	3.21728657702137	3.56160975163292	5.05991329061045	3.95202037145427	4.69790278073177
chr5:58144266-58144767	Her2	1.84832928767783	6.81141054689076e-06	2.41880547042434	1.62499388412474	3.75174720151996	3.60376818578606	3.49987215360493
chr5:136712457-136712958	Her2	1.84818061207858	0.000500429563331501	2.56375428501046	2.34441630693132	4.29999811514162	4.67764706375275	4.3825750611446
chr16:68745596-68746097	Her2	1.84807184461341	8.19992688797591e-06	4.11429202753071	4.76584325629282	6.17760664345919	5.15719223091419	5.26424903107767
chr17:40898098-40898599	Her2	1.8479114129486	5.06095523745561e-10	3.22948803209209	3.63002934006346	4.4625032271248	3.80965559690131	3.91373630403181
chr16:15475321-15475822	Her2	1.84686626343159	0.000302138606430142	3.39744954410003	2.99743419761711	5.35806406290202	5.55227360762367	5.57703726514148
chr9:129107975-129108476	Her2	1.84652930361413	2.24715002763018e-12	5.10115827760156	5.11808292670594	6.86062869999126	6.03449487615995	5.94414012688776
chr10:66287726-66288227	Her2	1.84641199281665	1.22421300673238e-06	2.79075075007741	2.55135103793963	4.35372424942122	3.78835097425929	3.6295913779718
chr13:29858150-29858651	Her2	1.84631425190424	1.86030826851945e-08	3.39857860647894	3.00174505576865	4.50321378046813	4.49924028435273	3.94992854204716
chr6:125719214-125719715	Her2	1.84616559489989	1.07730399132987e-07	2.85168218467888	2.43398853910178	4.2898950572626	3.26451844322048	3.65438128973751
chr17:40048401-40048902	Her2	1.84610604432547	1.04170146307181e-17	3.24281983391104	3.00686109127418	4.35581096998089	3.07558403337834	3.46955185216256
chr17:39310398-39310899	Her2	1.8457454674178	1.21663720875773e-12	3.01269066152245	2.90975195600816	3.93155954401006	2.86706213943762	3.31249456182332
chr21:21062989-21063490	Her2	1.84553072030863	9.86345050735001e-05	2.97935895163131	2.67363445481958	4.87265019518897	4.97616423696343	4.87182773036504
chr17:39289232-39289733	Her2	1.84513352862523	1.1764118854585e-11	2.92240712308451	3.07979815076187	3.46232866057631	2.90311274547977	3.13096330279704
chr22:38554773-38555274	Her2	1.84502185742555	6.51865053124606e-08	2.76089530471232	2.91515188394347	4.27136460185392	4.11584487987328	4.0314382203444
chr15:91432094-91432595	Her2	1.84440259549395	0.000103182922680541	2.69973225232794	2.11075949940699	4.58045975107635	4.37456274950413	4.38973068543417
chr1:116172573-116173074	Her2	1.84415296565322	0.000125834826094746	3.78224791332132	3.94304032607016	5.51152882964683	4.77486898440466	5.16250340131496
chr6:11904351-11904852	Her2	1.84358838148471	1.51312073555397e-10	2.47377584438643	2.20511068870884	3.65725666468361	2.42439497673905	2.72381638628733
chr1:111054508-111055009	Her2	1.84329520003634	0.00342107526994935	2.23072838289171	1.95884271637735	3.67588032783156	4.51042744897189	3.98228198004323
chr17:39536899-39537400	Her2	1.8431133196712	1.38038613295454e-10	3.47529394002287	3.41951281424431	4.56711228886403	3.7413765302963	4.24106047850062
chr20:2717015-2717516	Her2	1.84182970899359	1.78602535477696e-07	2.32237838108538	2.12332103820783	3.77478571812364	3.28156278527381	3.39438224265826
chr8:39244784-39245285	Her2	1.84168024506019	0.0035376253809101	2.80389922649268	2.30908588933309	4.17243834507262	4.50397220494137	4.74714369135862
chr8:124739612-124740113	Her2	1.84113139066983	1.30199920352708e-05	3.60622983923168	3.55285638517986	5.50696633772054	4.82374808094195	5.28303989739117
chr1:210812861-210813362	Her2	1.84110404809061	8.17124585390041e-08	2.77585544315902	2.5555334284695	4.32763887559445	3.3953460616251	3.55472376352016
chr17:39304754-39305255	Her2	1.84087910032161	1.87263114226559e-11	3.041849743435	2.95137239980661	3.83321513236201	2.90149605461018	3.15762514218028
chr6:121976742-121977243	Her2	1.84078759806854	1.60672388739713e-08	2.63022876399111	2.80517312362122	3.87536447145252	2.97896824054452	3.20280911162087
chr1:26412428-26412929	Her2	1.84044325731796	2.70958719585494e-06	3.15908281763104	3.18612202830795	4.43877708750516	3.3396581518888	3.50691820164132
chr1:61330023-61330524	Her2	1.84036895564734	3.21250791243538e-12	3.34132309625079	3.04635290432052	4.92929514063655	4.35645189792578	4.20928063987893
chr3:8707556-8708057	Her2	1.84007253615017	0.000940057157813933	2.71313321942762	1.89343737300463	4.78275297260503	3.85732747344913	4.51385056090786
chr9:35427977-35428478	Her2	1.83954838742166	1.65534337381714e-06	2.83283570918213	2.56882087348571	4.64323334169181	3.58929771467716	3.8138903626431
chr17:40576690-40577191	Her2	1.839095732813	1.21361197127593e-05	3.44037994397686	3.14893502267443	4.58749954570236	4.84613296977469	5.18298966031975
chr17:39552313-39552814	Her2	1.83905834044126	9.30289575339369e-10	3.35630147082383	3.11656623783193	4.35899521368278	3.46159126557188	3.8853351322503
chr1:191709171-191709672	Her2	1.83860686887829	7.71661107838348e-06	2.89467908823422	3.4229811433288	4.55916362887787	4.34260335783896	4.48956048883438
chr17:40043179-40043680	Her2	1.83786173605947	8.30760700484391e-17	3.40203157496207	3.21549693680847	4.6545684072893	3.47164150841701	3.90260319196037
chr10:37407009-37407510	Her2	1.83688066063246	0.000251446709164526	2.63387584265727	2.30096626236015	4.20895828637716	4.69737391449479	4.22042400614832
chr20:34264049-34264550	Her2	1.83659542606433	0.000130813418682555	3.68169581116715	3.44155394065665	4.83690330646657	3.51235680348677	3.77924380540417
chr19:34725364-34725865	Her2	1.83649567891203	5.88642562139346e-08	2.94659206615254	2.86384861776502	4.21913403201185	4.17112364117054	3.72711937011466
chr6:106956136-106956637	Her2	1.83649244818875	4.53371884669862e-06	2.53232186859044	2.95277658307055	3.60092041726706	2.8171605355915	2.74627890884667
chr14:37620276-37620777	Her2	1.83645137462932	9.79982393866459e-06	2.89120437800311	2.59910823659639	4.41995657266191	4.41562850367503	4.2341726361309
chr19:31426460-31426961	Her2	1.83623737268716	2.37867751038072e-07	2.85040203177148	2.46913883664754	3.95561451334287	3.30395519462573	3.23210530354318
chr6:38801235-38801736	Her2	1.83602490447202	1.97055615357693e-05	2.88357018630505	3.12312264748568	4.60713082980297	4.09569975667583	4.14257165128646
chr5:7461141-7461642	Her2	1.83576396871399	6.69073854710579e-05	2.83695171828809	2.14910292564735	4.32182049334988	3.84409468316909	3.9124723326843
chr19:33831792-33832293	Her2	1.8355949534671	2.67794170335456e-07	2.94320154341939	3.09559211281515	4.53143506391185	3.51281104977187	3.98419286550305
chr1:184639415-184639916	Her2	1.83538598662805	0.00012197152384922	3.4605227400622	3.3475736706928	5.35373310007979	4.8024707583409	4.83210859789171
chr1:151965987-151966488	Her2	1.83532065989355	2.35047063285961e-12	3.68195604984405	4.39966655239308	5.2290833457848	4.25831317091997	4.07389732712373
chr19:51806504-51807005	Her2	1.83450679610272	1.0210112273522e-10	3.26609893166588	3.33472754651125	4.94275000874573	3.27400932306834	3.63493442920031
chr10:37310193-37310694	Her2	1.8342905817333	0.00018914551783433	2.87501325760456	2.36915161207004	4.33975871009334	4.74745006805375	4.5039935118455
chr20:33638703-33639204	Her2	1.833805693202	8.99282152700791e-07	3.75459801274682	3.84244324911983	5.56996274327415	4.70571545895509	5.19601638785048
chr1:203916745-203917246	Her2	1.8337036358326	0.00021504310900834	3.0101139152413	4.58638045948402	5.12521052835031	4.53359442785762	4.79366643953849
chr6:14459260-14459761	Her2	1.83351564132053	1.26055066260415e-05	3.05784410632113	3.1049342688595	4.92259842033879	3.9378170504788	3.96254123456566
chr18:14465992-14466493	Her2	1.83336835955027	0.00167852637568941	2.31395243330827	2.40013402760789	4.39523422348692	4.51481053567454	4.41417274214733
chr17:39234992-39235493	Her2	1.83263625096492	4.80436462475362e-11	3.31656373976805	3.51817058856007	3.82145803138333	3.09745464926761	3.51250029987974
chr21:35361127-35361628	Her2	1.83255237123947	3.70957638518573e-06	3.2785179999684	5.30081980949658	4.9135720028534	3.91160873277415	3.88417355604922
chr9:91029114-91029615	Her2	1.83249280865008	3.34489346676631e-08	3.23438257897228	3.21004850214672	4.59527800429847	4.00916042262522	4.06881460813868
chr15:90478172-90478673	Her2	1.83214257042328	8.24984267447243e-08	4.1282247951379	4.19679765814504	6.12163587055075	5.12391817124532	5.36118185622679
chr8:56414818-56415319	Her2	1.83194564562402	0.000407108944806244	3.03349784540324	3.18850500502462	5.05479746102482	3.55041082690371	3.80944038369006
chr1:162000772-162001273	Her2	1.8318132622821	1.52131189643634e-07	3.26149642253646	4.07157928192146	4.88610377200908	4.64433100987263	4.23378025629062
chr18:50140137-50140638	Her2	1.83132304896243	4.68678377707335e-06	3.19850550364337	3.17493887280363	4.73341539136774	4.51708862083939	4.37293832870251
chr20:39006353-39006854	Her2	1.83081398568453	1.23778248183782e-11	3.34365258665812	3.02815246443483	4.8505289274541	3.23493580796216	3.8918709024777
chr2:61926663-61927164	Her2	1.83059901556621	4.18179490381963e-05	2.93311706347001	4.40425477820989	3.9888543036155	2.97271412796796	2.86874970500046
chr10:37417096-37417597	Her2	1.82996021911597	0.00260677774714369	3.34747131749428	2.88923965264605	5.32237294480572	5.95245010393332	5.39036049370396
chr6:34252325-34252826	Her2	1.82990357745385	0.000152571225983689	3.40545584307645	3.66041184347991	5.66712782238491	5.26656402307747	5.38010611917454
chr2:94748353-94748854	Her2	1.82981049800159	0.000136480949363249	2.13937222810473	1.41708552292339	3.25756187092832	3.76532315312843	3.32092804030405
chr2:53620299-53620800	Her2	1.82935015419113	1.78538019998928e-06	3.0525244706645	2.87801642354389	4.55894213614912	4.49820415758342	4.46666199323878
chr11:73430243-73430744	Her2	1.829235266711	1.99278337750454e-14	3.56786858237754	4.23333362661597	4.75659096210122	4.24217986037692	3.95427633368855
chr12:60910509-60911010	Her2	1.82898617461883	0.00229989862816203	2.59331081666564	1.83607200841888	4.41333022360941	4.27453946056675	4.85731162755906
chr3:121814001-121814502	Her2	1.8289861522224	0.000383787382631018	3.08553999807384	2.59083005395321	4.77508044221339	4.13681261073278	4.36873371795138
chr17:39549631-39550132	Her2	1.82889122332887	5.21351188387008e-10	3.48373231305408	3.37273677981863	4.67412972316524	3.77154510110856	4.17480646668762
chr10:37376095-37376596	Her2	1.82861695801388	0.000266831665755999	2.76163912672428	2.4257338414284	4.41364084326184	4.79890327838237	4.39565385579625
chr8:67705007-67705508	Her2	1.82854716970998	6.25456897006555e-07	3.25185886996331	3.10006895266088	5.00994395053782	4.43954962163048	4.61348744460938
chr2:160200870-160201371	Her2	1.82838867500022	9.91041852132982e-08	3.74541133962195	3.6926238363243	5.26937113241659	4.53756110864119	4.62400485023153
chr16:30060297-30060798	Her2	1.82801836676157	0.000139177853899405	4.62369125582978	5.75738288560037	6.81854537621815	6.78700906215235	6.86352167775483
chr1:179005502-179006003	Her2	1.82739011808275	0.000367822731703465	3.78865567839548	4.75925609127426	5.24687463816688	5.72802020032291	6.01036703668561
chr17:49356491-49356992	Her2	1.82678739697022	2.64467618442057e-13	3.47866481549617	3.35929116541722	4.52805273021879	3.58534039130948	3.73039923562263
chr17:39639657-39640158	Her2	1.82675779658175	3.42537222366224e-06	4.72737968565673	4.65999370522354	6.50468229690986	4.43169088232238	4.87261622439409
chr16:12802594-12803095	Her2	1.82532274434716	3.95014931062785e-09	4.52496832917208	4.65917067491872	6.28526916902137	4.39917154698656	4.72193420982901
chr17:48532264-48532765	Her2	1.82532199178825	1.53227354145794e-07	3.55849127548094	3.20950816395427	4.8720025219331	4.11874694447318	4.42296828526761
chr17:39233974-39234475	Her2	1.82515222173241	6.25991969997379e-13	3.38044227564797	3.4534406377013	4.0482036626463	3.33047922669759	3.62567734559115
chr18:2146827-2147328	Her2	1.82503153857432	3.54115428011887e-08	2.56131225198799	2.49606311426447	3.6215560413338	2.88149853617723	2.82891277207288
chr14:45701337-45701838	Her2	1.82471976409459	3.82586225220024e-07	3.05298216518009	2.35638710134493	4.97824775538085	3.54857920555282	3.94005553578739
chr17:64319528-64320029	Her2	1.82436826193728	1.49747203165009e-05	4.11997302038523	3.86617777742009	5.76597496320835	5.59654016603738	6.00191891311162
chr10:9034308-9034809	Her2	1.8240769603047	9.91485488229015e-05	2.65124011310274	2.35589005977182	4.07937232998895	4.09080117918494	4.64570993948012
chr17:38481485-38481986	Her2	1.8237694642925	4.70394730694483e-07	3.13435100860999	2.83488250558997	3.76347717139039	3.24557709397559	3.38687019772227
chr9:126614590-126615091	Her2	1.82340274803949	4.46723616912973e-06	3.87152230481712	4.86095938567048	5.89531504894723	5.53013410731797	5.65774667689218
chr19:51976313-51976814	Her2	1.82338033582599	2.2471739085702e-05	3.1134625193812	3.1381225964287	4.38611463115961	3.66590157888373	3.77818520995123
chr7:80647547-80648048	Her2	1.8232667788206	2.78018266129462e-06	3.40443396419718	3.64681399969466	5.36227507891862	4.71200236496317	4.63995510425152
chr6:17106136-17106637	Her2	1.82294082633328	0.0177880711645253	3.25824300793391	2.66436369716844	5.57343056043682	6.58349628734458	6.74643167686849
chr10:62184716-62185217	Her2	1.82281162067435	2.19362266350658e-09	2.79926095884843	3.22885806391344	4.42566542018907	3.75497217425113	3.76815575122951
chr6:65623515-65624016	Her2	1.82237489851488	0.000123351595823338	3.00945297037097	2.60499836466101	4.32237950951744	3.82485794396346	4.06264075039626
chr10:56231379-56231880	Her2	1.82224901611323	2.53357818558157e-05	2.98012193532724	2.98797950229807	4.27034628064497	4.27094094389515	4.67202653553536
chr17:39593463-39593964	Her2	1.82212860771184	1.7279381713306e-11	3.3155243811134	2.98338451023146	4.49312730481385	3.12059533854241	3.58412919930336
chr11:73490326-73490827	Her2	1.82190365572341	7.85844833398786e-10	3.05259373940149	4.36102019522422	4.5341688098571	3.35478308091153	3.40894230121825
chr1:223440295-223440796	Her2	1.82184059411809	2.2480837584189e-06	3.2099415628031	4.07804763631082	4.74059629849179	4.62740891044121	4.36746306172392
chr1:226698557-226699058	Her2	1.82148394610699	5.80706374593295e-05	4.63401467488923	5.8470030737818	6.64707957713488	6.09161440704512	6.60525783057423
chr8:96964030-96964531	Her2	1.82087747173132	0.000141863241884883	3.18066118278973	2.98482406074498	4.37586282540847	4.0179348710665	4.50690087069722
chr17:40050515-40051016	Her2	1.82076257405969	5.14791189676635e-19	3.7605338202089	3.50768484953145	4.82022826085918	3.7575768390682	4.07577421920408
chr3:128999043-128999544	Her2	1.82059449138021	0.00013051025810218	3.84655829329044	3.4354730490315	5.69877176262145	5.09348825344608	5.21385148169867
chr5:2690223-2690724	Her2	1.82001864608185	2.97260670795001e-06	2.66052303000774	2.79500424095049	4.36204764276656	3.97054022725285	3.3459557028102
chr3:155724047-155724548	Her2	1.81993442033855	6.10658876977767e-05	3.09872849399915	3.36522105265264	4.81952800518063	4.25824077951959	4.45935649768189
chr17:49579962-49580463	Her2	1.8199202917913	3.9066135511088e-09	4.20235504218548	4.57987745282335	5.91602738334474	4.9289790094204	5.28771854429778
chr1:36528040-36528541	Her2	1.81958141199101	1.42043395689865e-05	2.89603154039443	3.17369122119989	4.49600784194068	3.80758698781657	4.27726047217983
chr1:147114252-147114753	Her2	1.81933117881667	0.000142393328773758	2.87858572230227	2.66271671887551	4.61955853709437	3.7817492402728	3.69657447752545
chr17:28326623-28327124	Her2	1.8192423825905	1.4776197086426e-11	4.22800291632395	4.6339557032315	5.68598235049629	4.39636901051195	4.76316874992259
chr20:33028931-33029432	Her2	1.81906986240138	3.13343082554633e-08	3.30931806236988	3.11180428545887	4.94467176102643	4.20424835415048	4.38418191762108
chr17:40055415-40055916	Her2	1.81895263186183	2.63581367541231e-19	4.19342985802327	4.24731024040723	5.42422203973459	4.02428322477228	4.3356845414272
chr8:18325350-18325851	Her2	1.81853329235527	0.000246254880623545	2.66366484657475	1.87401795977829	3.68495116389315	4.52271834385058	4.30055348571139
chr7:38273566-38274067	Her2	1.81816232986925	0.00286955344904447	2.79129705791686	2.17143390619682	4.715837724407	3.63998502591392	3.8862840527241
chr20:719798-720299	Her2	1.81806030416084	6.35502633044922e-05	3.43258574314823	4.52299856603533	5.19958464351732	4.0633126226105	4.10660644606848
chr17:40076921-40077422	Her2	1.81769323433643	1.50028937641755e-16	4.32941499157571	4.18448394866405	5.54337041621003	4.32181551990168	4.61248722977035
chr17:50311521-50312022	Her2	1.81746382357669	7.71143906740542e-10	3.6652178805921	3.72726470244169	5.31087777198295	4.14634953934115	4.57431259874575
chr7:99950309-99950810	Her2	1.81708651877377	1.37598953982452e-05	3.55216357588517	4.25146342424785	5.08091106259046	4.90785200175452	5.0097612071818
chr10:28817012-28817513	Her2	1.81701878215739	8.87001402543639e-08	3.04464635959309	2.92235872784316	4.53734283377421	3.8248860604092	4.03079445532348
chr19:11658087-11658588	Her2	1.81671804228703	1.87502892179897e-05	3.76993358581942	5.85884951780226	5.7316722342803	4.50255317435669	4.71890499746539
chr3:31157849-31158350	Her2	1.81642282671397	1.11110581280407e-06	3.25489821542922	3.77491976130842	5.23718197292906	4.26666383951277	4.15690517249498
chr5:128290065-128290566	Her2	1.81615338479347	6.07868212761644e-05	3.47926956991153	3.39307527161012	5.44319691221828	4.73512870144867	4.06905524510359
chr16:8172353-8172854	Her2	1.81611470151572	9.2758534733219e-05	3.10556634067842	2.3470695441296	4.97428753367858	4.19486315362318	3.83895643191838
chr17:58686953-58687454	Her2	1.81563466899288	4.78393193439945e-10	3.55441847828811	3.34420589660841	4.87272297759281	3.99792446183601	4.4607767242682
chr22:46178677-46179178	Her2	1.8151014664526	2.24505392682728e-06	3.73181249538417	3.09641176720711	5.08220408348845	4.59277095447195	4.56322527794097
chr2:227284199-227284700	Her2	1.81492075418312	1.80343573632997e-06	2.56028295564574	1.87214618415357	4.05529329850428	2.64200852520851	2.81414421383044
chr1:200618750-200619251	Her2	1.81446826897479	1.59244503776177e-10	3.59760498743548	3.66235185417495	4.6916015514663	4.26703465598383	4.36171312294554
chr5:134842338-134842839	Her2	1.81386767498806	4.25158496447282e-10	3.96251877709276	3.44475276999649	5.78528122291278	4.41095379728919	4.57104778501913
chr20:47011861-47012362	Her2	1.81370548623344	0.00045033636043655	3.47514856911874	3.45024810786817	5.3502271791602	5.12900633712395	5.36525416271135
chr14:80588036-80588537	Her2	1.81352564269649	1.76479502926325e-05	3.36180890777007	2.73664301152089	5.12750903143653	4.5903749715977	4.70150447372708
chr7:29451130-29451631	Her2	1.81329190832986	9.86147836219509e-13	3.07310620910592	2.17419173011962	4.18881708763189	3.80369254885789	3.76492211126403
chr7:42292096-42292597	Her2	1.81308827767244	2.66205396788281e-05	3.24660284267766	3.24556094599476	5.2732722064778	5.21975610785076	5.19666480961805
chr17:39601598-39602099	Her2	1.81301920857579	1.8265201774359e-10	3.5899427973775	3.14058182371767	4.89148303643348	3.42103897167399	3.88943077799824
chr12:5047724-5048225	Her2	1.81230414646881	6.23363869533314e-06	2.94273609262131	2.41950637785643	4.82230724060651	3.76624279888317	3.57512220301661
chr6:74696687-74697188	Her2	1.81224274137066	9.36183592813457e-07	2.66580737749711	2.74835683223606	3.92103914117817	3.70615229700775	3.74390258007041
chr14:37620843-37621344	Her2	1.81174436630006	2.27431526616689e-06	3.25155038354216	3.21846248653862	4.66025753528369	4.62783541332316	4.48267644742238
chr17:39556858-39557359	Her2	1.811680747078	1.11737312656171e-07	3.38865979528053	3.25207063796442	4.24396948318725	3.59398036436256	4.22914592255647
chr17:39205859-39206360	Her2	1.81166978117882	4.92122233639411e-15	4.56419082629481	4.79950382850334	5.02314372313449	4.45419986441821	4.59960851885493
chr10:80148326-80148827	Her2	1.81166904411555	8.94800515407979e-15	4.59081800680132	5.32486659985841	5.69365537952716	4.79575483330436	4.76278572401489
chr17:68424348-68424849	Her2	1.81068865337069	5.72117677489419e-07	3.75861555957543	4.21714046372552	4.87478868548666	4.5496503545322	4.74469214757338
chr3:31615434-31615935	Her2	1.81050876635439	1.91007191394501e-05	3.36732066229775	2.63098574266492	5.37276419114829	4.51243248412389	4.69275239742131
chr17:39518056-39518557	Her2	1.81039175366686	2.00614633608649e-10	3.18450522284984	3.2835413880747	4.43622818656177	2.90991002774037	3.69297278619247
chr2:72202765-72203266	Her2	1.81012687180801	3.4567148107053e-06	3.28749617756717	2.92474333994766	4.99301998519711	5.07891550999493	4.81642038066301
chr6:79414994-79415495	Her2	1.80904474788837	4.45735542495197e-10	3.08848312629648	2.9186852770569	4.09847377746897	3.26775656069963	3.37503257121313
chr17:38537183-38537684	Her2	1.80899445730775	7.10342128531185e-13	3.43589767881682	3.59391548823135	4.20455176938085	3.61340967826849	3.78352003941129
chr2:197842742-197843243	Her2	1.80892885820907	0.000708591765632671	3.3136882725052	3.10722369101245	5.30747635840884	5.51125795680578	5.67697400428055
chr17:39804359-39804860	Her2	1.80886157658146	1.48261358723685e-05	3.07326093899416	3.16080083095723	4.73412927322331	2.82229653696628	3.34631802450584
chr1:221654402-221654903	Her2	1.80864463116884	4.03045893355879e-05	2.88887932185941	2.7653784159557	4.46063397984416	4.59148539245613	4.73582242288377
chr7:26112743-26113244	Her2	1.80862602452964	1.38093944145047e-06	2.73320471531659	2.77285384495503	3.98152376961623	3.43846254465585	3.33544442066162
chr17:49379904-49380405	Her2	1.8079904348464	2.6220467063213e-08	3.00396541786079	3.10700282830758	4.23145899760569	3.48629154757305	3.54523615395235
chr17:38536406-38536907	Her2	1.80785314157152	5.80493081203557e-12	3.86997614254111	4.08866321846264	4.75691512982424	4.05508858916881	4.3445550325414
chr5:178077595-178078096	Her2	1.8073680835487	0.000169555102389434	3.99152921168853	4.36279393875906	6.15583447346164	6.03773794117186	6.40075526360793
chr22:46466679-46467180	Her2	1.80724232550993	1.25127762728482e-07	3.4917467186017	3.33665632708219	4.98593625227646	4.81886857162448	4.94056644300869
chr18:2156191-2156692	Her2	1.80638467652708	0.00114504640849156	2.45418416946996	3.58111868371032	3.91228564201569	3.96567166514512	3.59632179227857
chr17:39230178-39230679	Her2	1.80637975833757	1.30885412397881e-09	3.57764388131541	3.84292373207679	4.1319597500379	3.47367562292105	3.73688291762492
chr2:52533682-52534183	Her2	1.80585186287244	0.00194307416358614	2.25285203748356	1.68542399364811	3.54517116959073	3.95809833369673	3.21819000030574
chr22:34071124-34071625	Her2	1.80564912973127	0.000829285618672889	2.52358703739396	2.27745132523579	3.94317891691396	4.46810981461382	4.33357211856495
chr17:39544962-39545463	Her2	1.80481745917265	2.62834918220587e-10	3.56765471645848	3.45820328823744	4.77694005767226	3.48814774095448	4.18356390348773
chr16:19008762-19009263	Her2	1.80444760729927	2.29089204815398e-07	3.60350198275569	3.71911141485879	5.30427606331576	4.32848286217369	4.80875123840109
chr8:125061157-125061658	Her2	1.80420158809002	0.000117312546778662	3.17936011640444	3.47722210811745	5.09596917710296	4.9441307142311	5.12615661175598
chr5:7636681-7637182	Her2	1.80403146503315	5.27265614494614e-08	3.03450753302825	2.88529276281461	4.60071461764406	3.98957249790022	3.75354178611174
chr4:124117539-124118040	Her2	1.80385828731243	6.64078404794491e-06	2.94227118485697	2.58685619198103	4.48931401373746	3.74417827865225	4.10035223832631
chr1:1112213-1112714	Her2	1.80374691436706	6.81236692775387e-09	4.42619488883937	4.71156093303507	5.71217112283861	4.62586006246482	5.58802646287876
chr14:49957395-49957896	Her2	1.80339114113624	2.24505392682728e-06	3.97486827394259	4.02523049137944	5.94292783464546	5.13045859952852	5.57596758579532
chr17:39797757-39798258	Her2	1.80333374993173	1.38093944145047e-06	2.95865168467345	2.70527526251092	4.61742919847103	2.57118277126332	3.18028382814874
chr6:109705802-109706303	Her2	1.80297730129782	6.47329793080651e-12	4.2821663656805	4.5643354349787	5.94213779133895	4.99930818686332	4.95398469838099
chr17:40049142-40049643	Her2	1.80263413748943	2.38190118965962e-15	3.27300317687428	3.22856128335719	4.30941263034511	3.23642392333304	3.56234135593674
chr10:17449993-17450494	Her2	1.80213142889285	0.000403607843519904	3.27968972422708	3.34210881266153	5.13582232089653	5.69968456143584	5.46870412078439
chr14:37845445-37845946	Her2	1.8019315371085	0.000926436350017306	2.92272371093849	2.15277746100712	4.74070363436586	4.90419763805416	5.12914369593407
chr12:76747333-76747834	Her2	1.80187321014676	1.56079392337408e-08	3.41057104926129	2.92026693244186	4.97642183059395	3.61936667732785	4.37161085212825
chr3:23789308-23789809	Her2	1.80179129912237	1.1100186590278e-06	2.8554566226612	2.56789479668681	4.26396011854941	4.23967919483499	4.12891634009982
chr17:39305274-39305775	Her2	1.80155105552677	3.98765204169928e-10	3.06693555330645	2.89483951772281	3.71893485536715	3.14852562115891	3.47275948889707
chr3:159044506-159045007	Her2	1.80147536763495	5.01570888550504e-06	2.8635778037771	2.64415925262275	4.61311596022188	4.41957388081279	4.18269420331726
chr1:227900679-227901180	Her2	1.80062306981914	1.51800923322466e-09	3.683110854048	4.2681207101438	5.50354287192121	4.77996975571787	4.72796104644305
chr17:39314478-39314979	Her2	1.80054462702567	5.11001366573695e-12	3.04185224708821	2.89537022222812	3.98532500694622	2.95106808364392	3.37476330598487
chr6:10777940-10778441	Her2	1.80034140463739	1.46309560803239e-08	2.53660686024926	2.3220265556489	3.90644088068776	3.22180927711148	3.32014174849544
chr17:39523495-39523996	Her2	1.79953413496601	7.54499149241113e-12	3.16759401558603	3.29982206854071	4.35582653425097	3.33672449210397	3.52329232762733
chr1:176000187-176000688	Her2	1.79948827732434	1.56332621175382e-07	3.49854200154997	3.53341619371695	5.30798363430293	4.40847366493778	4.58353469379018
chr17:39204335-39204836	Her2	1.79943332758863	1.85787097430248e-13	4.54998483052313	4.84186210225422	5.06197280719256	4.33806697692413	4.47262417781787
chr17:49314675-49315176	Her2	1.79893193383563	6.73522644192851e-13	3.740014526426	3.69646992598248	4.87057549075871	4.25547803732093	4.40104694904625
chr17:80548529-80549030	Her2	1.79780651677932	2.56170692118879e-06	3.95537482346243	4.22224072749552	5.73898698935673	4.97587325143461	5.31928476465993
chr8:62614257-62614758	Her2	1.79763839999463	4.63375751073043e-05	3.58352981869132	3.30914847065528	5.21213784228111	4.7264907140379	4.17570452103937
chr10:125623493-125623994	Her2	1.79747931357312	0.00405423974512556	3.46793858457657	2.86892084810056	5.49624200185513	5.58957932395796	5.46431722278655
chr14:103772059-103772560	Her2	1.79744783781328	1.24629434660505e-06	3.22531107077679	3.01435376039138	4.91741264603547	3.82074831863994	4.22916968420457
chr11:120504156-120504657	Her2	1.79742799278598	1.55262878273859e-06	2.84509743560931	3.10218193784846	4.49233119703677	3.65475391072131	3.84579604467104
chr1:205564514-205565015	Her2	1.79734215001376	2.83036880846017e-05	3.84303929492999	5.1777594331251	5.70508777825473	5.11393030847789	4.82125450483277
chr17:39540161-39540662	Her2	1.79670535883299	1.02410160657262e-10	3.58781040399786	3.54796493465253	4.65905047803022	3.65225351817491	4.07898560856252
chr8:126565088-126565589	Her2	1.79665719465647	1.60416731087958e-06	3.94702451496861	4.42516359869333	5.78034701132622	5.31856607132964	5.5806314401907
chr5:90556849-90557350	Her2	1.79665600434302	0.000147383195762223	3.03040972427711	2.10665123328712	4.56218005119232	4.57865124003567	4.4057489474678
chr9:81320366-81320867	Her2	1.79591406335304	0.000127277762438852	2.83402415775909	2.51963827346916	4.58087902349867	4.92324723890894	4.89729306787723
chr16:78052820-78053321	Her2	1.79587698177212	5.06275864446211e-06	2.54020915607933	1.83524369012175	3.97830814295379	2.93038536975497	3.4693260323752
chr4:5115400-5115901	Her2	1.79559494262521	0.000163181383501032	3.07844544809071	2.13574901259584	4.77472416238887	4.53096454099844	4.6952893229165
chr1:208330171-208330672	Her2	1.79522328269409	6.01271775096903e-07	2.56381404250922	2.17858428634523	3.93580380036407	3.64044736719516	3.42893166349192
chr5:122218682-122219183	Her2	1.79464171816531	3.88780166811322e-05	2.79335214395701	3.24807253073444	4.37796293319479	4.28150216917264	3.60936988831357
chr6:3459585-3460086	Her2	1.79369128547637	2.05755721574003e-09	3.71766707872009	3.24020629185679	5.41890296632259	4.68732598228661	4.90205703650222
chr9:9374463-9374964	Her2	1.79332706453815	1.92896298741498e-07	2.50796614927876	2.61755355342859	3.90184001149914	2.91561747677184	2.86825355439861
chr17:37315510-37316011	Her2	1.79331028228803	0.00203050462995536	3.65675574483482	3.29629407711103	5.0442853662731	4.80325411354462	5.45889270110126
chr17:38535370-38535871	Her2	1.79238675264284	6.06540680501723e-10	3.76977889591131	4.07418545424579	4.6344876850414	3.98275154979051	4.32040221317603
chr12:99857644-99858145	Her2	1.79227736443165	4.50778406898797e-06	2.53610016609154	2.10351594534527	3.57158486906256	3.71464703541553	3.94807416648785
chr1:163584980-163585481	Her2	1.79204534491013	3.91130489206056e-07	3.16530670387578	2.67693129236366	3.98827624538057	3.62589749882847	3.3667975187762
chr7:80970378-80970879	Her2	1.79126028803588	9.81690537392726e-05	2.97590382935246	2.75437280855275	4.24744435005938	3.39284923876138	3.47459904374446
chr17:39329770-39330271	Her2	1.79075575760651	7.13426258608796e-13	3.38676867061763	3.03375566822576	4.40285402576177	3.03129742706672	3.56179992036522
chr8:47061357-47061858	Her2	1.79037270663233	1.33572885294072e-06	2.98784965545551	3.07989355379627	3.98757208209784	3.63129218591299	3.49312076735058
chr19:8329395-8329896	Her2	1.78966882681815	8.30278189465308e-13	3.91956252904953	4.54715970191444	5.40333822665314	4.4789063194457	4.79945244356992
chr1:164472825-164473326	Her2	1.78957546287126	9.11643771389772e-06	2.87817591814085	2.97332195114572	4.36802419625169	4.09721984399912	3.62217792056585
chr3:180582061-180582562	Her2	1.78956821389452	7.29878912093303e-05	2.69199401246621	2.10745275504218	3.87862095104649	3.95711330158699	4.50842777966625
chr4:5823500-5824001	Her2	1.78906221602743	8.90361183923351e-05	3.56855307571926	4.16300410841353	5.2116303344205	3.87700939834527	3.87208003124315
chr2:83115577-83116078	Her2	1.78877457565817	3.78714169546988e-06	3.0146082045225	2.76917088443643	4.49390248124916	3.75304344334483	3.88393373588272
chr14:43946900-43947401	Her2	1.78846841230549	3.93164463564938e-08	2.64132400173141	1.95759046362774	3.33891384129967	2.70327952751057	2.88491576750556
chr7:22232502-22233003	Her2	1.78790056117685	8.78130320297633e-14	3.35584103154371	4.11487352836939	4.60180372413805	3.62448325631748	3.6843083552904
chr6:92681348-92681849	Her2	1.78696416954947	0.00489565983907951	2.89776892972562	2.40459530831017	4.78369910034639	3.55107236521362	3.68535713460019
chr1:29944777-29945278	Her2	1.78681664005402	0.000667699261514938	3.01932954933282	2.66697656618516	4.49427325012053	5.29026660516906	4.84791310313126
chr22:34435163-34435664	Her2	1.7864474961601	0.000764474501203533	2.59548421363539	2.23212540137646	4.42462128690054	3.80938817750954	4.01554854436384
chr6:10822884-10823385	Her2	1.78588086153812	1.70906934671258e-12	2.87961871741339	2.84657787303396	3.62102469720827	3.40651949270215	3.24019414691442
chr17:39263365-39263866	Her2	1.78582262575101	2.34579062497964e-11	3.23550498722357	3.27538522364485	3.82194106583053	3.2635836244458	3.5403297195743
chr17:39554997-39555498	Her2	1.78564238083626	1.55286774098666e-09	3.22780132150563	3.12096171831386	4.24270875156529	3.27479452198162	3.92559018016474
chr6:10029932-10030433	Her2	1.78539947082592	3.6816994055678e-11	2.79669963700286	2.62432505090927	3.67914801811411	2.9778830322751	3.23903008032596
chr10:125355141-125355642	Her2	1.78466347281422	5.01291087112143e-06	2.81707162347703	2.5458923956226	4.55189753227493	3.5331295604283	3.8756597755663
chr17:39381740-39382241	Her2	1.78460458106586	5.71822800617398e-12	3.12584989713355	2.91009566592362	3.99241882572823	3.07898610238552	3.29459973785324
chr14:100033368-100033869	Her2	1.78446760750168	8.06473636403571e-06	3.58986541341308	3.49395193221784	5.57392588337238	5.09502565252353	5.3419884460214
chr5:85524989-85525490	Her2	1.78393913711529	1.20814083388625e-05	2.46634881628768	1.61873565884744	4.05350662073637	3.30335226547554	3.48724039086862
chr16:12898520-12899021	Her2	1.78364405941786	0.000181492217506531	3.27879114967855	3.29968644073063	5.25891278662787	3.79038427209303	5.17363242545157
chr13:37594508-37595009	Her2	1.7829907060971	5.1435413356459e-05	2.91763504975004	2.54242089661588	3.96078599171896	4.50287788216784	4.38393924702827
chr17:30223898-30224399	Her2	1.78280925619301	2.31793546802003e-08	2.70305834629724	2.88993985729084	3.72524099566821	3.12977493602536	3.07031209778085
chr10:73124337-73124838	Her2	1.78183076219202	1.38988674742858e-06	3.46544728128899	3.08839889397497	5.21756847718085	3.70221136549679	3.96275664092641
chr7:149730985-149731486	Her2	1.78161133509348	1.82243129575375e-09	3.99985722762869	4.81963814485439	5.75673896701624	4.30159793604201	4.43213648880479
chr8:116084977-116085478	Her2	1.7815515545893	1.20941906882452e-05	3.1829965625116	4.27121855897238	5.01726936589296	4.52346579890345	4.95706154565387
chr2:5909909-5910410	Her2	1.78142120801539	5.05891004241947e-06	2.55803126724473	3.05276695889225	4.26431218694547	3.77772722960283	3.280247893726
chr20:42480908-42481409	Her2	1.7811628528167	0.00158381940053747	2.72133495196037	2.25929989336443	4.3646128365218	4.88013000676795	4.49923996897038
chr14:70539283-70539784	Her2	1.78103926022001	0.00014337257372983	2.90695372895127	3.12216776720316	4.75325099086233	4.25558275463078	3.97702572005823
chr8:124124360-124124861	Her2	1.78022294209454	0.00816519597560356	3.54690752099456	5.39193856658614	5.26114348247702	3.09669949662107	3.96521518247944
chr4:60505769-60506270	Her2	1.77966785430024	8.27213699495081e-07	3.15659584514739	3.56294100426274	4.45749472644839	3.87919342135421	3.59401189233736
chr8:116647943-116648444	Her2	1.77960376856653	8.47425606413134e-06	3.2836083700237	3.42485963053376	5.08057970944013	4.85666085615057	4.83361546729052
chr16:1573755-1574256	Her2	1.77956343437173	1.29283855855215e-06	3.30736683024491	3.24658487042861	4.79661744398768	4.76175043623707	4.85557992065809
chr1:168189914-168190415	Her2	1.77924981253985	1.55231523504089e-08	3.18095419782633	3.41850426011028	4.41344881226834	3.76981049535999	3.69262666671389
chr17:40043807-40044308	Her2	1.77919109966929	1.26712494399001e-13	3.13533953838769	2.74598729658376	4.08688868353764	3.30163595217773	3.5667438422342
chr8:583229-583730	Her2	1.77871839642172	7.3468721407812e-10	2.43194453129474	2.53083721849919	3.31379799633563	2.26543836772933	2.5553966622631
chr17:13104494-13104995	Her2	1.77861612230621	7.17199353180099e-05	2.81280189462479	3.5762601362695	4.56483935302035	3.21521128676796	3.50716331955642
chr17:36918799-36919300	Her2	1.77789268488108	4.13939937621181e-09	3.40994597716077	3.45092671629359	4.64374953724359	3.70414135545246	4.04184205048447
chr2:156804763-156805264	Her2	1.7777523223566	9.88170704801953e-05	3.16070476523776	2.50824778726967	4.63854404685406	4.7223266992724	4.72527489324105
chr9:134089958-134090459	Her2	1.77761205978773	7.22373411128494e-09	3.50012216566283	3.51164334608306	5.12535096988322	4.53913387551082	4.6456782504954
chr3:113535851-113536352	Her2	1.77760089845628	1.55470295769147e-06	4.29762013548736	4.38485721680414	6.31658025178342	5.56560675179337	5.61207734014673
chr12:120074626-120075127	Her2	1.7762782765201	4.8404395891584e-11	3.54558165307511	4.56412593939577	5.26561527201605	4.26025602375322	4.11742460290193
chr8:93285884-93286385	Her2	1.77570058922325	7.59023673602639e-06	2.97056291213288	2.45634882665837	4.22040723731621	4.41745532630493	4.06108723963322
chr9:22455257-22455758	Her2	1.7754965567139	0.00332898593867503	3.15865192881494	2.80667221757924	5.08464425969244	4.57768525020865	5.06073833972592
chr2:168474527-168475028	Her2	1.77516830422903	6.35502633044922e-05	3.0399344809624	2.94787333981685	5.04563959216523	4.71737214181967	4.74155541035365
chr17:40308349-40308850	Her2	1.7746288290404	4.66413386409074e-15	4.68159390307317	4.22039716055658	5.84889554329991	4.85756692834287	5.23795340919518
chr17:39324857-39325358	Her2	1.77457526432062	8.32481387701678e-10	3.39927816380358	3.26730153813375	4.12781640720461	3.22225214539128	3.49787189372345
chr3:168337020-168337521	Her2	1.77372694490556	1.53875441023186e-05	2.91903563453596	2.87122277188749	4.15586859758738	4.19798333670937	4.06070449097983
chr12:46258515-46259016	Her2	1.77355006696937	6.83645406459459e-08	3.75566846064907	3.52379980378655	5.58157966354288	4.79358040057195	5.20633590424304
chr17:40080328-40080829	Her2	1.77344772767648	4.63156978263463e-15	3.51650992257442	3.26415055023229	4.6300753315143	3.57846799395926	3.61483387700789
chr10:22089503-22090004	Her2	1.77295663660976	1.4572154637528e-06	3.47160391819934	3.10091044799978	5.24583044879187	4.18212024990651	4.83293277145589
chr8:115856552-115857053	Her2	1.77278742220604	1.00834517825621e-07	2.72204019871744	3.43048380168697	4.20670507664145	3.73829656538659	3.88114034105905
chr14:100817111-100817612	Her2	1.77266639323298	0.000339633008560468	3.07656913059979	2.71346775826683	4.65266632928685	3.31929955325809	3.56789124539613
chr1:202400050-202400551	Her2	1.77255323792561	0.00181930274095967	3.04477503420657	3.66599821776258	4.67357198013998	5.17487273297429	4.64370487965164
chr17:29381651-29382152	Her2	1.77240086733528	2.31660893740509e-12	3.14898274431912	2.99944514741943	3.95457319637622	3.20425381190879	3.4236046163636
chr8:87663868-87664369	Her2	1.77182397717164	6.81120533687771e-06	3.00372240168239	3.16324616298364	4.34395088282977	4.42698474097813	4.27403557519686
chr17:39510580-39511081	Her2	1.77153928782459	3.09268296087496e-09	2.58082792219704	2.61784076497112	3.54484258430138	2.15215722103257	3.13851540151202
chr3:197416552-197417053	Her2	1.7712833802505	2.92453670016934e-08	3.27269749882376	3.31182979416214	4.41648570827887	3.98854305508425	4.13462366543483
chr1:30432224-30432725	Her2	1.77108790993111	0.0131949692726647	1.71432687369712	1.12228072360214	3.44254122136226	3.84498771183448	4.10216716644423
chr16:22394442-22394943	Her2	1.77103128971599	5.18565600737802e-05	2.9193068623546	3.2906865633737	4.57655474773208	3.36519243451012	3.58250698450373
chr6:151632943-151633444	Her2	1.77091191395968	0.000931443496174001	2.906011094299	2.22634129559618	3.96106596818816	4.5993109844615	5.05305131780834
chr17:39775922-39776423	Her2	1.77074741470465	6.81120533687771e-06	3.45831385213312	3.47988573667303	5.07941807309806	3.46938219191879	3.8762181130857
chr10:125600702-125601203	Her2	1.77063185243876	6.08118220408151e-06	2.64502946381786	2.62002104159414	4.27241111466498	3.8617116112744	3.76388578333556
chr20:58075222-58075723	Her2	1.77057251763365	1.11777411617273e-09	3.32074371529959	3.00577138613956	4.90946196604834	4.10173321989671	3.83954264756654
chr6:9463762-9464263	Her2	1.77023126802907	0.00015717071785971	2.54839885471099	2.16055112809051	4.20752348847979	4.1948633464682	3.93755671514256
chr17:39779316-39779817	Her2	1.77009184681724	6.53171657003578e-05	3.01800758710649	3.02613893341541	4.63307097789188	2.65320840161699	3.35335747147518
chr8:139821888-139822389	Her2	1.76989021787441	0.00086466660291402	3.87148116410883	5.47853827653477	6.14402138720215	4.23590227723803	4.85642267904229
chr1:212148669-212149170	Her2	1.769736554802	3.98438454710381e-06	3.72379724201191	4.40579389212998	5.39765803698576	5.08362243933247	5.17987470015779
chr8:144688917-144689418	Her2	1.76973168270739	0.000860618378585857	4.03083023702896	4.77086723146312	6.10698333329333	6.23440587479916	6.11252630870832
chr10:56296587-56297088	Her2	1.76967718599846	4.87731209044885e-09	2.8954329594157	2.86666971886425	4.13791806449619	3.20782310738739	3.31020256611468
chr12:116936868-116937369	Her2	1.76948482296004	8.71879005167251e-08	3.45358209336383	3.14787546734208	4.97414804856687	4.0137964369788	4.1888501442832
chr17:39524068-39524569	Her2	1.76919317886749	4.57886401908382e-11	3.25327985719721	3.41385388970297	4.322262190425	3.37873858895318	3.70269772153306
chr14:21287253-21287754	Her2	1.76906846714855	1.63203238485189e-05	3.10314034692619	2.94986189299053	4.75791004894973	4.53640269289792	4.58417107951324
chr12:82408836-82409337	Her2	1.76873628904639	0.000762740040938346	3.72267124556425	2.87957131038993	5.6966599258367	4.93671786434056	5.51683615735955
chr1:2376832-2377333	Her2	1.76871380147153	1.80122567203988e-11	4.3343682905727	4.89079525394392	5.24004378553399	4.94542419676003	4.64637847169185
chr17:39539348-39539849	Her2	1.76832606681777	2.92503935821658e-10	3.27933446889662	3.07816999652752	4.36718239939905	3.31621911475293	3.98001829192905
chr10:37377284-37377785	Her2	1.76818897684158	0.000388286888652359	2.85286884036745	2.33922871464787	4.45135159402685	4.86537403515347	4.53410014156201
chr17:49398527-49399028	Her2	1.76727872773278	9.85408825565171e-15	3.4546718834329	3.42406527293678	4.62439392521499	3.72462861106485	4.01160603057694
chr2:196529981-196530482	Her2	1.76669299695382	1.11564509758536e-06	2.81802169294109	2.15698026733499	4.28768262336594	3.57621163088525	4.00970220691941
chr19:39152391-39152892	Her2	1.76659885626537	1.60648669659967e-08	3.62109054652664	4.69624361953018	5.48634640433744	4.60630420675808	4.8079121617448
chr17:49367523-49368024	Her2	1.76632274925543	3.24186653998961e-20	3.5915794959093	3.6000701170559	4.6984382131985	3.74751772325458	4.22376295502938
chr1:7352346-7352847	Her2	1.76571975593716	6.09095298657588e-08	3.13157856814542	3.31040903764659	4.17197608284976	3.62503276448938	3.53830985100989
chr8:136986506-136987007	Her2	1.76566607866529	0.00133959530141649	2.78631116211542	2.53067963241109	4.45841644617688	4.41365752876624	4.85888944193819
chr8:73164636-73165137	Her2	1.76564188206159	0.00104366392491322	2.90802046706591	2.87539261298153	4.58409691765233	3.97200875841795	4.06968895126153
chr6:78292263-78292764	Her2	1.76545282857457	0.00156355781543675	1.62537422157988	1.10142478485848	3.37462736017593	2.03007085138953	2.90181174774031
chr20:52167587-52168088	Her2	1.76532369700628	1.93964709484605e-05	2.71478108219039	2.31249413094117	4.19073852108803	3.80646321712859	3.96135370879683
chr15:49212918-49213419	Her2	1.76530266934359	6.3243498011865e-05	3.10548351339307	3.09188629089727	5.06973603850633	3.92929259802733	4.24535807544759
chr4:153061907-153062408	Her2	1.76503982318818	4.68489718338853e-11	2.65901478397888	2.84709406106108	4.00784755634765	3.20344969757727	3.18207130597539
chr1:116468331-116468832	Her2	1.76498909201368	2.33408446683317e-07	3.24836769202738	2.64463083505614	4.70761684816407	3.79864610779694	3.67517209305283
chr4:91278629-91279130	Her2	1.76449362127909	3.59723800519762e-05	2.82614245003659	2.40449489896882	4.34128883981055	4.10833064380086	4.1340749090063
chr7:8404046-8404547	Her2	1.76444236094465	1.75736001234153e-05	3.22241630529183	3.04124640573201	5.10277586815136	4.51522408561458	4.49487682102525
chr8:140197989-140198490	Her2	1.76424607447011	3.85907238210053e-07	3.78394189147398	3.84415479309924	5.64746143927685	4.82051714161904	4.98347101606389
chr1:219531253-219531754	Her2	1.76420702519116	0.00115903963903261	2.9557065543623	2.87724598781923	4.56756996999361	5.02295653663043	4.915743035343
chr2:6597286-6597787	Her2	1.76390446933297	9.42305162455498e-08	2.68696122730812	2.62125711754462	3.63254748999324	3.10403705187674	3.07467617669701
chr8:95095513-95096014	Her2	1.76362503809429	3.42537222366224e-06	3.40299504838752	3.46404500837179	5.26806868909232	4.59104577374029	5.20654298582446
chr1:221470169-221470670	Her2	1.76338432788422	0.000226678804894408	3.26687097478394	2.41428777242932	4.69832828072144	4.88707595023745	4.71633549553027
chr1:105199221-105199722	Her2	1.76315014882784	0.000375577661967057	2.76546746900128	2.61137257683077	4.84551115784696	4.7913245974838	4.12608411504774
chr18:35925655-35926156	Her2	1.76310022652317	9.30835169774114e-06	2.79700204053363	2.80026975881485	3.94318568616888	3.74176680653632	3.73824348066373
chr9:91032135-91032636	Her2	1.7630174446316	5.03862765502802e-10	3.43746908154404	4.04151384392739	4.76477692485991	4.16301213747973	4.12851288800816
chr19:51975683-51976184	Her2	1.76268835320801	0.00118947373011092	2.97621155442873	2.69223828181797	4.55106667592499	3.60535268654456	3.75135523613431
chr17:40119665-40120166	Her2	1.76266934244056	2.59881103914994e-18	4.66025141964332	4.72020549595141	5.57954008877636	4.52967818408373	4.90453008977665
chr4:162350294-162350795	Her2	1.76219409916661	0.000263251340137751	3.49997069222058	3.3784343245087	5.24441461640616	4.59191610900146	4.59926327699252
chr1:164605539-164606040	Her2	1.76197412828987	0.00254296450358182	3.66076121260566	3.80011632880083	5.74195159391133	5.77260534401487	5.96812813062363
chr17:49331631-49332132	Her2	1.76185366114717	4.10303335895247e-13	2.89159221082212	2.61043805227033	3.97446664279858	3.34252225444032	3.35386414910313
chr8:57606519-57607020	Her2	1.76164552482606	7.46132496416643e-06	2.70849690861212	2.54171694876059	4.16078585225188	3.73817451318357	3.78036479628961
chr7:30501649-30502150	Her2	1.76149906743637	2.90821871362844e-11	3.78737162151379	4.15012825139999	5.29791646597049	4.19106353759768	4.00131167249925
chr10:37300103-37300604	Her2	1.76124177300274	0.000257068162277942	3.09392722636299	2.61990466773443	4.67499982889467	5.15074685905819	4.57558549126827
chr20:58053894-58054395	Her2	1.76094721794682	2.22122089040503e-06	3.37662861973665	3.86959758161997	4.86199988987021	4.70728133368515	4.50506619681896
chr4:184488985-184489486	Her2	1.76084419048741	8.35451579379054e-09	3.32332811523316	3.23084290403732	5.0581541753972	4.4585287845227	4.41951953754184
chr18:14459752-14460253	Her2	1.76076466850528	9.43976708939744e-06	3.78244060326359	4.76890077040151	5.43074649060344	4.15394471585631	4.56228391436913
chr1:14390735-14391236	Her2	1.76069191094598	3.98824040579341e-06	3.28788343888989	3.23598283566752	5.08139172131586	3.93462980494177	3.77113828673612
chr15:51687516-51688017	Her2	1.76030569269775	2.09281460871583e-05	2.95710259766122	2.25279447694952	4.83234410944214	3.89915676348129	3.90909369094916
chr3:128506640-128507141	Her2	1.76025401398033	4.07765737527268e-07	3.52072449455749	3.06388099582353	5.02630664150956	3.93709675648995	4.48372667576234
chr20:45701070-45701571	Her2	1.76019892302717	0.00410995663640677	2.84087279884359	1.6124434062564	4.49980992860482	3.94497082394487	4.67665223054328
chr17:39555631-39556132	Her2	1.76013430675701	7.02230917627572e-10	3.35845655765675	3.20535899306576	4.41559689291305	3.39034192573618	3.82228097003941
chr1:190888886-190889387	Her2	1.75977729819826	7.7497235684827e-08	2.77179020714988	3.39315817844257	3.63267269454083	2.94117667617606	3.36130892537345
chr3:14912892-14913393	Her2	1.75960323033669	1.04232978381316e-05	3.56604394899514	3.52753800089175	5.06126366049706	5.05994274911492	5.10552837846284
chr20:58856594-58857095	Her2	1.75958637762162	5.42188920525302e-05	2.9701484322207	4.43086771839936	4.93399990023972	4.22606136676612	4.03197803808813
chr12:17619323-17619824	Her2	1.7590723439631	2.91683325125071e-06	3.12028646166921	2.55875293746232	4.04849641302181	3.7638778560914	3.90144844056335
chr1:220798255-220798756	Her2	1.7590291008989	2.164282651732e-08	3.52818569695684	3.90998946641051	5.26093025050472	4.21140677456035	4.36262094558643
chr13:65716327-65716828	Her2	1.75880918932137	0.000168029075574882	2.34729920801855	2.43970484850224	3.59982267365458	3.74127505343798	3.54194392555994
chr3:102103191-102103692	Her2	1.75782382152456	1.18461508643065e-05	3.77351194798866	3.59941229342855	5.35080314552942	4.58647777996267	4.79459056921578
chr4:22710198-22710699	Her2	1.75781727398961	6.50631285618363e-06	2.75994860577535	2.4499131877243	3.82684805149225	3.36534183758534	2.89817857000972
chr12:115406839-115407340	Her2	1.75723934076353	1.16064063579629e-05	3.25776347241753	2.85769368175089	4.92038149881505	4.93639190118074	4.71457925847786
chr9:120648564-120649065	Her2	1.75710489503968	3.48845214699178e-06	3.47875345712541	3.61905257264531	5.18740607377392	4.02865679061012	4.38339576298721
chr7:143334222-143334723	Her2	1.75699995910631	0.000139023290105018	3.06267314709705	2.63875246607962	4.91310830094503	3.75877751477039	3.84856014390479
chr17:39540940-39541441	Her2	1.75627239682929	4.13939937621181e-09	3.20715869267054	3.24468851741397	4.26563472858903	3.3182649568273	3.92038038059679
chr3:101970818-101971319	Her2	1.75625864924866	6.01367867350698e-08	3.68528539202498	3.30997729938493	5.22403144168303	4.22256023685397	4.41205706243769
chr17:39789427-39789928	Her2	1.75586166830649	5.97104135379817e-06	2.98275971094114	2.97953415054132	4.62109541140318	2.41247697204635	3.0662881602319
chr14:48868496-48868997	Her2	1.75578328922253	9.60094772635805e-06	3.14034806141283	4.30687931306547	4.47741406444441	3.61633530746035	3.66060978068059
chr2:31188010-31188511	Her2	1.7554194312194	0.00151220959995175	3.09537977447881	3.34361668135681	4.96522137875066	4.1573763814864	3.99289151101862
chr1:218732481-218732982	Her2	1.75527601687703	8.25516070807657e-06	2.66014646521965	2.78582203384755	3.55571555965733	2.85880340026186	2.91914637614926
chr8:54075720-54076221	Her2	1.75523530847583	1.87896640047354e-08	3.29703867494456	3.35437571098109	4.49232198729967	3.88473596982235	4.33317402132572
chr6:6258895-6259396	Her2	1.75509031556895	4.31715047869695e-07	2.9215745221434	2.20935408841816	4.26752095557818	3.62869670128747	3.51589697424076
chr1:92004178-92004679	Her2	1.75504171003802	0.00517568585059106	2.23151536005608	2.09848712110195	4.03736114334435	4.34117417228544	4.51009874823141
chr11:44749071-44749572	Her2	1.75441218450598	0.000118208884041186	3.20771976088685	4.46607236073118	4.43962780389692	3.25595118389235	3.29743473996421
chr6:122394618-122395119	Her2	1.75372117028583	4.44156029151096e-07	3.25066521375302	3.39744624956242	5.04460027090781	3.98761493269435	3.46155791640274
chr9:125340743-125341244	Her2	1.75341781459567	6.17296236794018e-06	3.13282725257537	2.78094360459465	4.92589192865978	4.8145713785536	4.83816006206083
chr15:94909417-94909918	Her2	1.75341440037414	4.88995060698148e-09	2.70459817045894	2.1392093700702	3.94528158779191	3.14621260080783	3.25951173123936
chr16:78052283-78052784	Her2	1.75325466463677	7.52138182762908e-06	2.66223404648642	1.96086491162493	4.05529861559036	2.83902574270845	3.80945166954976
chr17:48528515-48529016	Her2	1.75256600658391	7.6126006277961e-05	3.77749085686846	3.40191121785021	5.36088960056296	4.60777945653583	4.65445664230511
chr16:54471381-54471882	Her2	1.75250146036005	2.10381082896608e-09	2.93097208198164	3.18153073833106	4.13402329533906	3.5219194373335	3.49577703555057
chr14:79325811-79326312	Her2	1.75218019674626	9.90664347616262e-05	3.21046630758531	2.23863678687543	5.10022426991457	4.82668670712423	4.68009612878523
chr1:235911837-235912338	Her2	1.75211389285789	3.05335253685216e-09	3.85840485477741	4.12840284243668	5.18807154466676	3.65416437719835	3.60809692641691
chr10:9060958-9061459	Her2	1.75192957057975	6.35459425036354e-05	2.55793481296857	2.43035346360191	4.36828807401869	4.12461144127283	4.01485671391373
chr5:158626258-158626759	Her2	1.75158228825527	1.57859849600104e-05	2.87521747095853	2.58253170983845	3.72406992297067	4.19552593888468	3.81124974169042
chr17:39269677-39270178	Her2	1.7515548649394	2.54702755324903e-12	3.0200102184605	3.04899411535612	3.83470624227919	2.93831663651335	3.46363835060578
chr1:45311602-45312103	Her2	1.75134100590579	6.0502173293728e-13	3.14402148662337	2.84171789827124	4.38980865778158	3.55468398821782	3.54556556232687
chr4:115796102-115796603	Her2	1.75124262622081	0.00485819331924981	2.23095419898322	1.59469762720545	3.91102174074471	4.27848723832386	4.48243185952951
chr6:131825250-131825751	Her2	1.75111776825885	0.00120551074406706	2.92587082329672	2.35826246359439	5.01112609758539	4.74983951969903	4.9854560169273
chr20:25404222-25404723	Her2	1.75099092087285	3.015139817211e-15	3.35120143670218	3.43848170216965	4.41444213463568	3.68012218094799	4.0179002615683
chr5:80471111-80471612	Her2	1.75096777515036	0.00063329250684864	3.33908863407123	3.39848109912923	5.43229291601614	4.58344989796492	4.96781751963315
chr6:109256816-109257317	Her2	1.75096288529166	0.00107501060645358	2.95562666846779	4.06851465177485	4.98901183152011	3.89146540415472	3.83602822464982
chr11:74940248-74940749	Her2	1.75083235348778	6.75421820511509e-05	3.26399863675862	2.87314560286196	4.5812154311715	3.79397312013569	3.85149426734408
chr8:108910566-108911067	Her2	1.75045434752845	3.4567148107053e-06	3.16187770939085	3.51645490426352	4.70961419985475	4.25115832407917	3.74878367005138
chr12:122343490-122343991	Her2	1.75043372201414	6.71230824115687e-08	3.19433480577965	3.44352149657593	4.92051428780718	4.65396622729711	4.52291051926541
chr4:132871590-132872091	Her2	1.7499531470806	3.32741626904549e-06	3.13571960637095	3.64755695174278	4.47689168955212	3.51976925290552	3.84795930609439
chr1:64564289-64564790	Her2	1.74991612843731	4.64165713362632e-05	3.21051281976414	2.9929055705559	5.03943781623279	4.77087065051927	4.83759930945752
chr5:34449636-34450137	Her2	1.74988654312734	1.77201626243935e-06	3.59762270389478	3.30880283442559	5.4289980565236	4.82359881503427	4.7793244953396
chr19:54008589-54009090	Her2	1.74972797166477	0.00123314900035244	3.12644199382661	2.52259890663655	4.65885861815309	3.55911602284409	3.96662336780744
chr17:16170611-16171112	Her2	1.74924912722902	3.06467755396534e-05	3.1169753406003	2.53727848071211	4.83881655775029	4.40417606238229	4.44598910978661
chr2:113733506-113734007	Her2	1.74897130181648	3.40564999225587e-10	2.90650008251665	2.71669670514543	4.17513843575816	3.55911660573862	3.55218671385125
chr5:23411949-23412450	Her2	1.74879320354405	8.00741280829469e-06	3.13286755464394	2.99291095953478	4.43695459556782	3.53271608418612	3.42443368921948
chr6:51154856-51155357	Her2	1.74847545032962	0.000118712389366534	2.52103644694996	2.09155317932431	3.72287129740798	2.8011286503163	3.20125070129701
chr11:134023221-134023722	Her2	1.74827349991563	8.48655805432495e-05	3.27795593243693	2.6581079513987	4.36331128742514	4.53812319632505	4.19948760869909
chr2:172582791-172583292	Her2	1.74819460927343	0.000233305046552935	3.33535591305935	3.03790958925701	5.13266293518445	5.29231655372936	5.40289030193538
chr17:40053579-40054080	Her2	1.74815157610123	2.19231906427275e-15	4.77206546042877	4.93117419827452	5.89345301478376	4.60085472658089	4.8113752891916
chr12:90808507-90809008	Her2	1.74812530345966	8.25315652141288e-05	3.02275643735973	2.15266916624274	4.75032607933012	4.05973949016172	4.51411771606653
chr17:48533821-48534322	Her2	1.74767416339012	2.79580706990703e-11	3.20966694399825	2.87328291158577	4.19153703156973	3.64797859752452	3.74858698633863
chr17:60352544-60353045	Her2	1.74755460695986	5.45579684074852e-08	3.11018295862666	2.60544707418161	4.21877344815088	3.89941426336942	4.33425211496546
chr17:40083777-40084278	Her2	1.74741974603855	1.17050066292081e-18	4.18030529019148	4.03435941727805	5.32760662712331	4.00547629887663	4.41013320768519
chr1:168190471-168190972	Her2	1.74684966789613	1.91647324175361e-08	2.89513042558969	3.48843409101974	4.25358868543588	3.85883675181718	3.86771821548707
chr17:39304215-39304716	Her2	1.74681815363752	9.82702938052446e-11	3.40800344236428	3.38069688139479	4.06493661771889	3.24055189211836	3.67036619836599
chr11:70049262-70049763	Her2	1.74680691159213	0.00023228498839227	3.45349345472736	4.58475651614715	5.22325463519708	4.72972930292151	5.15185329891987
chr17:38539948-38540449	Her2	1.7463263304704	1.06941090836544e-11	3.43886630711465	3.30709971325082	4.11379162850202	3.72948326075587	4.01044284394332
chr17:39696628-39697129	Her2	1.74628883934641	0.000610511410164282	4.64669254343841	4.36204641604671	6.41136603983461	4.29014388689615	4.87523686871518
chr3:159031275-159031776	Her2	1.74618841053667	0.000683793041262706	3.10699640845459	2.74988332282252	4.79540152619221	4.81570291542798	4.59363547230141
chr17:40085090-40085591	Her2	1.74618760755467	6.00902944801259e-18	3.93124063750544	3.69369091352122	5.07154574058603	3.83209594376071	4.05122723103157
chr2:114320856-114321357	Her2	1.74562962376815	7.32521978963044e-05	2.43503954743357	2.17052124001312	3.48612281133358	3.36476351120839	3.06229459340655
chr15:46573138-46573639	Her2	1.74536943904598	0.00169662017913902	2.757861276731	2.30670207962188	4.4737414274801	4.59123350149927	4.90038172155642
chr19:20153176-20153677	Her2	1.7452242171132	0.00842059624812887	3.78601572096913	4.72912967816567	6.08937043350279	4.99979800465823	5.65963950588534
chr2:223679599-223680100	Her2	1.74510476951404	2.6096805182896e-05	2.93806854812935	2.56977714284081	4.54929747875547	4.17792551692706	4.38091701285142
chr1:40141056-40141557	Her2	1.74494365264318	0.000151846843095167	3.55638264400919	3.48339862936371	5.43142875863928	5.08150312934557	5.10108493056164
chr3:154234150-154234651	Her2	1.74465558233244	2.1621944125881e-07	3.23410841018244	3.2198917396574	4.8147838175425	4.00421300196969	4.28734164939627
chr5:42272150-42272651	Her2	1.74447474948607	0.000518204579565048	2.50442286724841	2.0206360483629	3.75655366514349	3.64711871323077	4.0854245852486
chr10:43198428-43198929	Her2	1.74427175827284	8.81014348201338e-09	3.61817695252113	4.4615680489879	5.02499694083633	4.26188907697127	4.36410415302119
chr4:11181063-11181564	Her2	1.74392921719934	3.28717158005711e-05	2.73806373740228	1.93299914601639	4.17572679496186	3.53767227378538	3.42857565867541
chr1:108813192-108813693	Her2	1.74382151793862	0.0002593057918485	3.86094278232995	5.95323464429008	6.01355588728663	4.92735541134222	5.54435043406771
chr1:163984319-163984820	Her2	1.74339111308772	1.84282128328373e-10	2.93948102922023	2.78309431959557	4.01234472166579	3.16741489241821	3.18630393819689
chr5:179068989-179069490	Her2	1.74334460240402	0.000612829957975551	2.54066249680628	2.65301831365359	3.35874186692645	2.90141029497371	3.23326283192689
chr8:39255722-39256223	Her2	1.74322197265656	0.000576169074614312	2.65096970099514	2.08878860060944	3.65658811461207	3.59619677317407	3.81424807601321
chr1:46128301-46128802	Her2	1.74310843189227	0.00032481080359257	4.69710299873889	6.78393932134119	6.96546114066664	6.19681559250014	6.48059859922695
chr5:42425916-42426417	Her2	1.74310423330235	0.000378729540805523	3.20708039348512	2.87230913192893	4.47681597041156	3.72012178234437	3.86996006013873
chr14:44991436-44991937	Her2	1.74220174027344	1.69706300520861e-06	2.91142820315029	2.47208586295944	4.66307917089204	4.05835319207854	4.24051907693354
chr1:46907492-46907993	Her2	1.74132117602785	7.97578959907184e-06	2.67269854998632	2.72943307451098	4.21552343228202	3.7553735249087	3.96934614018739
chr1:210798154-210798655	Her2	1.74131353567743	1.49896675389508e-05	2.72159816288442	2.89650329134427	3.81152035416293	3.34502073170469	3.86298954195627
chr10:37375382-37375883	Her2	1.7412156476072	0.000242029985260266	2.83448231778439	2.58702857454639	4.34470176635042	4.81642943936375	4.25570657046051
chr4:139458282-139458783	Her2	1.74116110100145	1.02047716276966e-06	4.32010230053688	4.31061527640717	6.16342598412633	5.55832160999499	5.90160899667617
chr6:139856576-139857077	Her2	1.74061530808851	0.00108589110642206	3.28804131751363	3.41459091903079	5.24365021908856	4.96433897498686	5.2943378492995
chr8:141504225-141504726	Her2	1.74051624355651	5.46308622831585e-07	3.19415121487386	3.28900350281664	4.89188851470528	3.64329101052863	3.70345432144099
chr4:60506313-60506814	Her2	1.74000086448128	7.23239785365311e-07	2.80295517187749	2.94106523351692	4.02371440128437	3.6888006863554	3.25563966051769
chr12:51470024-51470525	Her2	1.73924810157243	4.81484946142186e-06	3.06371990049169	1.95485927874613	3.99473921597464	3.86863326299759	4.19414209776738
chr17:39202181-39202682	Her2	1.73905226311618	4.4650434963095e-14	4.48384519384431	4.7878248116852	4.82305554806502	4.32179784460043	4.60460003185532
chr17:39374191-39374692	Her2	1.7389688861149	4.05091405740024e-11	3.03535777733664	2.85526358738671	3.80710394733436	3.01791724434332	3.19387144686386
chr17:30203315-30203816	Her2	1.73875897158458	1.79608865073252e-08	3.106275056615	3.02390932806186	3.69150250052735	3.53164123766028	3.44769889458942
chr10:116654163-116654664	Her2	1.73791110865271	0.000163002383429763	2.97407633897006	3.28734688550524	4.51423886336885	4.30142905754082	4.31645062399707
chr12:93731431-93731932	Her2	1.73781178899586	1.08500304853463e-05	3.07834473424138	2.19807068364783	4.7789744754099	3.88608717101346	4.35179952053775
chr17:49405775-49406276	Her2	1.73774820933856	2.96367215662549e-14	3.4822513362396	3.6556472583713	4.66251788721709	3.7712448636222	3.87959156439474
chr17:39600330-39600831	Her2	1.7376215870385	6.90292816474884e-10	3.6326385575104	3.46850778604072	4.70575080008366	3.57727943468166	3.92348684535723
chr17:40120173-40120674	Her2	1.73746824108681	4.85292610737097e-15	4.94578385090855	5.19844288459693	5.92310170164602	4.75293417613057	5.17815814833141
chr1:206866568-206867069	Her2	1.73745870052927	1.54213592970118e-05	3.27376925608123	3.28198741564856	4.84321920318035	4.85572849439493	4.86532187052677
chr19:51955876-51956377	Her2	1.73657749049593	0.000915704772213762	2.82937149608603	2.4807350406223	4.52217429437951	3.45621588204247	3.2715478220428
chr17:39382463-39382964	Her2	1.73656532133226	3.33580314331039e-11	3.20231679147904	2.45046033026632	4.02552323496291	3.13535372292403	3.52890082843986
chr17:56096323-56096824	Her2	1.73625646987629	1.04405510757043e-05	2.68085805945794	2.03782903582604	4.003441639571	3.62647600197966	3.18978281256606
chr14:50452228-50452729	Her2	1.73591316294543	0.00141248821545308	3.34160175256209	4.37713900749021	5.14005003221586	4.23863901503411	4.35128626044772
chr17:72795889-72796390	Her2	1.73573520367543	9.08288850579099e-06	2.92701113727381	4.19400781242045	4.52107569522613	3.23038860399714	3.73755627040896
chr2:109645926-109646427	Her2	1.73569014619677	1.32909464645729e-07	3.9374650544321	4.29572970568903	5.72464186218689	5.0060113358115	5.18796069673006
chr17:40084520-40085021	Her2	1.73519844688042	1.36097679770072e-17	4.05638403516031	3.93019295422052	5.09224116556603	3.95938908409459	4.23781315669174
chr7:108201606-108202107	Her2	1.735116729124	1.02466044276794e-05	3.06379417796034	2.55358999820733	4.73199699611733	3.85567302970958	3.86168434949629
chr2:4954140-4954641	Her2	1.7349914967068	3.8051824761769e-06	2.59561469431996	2.40087090500035	3.55827243674728	3.46440784314833	3.35857028968698
chr8:117101137-117101638	Her2	1.7348034563031	2.10494314959147e-05	3.24679227860382	3.03538445517669	4.44147529264303	4.74938371666084	4.79607772711431
chr7:19851455-19851956	Her2	1.73460015931606	9.99555997715262e-06	3.37018191555491	3.39852196980868	5.10835813239948	3.73159460130292	4.03588332573902
chr1:203914956-203915457	Her2	1.73439611640437	0.000300325278637311	2.65024632615416	3.66725543287774	4.57684828544059	4.36948695564546	4.41574174735338
chr17:40046774-40047275	Her2	1.73392631262329	1.18119812676176e-16	3.39961727433588	3.31896895737104	4.56231483079589	3.31809360251092	3.72687479038793
chr2:176847514-176848015	Her2	1.73377756271294	0.000902086876989928	2.74778308326522	3.07611379154274	4.64985777295536	4.5181843689356	4.43828247920326
chr1:210480690-210481191	Her2	1.73335305540885	9.51961714944505e-05	3.05850410406264	2.60858515564103	4.62821453989034	4.77189431244382	4.57977693376085
chr19:51959159-51959660	Her2	1.73325320809713	0.00079956658145581	3.10450095571463	2.45591886035465	4.97902776425118	3.47548981568726	3.37542707907933
chr12:99860612-99861113	Her2	1.73235613354095	7.77093615168858e-07	3.17418272146331	2.65641260125072	4.15181068700166	3.80940924081212	3.99335102832907
chr7:54186267-54186768	Her2	1.73232871123253	6.63872771485213e-05	3.22425756271471	3.00648338326042	4.44785829870029	4.40631663999369	4.61456625881311
chr1:11387716-11388217	Her2	1.73230554872809	7.67970376724242e-05	2.94583801622253	3.0189455268623	4.62808869051767	4.38088615353559	4.33367434263845
chr10:60751571-60752072	Her2	1.73163321566855	1.97011560737749e-10	2.76530704353268	2.71542390677959	3.83699710761106	3.43659213954577	3.29406560881404
chr11:67669149-67669650	Her2	1.73098682664498	1.07764969905409e-09	3.84862238626057	4.06130874052612	5.28928021751074	4.33484288339925	4.5867226471269
chr6:50848054-50848555	Her2	1.7296328576172	0.000445783618958155	3.30764951128367	3.49958577370193	5.16458202685089	4.92705188133151	4.31670047261637
chr6:7132364-7132865	Her2	1.72935567883564	1.39781968827031e-13	4.22907205307577	4.2024464019245	5.72700044954509	4.52304508313086	4.9217596796691
chr5:157842159-157842660	Her2	1.72924906383751	9.37319062361393e-08	3.00304892303268	2.76420054338409	4.45162178535405	2.7113609503829	3.13757888392111
chr8:98829466-98829967	Her2	1.72904816275107	3.57215366926727e-10	3.23192638097972	3.35767468529261	4.67428403440009	4.15075903271797	4.31890634798498
chr12:75893716-75894217	Her2	1.72904383614299	2.00918783559646e-11	3.12744048847827	2.97642213778876	4.71242189628791	3.53934885526257	3.75527204031125
chr1:190997418-190997919	Her2	1.72893539914682	5.65474741859865e-06	3.01853720069059	2.97017129660468	3.97182244483016	3.7482866558273	4.21513808729582
chr17:39551800-39552301	Her2	1.72834300616956	5.88882380672221e-08	3.41348118909843	3.36780373614105	4.56705336813101	3.60546828957922	3.9823609639394
chr10:37354441-37354942	Her2	1.72828597289259	0.000596779075028467	2.82433587402253	2.43140350606904	4.52644691630972	4.88644241643894	4.35681156479214
chr7:149287653-149288154	Her2	1.72796031164643	3.05512558305594e-09	3.95879699596683	4.5470862571847	5.57567514113129	4.58889849547273	4.96233512075638
chr17:39249798-39250299	Her2	1.72757840092211	2.45519134138576e-10	3.63269835488732	3.55793951545496	3.95274557053706	3.3933850081912	3.90879308853513
chr1:155189873-155190374	Her2	1.72723071369901	0.000510888141398041	3.65306109347931	3.94729165040914	5.25540873318533	4.87543214474367	4.75072630029115
chr1:115210161-115210662	Her2	1.7272205406583	1.24748265704143e-05	2.74726393509989	3.08398076979553	3.81489286888565	3.4280678036964	3.39457253392533
chr11:72791102-72791603	Her2	1.72694855184434	1.93708720821182e-07	4.372150681974	4.20418739709203	5.81178425071253	5.05721639837855	5.58666950366847
chr16:66474001-66474502	Her2	1.72689789045562	3.34262999825524e-06	4.00006440462718	4.89917159208575	5.94802800743968	4.94344606047115	5.2008569802066
chr4:10170319-10170820	Her2	1.72644607390243	5.81176921883966e-07	3.00532544100588	2.44251821209951	4.02364214898483	3.92953661081791	3.96768098767714
chr8:126295620-126296121	Her2	1.7263157706624	4.92357183581554e-08	2.60266612760434	2.65942778126388	3.98597696927621	3.01790776372046	3.05830875578069
chr15:29167047-29167548	Her2	1.72573439780099	0.00325440666413571	2.45238790934899	1.53486358367128	4.39736854208412	3.34721861288491	3.5148731949388
chr17:39522718-39523219	Her2	1.72542710998847	8.65330326488207e-11	3.30009490188857	3.1084087349423	4.30618293545934	3.2574769084078	3.81976410659104
chr14:98249378-98249879	Her2	1.72519534270692	0.00023635303031555	3.00926360061151	2.05063465631915	4.68297666023307	4.3917972284328	4.04024925994361
chr7:146208470-146208971	Her2	1.72505274738587	6.31047692415049e-05	2.80954387256661	2.44210667555521	3.93276232854922	3.47515808989204	3.3650783623548
chr9:111436498-111436999	Her2	1.72461941186696	6.07464391237839e-10	3.21230054170065	2.90758190446016	4.88041701206592	4.12455916939547	3.95458271085445
chr17:50260820-50261321	Her2	1.72440350175504	1.2688002788075e-10	3.61956253832129	3.31311890379826	5.05182034682268	4.41111115845636	4.26197041932237
chr6:54756995-54757496	Her2	1.72433683280461	4.97054321861393e-07	3.13401603523941	3.5636094277179	4.73826565062388	3.43659860953096	3.74149122423269
chr14:43673682-43674183	Her2	1.72419649361349	6.19457776272007e-05	2.68622715581128	1.92434133907739	3.72885460435111	4.01144749268223	3.90349830571699
chr12:80293260-80293761	Her2	1.72378335590652	7.32550641518524e-08	2.5014927465056	2.54261528452319	3.5707660788963	3.0711609807466	3.3198859463246
chr13:44407734-44408235	Her2	1.72354690166022	1.58167976707959e-05	3.72512552120265	4.82656079143366	5.65306094520138	5.10421119720497	5.28287425777341
chr3:128347809-128348310	Her2	1.72348001560556	0.000563732172254384	3.60191498189719	3.02982239674064	5.52742390865113	4.8859355389754	5.13354273125739
chr16:85781096-85781597	Her2	1.72347170576054	2.01098094908186e-07	3.84961554136248	4.17270842163846	5.68113319736644	4.52540922938568	4.75531813840256
chr6:106914516-106915017	Her2	1.72331257410237	0.000477879951701675	3.19630291851119	3.87354311301534	4.95638805164789	3.80878867797852	3.9807284117013
chr1:62637344-62637845	Her2	1.72306811002704	2.61176319958588e-10	3.11639236503226	3.27057308782822	4.64034769365957	3.77828888238832	3.71583423893609
chr16:48249919-48250420	Her2	1.7226159901121	4.35743983635317e-10	3.44159768025024	3.17321168520788	4.88105304965507	4.43781624293884	4.53053252995042
chr17:48498682-48499183	Her2	1.72257792452784	5.92134991008022e-07	3.49603203143006	3.81086069204104	4.78670882555373	4.11934352754856	4.04685642271468
chr13:108882944-108883445	Her2	1.72246049820739	7.43902047970986e-06	2.98472944539691	2.83875604342429	4.24032002286285	3.94853107959678	3.54126868069081
chr8:126623525-126624026	Her2	1.72245708858288	9.28341677703008e-07	3.35099075180484	3.44112385271617	4.98621287653203	4.35140595975139	4.46229724757013
chr12:6243121-6243622	Her2	1.72223033360516	3.55912435319591e-08	3.80342189193126	4.48894453875851	5.30918478831967	4.17574040047627	4.87098577691208
chr1:159627200-159627701	Her2	1.72208738096361	9.42680322268755e-05	2.90199762060016	2.80440450145608	4.19097826961504	4.04889698788081	4.01207186395248
chr16:78007917-78008418	Her2	1.72202859643643	3.9609420099829e-06	2.84877899081874	2.48491500760017	3.83074853992723	2.87887067684419	3.24606704666785
chr3:9050177-9050678	Her2	1.72156621622854	5.66746833002564e-11	2.93661318217929	2.69717025594811	3.76696760550182	2.88026161394594	3.37934828377353
chr11:102991701-102992202	Her2	1.72147498057222	0.000213064260763108	3.25378243764176	3.34608369424455	5.04509115919422	4.99862197791324	5.02160487458077
chr15:39179525-39180026	Her2	1.72132419726288	5.84961578914498e-08	3.0996169201045	2.56326408184638	3.97530563895753	4.09209442051674	4.21772898707078
chr3:71894002-71894503	Her2	1.72109729122057	1.22267938670245e-05	3.39004069826936	4.13402059095368	5.25526211601211	4.46955634315341	4.53180066545628
chr17:48549243-48549744	Her2	1.72101076810452	5.80872166542591e-05	3.98273004443628	3.24503203539916	5.03923746668037	4.37718803119791	4.24185887397265
chr6:135935439-135935940	Her2	1.72074775433823	1.39631872298708e-05	3.06922212299172	2.66209507362483	4.81826640369818	3.67483793778265	3.70594646190403
chr7:107510448-107510949	Her2	1.72069708125317	1.07764969905409e-09	2.9624426606984	2.77686887303099	4.09753750153731	3.1400922381067	3.61831117975116
chr2:129071382-129071883	Her2	1.72050575868019	1.77371228009131e-10	3.19954757675802	3.12174297769573	4.61751605538535	3.79477676327255	3.87631137616297
chr2:227475528-227476029	Her2	1.72038199861655	2.26233061292414e-12	3.5485632432629	3.20124070402489	4.58245166808874	3.5788830164061	3.84826583172342
chr15:99177336-99177837	Her2	1.7191224498671	0.000104973739102514	2.92826632160294	3.60330251817408	4.75219908978918	4.41999204646385	4.25365463938698
chr16:8055719-8056220	Her2	1.71909057465686	0.00173825160870306	2.49307144759827	2.00059873846965	3.61717615408367	2.97039608355002	3.15619513164674
chr12:107506438-107506939	Her2	1.71858844807124	4.02567832170956e-05	2.70798617705781	1.79235233239858	4.32071389802427	3.19332261650929	3.64966817414799
chr18:54831315-54831816	Her2	1.71827749065124	3.35878929577696e-07	3.3658865083762	3.29313473888628	4.98452904842435	4.36646073504686	4.49941926370517
chr2:232306499-232307000	Her2	1.71824485691402	1.70279146508086e-09	3.65276140646841	4.1724269755633	5.26925965851186	4.5181438081223	4.71224176790194
chr1:30193904-30194405	Her2	1.71713416889782	1.21554361328642e-05	2.950373329143	2.68681966686674	4.12279062660263	4.0239304094049	3.9340611711004
chr17:39371664-39372165	Her2	1.71692379268936	2.86470422145524e-10	3.03409760388968	2.87757443899428	3.87923564481744	2.80738956847664	3.33927966294261
chr17:39295243-39295744	Her2	1.71666035717607	4.78393193439945e-10	2.84351520632362	2.71713284757267	3.56740013134549	2.75016858354362	3.04560637901277
chr17:39521711-39522212	Her2	1.71665513596769	5.47983347247696e-10	3.30722108088349	3.43222424564746	4.48020807817636	3.21087418999464	3.93061680855571
chr6:33990803-33991304	Her2	1.71496968400421	0.0114122635547661	4.03626583486306	3.55339626758121	6.6016884204297	6.48889332002745	6.70164222658922
chr10:78775987-78776488	Her2	1.7148680901095	2.97260670795001e-06	3.63809724898185	3.67794405580834	5.27147007159412	4.79443420953057	4.90477857692642
chr17:39602145-39602646	Her2	1.71484163621024	1.0892103386189e-09	3.54232755253802	3.26896233838567	4.62138709306987	3.45315074342098	3.62789333935998
chr1:216898747-216899248	Her2	1.71462202160049	2.06904259919831e-07	3.29722858504334	4.33945700888836	4.49886010450867	3.58385173072264	3.76886295753977
chr1:239025917-239026418	Her2	1.71416534658023	0.00133099849598005	2.99215855988181	2.47240812239926	4.05975807897738	2.9959369736154	3.38697140155746
chr3:161060168-161060669	Her2	1.71409760109392	4.18703418563062e-07	3.16087511680186	3.98343347153824	4.49972966381956	3.30841133018582	3.62446490070138
chr17:40082264-40082765	Her2	1.7140927920087	3.75755515394106e-15	3.84290229075066	3.70269851031471	4.8934613384426	3.78910919259444	4.02985010979851
chr14:50242381-50242882	Her2	1.71407449944726	3.59723800519762e-05	3.06312764858303	3.14988034944564	4.83481490267732	4.22211973063817	4.32559653063569
chr6:142276155-142276656	Her2	1.71366999164302	1.03943244444452e-06	2.77026861224598	2.40654081169158	4.04100423678679	3.18282415263391	3.20897283098084
chr14:73613517-73614018	Her2	1.71358987825545	7.128654937616e-10	3.92780263447423	3.72118932889212	5.62989197897848	5.01958914522621	4.87596112136284
chr1:203404528-203405029	Her2	1.71357898837814	1.01082194601102e-06	3.74688077399112	3.92237151934636	5.17966554788128	5.06922516169944	4.63587176997692
chr15:62257730-62258231	Her2	1.71344517982149	1.2520428042857e-06	3.20916442929019	3.07028803697708	4.63734003187996	3.81580310404996	3.60297551735674
chr8:80403193-80403694	Her2	1.71332254631634	0.000908996930969034	2.93505948695263	2.60118655985237	4.13218342709635	4.63964729612954	4.98345427936862
chr6:10323839-10324340	Her2	1.71326779573402	5.83181089721143e-05	2.98441871875757	3.1467733714887	4.68224762366008	3.7861864605905	3.36213921263086
chr12:46176452-46176953	Her2	1.71318227601819	0.000686971021487438	3.25789296343864	2.50958663439321	5.12986997589623	5.331961681878	5.53857327758414
chr18:14796448-14796949	Her2	1.71295734258886	1.81176466537494e-05	2.61081970300306	2.90282512971642	4.27307811083903	4.04236684961405	3.98983286618528
chr17:39759791-39760292	Her2	1.71285467246521	8.67543930641597e-06	3.33884825824848	3.3480173329134	4.73680546208802	3.10553874568173	3.81614205865426
chr16:14476084-14476585	Her2	1.71255461946115	7.59198264827171e-06	3.81928878833509	3.65148429225404	5.72571509616956	4.98158241225314	5.28951461436638
chr1:244253513-244254014	Her2	1.71237427809388	4.69769654926539e-05	3.4025951100674	3.52159138378714	5.1400736470162	4.87509495704383	4.59924551169162
chr3:128433553-128434054	Her2	1.71218319163497	0.000154447471822638	4.42474877993753	4.5600868092697	6.32067954136769	5.85503755480578	5.99503736094575
chr2:87465674-87466175	Her2	1.71184659328221	0.000353997925816265	3.09820951187978	3.08960354203605	4.63538620473588	3.80159747921976	4.18986049126625
chr10:37316143-37316644	Her2	1.71110086323778	0.000384285474217776	3.24812636420801	2.55907812165712	4.82994638692813	5.39225335725004	4.65260235149852
chr10:37183668-37184169	Her2	1.71107236994947	0.00958282406846824	2.01453847589217	1.42692244391384	3.63674589776474	4.02542931222678	3.86074866538699
chr6:132998536-132999037	Her2	1.71085901859379	3.3407886518126e-05	2.76345722959785	2.61301337070973	4.4439004962085	3.51232846448563	3.73381287925442
chr17:39599685-39600186	Her2	1.71059277977308	1.43567535075326e-09	3.88278355640363	4.00487232265627	5.01597180934445	3.71092778404909	4.01440214265674
chr17:38592464-38592965	Her2	1.71055226455392	2.46067908084732e-10	3.86944682438833	4.04981719815677	4.77789549749198	4.41221138415428	4.5705991214677
chr16:78080714-78081215	Her2	1.70978923290351	1.12285824366519e-06	2.50146797709217	2.25880522658494	3.34845180511458	2.39387897425109	3.29453938332513
chr17:40078882-40079383	Her2	1.70940774212104	1.58417824478616e-13	3.80178239633387	3.63167044334909	5.00663301899409	3.72061298920178	3.93589942639261
chr17:39243212-39243713	Her2	1.70883166234205	5.80089056811537e-13	3.79386987109982	3.88310423740375	4.40927974598005	3.53940900029991	4.05242285607292
chr4:40670487-40670988	Her2	1.70882087581841	1.23510231800377e-06	3.53626271548103	3.29258834849169	4.7919342515248	4.19855382883311	4.400216339139
chr8:111781790-111782291	Her2	1.70871378451053	0.00050083402505394	3.12246738469871	3.13652144767642	4.72239094084772	5.12610209955584	4.79625296579344
chr14:75635346-75635847	Her2	1.70862872485161	1.27124567469155e-08	3.8275423367603	4.84518433515803	5.6749299969629	4.76019362650583	4.83057745844184
chr5:55211149-55211650	Her2	1.70840417829297	0.0116005709299933	3.07038176344355	2.21661819653987	5.41558789913971	4.95142263690567	4.92018793757908
chr17:39262353-39262854	Her2	1.70817754724085	2.8723949726304e-10	3.05953241811858	2.91127541442967	3.73288530283974	3.06319717837576	3.33804309017232
chr13:82467555-82468056	Her2	1.70813908489329	0.000136140986285068	2.83601103085917	2.5023319268952	4.08901902682564	3.38339563895442	3.61017553467221
chr14:75518161-75518662	Her2	1.70794507175168	1.9685345888056e-09	3.32899549984017	3.28348396551966	4.86819368028579	4.32148475696301	4.33211903414181
chr4:24413095-24413596	Her2	1.70782821551187	0.000150777267790261	2.77704605194759	2.80786104405754	4.07673680322857	3.6824076604013	3.40674167544768
chr7:30523791-30524292	Her2	1.70756024479414	1.6161694434544e-11	3.70473016416372	3.57296019423106	4.99203762725228	4.26859142727129	4.26788247341699
chr2:32440304-32440805	Her2	1.70726783454587	4.60686478562641e-06	3.39238871511178	3.06245052204819	4.97318252833556	4.10360475263151	4.34624008137488
chr9:34406400-34406901	Her2	1.70702638147755	1.28957402174306e-07	3.31733588634593	3.34844213037916	4.64886007913001	4.30647682791582	4.49240002381269
chr8:80696623-80697124	Her2	1.70696536088306	7.20940366490717e-09	3.53457609372478	3.49468912259229	4.67478620527149	3.86803373801772	4.41343214310504
chr2:129326593-129327094	Her2	1.70605266650889	0.00159047392836801	2.59999859582036	2.31536211972558	4.40507103673023	4.41237854049733	4.30973217611208
chr17:39458694-39459195	Her2	1.7058974915104	6.09342418816469e-11	3.84953115662788	3.79867221880872	4.92775186462023	3.53214643318359	4.40264421482143
chr9:117401432-117401933	Her2	1.70565640262667	0.00537191306109946	3.29612134308818	3.39763593323006	5.58173941617038	5.31262139029229	5.14301832129752
chr10:8067512-8068013	Her2	1.70539005133951	0.00613651235725194	2.7973214763807	3.40663599343057	4.72226513734095	5.29457611485731	5.37371516452712
chr8:117237804-117238305	Her2	1.70511379313417	1.13988511458629e-05	3.02407958459888	2.69549264941873	4.62282724169087	4.35441207603229	4.63310363467013
chr10:37480354-37480855	Her2	1.7043454196806	3.62432430517064e-06	3.11255742952193	3.10196428978318	4.06040943740278	4.37003724336118	3.98283767256171
chr7:6506114-6506615	Her2	1.70419705234776	1.3506160860736e-11	5.10134067591264	6.0123504263289	6.81748121416411	5.94180403793853	5.78630400590711
chr13:100086767-100087268	Her2	1.70404260910938	3.48219736834523e-09	3.66278349096096	4.47825624895126	5.35792210674237	3.66537761797295	3.91240579559575
chr2:136178934-136179435	Her2	1.70351426472826	0.00111946515772305	3.27611015827221	4.50138731408095	5.17848919929359	4.74926913314379	4.82400381408534
chr8:115934170-115934671	Her2	1.703102974829	0.00104447767296359	3.1859082399216	3.56443567419113	4.76574744067732	4.9627039994545	5.01043909104819
chr1:224299777-224300278	Her2	1.70289833167239	0.00013846784095742	2.87958883554641	2.64836004889947	4.83841219491137	4.24879578824943	4.70648316261639
chr2:128385871-128386372	Her2	1.70268775331091	1.07601662286196e-06	3.47281788316288	3.66440575227294	5.17557070580505	4.17456689216445	4.34949459081574
chr17:40078336-40078837	Her2	1.70238077074346	7.02997553865866e-13	4.06945848550715	3.95823659885273	5.17294993935282	3.8639153109625	4.07228261298647
chr9:108825848-108826349	Her2	1.70200545032398	2.18909738403738e-09	2.78584916602869	2.2906307240685	3.55181610306102	2.9549246695066	3.03038813306068
chr10:59794977-59795478	Her2	1.70190180035642	4.56923038415321e-07	2.7592160181576	2.8275126506597	3.7175070620435	2.60968614100131	2.85094520917318
chr9:126674270-126674771	Her2	1.70172180487134	0.00117347827056853	3.76624505529983	3.48575636234853	5.6041129106689	5.98468434022346	6.1437696275179
chr9:24373585-24374086	Her2	1.70106260481695	0.00951226928958434	2.72277551954669	2.1723689267016	3.88921119583792	5.23603579056219	4.06763127691842
chr20:59902357-59902858	Her2	1.700639718251	2.84073706459596e-05	2.95290001677894	3.00019036530781	4.7291332095897	3.37917552948208	3.77738908886208
chr1:166552787-166553288	Her2	1.70024561440752	2.26911961699697e-06	2.93993422788309	2.6519628510846	4.02949489889367	3.88700924913432	3.79164346853092
chr11:5989111-5989612	Her2	1.70014552607686	0.000549378430533696	2.66178097142923	2.026520647858	4.04952772591538	4.19943005418975	3.72479286805808
chr6:113881006-113881507	Her2	1.69991177677673	2.02248701551945e-11	3.11351470662987	3.07956136997941	4.16841544516402	3.2026106932286	3.09162783184364
chr1:24095041-24095542	Her2	1.69823970477686	1.33067859287457e-11	3.20591927562923	3.07689285708835	3.87655675126003	3.55557128510704	3.65671675106232
chr1:87715010-87715511	Her2	1.69785765217535	0.000746465538873628	2.7362087269027	3.09923361720836	4.31987489865693	3.62085333666886	3.58586638595493
chr3:49015702-49016203	Her2	1.69767573607242	5.10120642829872e-08	5.48543708221068	5.85689717794658	7.34285506220005	6.61339433776875	6.33268964844602
chr2:86631015-86631516	Her2	1.69733056055829	6.53567547802277e-05	3.63943809754153	3.43486100274266	5.64981904657557	4.58326092903884	4.92737833651209
chr1:77040322-77040823	Her2	1.69728615594726	4.25297985071353e-05	3.53012435532856	3.87792433971761	4.88673638741912	4.80770584682976	4.20264068435179
chr17:68387318-68387819	Her2	1.6960628479447	2.01487696336483e-05	4.22945753094331	4.82208112026214	5.67775630816406	5.54484002963466	5.77274195128119
chr10:8068042-8068543	Her2	1.69605659150472	0.00566983721155125	3.29288824218125	4.09447684735589	5.17360151384028	5.72203063587419	5.89661937652404
chr7:12618935-12619436	Her2	1.69582438636818	0.000150492455848603	3.3039864202599	2.4295757742989	4.71386500140518	4.33260578384284	4.19395547276687
chr17:48557947-48558448	Her2	1.69571613233673	1.88273213192902e-05	3.86590164000059	3.59678489449869	4.85040104721589	4.42908246469696	4.11820627145185
chr17:59327436-59327937	Her2	1.69545085432286	1.48126500555657e-09	4.37885441054683	3.91457486658029	5.31710840601915	4.71976088709947	4.86310830513826
chr14:51267612-51268113	Her2	1.69479218656754	2.74881878015994e-07	2.95139186894112	2.44859508608893	4.28283889201297	3.43561139110538	3.81107176938887
chr1:80548666-80549167	Her2	1.69444427725909	7.19303264122424e-05	2.81869251200661	2.1953417708735	4.40766078015748	3.52610698247969	3.21964633521458
chr17:51740921-51741422	Her2	1.69396072214172	2.13792242366364e-05	2.9892830290586	2.29385709242331	4.31299611111295	3.32451072114026	3.66295961988202
chr20:57770285-57770786	Her2	1.69317423630829	0.00159438812462788	3.47867548092928	4.20675388492222	5.52452807517757	4.36380743744551	4.5217072964497
chr17:39511347-39511848	Her2	1.69293072456913	2.81690484086313e-09	2.73546246390696	2.70002888708717	3.75017075902945	2.7507399627259	3.18007303845639
chr14:45715091-45715592	Her2	1.69270295655425	9.47177798898173e-07	3.30104302362023	2.6898409378397	4.94637685181362	3.23295206322083	3.42595859467913
chr1:147162979-147163480	Her2	1.69262800248603	4.5883949818447e-09	3.00058910012928	3.28475435853578	4.20129438200361	3.1641567260084	3.31260066113772
chr10:28836916-28837417	Her2	1.69253450794025	1.83613401206326e-09	2.95187435645623	2.69647647209646	4.24460644690659	3.07735903800961	3.30321495210794
chr10:37382681-37383182	Her2	1.69250351058103	0.00115594513856498	2.71293500646922	2.40656958964665	4.23851143037679	4.85511865110874	4.36781932601202
chr6:106912040-106912541	Her2	1.69195616011768	0.0136763014441206	3.90232849561098	5.4647368177253	6.18414663376461	4.70748076850579	4.94401132790254
chr5:11725862-11726363	Her2	1.69186969339094	0.0011400520445156	2.68096716317761	3.41418252249358	4.43260474190487	3.113222831146	3.50873332527677
chr17:49335635-49336136	Her2	1.69176001980779	5.53581967246833e-11	3.35561078782446	3.23791445049388	4.35250597749808	3.87268436967564	3.93837963921757
chr20:2774802-2775303	Her2	1.69174604202292	1.05115849598005e-06	2.85863786125489	2.98346536324514	4.43169184171742	4.06656029906088	4.33103476352573
chr12:54683330-54683831	Her2	1.69158565713991	1.36458651192019e-05	3.29271700397957	3.99909719768893	5.03071272283629	4.46529594102615	4.17414979769766
chr7:47696365-47696866	Her2	1.69155265794432	1.16591307756012e-08	3.16539600694204	3.23569537280869	4.07573671821935	4.07342611690052	3.60646205280373
chr18:36465857-36466358	Her2	1.69114507713434	0.000452166254987106	3.65580518002435	3.09169470321983	5.04342612092518	5.15288080852428	5.23243960067998
chr1:59921917-59922418	Her2	1.69090429473532	0.000593890391452004	3.30496409478532	3.32946562264614	5.27991492389579	3.77205103262979	3.9651657397195
chr19:52996415-52996916	Her2	1.69056144429408	0.000104973739102514	2.78583525188354	2.64080702278182	3.7180853966931	3.79902615625939	3.60851529613526
chr13:23836370-23836871	Her2	1.69042657127829	0.00701121046740043	2.42525070700937	1.62527214908929	4.2207396228993	3.1499937696431	3.89415279055084
chr17:47676469-47676970	Her2	1.69027050064681	9.2758534733219e-05	3.4952244008744	3.30432175452811	4.71243812761265	4.67025054942168	4.72471598901581
chr7:37507070-37507571	Her2	1.69026788896822	5.60094755971236e-05	2.79552778082594	2.81498547099992	3.91840448287281	2.97886561805787	2.71557148254915
chr17:49363185-49363686	Her2	1.69025333555175	2.18440986156285e-18	4.68243516378351	4.65022546948521	5.67390741945388	4.74413814194161	4.87782136539756
chr3:115758337-115758838	Her2	1.69005863637064	6.2803299029437e-05	2.83354700119321	2.00834874620509	4.12347752457418	3.15502772808443	3.39695671890673
chr7:74467840-74468341	Her2	1.68976441923433	7.24351745576122e-10	4.44886595157241	4.2346699491876	6.14095643272529	5.28500813898171	5.47449286988116
chr22:29697066-29697567	Her2	1.68962156099898	1.09004569297793e-07	3.62575592909089	5.02608952499767	5.12885600672546	3.88521117100815	3.88036923621728
chr18:15325709-15326210	Her2	1.68875277279194	0.00361746373928113	2.18017987190614	1.86451860420312	3.8750585815392	3.79314190474276	3.66277347533818
chr17:39777165-39777666	Her2	1.68862452246641	0.000100680390789651	2.94590473287981	2.99486953678639	4.32857923838074	2.91782434054444	3.56522399209575
chr17:39292240-39292741	Her2	1.68836303112201	3.66771505500323e-10	3.0511350703375	2.79479710763794	3.72054208202747	2.74428356080819	3.27755433175944
chr1:64872357-64872858	Her2	1.68810676975737	2.35809105362627e-06	3.13724191790044	2.3695830702243	4.19706677230322	4.52275835234991	4.52991483769456
chr8:100104563-100105064	Her2	1.68757764765269	0.00157903188899495	3.4065963323565	3.01669856398105	5.47793340352106	4.89354777039209	5.04199754206336
chr17:39403043-39403544	Her2	1.68740870638466	1.32218096999153e-10	4.67079083775646	5.0849595243738	5.64593105214483	4.34949472492374	4.88176280548618
chr19:15592897-15593398	Her2	1.68699945766849	1.91304407750992e-05	2.45774820346436	2.57043192479084	4.09915680669356	3.36442941580705	3.09074270063624
chr3:1462208-1462709	Her2	1.68686183793337	8.39352531767686e-08	2.78563993441637	2.74251469875363	3.69640204571592	2.74892519331086	2.88541400858923
chr17:39266970-39267471	Her2	1.68668915224322	9.80743553841319e-10	2.93527106298478	2.67145910854729	3.62489924791936	2.94126275581149	3.28981372224165
chr20:21994122-21994623	Her2	1.68667294181514	0.0300694085182995	2.83867755641184	1.8257224302059	4.39120215271862	4.37438824948812	4.17415378439757
chr17:39916908-39917409	Her2	1.6865918148908	0.000595849732209293	4.1325456936026	3.50299608894999	5.76534662825735	3.72472942366167	3.9505787250892
chr5:180259053-180259554	Her2	1.68643614233837	4.88165918604689e-05	3.46833076459259	3.93737214582203	5.17230270890127	3.87954983218035	4.52363300219816
chr17:39520231-39520732	Her2	1.68614209476122	1.0967647629309e-10	3.28695599308795	3.23549389134936	4.31134390029829	3.28660312664579	3.73231412353577
chr2:64976298-64976799	Her2	1.68611335619614	3.9609420099829e-06	4.39044532976602	4.06360184526497	6.0351265208891	5.58807949694733	5.73430648273158
chr16:48255973-48256474	Her2	1.6858834591065	2.1976483732313e-07	2.92155138977921	2.17847561382793	4.42963838456048	3.65168374092612	3.78035357564705
chr6:106957314-106957815	Her2	1.68558982181951	9.01624519107281e-06	2.895866772258	2.87180622867226	4.01781600191092	3.0006922434402	3.23129519524345
chr17:68300457-68300958	Her2	1.68556793410746	3.95671554514547e-06	2.99152503807595	2.94599358645711	4.18164736721654	3.91772001992455	4.54757200283377
chr14:85115886-85116387	Her2	1.68520739529356	1.24439634482879e-05	2.57324904061965	2.2026239350838	3.52081110229659	2.79088980837792	2.81824823763885
chr10:37493901-37494402	Her2	1.68517614411083	5.34186681030598e-07	3.29143526950445	3.07316659847347	4.29034217477602	4.25107589275528	4.12213388181912
chr12:1840127-1840628	Her2	1.68502384539625	0.00272292581501827	3.44716933114463	3.40765836510282	5.48874021927069	4.55825354230201	5.18799939949183
chr5:66876957-66877458	Her2	1.68500472689802	1.03663431635508e-06	3.91540874319034	2.88540020067954	5.58324939137258	4.66670984831799	4.73094420817756
chr16:82167598-82168099	Her2	1.68481200778768	3.84474388453103e-18	3.48203779767412	3.5902953535053	4.75440917396461	3.63551038756127	3.42711234982344
chr17:39348452-39348953	Her2	1.68473515274072	1.3147153931297e-10	3.24744981392607	3.14769076166404	4.16190215681687	3.17862316078532	3.67099780844718
chr17:38331616-38332117	Her2	1.68467869646884	1.53079039625838e-09	3.71964777721235	4.77760646575055	4.47580084777313	3.95490175645887	4.0778136324948
chr22:23151239-23151740	Her2	1.68451064132363	1.10216461107325e-09	4.01844917587031	3.78826679850187	5.0406358967365	4.72752962197112	4.62866531852511
chr4:3790099-3790600	Her2	1.68449800381457	5.92932749043185e-08	3.7176109568492	3.07559861225235	5.1778997548251	4.88139291254985	4.65914499351397
chr13:25599907-25600408	Her2	1.68441202989721	0.00175543761069519	3.01661257565345	2.67739106477864	4.71201411713121	5.34243548886175	4.95721746855088
chr1:155189369-155189870	Her2	1.68436210153614	0.00438718887647453	2.30264491798335	2.29560612529349	3.81845599422283	3.37730654900552	3.17284065375997
chr8:93218599-93219100	Her2	1.68425920393762	0.000195075909557086	3.33317077567627	3.16033682601488	5.2468004490871	3.98504855233687	4.07389768821506
chr4:41261373-41261874	Her2	1.68417310967569	7.24042317491144e-07	3.06247573454305	2.70119381163751	4.51942516324466	4.02300339959691	4.11057082410889
chr14:46687545-46688046	Her2	1.68369425793104	8.29565327364177e-06	2.7173778382112	2.2385817611405	3.79827236515965	3.53832979773334	3.45293891173195
chr11:130537873-130538374	Her2	1.68359302043771	0.000400369595616518	2.82268024288979	2.18677676309901	4.33380301931935	4.00174613132152	4.15310207234669
chr7:29454816-29455317	Her2	1.68352112290902	3.06342920588586e-10	3.3232035072771	3.65595174263591	4.55235329670953	4.21334601832606	4.13473910409632
chr3:82217100-82217601	Her2	1.68322088153498	0.00169580050869259	2.47781953200475	1.85073125702732	3.38189700123352	3.96874161530703	4.30460507181464
chr17:39369779-39370280	Her2	1.68316796859939	3.43244373745196e-11	3.15908789917704	2.8687252434601	4.13655354342661	2.98637116280211	3.53000025966519
chr17:28474558-28475059	Her2	1.6831449491354	2.44864193898952e-07	3.83087415528832	3.80692889783254	5.15602272463357	4.69253430777486	4.63976395993203
chr6:15446924-15447425	Her2	1.6827574232454	1.65599085170397e-05	3.82307520757242	3.59516679567362	5.3944092945257	5.39962292313341	5.57297657835546
chr10:124393933-124394434	Her2	1.68242768117042	1.36871715942649e-09	3.53664311599849	3.95076673565989	5.14812344587392	4.20416749345276	4.0743969587285
chr17:39802268-39802769	Her2	1.68207834957281	7.43417522503073e-05	3.12216396968386	2.94230484929096	4.68661212799673	2.89681782698505	3.48888427000006
chr9:33898838-33899339	Her2	1.68126831823342	2.91975379057728e-08	3.56966175851857	3.49934086541961	4.96828531240125	3.99412766805351	4.05123130843572
chr4:96115466-96115967	Her2	1.68110304730996	1.90615777572021e-05	2.84254706917312	2.74082169957493	4.40511264765624	3.69772184745078	4.3247559755092
chr17:39821392-39821893	Her2	1.68109749422626	2.19425749686613e-09	3.05407520066706	3.0710955755255	4.37490516373365	3.11865831608068	3.39219315949534
chr3:40731824-40732325	Her2	1.68099773395944	4.14423730620766e-06	3.20816700548708	3.89389835277947	4.89692279242184	4.34774664058573	4.21090789838249
chr1:217080231-217080732	Her2	1.68099158689372	6.9539011557867e-06	3.17383308366284	3.09672729515594	4.55344978158504	4.28372228941751	4.03837313215443
chr20:53865255-53865756	Her2	1.68093642258693	0.00113316544907198	5.47574108552411	6.19098533980526	6.92668981260255	7.02612740279405	7.35801415581406
chr3:87942510-87943011	Her2	1.68040093184173	8.02599585406069e-06	2.75803342070699	2.36082916039751	3.80716425263704	3.00938302959225	3.00171685828354
chr6:65496380-65496881	Her2	1.68038594985466	1.14011217617034e-06	2.44426399102181	2.38329615836785	3.388547439429	3.15427710180998	3.22958117866292
chr1:180347819-180348320	Her2	1.67961356760014	0.000142096185245259	2.94832239787968	2.90012175769806	4.15161305732716	4.4318158789229	4.43540347581426
chr10:37418160-37418661	Her2	1.67954280090779	0.00562773047748813	3.32184964274512	2.80172106906572	5.2425652118169	5.66922793088087	5.2918440410159
chr6:51869702-51870203	Her2	1.6793535133807	3.01493370239266e-05	2.88920475212498	2.46958986205257	4.26363114822808	4.21981584222209	4.18743107447893
chr6:3762743-3763244	Her2	1.6790622911288	0.00126287410999828	3.46347018901302	3.25892930569278	5.22377938726134	4.83456183240923	4.86762352968098
chr7:22235137-22235638	Her2	1.67887104864758	2.02178332192522e-12	3.13152076421559	3.24597269579411	4.07971928683139	3.24611525003387	3.58029377519835
chr4:58665483-58665984	Her2	1.67883483110788	0.00910549962667421	2.81543793787414	2.17332493400496	4.20685623465642	5.07892125871549	4.14361074528579
chr1:150206173-150206674	Her2	1.67882038575339	0.000214596838764343	3.59960979295656	3.30733074578935	4.85071331821707	4.50136411187723	4.6060556485805
chr4:7036781-7037282	Her2	1.67878311933257	1.11318150214257e-06	3.65344060468092	4.94342444212979	5.37568328832512	5.26768801062672	5.22718139582379
chr11:121132071-121132572	Her2	1.67864061706844	0.00122027046994588	3.27876933411095	2.20893395742078	4.76524132547262	4.14618316260779	4.54608739588333
chr17:39202710-39203211	Her2	1.67787018120645	3.75903052395396e-13	4.31167089970645	4.49704611914269	4.60482979496116	4.00966868419573	4.48443352319463
chr10:22168395-22168896	Her2	1.67762196978818	0.00475677171425807	2.76680593174093	2.06293613404029	4.83333649090443	4.28932994318626	4.70591974599014
chr3:24491478-24491979	Her2	1.6774577622621	1.06853738365906e-07	3.65623815110642	3.952387330313	5.17452363132042	4.66199248374775	4.5475223717296
chr7:113870556-113871057	Her2	1.67691063862285	0.000181283265884524	2.94858662341914	2.37617410549645	4.65053764982369	4.46592452423391	4.48802804397832
chr5:33438944-33439445	Her2	1.67687917323455	4.77611909078935e-09	4.75121015864399	5.45509645812184	6.46941035557722	5.35897447552762	5.48723626834348
chr14:24375710-24376211	Her2	1.67682026173347	1.05552648449769e-05	3.88748854561308	3.74086839530608	5.06358128198254	4.7822148386524	5.44595776366617
chr7:30036337-30036838	Her2	1.67641339402989	1.2578699261636e-08	3.34728200794052	3.02513598249013	4.50655764989991	4.36346622892845	4.21793335843057
chr7:140221393-140221894	Her2	1.67632114420159	3.40736799367536e-06	3.37003440817316	4.12561871756367	4.98559203739746	3.7347878407732	4.12625702909285
chr17:39205141-39205642	Her2	1.67525336311269	6.85387923350729e-11	4.3995592120832	4.64421165044927	4.49894880028532	4.34611729063627	4.45290103483781
chr14:100762017-100762518	Her2	1.67489022800634	9.84963749172758e-06	2.7479769101169	2.26480214061283	4.32490925416471	2.73913358370922	2.84032433300977
chr8:77813337-77813838	Her2	1.67478570829767	0.00243262256933435	2.87202391381288	2.24698958821454	3.79219098473116	3.73094589064002	4.35535692629613
chr2:65580693-65581194	Her2	1.67459321705496	8.71340798585291e-05	3.35818868665302	3.15599919404868	5.2630655246586	4.39243073064686	4.42924507895454
chr7:27781141-27781642	Her2	1.6740411716573	6.7276454057823e-10	4.06825017986271	3.68728011132134	5.63858376848753	4.65166685460991	4.84902418071566
chr20:56736212-56736713	Her2	1.67305744572998	1.86792564010635e-05	3.09539924688756	3.24631310729263	4.60597273974935	4.28773847769078	4.30183014080056
chr11:129380416-129380917	Her2	1.67280747934631	0.00159334983870219	3.41678534552343	4.41986525862956	5.13761092927889	5.06437444790191	4.80550136244052
chr1:216905815-216906316	Her2	1.67266280117267	2.8603046957546e-05	3.69508439341874	4.31339145472065	4.94415515700729	4.08813209085423	4.46810411997505
chr1:204732665-204733166	Her2	1.67238763792552	9.72610295232247e-06	3.32045761727548	3.45313190815572	4.53969109950421	4.19019148840884	4.12087752832215
chr17:39786470-39786971	Her2	1.67200322944852	0.000432062271818899	3.24898898248536	2.97352459557571	4.78571520021767	2.9073147531758	3.32275068802711
chr9:90054121-90054622	Her2	1.67198383920229	1.45671949855594e-05	3.640947816407	4.02650157179821	5.4948019194843	4.93074642793642	4.61339998166336
chr10:37322307-37322808	Her2	1.67190920883226	1.28943269123925e-05	3.06301676868545	2.75094846413729	4.53459862462872	4.79055568484934	4.2456139952817
chr17:28109573-28110074	Her2	1.67175007810176	3.88808164085498e-13	2.99210321187363	2.43520900652473	3.86006034646252	2.96504251495988	3.21081214928282
chr20:32695853-32696354	Her2	1.67168960632039	1.41667974134716e-07	3.44478083806054	4.24663084975573	5.12818169509331	4.08295807270115	4.31871655285942
chr17:39763467-39763968	Her2	1.67082140190108	9.90280779155753e-05	3.23993841251897	3.36111709846818	4.8534709162976	2.83014374417451	3.33965017426822
chr18:15134447-15134948	Her2	1.67054500975364	0.000641705155125044	2.32986167323232	3.23258131920153	3.87369049539708	3.03543631066237	2.75381207999845
chr15:81484346-81484847	Her2	1.67038717834668	0.00243511626364311	2.7688897983024	3.47812779378833	4.37131266097887	4.8091118073111	3.90572028988546
chr17:5264077-5264578	Her2	1.66993156198394	0.000161495425082123	3.29696822753169	3.94679565630234	5.08042782050216	5.09511342219094	5.08367990743538
chr10:22183064-22183565	Her2	1.66983486025621	0.0144330131147596	2.62725250687536	2.26189405643822	4.69421250177473	4.6610182133681	4.94903022050045
chr12:52334847-52335348	Her2	1.66979798565351	7.70717685586103e-06	3.42992490883948	2.92294548671131	4.45122891850091	3.73559566107233	3.90266623783438
chr6:9517002-9517503	Her2	1.66977608424613	6.71963941881308e-09	2.66091259430975	2.23878406763807	3.83013961342409	3.08649793972493	3.03226751126132
chr12:59876053-59876554	Her2	1.6693119592591	1.42172191168575e-06	2.85526376307599	1.99027207092719	3.80302503506224	3.20005089366118	3.54738762373613
chr4:103932839-103933340	Her2	1.66861954930392	0.000536824923382243	2.82473249406133	2.2866193341612	4.52033688885317	4.38910020293164	4.94337269788077
chr16:54428023-54428524	Her2	1.66801099769501	2.08320438479363e-08	3.23129701102888	3.34683800351506	4.41696676664535	3.79804444347187	4.12025348239549
chr17:29249802-29250303	Her2	1.667717582295	5.37948733791505e-15	3.59776434031623	3.59854392007373	4.58876313805491	3.58446222546578	3.59228901988727
chr17:49881178-49881679	Her2	1.66759901811077	8.9125928741574e-15	4.23717630732559	4.34839957758509	5.31458752087207	4.76033026127919	4.95040320351324
chr11:10585020-10585521	Her2	1.66719484032407	1.08406067078692e-08	2.89805824575255	2.64321503705755	3.70406797024639	2.98095356402606	2.7994038133716
chr3:60775177-60775678	Her2	1.66704131878629	0.000305915377813873	3.08262903771596	4.72078829867506	5.00838761178987	4.26924516379619	4.19482122376429
chr2:75037473-75037974	Her2	1.66674099233547	0.000724394103965117	2.71549489644091	2.34944106473643	4.21166290049207	3.93616898506814	4.38400577712417
chr12:5638453-5638954	Her2	1.66652523563454	2.3658050502425e-05	2.64574809326122	2.6384035466394	3.52543750430842	3.39130825030564	3.4850494530358
chr16:28322876-28323377	Her2	1.66565144342075	1.33879990492114e-06	3.65414937530869	3.5047895767125	4.99793625467368	4.57657983475226	5.22611030680879
chr15:35447374-35447875	Her2	1.66548054152289	6.38184221358022e-08	3.15725747834779	2.50436331180675	3.8303570183744	3.2049186005233	3.19111287666519
chr17:40105358-40105859	Her2	1.66520095286408	4.89628707173662e-09	4.47888373749144	4.72714206739322	5.47233576294427	4.66614493044894	4.89342073345677
chr16:52860945-52861446	Her2	1.66491274236394	3.11555010620111e-07	2.9170296495622	2.18671950210509	3.8306608405553	2.80145865206963	2.94022929752378
chr3:117715298-117715799	Her2	1.66440311297223	0.00396487578696852	2.88910618046384	2.29390826596653	4.32448057991514	4.15080277142826	4.06745247218031
chr17:39508995-39509496	Her2	1.66432118914349	6.1329062716341e-08	3.05771598792644	3.01841142886772	3.88096578418133	2.92401451655983	3.44570750667761
chr6:165468311-165468812	Her2	1.66385135698812	0.00606353614809643	3.09880686710002	2.03016169792781	4.50947550669677	3.97458968513772	4.10705713788166
chr12:40191330-40191831	Her2	1.66315012979626	7.89093927790219e-06	2.50661329761068	1.96307358987449	3.28270673110624	3.06476970743136	3.02102322651823
chr17:38590058-38590559	Her2	1.66304761918101	3.03494421413041e-12	3.65119844448328	3.67660698129812	4.62930344496368	3.90051001806725	4.0745959965898
chr17:48531637-48532138	Her2	1.66297513884803	7.32312881211584e-08	3.23108897497624	2.74924915889049	4.19585994785094	3.70943731604657	3.92189215043777
chr17:31322695-31323196	Her2	1.6628659193989	2.75501983029525e-09	3.79436210912622	3.58707448084938	4.63120285508485	4.39489891892501	4.67616812597256
chr17:40079745-40080246	Her2	1.66282169385031	7.83616558335161e-15	3.59896140566435	3.59151704186955	4.76562286029903	3.55070311726849	3.74115339919637
chr3:97204578-97205079	Her2	1.66279109802865	0.00344313606017607	2.48391467039448	2.04301572024183	4.1712600038831	4.18254205906293	4.1704846171491
chr16:24936369-24936870	Her2	1.66277075812952	2.107921323058e-06	3.02261064505525	2.88489924507934	4.67621370397	3.78290661685408	4.41059367512982
chr9:92666697-92667198	Her2	1.66249846595875	4.64513239018321e-07	4.28068126802716	5.13487024800283	5.84767222451615	5.70094890751507	5.68608751521396
chr17:40042365-40042866	Her2	1.66220415692333	1.09857544202292e-12	3.25237607388458	2.98988298675091	4.26289606345096	3.37799499925571	3.67467943319758
chr1:11324477-11324978	Her2	1.66199825822976	6.80867607675974e-06	3.19322897766403	3.67941499195395	4.90184548152384	3.66800991240166	3.62969350980228
chr6:10416071-10416572	Her2	1.6619204969696	0.00102175339256291	4.15343058077589	6.62410150429835	6.2717854048597	5.53826109425154	5.62754693913036
chr3:4167794-4168295	Her2	1.66186261534698	1.89250896844818e-05	3.01029256303171	2.84129988015272	4.30658221689053	3.90562157016972	3.65218694026084
chr10:78222063-78222564	Her2	1.66172107912957	6.84971008141681e-06	3.35041538909179	3.0190993902625	4.80964301931834	4.32641362612363	4.29498750829228
chr2:141738756-141739257	Her2	1.661569476091	0.00235578483252028	2.77468982719129	2.04731547742117	4.44432265698784	4.63906796281198	4.73733300106742
chr1:211433292-211433793	Her2	1.66101382029432	0.00194145921930063	3.10031446703344	2.5358611569215	4.73485724931898	4.41935303997508	4.91156806440118
chr17:39514895-39515396	Her2	1.66100968762704	1.66097196481713e-09	3.14913151229981	3.04949303269736	3.9593736971701	2.97231468495925	3.56647975316943
chr3:9899459-9899960	Her2	1.66076684791946	0.000220436152034785	4.3332250778041	4.34796657234768	6.23211973435001	5.6985395378395	5.65449623205389
chr5:170176921-170177422	Her2	1.66043554810643	3.45527794644547e-07	3.44432963579777	3.61871056211105	5.01266631005227	4.37251160613177	4.44376118333111
chr13:77144433-77144934	Her2	1.66005060648013	9.04183185515549e-08	3.44431885240575	3.37782924869224	5.04571398639935	4.75074625762863	4.61503884305709
chr9:126617668-126618169	Her2	1.66000461025947	0.00284247270041528	3.24229471477579	3.66098051119113	5.02878506547794	5.57367024854048	5.81630365663429
chr8:133293359-133293860	Her2	1.65947841408821	0.00026607047439356	5.62792202091907	6.11443277006453	7.46536072459661	6.74896830199818	7.25521481073519
chr17:68299164-68299665	Her2	1.65947215383097	1.02709727240254e-06	2.96514619551499	3.03389527186528	4.26479526496488	3.82842368985491	4.45883588950832
chr12:8594213-8594714	Her2	1.65927826089767	3.45407805042394e-05	3.05421370755101	2.9004923526861	4.0475179772718	3.79094113581838	3.43061634744886
chr10:9109766-9110267	Her2	1.65905865814801	0.00155016382697685	2.72824164438661	2.28443235305509	4.2058714508548	4.2678104541354	4.75538277080015
chr20:17171588-17172089	Her2	1.658629315399	0.000248698439369516	3.14071079329503	2.41302645234204	4.4135975419191	3.86632944183502	3.93998529280383
chr17:39210807-39211308	Her2	1.65858641583925	1.95277027404063e-06	4.173581518641	4.60902071339626	4.28332333731134	4.22932723637816	4.15911146983615
chr22:41266076-41266577	Her2	1.65804277658134	8.8343893166364e-08	2.98175635229198	3.51812011219488	4.65943289989018	3.60126095120269	3.81121505473721
chr17:39459423-39459924	Her2	1.65764667502643	3.34287031130738e-11	4.29073933011029	4.22336779024097	5.37555836969362	3.97532717203457	4.65005051840074
chr22:27846777-27847278	Her2	1.65761419849273	5.81968829345376e-09	3.85235199356387	4.13253066339371	5.32715014845749	4.13903388741271	4.23588097661189
chr2:43889307-43889808	Her2	1.65761144032474	1.50979482128195e-06	3.18804558033506	3.13698648465074	4.67782559028552	4.11790175404603	4.48899859741459
chr17:39258943-39259444	Her2	1.65752012283646	1.28000707072729e-09	3.02768927199062	2.76082705115404	3.52965450141067	2.96734482956544	3.2733663431127
chr17:48530823-48531324	Her2	1.65719435186744	3.69168719219824e-07	3.61072500719048	3.13231478998828	4.84121876347059	3.99655374928813	4.1231594766546
chr21:21025548-21026049	Her2	1.65703526136434	2.54067887971391e-06	2.73580759591835	2.36297767095283	3.88159773800231	3.5506686055706	3.79911546662809
chr17:56160267-56160768	Her2	1.65681617164774	0.0164475825188891	3.1852958567426	3.29438620219116	5.39142191168472	5.24791650409169	4.67853092271417
chr3:8801576-8802077	Her2	1.65662124364238	0.00191335660057746	2.44190725666128	1.87978558393136	4.01355206752	3.64688092292516	3.83592096259749
chr2:152302064-152302565	Her2	1.65513210899021	0.0072876621879119	2.73889241274737	2.23749050468698	4.63223771578602	4.54276001656654	4.48994064258658
chr6:129853595-129854096	Her2	1.65511995369522	1.45964604524334e-09	2.99678005498375	3.00444620423757	4.22007818176272	3.23151275464082	3.00140581955206
chr17:39802877-39803378	Her2	1.6545583135049	0.00011419987425141	2.46738264064482	2.26378593425517	3.99407775624427	2.37084944133402	2.56530519902207
chr1:11354332-11354833	Her2	1.65449238624483	0.00158736037735045	2.94210183193342	2.64139186031747	4.60532841016537	3.8088636537268	3.81267747386282
chr1:52918077-52918578	Her2	1.6544652778977	1.42733734907399e-07	4.00349763230854	4.24108031572294	5.36367174723938	5.05438387282965	4.86444732967762
chr20:63207662-63208163	Her2	1.6543572668114	2.97260670795001e-06	3.66495163642352	4.02814762732764	5.10832179162706	4.00329670220705	4.17255204898328
chr1:34946163-34946664	Her2	1.65416081176294	0.00456189986677584	2.73481577772065	3.02976914873668	4.67896988837649	4.40485232234396	4.5260345118523
chr19:3344654-3345155	Her2	1.65415508123705	5.64333543063513e-08	5.06752670099214	5.59129371145373	6.536570704783	5.93230070471842	6.11938694559825
chr14:87093719-87094220	Her2	1.65406311312831	0.0013992247441196	2.85383724627331	2.1096912118591	4.22756456592796	3.0005955678386	2.64599436001224
chr5:92042212-92042713	Her2	1.65403699920715	0.00114872117105679	2.78221988018164	2.26143654959261	4.49412398179631	4.56124124498059	4.54527482199956
chr16:55681527-55682028	Her2	1.65399226787721	6.36237640852702e-05	2.67460366276519	2.8635545690097	4.17609313393225	3.82172396306796	3.68326360632996
chr17:40087880-40088381	Her2	1.65381083842512	7.8833934754451e-14	4.5002127410069	4.28364404862755	5.69589179759369	4.25758273676965	4.53601633139761
chr13:33766871-33767372	Her2	1.65347620974442	4.31812231152629e-09	2.5695959437317	2.4100813640236	3.61219003666196	2.94064013917204	2.86655924682062
chr16:48115854-48116355	Her2	1.65322675126659	1.08629903162552e-08	3.04741904571516	2.48427748693119	4.05653550994681	3.29014502918054	3.4078406899644
chr17:39796603-39797104	Her2	1.653092303869	5.73436859028049e-05	2.56878499916698	2.61056804437713	4.17966987331796	2.20215198621575	2.89657093689649
chr4:142596055-142596556	Her2	1.65292574384557	0.000566463358934846	3.5009675734107	2.81698210807199	5.41159356879277	5.00991130338058	5.15818988786236
chr16:65872462-65872963	Her2	1.65225550840902	1.40741742695843e-05	2.9380956410495	2.49261885711232	3.85234612314617	3.99158605009084	3.7265055799684
chr20:36238703-36239204	Her2	1.65218253988733	5.10058223782594e-11	3.50692037768534	3.73077487024516	4.97169348374277	3.73520092143411	3.99690066393271
chr4:6632340-6632841	Her2	1.65158509235825	0.000116190461085616	3.71139951066041	4.42306968272807	5.63300147622582	5.42173201113556	5.48737470452122
chr2:227468255-227468756	Her2	1.65147137796446	1.74475504477484e-06	3.77762758755856	3.54982475310831	5.47578537757651	4.4805679537797	4.65894878031079
chr3:176857461-176857962	Her2	1.6509686815167	1.30920320974054e-05	2.65831366761977	2.74178114649394	4.18853423472813	3.77788572711584	3.44750180242669
chr8:66525847-66526348	Her2	1.65045361320107	0.00898956534333755	4.16074431020664	6.12294086825506	6.29238027484155	6.33931452011364	7.01010666970565
chr14:104819660-104820161	Her2	1.65023366112118	1.67952535774322e-09	4.36901788886909	4.33498585155482	5.86786762462708	5.63869659033934	5.55166747737912
chr17:39785420-39785921	Her2	1.65000809366255	0.000382299559581608	2.70176735529649	2.52342135171066	4.30644658228267	2.13825624309882	2.79597438006498
chr8:18496898-18497399	Her2	1.64998575384039	1.68643721890248e-05	3.27850508749548	2.68715809999402	4.12585717751344	4.31495262243225	4.32235594153059
chr13:53217500-53218001	Her2	1.64982327857742	2.08409933162392e-05	2.45834084601514	2.10762925427522	3.69295542753395	3.22692922956936	2.91926465429455
chr2:236874739-236875240	Her2	1.64970412098658	8.9179825029365e-05	3.49810294270894	2.71105638934139	4.90173309895167	4.70653052460267	5.29239553531744
chr1:77092729-77093230	Her2	1.64969092683678	0.00140895343042723	3.31491833648485	2.5319878589297	5.25643921802805	5.38889482306726	5.35174180458326
chr2:28441851-28442352	Her2	1.64942512231486	4.17869890208278e-06	3.54727889846567	3.96003301000131	4.97526638328531	4.28215519452028	4.18332686559996
chr5:174722518-174723019	Her2	1.64928055611751	0.000610909701036603	3.34183792405065	2.76487653936208	4.7670918291541	4.26345801825754	4.22381210445298
chr10:78481766-78482267	Her2	1.64906475574034	0.0492312181066147	2.8500802611839	1.96045052814643	4.7218719067047	4.73610389312131	5.01789923666718
chr20:53390675-53391176	Her2	1.64898564760344	8.34026617603491e-07	2.68644324660886	2.67453654297591	3.43537847166621	3.37741337035171	3.42070982913458
chr12:49891991-49892492	Her2	1.64881614261933	8.67148986236188e-06	4.0730456710611	4.11335312199247	5.68097170393336	4.9455870810891	4.57517517191903
chr12:81171609-81172110	Her2	1.64875040443886	3.02585731821129e-06	3.10786293507067	2.92384436518534	4.50397726761741	3.76764779100849	4.45438511958098
chr2:28520901-28521402	Her2	1.64856518200136	1.45964604524334e-09	2.84590541156666	2.9151136482784	3.80577057499424	2.66163039574602	2.71703407522694
chr4:132934857-132935358	Her2	1.64851311083957	0.0134159233484616	2.75987883368411	3.68809502840084	4.57804823147552	3.07741502783238	3.40325671088763
chr17:79786909-79787410	Her2	1.64834661458166	2.47121489219194e-09	4.43083173485238	5.63192698903831	5.49128555555603	4.2970182096574	4.89468203787799
chr13:32837299-32837800	Her2	1.64789079549334	6.60322473880678e-06	3.23554945414432	2.55251633919815	4.54218789373289	4.13971523711734	4.13739378887893
chr1:2410826-2411327	Her2	1.64763104704904	0.0107392642816947	4.91016210205527	4.76924419154074	6.86100426993494	5.59975177965892	6.09411332472955
chr17:38541263-38541764	Her2	1.64750930000608	1.29101967591963e-11	3.56853989866947	3.44686812111505	4.28324529057513	3.63471626995807	4.06854600925894
chr3:136661197-136661698	Her2	1.64716409068822	2.85139818531288e-06	3.47246342029047	3.23373337385483	5.01692773937634	4.97784438019718	4.95103453177009
chr2:64977348-64977849	Her2	1.64704043620798	0.00298477675101764	3.75600897617139	3.2676090058168	5.42436934131425	5.83406790161825	6.10488057081459
chr2:208552865-208553366	Her2	1.646981016073	0.000256012355878798	3.50932954046374	2.60814129385144	5.07100223647372	4.34462390738006	4.51832493635468
chr1:42570852-42571353	Her2	1.64645458447735	7.26475008164699e-11	2.42544198206299	2.18621006185463	3.23084532308729	2.78081516380084	2.83561814730717
chr11:10523899-10524400	Her2	1.64629141083708	3.68208969286027e-05	3.29589767772899	3.09652835979183	4.18155157007261	3.51399477082979	3.26448796870851
chr6:164825398-164825899	Her2	1.64600364608494	8.57443016164364e-06	2.90068220232869	2.85306294387119	3.67634008338807	3.25835840323532	3.28689809844124
chr2:155157045-155157546	Her2	1.64585492963126	1.20814083388625e-05	3.00174079398504	2.55338194844801	4.43623592836445	3.65592102943355	4.37331183658318
chr3:14887564-14888065	Her2	1.64580435966821	7.41873252740373e-10	3.18850309415279	2.79466431223888	4.34046315457928	3.70484590031277	3.81355594059701
chr17:75342483-75342984	Her2	1.64555207647499	5.10274838292344e-09	4.11167375923816	4.13634511311329	5.81794814732758	4.55743631294355	4.71146393398266
chr10:117412490-117412991	Her2	1.64550247812222	2.07170148734309e-05	3.37143513390799	2.72673369166095	4.74191452844439	3.51184128458066	3.51173346765539
chr1:101663849-101664350	Her2	1.64512994186004	1.93115105809245e-05	2.60152035323562	2.35677009833327	3.65496872391179	2.61417218651413	2.68409159415837
chr15:41204724-41205225	Her2	1.64495678421277	0.000150040864061057	3.13174433229193	3.19154991214534	4.54250136642822	4.36797793534139	4.66324402173584
chr4:101921337-101921838	Her2	1.64492799021888	0.0147523306517174	2.87679526806999	1.81741613871807	4.99712527277369	4.03427948298547	4.4094308314167
chr17:28476308-28476809	Her2	1.64490066082961	2.92829536892234e-08	3.63027714289265	3.46535357335305	4.67586703425386	4.34994048007822	4.54653089996321
chr14:99986288-99986789	Her2	1.64487606933822	0.000247662213538731	3.3590785371446	3.18390039393802	4.71975463345212	5.11752238810518	5.15415349433321
chr17:39778652-39779153	Her2	1.64485358711183	8.59433527105401e-05	3.23778290522904	3.27884833369272	4.72622586971509	2.98574093525207	3.69545527181096
chr11:60757982-60758483	Her2	1.64455753714467	0.00028845308130275	3.23104030209334	3.25990239696943	4.95304258584994	4.27763282441883	4.86201037500919
chr2:137645338-137645839	Her2	1.64441648471996	0.000686106118943068	2.77412640083663	2.23600966636995	4.45420302509137	3.61749230413521	3.72124295625677
chr22:24391890-24392391	Her2	1.64433228718339	0.00012185103637291	3.51261303010751	3.57566937574218	4.97011146815812	5.31621309741745	4.93980353255605
chr3:196918941-196919442	Her2	1.64432925512148	1.05691394155001e-06	3.39122098287607	3.30136294945672	4.62337490079756	4.48763421572773	4.69944169597194
chr3:34284368-34284869	Her2	1.64430423925349	0.000174383201009903	2.73016209537008	1.98915834397704	4.32195062936394	4.14415110625677	3.95928547214816
chr5:148140817-148141318	Her2	1.64423370167875	1.51425195126824e-06	3.14395462197059	2.41313304099725	4.74968007495651	3.98362433320081	3.88065534299587
chr12:1574839-1575340	Her2	1.64418037733245	0.000885415477496313	3.84717846870281	3.89328264424387	5.6813001673864	5.06230228586573	5.46060766942326
chr1:167192412-167192913	Her2	1.64416750034909	2.47742255713499e-09	3.35429195338019	3.32146200966207	4.61740037143574	4.07337896487228	3.87239606252091
chr10:60038452-60038953	Her2	1.6441236067391	7.07998827378451e-09	3.10873235566788	4.01598816411386	4.18279510623122	3.66091209372923	3.59906449678732
chr1:175913159-175913660	Her2	1.64391837672078	0.000117925456958463	2.89512737590741	3.39621793097378	4.45641167251979	3.63234727490444	3.94941100283977
chr15:95652576-95653077	Her2	1.64386370638643	6.19221066443876e-05	2.79817992337981	3.06844599778205	4.5175991426607	4.11622010745578	4.20364717036012
chr8:100747258-100747759	Her2	1.64360277405308	8.21343231771789e-05	3.30495042669566	4.56861022489195	5.04792324615479	4.20619843869435	4.66703393464234
chr10:82827163-82827664	Her2	1.6433427115029	9.92415667576705e-05	2.63307757004485	2.96883225758123	4.30474496720067	3.24397902266812	3.05447280009876
chr15:72867005-72867506	Her2	1.64330949127088	1.42110523181986e-05	3.36950901816222	3.64693447968139	5.13863868049219	4.61157835951004	4.30084978621562
chr16:48286347-48286848	Her2	1.64325274553097	6.68630306136578e-13	3.42652076456171	3.67432036268198	4.66688496216403	3.78503120152069	3.96072047802127
chr12:45918993-45919494	Her2	1.64276010021082	6.62297838356046e-14	3.41175909557643	3.12160114429025	4.85226779092996	3.98202104540151	4.04434612589303
chr2:74007078-74007579	Her2	1.64272119597711	2.8155958807618e-07	3.60601863453839	3.92985578366277	5.02371401225111	4.01218064847725	4.20248643747638
chr2:232624952-232625453	Her2	1.64232544324741	7.65264832153902e-06	3.3843627451083	4.38028729831717	4.99219272289764	4.46923038478103	4.66720383400551
chr12:78663062-78663563	Her2	1.64210697666791	5.43082939796228e-06	2.97942882688639	2.29052220374313	4.15920595613559	3.77304509235016	3.7851080647226
chr17:39459964-39460465	Her2	1.64163497392713	9.29703563753214e-11	4.49534984480736	4.4572387612311	5.547519277406	4.26477354755939	4.84745308493679
chr1:164260286-164260787	Her2	1.64160627285341	6.87731229377121e-06	3.19843022485546	2.81308454343987	4.26313589977066	3.37494320958867	3.29078636922302
chr22:42461819-42462320	Her2	1.64155929983902	0.00200172624597498	3.23639226741331	3.32253448854541	5.18677326675539	5.14816148554964	5.05597623573124
chr14:24432935-24433436	Her2	1.64140153151045	0.000161495425082123	4.5349558719872	4.53780785594694	6.13431127484858	5.37632942331011	6.0182598502768
chr13:72252724-72253225	Her2	1.64112851125901	4.23041073937515e-05	2.94607924027401	2.52614465707201	4.48909255328676	4.33186979854136	4.12201387914402
chr18:14783569-14784070	Her2	1.64089939406428	0.000361377790731881	2.61550764196149	2.06132647233469	4.43155270730952	4.21607225357429	4.09053604356516
chr7:38271000-38271501	Her2	1.64061225131361	0.0022324152292709	2.42415459819757	1.76665998883785	3.73251114907631	2.56407126488355	3.1131954655047
chr1:64900819-64901320	Her2	1.64039539553902	6.07800216840213e-10	4.08400049412174	3.439809658337	5.19354203385826	4.36548357003728	4.55956172000222
chr7:133477300-133477801	Her2	1.63964614216531	3.24599387500846e-06	3.01045120470616	2.66766021199208	4.09530803085752	3.93541606167223	4.00705800297714
chr2:237503095-237503596	Her2	1.63931285552242	0.00040803384763408	4.11367418059678	2.86852864666013	5.95718108544453	5.8776686122166	5.85851827162929
chr7:139677878-139678379	Her2	1.63930737063913	1.12914892307765e-05	3.36996728024093	3.24064807373696	4.70636905146226	4.64844646262886	4.43461843320304
chr12:82959662-82960163	Her2	1.63923687715276	3.94437051785095e-05	2.99702818348518	2.463065227815	4.50236441124975	3.80055991651914	4.06975398484061
chr7:158948354-158948855	Her2	1.63893754731265	1.9341058520553e-07	3.38800246291892	3.45410158380135	4.13359238679823	3.56327395728738	4.1658866061003
chr17:48540834-48541335	Her2	1.6389223215243	0.000778505123353921	4.35191962481462	4.16136349665492	5.5784851989467	5.10088433697196	4.84359799863565
chr10:37406481-37406982	Her2	1.63880200299484	0.000698143504911031	2.80549302436521	2.44170203867205	4.14047609799733	4.67006470050198	4.32808077573131
chr3:127780279-127780780	Her2	1.63870236388336	6.91645190637531e-05	3.86939810737843	3.38785855022116	5.43853835371893	4.74097779650538	4.42074491418862
chr17:39228228-39228729	Her2	1.63861856269777	3.65003564718529e-09	3.40364744928007	3.55211114645598	3.65401008256631	3.24348380182908	3.5003157583561
chr20:4459003-4459504	Her2	1.63810332507383	3.51821089858026e-05	2.60474367230374	2.83709987583262	3.84814114783929	3.04319218923381	3.3441582900724
chr6:106906096-106906597	Her2	1.63728854074076	0.000480666275537067	3.35237092629745	3.59246777926582	4.9949717924316	3.99039049989944	3.80907726396202
chr14:37194640-37195141	Her2	1.63712698065577	7.35369449401305e-08	3.31968854475104	2.89928678550083	4.21558328623686	3.75131169401566	3.58894142194064
chr8:122272653-122273154	Her2	1.63700306705836	5.09111280420145e-05	2.44803083735921	2.08499220988328	3.58386907880126	3.90259763115202	3.73785748270969
chr18:64168438-64168939	Her2	1.63694303430471	4.32407689441599e-06	2.62985687558335	2.07421623654505	3.36989260891652	3.63055701653186	3.23041066275123
chr17:40088432-40088933	Her2	1.63633610657466	1.15574097615871e-15	4.56258389220231	4.50100676285012	5.769382429361	4.34402326064056	4.62200029211221
chr15:24824074-24824575	Her2	1.6361837897412	0.00211479895375845	2.39445223619309	1.38131591889779	3.68307215650297	2.60743116930058	2.81040594786732
chr5:71750326-71750827	Her2	1.63571235825073	0.00182051189758019	3.59840812120972	2.54213224646343	5.55168645580934	5.81373653297505	5.81226187643776
chr11:67581957-67582458	Her2	1.63555766445672	0.000241562436626542	5.26296858272284	5.89340533389959	6.96620842013789	5.97886354753628	6.37067486110917
chr10:120455531-120456032	Her2	1.63525035106154	3.02683824114488e-07	3.60020777285571	3.18867581550074	4.26917373350267	3.93443310206921	3.73298489805054
chr10:37324260-37324761	Her2	1.63524191483793	0.000554559484112098	3.09806093672146	2.30738709298449	4.55878240705549	4.99450066704068	4.65272420827345
chr5:22594291-22594792	Her2	1.63470460000626	7.84340654476821e-06	2.88703993968868	2.48809913191404	4.31624685205569	3.83622317630004	3.56031346291231
chr12:121404715-121405216	Her2	1.63447991328253	0.00101711779595791	4.1285521525577	4.24601219118005	6.21020715054714	5.80126706658929	6.08031271278422
chr13:72175739-72176240	Her2	1.63394866235291	0.0157885705545282	2.7061380765471	1.89551204472097	4.42486769077676	4.73990210358242	5.06022134521445
chr17:39505420-39505921	Her2	1.63381134449457	4.11691616339453e-07	3.25950440986315	3.06560888757843	4.26698179645437	3.52604687365364	4.11419473978113
chr10:83221145-83221646	Her2	1.63339258852776	5.24942450538167e-05	3.05455103215909	2.85365449820383	4.24160911117834	3.60467471838133	3.68794922607647
chr17:81981421-81981922	Her2	1.6333127606327	1.78538019998928e-06	4.32078641916393	4.94250568953928	5.90901869657187	4.61032464112725	5.06214874556104
chr6:106907124-106907625	Her2	1.63239663657551	0.000119770291999185	3.54727805687636	4.01355165676868	5.10301037882026	3.92726605101789	4.08612027285887
chr6:106909240-106909741	Her2	1.6322923310727	0.000301709913734203	3.15040626222745	3.72899518082198	4.75918666199905	3.54122160144381	3.70913816860882
chr20:56624703-56625204	Her2	1.63190569105168	0.000611351469572098	3.33050271306869	3.88347059108765	5.25760249383285	3.88447959419352	4.08588114844428
chr17:49359703-49360204	Her2	1.63172461039627	7.8167970652497e-08	4.13388964517967	3.99293870766684	5.15318950290249	4.104113092539	4.22951864810612
chr15:61256131-61256632	Her2	1.63169275419794	0.000221335133168743	2.41035988718415	1.88417076105308	3.96741330441999	3.42027356760637	3.43137164072727
chr17:39279162-39279663	Her2	1.63160088687977	3.77706938306626e-10	3.26968526102845	3.01703784105287	3.78282502418051	3.06394543898408	3.51856752391637
chr10:65335280-65335781	Her2	1.63134297818454	0.000718063810443147	3.13213828105778	2.45077397999427	4.61251969768688	3.83195093058585	4.09287386492254
chr18:4803164-4803665	Her2	1.63128330440732	4.13864950360737e-07	2.97951495315583	2.94036408143993	3.9005465307702	3.08426346199161	3.10963214035494
chr2:38223229-38223730	Her2	1.63086693471548	0.00120837309285563	3.51583024731142	4.12982448244119	5.26596156806289	4.5026624335715	4.33485100527644
chr3:55733559-55734060	Her2	1.63061989899829	1.62103559381023e-05	3.06588367582837	2.67845722979496	4.66266729486379	4.14270528513801	3.78315678924888
chr8:101489429-101489930	Her2	1.62949313213904	4.5845945592624e-05	4.18226726293035	5.54242770629678	6.01737954602363	5.27760388326443	5.60046513014577
chr1:184855574-184856075	Her2	1.62947941107989	0.00457986154306704	3.18206060677368	3.05795459742273	4.81924298304106	5.58690342585953	5.49532783673531
chr2:20374826-20375327	Her2	1.62917831604998	2.44013721898181e-08	3.5098537102084	3.44514993799022	4.73775642648126	4.50796776415062	4.59124267497541
chr1:41685214-41685715	Her2	1.62888702715626	2.29090058996253e-05	3.74383484500494	4.1768766695638	5.42732224048465	5.48232465742009	5.34184977255613
chr17:28232627-28233128	Her2	1.62852229583272	1.92760638457567e-05	3.98758912124878	3.81951177703837	5.15272772456329	4.15473417010335	4.29304437227291
chr17:39391715-39392216	Her2	1.62848997447147	5.10448581637383e-10	2.96518153861718	2.78876372884152	3.85500126349718	2.98263645672227	3.18606689941188
chr10:79247704-79248205	Her2	1.62821118982818	2.20840528218314e-10	4.62001490402193	5.02656729839335	5.7390320593494	5.22765839434734	5.1373545930893
chr6:43945603-43946104	Her2	1.62808949842087	7.02979370893748e-06	3.49748500805318	4.09065477617029	5.15396087978622	3.3825538274755	3.77462782765995
chr22:36846942-36847443	Her2	1.62750851011697	2.44458409490718e-06	3.0141932642144	2.97824258100126	4.46610659369413	4.07530245222447	3.76331775410909
chr14:51562741-51563242	Her2	1.62721229068375	1.63348990797897e-05	3.43452105344327	3.70317402143471	5.12322792971152	4.21468423731969	4.3642203875603
chr8:114010373-114010874	Her2	1.62713574094936	0.00236378378109448	3.00051787260201	2.40921087822714	4.27786000329316	4.24077894621062	4.21218857874926
chr2:138787709-138788210	Her2	1.62631456608515	1.8718934654387e-06	2.99974378983306	2.6811481779089	4.05824260616545	4.10135875878682	4.13463808255694
chr17:39268489-39268990	Her2	1.62603957750932	1.64228121810889e-10	3.10968497338579	3.02147293110211	3.83672116887422	3.0192569836404	3.18809204625332
chr1:207850172-207850673	Her2	1.62579542817099	2.35293822851425e-10	4.30746760903129	4.29078265581942	5.85386321700438	5.25295929437144	5.43093042931494
chr17:49357479-49357980	Her2	1.62546909864698	0.00025807800927571	3.60628245276346	3.21786971330549	4.76985085986671	3.84183429915039	3.89338316888151
chr8:40355471-40355972	Her2	1.62530585707706	0.0011375125418961	3.09570044869993	3.91916342720231	4.84266483447949	4.4081075906708	4.61133967644279
chr22:32946713-32947214	Her2	1.62520417350362	0.00452425944317202	2.91225795193832	2.29913297052638	4.13600567049423	3.97851717236417	4.12475519334594
chr9:76557409-76557910	Her2	1.62516008438269	8.91356319834465e-08	3.12838344132789	3.12930858703426	4.34334387274524	3.1042041457909	3.49864649964774
chr8:126371831-126372332	Her2	1.62447725927717	5.39532785095808e-07	3.10129455207025	3.85580854165732	4.63716132435618	3.52520286303177	3.71304668039519
chr17:39797153-39797654	Her2	1.624462799475	6.99733729181855e-05	2.67803611734418	2.71056587614868	4.13007582111174	2.61729150561297	3.09950136837158
chr4:137414748-137415249	Her2	1.62436065753288	3.57704676350022e-05	2.85970009731115	3.51853358917771	4.33922077870819	3.47732531361169	3.73174693273342
chr3:4047328-4047829	Her2	1.62379707079462	5.01537099852972e-08	2.97238755365503	3.29203081804156	4.15212192327086	3.15178708996692	3.33390842048943
chr6:106544417-106544918	Her2	1.62379280451328	5.04795772812008e-05	3.00596789648744	3.79544693370032	4.39059464783243	3.21050245508863	3.57522529433589
chr1:38295504-38296005	Her2	1.62372944476967	0.000241456155783467	2.71525427637827	2.33532704276802	3.97511857977451	4.15238799378096	3.81859352194184
chr17:39516847-39517348	Her2	1.62358111817523	3.34634721291627e-09	3.08504501506518	3.06919542155855	4.35476943969758	3.36836396651704	3.5092720327689
chr17:39398756-39399257	Her2	1.6233553568916	1.54547562137057e-08	3.15919777097399	2.78110644648616	3.98387020312723	2.78253621797751	3.38185154268592
chr10:60430646-60431147	Her2	1.62312116549314	8.91968784360855e-08	3.25149282099707	4.51045270240666	4.36234041316822	3.4105436113136	3.28283345715947
chr8:115987119-115987620	Her2	1.62291539373643	0.00331146454445977	3.41445527306261	5.18149175166987	5.47871858674883	5.16152868612101	5.32789465382702
chr12:113697872-113698373	Her2	1.62249298842825	0.00333334760662291	3.0995747990408	2.27278211712608	4.70306235268586	4.43591178435532	4.28342831300812
chr2:229288887-229289388	Her2	1.62240044774569	2.60555028412183e-05	2.78589227007396	2.89434659294781	4.0384811190274	3.17335625812684	3.51629497221894
chr4:3851166-3851667	Her2	1.62225296871155	0.00013051025810218	3.40473193787155	2.84701276000702	4.7266240797845	3.63728567900085	3.97527926135019
chr20:32741587-32742088	Her2	1.62223476895031	1.45031077113191e-11	4.55926376319658	4.9616757796536	6.016510209414	4.75001661933912	5.29306740953286
chr13:29493736-29494237	Her2	1.62219184639578	2.22984175396723e-06	3.5188272983891	4.39947947154662	4.85088153267038	4.35506870200607	4.08157267695705
chr4:168432247-168432748	Her2	1.62164325006293	0.000372557143904089	2.80477827638722	2.30834234259139	4.33154596413821	4.04123405022351	4.47511092855612
chr4:97555080-97555581	Her2	1.62162984785096	0.00361135607537548	2.72244151246238	1.81846137063514	4.21713561274564	3.3715471798672	3.81844304953857
chr17:39267910-39268411	Her2	1.62134425461905	4.75612638515499e-09	2.82778670281382	2.40705443493679	3.46157646515681	2.82781140261894	3.15258132225195
chr1:200996702-200997203	Her2	1.62087033901796	2.58242957150353e-11	3.33223894568425	3.3603968680026	4.27187529984078	3.70321082797879	3.85258269023621
chr3:13107646-13108147	Her2	1.62075036865093	5.43430308492763e-06	3.67863750767005	3.42891735366505	5.21606803383196	4.65901735604629	4.86863116558356
chr17:49068148-49068649	Her2	1.62065767719664	4.2281308289853e-06	3.13235164780369	2.96988953979976	4.37882804542495	3.06455867640687	3.23891527329599
chr12:28459463-28459964	Her2	1.61996652404508	2.17903988090197e-05	2.95959575998796	2.67462323476064	4.23615718149168	3.96729617770886	4.00827373132008
chr8:124514274-124514775	Her2	1.61913170439774	0.000118712389366534	3.14878372340508	3.18747428520427	4.58155862429101	4.41077045495479	5.00010000941442
chr17:39774786-39775287	Her2	1.61901518190663	6.57421909439902e-05	3.5116351799225	3.6818408374085	4.92694516729591	3.27426384336944	4.02793643394671
chr5:66671968-66672469	Her2	1.61897823012208	0.00348303845858213	2.98196791424595	2.01399417662152	4.58523482014156	4.58382837318893	4.88292822650159
chr6:151901619-151902120	Her2	1.61828414231251	0.00182914316379364	3.42607292920892	4.04842749475945	5.48290721933617	5.11540933757159	5.52485688158084
chr8:140107413-140107914	Her2	1.61826567778914	8.80550436482741e-06	3.91312981355927	4.71835131927202	5.58315223525806	4.49720848369256	4.72727121505793
chr11:18694072-18694573	Her2	1.61811157721071	9.04604877803904e-08	3.23201869626499	2.99438019800017	4.9154207105488	4.40660351105925	4.18926506122497
chr7:50498874-50499375	Her2	1.61781943325816	3.60842096348417e-05	3.40662294695298	3.14797278224275	4.70208693066854	3.13936850929429	3.63816064623937
chr17:39403874-39404375	Her2	1.61755989842228	3.21273518633917e-09	3.43295795549209	3.53334427151114	4.34567943382448	3.33775934514875	3.64227115528841
chr17:39423096-39423597	Her2	1.61739903400056	5.68865245925314e-09	2.93330136508221	2.86945620648004	3.83179585287448	2.83939171463084	3.27823541663876
chr21:36596140-36596641	Her2	1.61722573405395	0.000125236771791234	2.86141490090756	2.7488717477148	3.83254892863873	4.206732549125	4.43353715478557
chr16:54357577-54358078	Her2	1.61721721856587	1.48722233385483e-09	2.78964102180053	2.7273596280728	3.60626991910209	2.99940042281123	3.18392905861421
chr14:34479678-34480179	Her2	1.61719316411986	1.51254433592246e-06	2.81801070944281	3.04092047568271	4.30035678170392	3.19784442990503	3.4416829547709
chr1:182716733-182717234	Her2	1.61697539946171	6.70845319149361e-07	2.87914492155697	2.9857625973389	3.93876677354955	3.75558064439424	3.74938945437838
chr14:102724574-102725075	Her2	1.61631876453197	1.83535157361138e-06	3.2753189904895	3.07549824341133	4.92442710535274	4.48383346995269	4.42407495132861
chr17:39356440-39356941	Her2	1.61620125987073	2.20442933588722e-11	3.53791791592521	3.27625263720025	4.27837584997278	3.38698879154096	3.8287331317308
chr10:1531227-1531728	Her2	1.61591889471111	4.57490259650172e-05	2.89161808831723	2.77290225776503	4.30871555690066	4.03947352529782	3.99355405843843
chr11:70248302-70248803	Her2	1.61578742082002	0.000258801996673773	3.83714453958341	5.14905247672423	5.53010543085798	5.25784149490078	5.25325048805695
chr14:37596869-37597370	Her2	1.61573441786405	0.00114222752267391	4.47903686786366	4.03192709413181	6.3429317758984	5.67719066440502	5.89681977588828
chr3:163011541-163012042	Her2	1.61536572772488	4.07046838317513e-05	2.88379975294366	3.37315689204662	4.06803547090658	3.62769996292719	3.6003854446239
chr19:23302427-23302928	Her2	1.61461030535929	2.34133264764593e-05	3.1875445142566	4.15660744082198	4.78185757647075	3.43951196461203	3.81032047248068
chr8:109479486-109479987	Her2	1.61451700594191	1.86513410475556e-05	2.70507151584115	2.45143581087817	3.7343342534987	3.26642570294414	3.60418122083079
chr17:40087072-40087573	Her2	1.61391900112892	2.08992142293263e-16	4.84359221349941	4.55554047843351	5.93224339250673	4.574061930023	4.95090688476654
chr10:48814870-48815371	Her2	1.61383499402473	0.000160647789307048	2.88959973950102	2.37927510988111	4.09576994074594	4.26666362888508	4.10287855174361
chr12:3215942-3216443	Her2	1.61358280033431	3.91756406127685e-07	4.31686487033213	4.6032926256448	5.99241131905777	5.51160522183474	5.45527996392506
chr17:49906414-49906915	Her2	1.6134235687773	3.68208969286027e-05	3.82240107331909	3.65512466198471	4.81008363926619	4.44982287825829	4.63679483114818
chr1:202601695-202602196	Her2	1.61338033641146	9.38396190481087e-13	3.6842072533833	3.88281518472749	4.70097186646843	3.88874060822088	4.18934241034493
chr1:18462004-18462505	Her2	1.61245420087	0.0224987580141904	2.72404185400266	2.1267656719829	4.87850851271079	5.18675046251154	5.33588008250974
chr8:137215533-137216034	Her2	1.61238098995083	9.26848745342279e-05	2.94294263177625	2.97639888291795	4.07436196265833	3.79834744595541	4.05033663644505
chr12:67499657-67500158	Her2	1.61237728311505	1.20172416498706e-07	2.89913780587628	2.13742170520904	3.95850256218311	3.41822203553112	3.86093783033534
chr15:47047652-47048153	Her2	1.61171108494709	0.00497621805213811	3.32966458372409	2.89975707440529	4.97779433188915	5.23217031473457	4.73814301370952
chr22:49071671-49072172	Her2	1.61141089269053	0.00356390818500728	2.52474337665371	1.78390957330637	4.05562661048305	3.50246193568819	3.10856282122385
chr1:238961759-238962260	Her2	1.61133408300013	0.00275397936565191	2.96027949019901	5.40154388288447	4.58198551076518	3.73679837235222	3.27526483291819
chr5:139144943-139145444	Her2	1.61113556774198	0.000182775367392896	3.13117004353631	2.94258295375542	4.69641064518306	4.94708475341589	4.89537087172305
chr10:116671198-116671699	Her2	1.61108634001919	0.00559398470650238	3.59156332496286	2.76347274959072	5.11922984738583	5.80661015361534	5.87103269694159
chr4:6625149-6625650	Her2	1.61069558792522	0.000197903638378055	3.65195901809363	3.22593477914253	5.13477677820926	4.95570725790968	5.09390766472377
chr5:110834860-110835361	Her2	1.61016417922818	0.000183667425993515	2.63950827077539	2.00006523294377	3.61787216186785	3.55786083562456	4.12535025462921
chr10:5497504-5498005	Her2	1.61000925178001	6.9539011557867e-06	4.12822677645228	5.59291701151803	5.60654827095679	4.67943343467464	4.82615269509014
chr17:48540094-48540595	Her2	1.60983491858423	0.000213052132599767	3.90281549352142	3.65619086258763	5.14953065149927	4.48724945824617	4.31928578480205
chr1:8706274-8706775	Her2	1.60973743509445	0.000130999788006833	4.2321847904948	3.52232933305414	5.99120982627196	5.43070124350599	5.51198251454201
chr2:163174142-163174643	Her2	1.60947615423487	3.97818550946599e-05	3.10620517087943	3.05960264178275	4.71173820356877	4.70433174952122	4.67781543432889
chr10:59901922-59902423	Her2	1.60850027177572	4.81374670960346e-06	3.90630629736616	4.66261386009926	5.15380520678542	3.861331316909	4.05173912074455
chr17:39758439-39758940	Her2	1.60815291574242	3.29211489241413e-05	4.3647841714611	4.41038193898406	5.85141022817559	4.10227592869691	4.71120966266825
chr17:39253323-39253824	Her2	1.60801578255688	3.18784949253972e-09	3.35279418034732	3.15256245152327	3.85475319521975	3.29886759191271	3.43054425206118
chr2:131546595-131547096	Her2	1.60753288181748	0.00163186081178282	2.61209951200011	2.19940085856972	3.47505559496178	4.13744164713257	4.75723552192355
chr17:39394922-39395423	Her2	1.60715224463388	4.15570221856999e-10	3.10447235551571	3.12342655245307	3.9325955008895	3.09669851053064	3.60110792951746
chr16:54164715-54165216	Her2	1.6064968597891	5.76675597496813e-05	3.28973394588357	3.29556151706222	4.87267011172263	4.53061675128172	4.75315790457443
chr17:39426114-39426615	Her2	1.60624195412618	4.65171367351402e-09	3.10330428641207	3.34715368807905	4.05848242594702	2.82163963953131	3.42792317541386
chr3:94799367-94799868	Her2	1.60619664082076	1.60292146999416e-06	2.84986056799112	2.33407418471624	3.74658527970433	3.00200147124846	3.1160980599537
chr12:90619874-90620375	Her2	1.60592531174207	1.56874776234345e-05	2.59854301390837	2.0863958158595	3.16501516279898	2.52427843548284	2.59273977324996
chr17:39519690-39520191	Her2	1.60580556846905	8.80606666579609e-10	3.42522185746956	3.49401437789205	4.47234879099062	3.26496211142558	3.841064705358
chr15:96020732-96021233	Her2	1.6055990193003	0.00269674401268162	3.15826013051754	5.83922007641338	5.09195769608117	4.07397438974666	4.05543834130725
chr16:54927084-54927585	Her2	1.60541458283522	0.00176457286181284	5.16906580618226	5.62735764037782	6.90381466574138	6.16100748251384	6.58191467579291
chr20:57771818-57772319	Her2	1.60534688269798	4.14423730620766e-06	3.61288756082466	3.70832924080021	5.22761627559397	4.14649619944501	4.36251170927304
chr17:39775321-39775822	Her2	1.60510800625503	6.64274585928582e-05	3.06132610640987	3.1793563818046	4.54146251787633	2.9807604564058	3.6640272053732
chr7:47668197-47668698	Her2	1.6045397155588	2.43515928429475e-11	3.85023944251235	4.00297488047874	4.6542737942841	4.12579853513748	3.85689234831766
chr1:119346490-119346991	Her2	1.60449614199311	0.000469702852917895	2.46258838155586	2.23687521722236	3.73370575320921	3.0817269909124	2.9058726580169
chr14:82366790-82367291	Her2	1.60407320061894	2.45305100552893e-05	3.18151141243052	2.64821121593161	4.48305219086654	4.29654078218539	4.47009908077627
chr3:94591034-94591535	Her2	1.60373137602056	0.00178937243697935	2.71614525997838	2.12728729627385	4.09091118386867	3.09976222945858	3.19688604861178
chr16:48668704-48669205	Her2	1.60320895836785	1.19806871924241e-07	2.83024921189182	1.95093634713898	3.64393102968984	3.12361309772235	3.17488652240369
chr22:17287114-17287615	Her2	1.60305642294339	1.38453286020841e-05	3.24672362736259	2.69746278834169	4.7605909388102	3.51762073835453	4.22920887901465
chr18:54425048-54425549	Her2	1.60295137671328	0.00435885198262916	2.74644586292332	2.08576143779731	3.94473459208314	4.57908274511308	4.30355540663657
chr2:172582272-172582773	Her2	1.60103296207931	7.17199353180099e-05	3.44285458613662	3.21369025227479	5.03809199897554	5.00314602273418	4.95558423525931
chr7:76051790-76052291	Her2	1.60099792190435	1.5030758708867e-10	4.42870315401449	4.20917962852605	5.8891545758269	5.19150647563769	5.6025744016976
chr12:107774004-107774505	Her2	1.60092990953816	0.000317752089010324	2.74864449097789	2.2383622254574	4.21929261245962	3.46173466631659	3.49464355330917
chr8:65648445-65648946	Her2	1.60014876950879	0.00483695113375646	4.17900746186311	4.9640935098865	6.31587123873339	4.91598329327074	5.69758095439618
chr7:26135468-26135969	Her2	1.60007967050136	6.8164247257232e-06	2.83468265182726	3.66899564284935	3.97303331763584	2.95521163915786	2.9455167241234
chr12:64878597-64879098	Her2	1.59995579206679	0.000726816931111857	3.27117128839192	2.36805174862945	4.90325141512516	4.4217711871959	4.80304814557273
chr11:77911516-77912017	Her2	1.59992196286423	0.000329566907474477	3.06194542387296	2.62318824501088	4.47795295119321	4.21746606550332	4.13418792481763
chr1:230836260-230836761	Her2	1.59979911929124	1.21525328345873e-05	3.19938197573077	3.87416891662329	4.55955390340619	4.21892734635371	3.85421649085529
chr1:208000458-208000959	Her2	1.59970892836352	8.6185639442198e-09	3.15911893369124	4.01701982413374	4.40814069772936	3.76408184642406	3.78115885688576
chr17:39543162-39543663	Her2	1.59969544259778	8.36910466463495e-07	3.44820410959423	3.20723170202435	4.43241620959554	3.27838642317568	3.8649353138579
chr6:16991447-16991948	Her2	1.59947680765413	0.000544547928932173	2.71171054516011	2.440437629421	4.4474116929457	4.51537943961883	4.37914457748827
chr19:21854201-21854702	Her2	1.59940022750298	0.0151746953708801	3.2865509288385	3.45795662085332	5.53074792870136	5.60683509388119	5.76484838954501
chr3:172132779-172133280	Her2	1.59899797015396	8.28074137793517e-05	4.34166971067581	4.34934012989029	5.96365433133828	5.38449777853095	5.66781487564983
chr2:45087355-45087856	Her2	1.59885856758251	0.002618930377707	2.83390392518829	4.18185478058649	4.4369102946247	3.26103969532394	3.69759274919729
chr17:39508489-39508990	Her2	1.59841470086522	8.41563072685589e-08	3.50609828923211	3.54793962341839	4.54332477318616	3.323379230408	3.81694119778906
chr14:69331518-69332019	Her2	1.59838562102412	0.000218160957705456	3.47193933639766	3.47825700652613	5.09239735523187	5.17096860190869	5.37381192742827
chr12:90635999-90636500	Her2	1.59838168230416	0.000230973598119865	2.82278837078203	2.29182510305998	4.10382689941935	4.15263972042786	3.94384556281837
chr17:39290377-39290878	Her2	1.59835552455528	5.06868553476102e-10	3.3078437499869	3.32296834471423	4.03478316937995	3.13505120928204	3.62153570682192
chr10:37465390-37465891	Her2	1.59810649995646	0.000532493997133973	3.02223925985343	2.68661297450047	4.22147117522653	4.78195196772568	4.10775066329638
chr2:38426449-38426950	Her2	1.59792638091948	0.00201052493400615	2.95860909273653	3.44830868535834	4.22050990196716	3.41629196760368	3.53145011975079
chr6:18514095-18514596	Her2	1.59791952365538	1.05815051258179e-07	3.11070425390743	3.68908857919657	3.90642755042682	3.4089339798754	3.18004470645067
chr13:36267864-36268365	Her2	1.59776636786571	0.00244372040016512	2.73846020928036	1.8880825711544	4.10415133519427	3.85167416990885	3.75661301347686
chr11:61503338-61503839	Her2	1.59759688139664	9.06992462866412e-07	3.65720044048642	3.55933803203542	5.16118526589457	4.73851232081749	4.63867570267122
chr17:39418638-39419139	Her2	1.59740242204867	4.65768465288233e-10	3.27150615858802	3.0982457141114	4.07029959680923	3.0345539756317	3.53503513652923
chr16:1617941-1618442	Her2	1.59727622575741	3.750484462686e-07	3.65589078717641	4.12211043663783	4.95595391759623	4.15013327521697	4.85174336553687
chr14:37648998-37649499	Her2	1.59723810647585	4.70532255902351e-06	3.30146675972886	2.65860089027401	4.76967339195359	4.46064012746425	4.61020328129852
chr6:112938634-112939135	Her2	1.59679226897736	6.70438199174352e-05	2.29144392936231	2.07856419190475	3.05800857489781	2.66257392570337	2.57418363876233
chr3:43417123-43417624	Her2	1.59671408946104	0.0258600084659964	3.67052316485469	2.95071754105003	5.71308715539072	4.54611484379165	4.81856409166576
chr14:69195745-69196246	Her2	1.5964359809813	7.24192050897782e-10	3.47388731303805	4.13366651057344	4.47192896767025	3.75012000357987	3.90973361995659
chr20:50869845-50870346	Her2	1.59642683370059	2.72411269547085e-07	3.78407903118561	3.38993872225385	5.39148374585983	4.4585714672694	4.83688516351781
chr17:40849693-40850194	Her2	1.5956237377206	2.57776641456868e-05	2.96890169394219	2.85750756997632	3.84945709022191	3.26112142280829	3.51501235936727
chr2:74861393-74861894	Her2	1.59543203166774	3.65669850003573e-05	4.02638004163685	3.90159253056818	5.51769027835498	5.48395461399888	5.46897408771482
chr9:126802320-126802821	Her2	1.59532867584437	0.000635530351431402	3.95406106115861	4.15206800292676	5.91908444075031	5.19742206646684	5.53462271899743
chr1:31432913-31433414	Her2	1.59527484270886	1.07289725296892e-07	4.78406872399513	4.6333769212463	5.64474792280528	4.86149874477945	5.05427182783759
chr17:50311004-50311505	Her2	1.59515826020056	1.10672140224896e-08	3.52342274041585	3.52794012484818	4.91864538249776	4.11434094191223	4.42712068154822
chr17:48558912-48559413	Her2	1.59509781724248	0.000302656996199816	3.92580175698004	3.36738736262144	4.72941254575216	4.59409909630395	4.11090483411887
chr5:173303206-173303707	Her2	1.59488152150106	0.000510577667643502	2.99688588329773	2.74023875162948	4.60214146723367	4.76122068131281	4.87440330762127
chr7:30503356-30503857	Her2	1.59467979909482	2.55642794219435e-11	5.08787994384775	5.75352918681645	6.15493332488226	5.33336829207429	5.24605881037306
chr14:49957969-49958470	Her2	1.59452711779551	4.56343578323052e-07	3.69732285980459	4.33810948176839	5.42089830664972	4.90362961060818	4.84815445456437
chr1:195414463-195414964	Her2	1.59442349473321	1.06742454876493e-05	2.92868328742936	2.60850968152371	3.43161443414787	4.13691358544626	3.79911306971065
chr11:78797423-78797924	Her2	1.59411042480654	3.64908817101881e-05	3.33398169422074	3.08739766722147	4.70157927715807	3.88890283734848	3.40178115586441
chr17:39524611-39525112	Her2	1.59403514421206	4.13388967650457e-07	3.36774067876255	3.83597014539064	4.20477760983617	3.3841218165687	3.76900914416108
chr6:106854896-106855397	Her2	1.59378599950703	3.92304494182765e-05	3.16703141604776	3.64347719953305	4.57966372983537	3.2778594133324	3.47596180621384
chr17:39396099-39396600	Her2	1.5934335255737	4.3260280177163e-10	3.10128567843285	2.7765441204037	4.06064187462485	2.90128035978889	3.42873575570542
chr14:44594922-44595423	Her2	1.59324984901805	0.00014017436098446	2.77723417981176	2.30133623713267	3.80655278538383	3.89223909584182	3.8859492421553
chr17:39254251-39254752	Her2	1.5930626911876	8.46669132335343e-09	3.2837044357486	3.03944105972614	3.85595039833013	3.12785115877648	3.69048555603507
chr3:31179727-31180228	Her2	1.59294793602591	0.000365918047820589	2.83304533912714	2.05044587631987	4.43322584593687	3.71325839253195	3.98583207708925
chr12:34101142-34101643	Her2	1.59272619809948	0.000121575805890687	3.22475809739635	3.18517023159536	4.54903799203521	3.72186603490601	3.60032130820639
chr17:39542174-39542675	Her2	1.59271411674761	3.66600364169277e-07	2.85418780182321	2.75747606032343	3.7112458083239	2.98941158459073	3.28973757188997
chr14:37601862-37602363	Her2	1.59231967563664	0.00347569804673989	3.92340822882172	3.37329189893718	5.63751653813498	5.51642807522246	5.81966531235062
chr2:140109051-140109552	Her2	1.59187110008361	2.75179691509969e-05	2.82880933494958	2.74216077594363	4.0435470282218	3.61934793514894	3.39158571032501
chr6:52914419-52914920	Her2	1.59115502139658	3.6485143018466e-06	3.63145467505363	3.5635604586211	5.3844640336531	4.32752476759374	5.04711156298886
chr12:127142910-127143411	Her2	1.59082241086199	4.56123530098011e-08	3.33050940658572	2.95809072616286	4.07719967861944	3.18514632113876	3.22088482552169
chr11:77357288-77357789	Her2	1.5906907812813	0.000332364525858817	2.87378093403022	2.54310387214293	4.3594810478647	4.11071777929933	3.91184478646599
chr10:99513031-99513532	Her2	1.59026568285443	0.00379362290237652	2.62374498487185	1.50969651567874	3.81517309937449	2.92247058967782	3.19642398365026
chr17:47986467-47986968	Her2	1.59009159284658	6.39929813008899e-09	4.06143648625981	3.83638787079255	5.07748314771469	4.36023435794544	4.45070855591859
chr14:88417576-88418077	Her2	1.59005626804339	0.0336831236313578	2.44840432302706	1.9120447512791	4.74020800634128	3.1042289737224	3.74749833874299
chr22:20200784-20201285	Her2	1.5898289009477	2.26402446551893e-05	3.42426186148698	2.54982277406672	4.72462556529597	4.51854688838985	4.28397766287066
chr2:44655481-44655982	Her2	1.58972568587998	0.00392998922268635	2.76912835764344	3.40329704413706	4.05428822883188	3.15116057977393	3.01980731402722
chr3:186979159-186979660	Her2	1.58957728936611	9.43976708939744e-06	3.84375548870172	4.88337169724552	5.54204884332202	4.67752909920601	4.61040393814332
chr1:162302922-162303423	Her2	1.589509949362	0.000260266104456354	3.27245535731118	3.39793324125681	4.7679499370289	3.76347378885414	4.30583424325094
chr12:66458906-66459407	Her2	1.58927629254796	3.25069745682405e-06	2.67856988042448	2.27032185271979	3.67465420645002	3.50414545676679	3.46614340430021
chr8:123661215-123661716	Her2	1.58919902724997	0.000393868530145576	4.31062450623023	6.10977260067887	6.27924179224101	5.88435797704942	5.94452314689968
chr3:55248997-55249498	Her2	1.58918585179139	0.0140430442084193	3.27985695287533	3.88413996865978	5.43862350636379	4.72944675952226	4.94964675596446
chr9:112716835-112717336	Her2	1.58898484008442	1.41850835739245e-07	4.70640061114812	4.66138828052313	6.28515302073696	5.77329037917568	6.00268678612065
chr20:58790469-58790970	Her2	1.58877076247037	4.72816704362497e-06	3.23694365388541	4.54593112404131	4.53282388878639	3.18541812967598	3.4973519532367
chr11:70171334-70171835	Her2	1.58872155191627	0.00016370603017148	3.41944912166326	4.05238981367791	4.64568839589024	4.3637809585222	4.64233222423141
chr11:17440474-17440975	Her2	1.58835544913	1.2707291644186e-06	3.67664067846862	3.15023165746166	5.14643978409554	4.9438061653778	4.79148285536528
chr11:102457687-102458188	Her2	1.5883415700479	0.000127239323361605	3.68757075275637	4.60604707171887	5.27126588503734	3.97940164343382	4.16550024504512
chr10:45488387-45488888	Her2	1.58829648572475	6.32013801115693e-08	3.28469885243133	3.7716331106979	4.63430373936245	3.48432863192185	3.52385633798703
chr8:127092559-127093060	Her2	1.58768192011555	0.000704740545951446	3.14694124110515	4.35588243271419	4.90032565738669	3.97856125419867	4.03710159701129
chr7:27514904-27515405	Her2	1.58756613480597	7.59527537294691e-06	3.52769207142349	3.83017704611363	4.64551731234695	4.20782156831033	3.9629111842914
chr1:207027832-207028333	Her2	1.58718573925299	0.00706543889943652	5.00592668405641	5.11030635886831	6.96732850336573	6.18633482247861	6.32117779078248
chr8:82995794-82996295	Her2	1.58718018272312	0.00224095791450918	3.26622978152744	3.87527816026236	5.04589289840684	4.0879684866121	4.38324058120462
chr8:76924937-76925438	Her2	1.58702703281873	1.44866432725808e-05	3.14126506537581	3.0216500357782	4.14680174784336	3.84402934591244	4.12810058180438
chr7:30560086-30560587	Her2	1.5864703232932	4.40416892797324e-09	3.61004434207106	4.08824463487414	4.54540340058854	4.23119333368666	3.87147440226996
chr17:39406224-39406725	Her2	1.58614976739564	4.05248730052722e-10	3.5042395844754	3.24486668250663	4.20938058127697	3.26472311415539	3.66753953615951
chr7:30432048-30432549	Her2	1.58598826254212	4.25755434542311e-10	3.71256155535896	4.01675759263624	4.86934733590364	4.31599798519384	4.29618979268154
chr7:8450418-8450919	Her2	1.58596540650236	0.000349891088184325	2.72130958118922	2.13492435890804	3.84461753886289	2.53472561046236	3.06044951004309
chr11:121456095-121456596	Her2	1.5856360783537	1.27025680213527e-05	4.28344660573728	5.22243912356798	5.92134830900904	4.84145938889697	5.10826414686867
chr2:5275019-5275520	Her2	1.58545618123995	0.0057982195238579	2.45516323986351	1.90625845495958	3.75625118713812	2.68837537729697	3.09781868807507
chr15:24074289-24074790	Her2	1.58517710825292	5.36714160508064e-05	2.82777881122942	1.85166897981042	4.23660353966722	3.40087730797109	3.76870874164813
chr14:36681171-36681672	Her2	1.58516530445146	6.19582629470149e-07	2.69697099369124	2.36012162426308	3.96771313137864	3.26049606315451	3.55012684445226
chr12:54187039-54187540	Her2	1.58514513520268	2.38195943952091e-09	4.06098496732101	3.69962790819138	5.48145591831101	4.42732745380019	4.5844580600156
chr12:26180738-26181239	Her2	1.58499848119289	1.44912108582083e-05	3.56049869285694	3.5564984866942	5.22565759186181	4.50427009972792	4.6041479680226
chr6:4981977-4982478	Her2	1.58482684561552	6.82925889794865e-06	2.92117182861745	3.06503355471563	4.00332328975733	3.16387228148772	3.33773630058681
chr6:25395010-25395511	Her2	1.58471378712152	2.80414171206345e-05	3.07182398142338	3.5753916001081	4.3797374213706	4.06558446949124	3.74618740713305
chr3:128435575-128436076	Her2	1.58452728669564	0.0025678127520479	4.38742823407364	4.58723071729847	6.20121689808298	6.02653669597454	6.04626354687381
chr2:5743948-5744449	Her2	1.58433479603417	3.22107142450497e-05	3.27082835373358	4.48947524875072	4.94000300334961	3.90746381926884	3.73162895509477
chr14:62165682-62166183	Her2	1.58432026289961	2.80414171206345e-05	3.13596468059365	3.4178677443685	4.59279079709008	3.61857502876783	3.88091630830485
chr13:47408829-47409330	Her2	1.584320191409	0.00311656346141608	3.01373799486683	3.18608608398323	4.56906227599659	3.99535033309766	3.65687100273269
chr7:67460596-67461097	Her2	1.58425785814088	1.74224732464991e-05	2.52820533244228	2.43620941084492	3.41962033304179	2.81342404021827	2.81832789589822
chr5:44035510-44036011	Her2	1.58416022035239	0.00156421729372794	3.03527407575112	2.64979780522491	4.30409701291295	4.75353786493687	4.64049534151887
chr4:103367-103868	Her2	1.58410491237678	3.75484030131912e-08	3.25670792539469	3.29964446047627	4.6487549842294	3.87600076623608	3.84209987259102
chr5:25255104-25255605	Her2	1.58408272905096	0.00146763336551175	2.69069993592533	2.28175373421084	4.02762835065066	3.65241909527467	3.7917957903171
chr17:39328724-39329225	Her2	1.5837481257938	9.8249016032612e-06	3.49889366610154	2.88257255094157	4.34923148991845	3.20504594479345	3.66753954556637
chr16:3252940-3253441	Her2	1.58288492985691	2.29552206788132e-07	3.3764489905616	3.76320235364974	4.77276823140648	4.35998353762659	4.37430420872167
chr1:84606920-84607421	Her2	1.58287888278847	1.1540462619915e-06	3.317759853891	4.04682397043094	4.87259897453608	3.49943667071247	3.73544739556288
chr1:204148380-204148881	Her2	1.58266715846853	0.00107592684656251	4.60532801955652	4.58287335096828	6.38811951787135	5.80565471857172	5.88913913786661
chr1:117015662-117016163	Her2	1.58230200496871	0.000364331053162689	2.91590545340611	3.17352102236148	4.72872972293619	4.52966100588948	4.34489120597356
chr17:40302035-40302536	Her2	1.58225416831318	1.1769548366189e-15	4.2939760454313	4.20060993195964	5.32427108802222	4.60940931354654	4.83447008362115
chr14:36857082-36857583	Her2	1.58217486563192	0.00545711142423261	3.55611460101601	2.5168724550406	5.18859258652273	4.81869403864041	4.80460944750765
chr5:155034095-155034596	Her2	1.58197463073723	9.49517135016203e-05	2.4718870413966	1.98854749884382	2.9175681085908	2.84036557840567	3.13931668559945
chr2:178110702-178111203	Her2	1.58187487481392	3.43736988809017e-06	3.94095627717081	3.82895153138192	5.60075827395581	4.54188205933	4.74158924087242
chr8:56818663-56819164	Her2	1.58140425833166	0.000271475444953826	2.57309783438516	2.62371472323565	3.57279569872695	3.77252498076211	3.01601615175718
chr14:49508065-49508566	Her2	1.58137814034177	0.000160857741263135	2.92002638034456	2.62745879200397	4.42325976262832	4.13875476388577	4.25043578961739
chr5:105953596-105954097	Her2	1.5813454805483	0.00764656800773856	2.6257652321977	2.05089374481339	4.44223024897966	4.14209151684765	4.46427725615818
chr1:195005897-195006398	Her2	1.58129468898446	0.000147920071991146	3.16109317127285	3.04202244894068	4.11216383674232	4.18597897583873	3.89829212124336
chr8:40703813-40704314	Her2	1.58124868895456	0.000476118565323377	3.03631492453338	3.17703230854689	4.38538512977257	3.6797206956387	3.78392834675708
chr7:149840596-149841097	Her2	1.58092701712113	1.68291558505841e-07	4.15974457032911	4.55892902569052	5.7857313337207	5.48672557467462	5.18464128579458
chr19:38291905-38292406	Her2	1.58082130279108	9.89768908221371e-05	4.06676020530569	5.8145373210571	5.59832985610139	5.13669621475662	5.00210830122991
chr3:104601170-104601671	Her2	1.58074826388655	2.44700725760198e-05	3.06571066146463	2.39681610883039	4.36362648040502	3.85537223629805	3.5661368698196
chr17:39457890-39458391	Her2	1.58055775391581	7.02230917627572e-10	3.68166098821237	3.84023953828032	4.69521442147863	3.36983466337862	3.94562503172937
chr16:53431662-53432163	Her2	1.58055028437453	3.81473077354406e-05	3.91901359401067	3.96675118170971	5.15187179284441	4.82766705036388	5.40873356118811
chr1:43038308-43038809	Her2	1.58052662277333	3.18721938759831e-05	3.10171695239836	3.05356877204602	4.2909722991783	4.1998689780167	4.25936012368414
chr17:29534479-29534980	Her2	1.58038390502493	1.09191283263164e-12	3.39844318476024	3.28673718622787	4.18326454445992	3.46033188476154	3.41488970372824
chr2:88206824-88207325	Her2	1.57975470644486	0.000251334726301817	3.07712234247499	2.63788095006808	4.31506809794714	4.7042610300013	4.67060824354259
chr3:8294106-8294607	Her2	1.57939705731042	0.000755933064708067	2.99831580917549	2.41791744985148	3.95067603851799	4.86794786044951	4.77055157219111
chr2:125711811-125712312	Her2	1.57924026716965	0.00111920194170349	3.25163050570636	2.51557925327463	5.18038491977861	4.59194385555142	4.58865769893959
chr1:31437636-31438137	Her2	1.57894479494362	2.45084192794228e-07	3.97252213523799	3.51690572662924	5.04390969206758	4.10481131269787	4.46962832655777
chr3:195274499-195275000	Her2	1.57889675321522	5.18744839984696e-07	3.23230419046038	2.81211027119409	4.33747711250427	3.27137429644552	3.2953721782173
chr17:39452269-39452770	Her2	1.5788001293433	6.2238356819362e-08	4.35976515278645	4.42305276137892	5.35517609060326	4.04699277214366	4.74112353502439
chr14:76893215-76893716	Her2	1.57877839437704	5.03819360239643e-05	2.88183227389109	2.80075555987871	3.98252833543192	3.96960724123128	4.14727663581188
chr22:44863230-44863731	Her2	1.57862229385486	3.41677273702747e-05	4.24544846972095	4.65668504298785	5.38374390409424	4.30993509882797	4.66371179548703
chr2:175522835-175523336	Her2	1.57837262581915	0.00172622783286881	2.77548598604308	2.26578194860314	4.16658169398628	3.47632848660165	3.70221338896071
chr2:176113922-176114423	Her2	1.5783348686867	0.00243262256933435	3.90172411525956	3.90329026002771	5.39961900659947	3.96265613169369	3.81646052214337
chr7:4245775-4246276	Her2	1.57821642883684	1.95602354305707e-05	3.47985052202971	3.72030384145096	4.86708847482044	4.14348801123678	3.78196609607747
chr6:10418217-10418718	Her2	1.57793205004762	0.00367080219204819	4.00232307360938	6.56690241722156	6.17284723160259	5.70389685741609	5.74423702717041
chr20:34232643-34233144	Her2	1.57751766957247	0.000374101691608727	3.37026853527659	3.19330863012591	4.34298859150972	4.04216224318468	3.74979311130335
chr6:50817198-50817699	Her2	1.57706778263588	0.00287669269407846	3.10611189862354	3.40638755437802	4.66952268506896	4.68391805031692	3.9587239579562
chr11:63589948-63590449	Her2	1.57655188638362	1.36188699880233e-06	3.84911943566453	3.60912686115489	4.96849932806993	4.84918938866411	5.1062196223938
chr10:37248650-37249151	Her2	1.57634991238509	0.000155786439983472	3.18656779728448	2.8609469346278	4.42852146591734	4.87996609374991	4.43247169152737
chr10:37374265-37374766	Her2	1.57609834472312	0.000296986457304392	3.03179949832014	2.54009892630458	4.59506286938396	4.79297890506974	4.32276925399137
chr17:48553624-48554125	Her2	1.5760037549635	0.00108168145946495	3.70993698876574	3.59084565786334	4.67626851249456	4.52068813865184	3.86064566208618
chr6:9560887-9561388	Her2	1.57548647813489	0.00011200435484649	2.64982854876621	2.06803365263707	3.84483591568145	3.26712359354253	3.21531922947463
chr19:33993431-33993932	Her2	1.57545524076854	0.000605288742304251	2.49580667243089	2.21108819664766	3.79283691181947	3.20455179550875	4.0291366600036
chr17:39255311-39255812	Her2	1.57542831170108	1.55082053910412e-08	3.32406218785702	3.18240977598094	3.7797159403676	3.16855569606081	3.60411621495471
chr22:45975154-45975655	Her2	1.57538893282712	0.00156926352902868	4.44515259835736	4.23835649488123	5.81095541256641	5.34807138266031	5.22784226856654
chr7:81453706-81454207	Her2	1.57460564819639	0.00477175261155831	3.06854695566962	2.52879890005942	5.11457022810343	4.56927063066382	4.33956773608747
chr20:24990886-24991387	Her2	1.57448072874608	1.12487907695487e-05	4.67960222054686	5.29896651973841	6.16087040907277	5.79937354090111	5.83581853870149
chr12:37510230-37510731	Her2	1.57426743979015	0.0014803159116697	2.87914693984686	2.51851818395366	4.09274899291115	4.36650368365466	3.80157801065524
chr11:10585877-10586378	Her2	1.57403770081165	4.2896443595987e-10	3.19202099544971	3.36228907279093	4.2007326333106	3.40679196638812	3.59139214717167
chr1:221142258-221142759	Her2	1.57373447990361	8.25516070807657e-06	2.85603281549003	3.00448897857693	4.28292517071989	3.75170576123466	3.66831562540852
chr17:39499800-39500301	Her2	1.57337364297392	1.14170341230831e-07	3.29350440303227	3.36893693615521	4.38941333041453	3.01446460458227	3.75593823209281
chr17:40118062-40118563	Her2	1.57295924048801	2.40086849744451e-16	4.49597791627982	4.28024387015115	5.4543258504572	4.31166381179956	4.7829832324291
chr6:64460794-64461295	Her2	1.57286713282424	0.00134288919030427	2.56780057794686	2.26343495543011	3.97036549052762	3.72545230361123	3.99523335916201
chr5:19727251-19727752	Her2	1.57217800800021	5.88475406896021e-07	3.05488348416116	2.73584340738632	4.44736279943029	3.69159662821399	4.13838645318818
chr2:179339937-179340438	Her2	1.57200598327681	9.68949280826935e-05	3.50880980447385	3.90043822538626	4.5377706052244	4.734604976585	4.87718286154237
chr8:71370146-71370647	Her2	1.57152669518532	0.00180001303268712	2.80866886977154	2.65395357366547	3.96265322934811	3.85801223780999	4.42523676034087
chr10:37295383-37295884	Her2	1.57150036534529	0.000199662862009916	3.14498516263386	2.74854916691153	4.36734972507869	4.7603085045159	4.56605990128249
chr5:8769749-8770250	Her2	1.57132930741001	0.000304745603075255	2.9943156334193	2.42817199726178	4.33746791787568	3.8525712898891	3.28854194102272
chr11:62247652-62248153	Her2	1.57123751619666	1.95162255246283e-05	2.730188871115	2.49058274186461	3.66051458522531	3.65572447857574	3.53166561571968
chr4:102496949-102497450	Her2	1.57116904474695	2.68586684915729e-05	3.866153166491	5.22060673850478	5.58738196480584	4.83886758698488	4.61725475438758
chr1:26118546-26119047	Her2	1.57106320088519	4.56022510534947e-07	3.42666991814947	3.46460281801255	4.97147225685987	4.11296877442967	4.57134005430154
chr17:29762449-29762950	Her2	1.57092679025383	8.3804831232211e-10	3.66068686004656	3.41946481262096	4.23380097308959	3.78670960031906	3.88395976843692
chr19:11697393-11697894	Her2	1.57089846285685	1.72673836561743e-05	3.8048888102175	4.26668229953331	5.2838001615952	5.18738287680165	5.37959290891709
chr8:80402550-80403051	Her2	1.5707126969933	0.000677161536186624	3.37410631250928	3.08423550815646	4.44115755997576	4.76357119540397	5.18426548971714
chr17:34610095-34610596	Her2	1.57012811942116	2.11926674053645e-06	2.91310619618906	3.03902183015109	3.51890931637712	3.52037527797431	3.39098607457082
chr4:89454004-89454505	Her2	1.56993882609748	0.000504082936142833	2.73897271714363	2.30762454836412	3.52258858341118	3.79929053793927	3.95623947037265
chr1:217953299-217953800	Her2	1.56982706975066	0.00562731138006182	3.06052891630652	3.67646208971885	4.71212225188145	4.84147077272451	4.91500447763221
chr19:54156881-54157382	Her2	1.5698101252207	2.95300086392315e-08	4.93552161599548	5.17292165663162	6.15312986049975	5.38964919196313	5.81987434168691
chr15:89385044-89385545	Her2	1.56939413500526	6.96668000112052e-06	3.46925018178409	4.39625469218276	5.16685628579748	4.15727327126736	4.35835974548757
chr13:36285865-36286366	Her2	1.56895554934087	8.74134454852771e-06	3.31305102625374	3.27638166095721	4.57161631594135	4.23134117088406	3.74860565719683
chr1:115694139-115694640	Her2	1.5688560695349	7.37220702238286e-06	3.36929727935645	3.09802731132217	4.67101162971151	4.00860217423277	3.94889241418432
chr10:17455092-17455593	Her2	1.5687045850337	0.000517172588744547	4.00233507160234	4.55589160577908	5.51516261514379	5.46869011069032	5.37155752001075
chr17:39409706-39410207	Her2	1.56841548550435	3.31092367256448e-10	3.70846417719542	3.90773212906164	4.5286101214788	3.49569566323361	4.08645915887261
chr9:120568763-120569264	Her2	1.56787240874393	0.000301336968304589	3.17071109035485	2.79877160395883	4.30352060389458	4.43402196193019	4.08082091735254
chr1:31437114-31437615	Her2	1.56785729159435	3.11504873744809e-06	4.38370604843607	4.12834071827539	5.56166491449983	4.61020341991366	4.87382954460661
chr17:48758045-48758546	Her2	1.56743146193863	3.44510960716961e-05	3.68983057998511	3.07468231542191	4.93289791616761	4.35700581790443	4.19676911697055
chr17:39516248-39516749	Her2	1.56732335475382	1.50089463046637e-08	3.18367532178927	3.16852938726963	4.24192536294249	2.90508473777671	3.5198211156532
chr17:75780471-75780972	Her2	1.56726073300906	0.00042084001410451	5.88217570017365	5.4722325208586	7.84195043520985	7.34439647479439	7.82607345144352
chr20:58614410-58614911	Her2	1.56711398202831	7.64257855168358e-09	3.95553112133301	4.5428935689932	5.57900769223008	4.56678909707554	4.70678752715525
chr1:244284332-244284833	Her2	1.56711080204454	0.000122262695503586	3.50284948290238	5.37380111375203	4.9160586938351	3.96675735790783	4.02465986046427
chr14:33521767-33522268	Her2	1.56704336577044	0.00133665091350371	2.58204042351504	1.88648635900492	3.31664456557901	2.99484723705143	2.92293006592148
chr17:29248949-29249450	Her2	1.56655591150239	2.98429828509446e-17	3.61049673172007	3.77940871247851	4.55441361966511	3.56097749850012	3.7382885656423
chr8:46483588-46484089	Her2	1.56634810779678	0.00013846784095742	2.79407026243288	3.41326880237902	3.83749721217618	2.84457105112938	3.03599827770988
chr20:48608725-48609226	Her2	1.56612860566926	7.15480993827874e-06	3.04613698101472	2.62366290066388	3.97083567655867	3.80146155870717	3.92639546489419
chr8:115782323-115782824	Her2	1.5660813136011	0.00174448161773184	3.13989304261396	4.17415656591817	4.9501332375821	4.61241573228907	5.20903129062038
chr20:48733107-48733608	Her2	1.56606315670323	6.79204585850077e-07	3.88675262790391	3.87454084656351	5.23008973414123	4.35129398833411	4.96256299513317
chr11:82355342-82355843	Her2	1.56575329724993	0.000718288850521905	2.71971153388839	2.18952384668469	3.82779755830925	4.75491644914095	4.13955793511936
chr7:27491446-27491947	Her2	1.56574262610214	0.00640756434278164	3.57322528208368	6.03699448717432	5.20131164775477	3.15775674482555	3.86891735725688
chr7:33313054-33313555	Her2	1.56535986359307	0.00262762196153704	2.61036036379241	1.78739405630014	4.08685774559722	4.17485238055429	4.40226688548289
chr17:20690329-20690830	Her2	1.56523931128514	0.00323248235127363	2.23655265921386	1.59739423596781	3.90697914080523	3.86564212690647	3.78671871314771
chr7:90488937-90489438	Her2	1.56503448048409	0.00105149158799155	2.50144642404135	1.90750791655783	3.47279452772701	3.27127310936604	3.56594415548135
chr3:17256744-17257245	Her2	1.5648225849088	5.385720682424e-07	3.11569087658792	2.90758846553556	4.37658500425662	3.66370271403557	4.08586118179999
chr7:29931468-29931969	Her2	1.56475246748739	4.97363095390595e-05	3.91398070148767	3.44104247725332	4.84880783268441	4.588612533156	4.28233531206435
chr7:130598018-130598519	Her2	1.56465683437062	0.000401407341341747	3.11017550840821	3.08461311411074	4.73422448515761	4.98604602959955	4.8557532102331
chr10:124893364-124893865	Her2	1.56462479963296	6.78128868399929e-06	3.0278791407994	3.51359178909423	4.50429343129905	3.55938482043811	3.90835843758812
chr17:67990917-67991418	Her2	1.56418579365812	0.00041966198677245	3.86544194054325	3.42067992012436	5.50535914982405	5.35117524761344	5.80459951566859
chr6:3499571-3500072	Her2	1.56376171315114	1.14423014965219e-05	4.04145468575763	4.64767990827288	5.76814189291341	5.24941438904344	5.21859519352222
chr6:120117509-120118010	Her2	1.5637315447596	1.5080774668371e-07	2.55526259049999	2.18033648269987	3.51832113129518	2.97462036635219	2.97071793060387
chr17:39410325-39410826	Her2	1.56365045940856	6.6260205540635e-10	3.61947750914007	3.68946623873503	4.48772367161216	3.48102371489623	3.98385120209362
chr17:39399436-39399937	Her2	1.56357701131942	1.09858832408884e-06	3.53067908503874	3.2654425944639	4.28681439420744	3.38129669746372	3.65958224991895
chr7:8215931-8216432	Her2	1.56357046684551	7.24107766481983e-06	3.63819782075929	3.83527485186562	5.16933003161037	4.89523098020813	4.5239250104374
chr8:85840120-85840621	Her2	1.5632804557184	0.000705636381442659	3.03393451082758	3.57711749158001	4.67949626486916	4.42925214451066	4.39691591937639
chr16:10545771-10546272	Her2	1.56323629354133	5.84889826589746e-06	3.33066057203588	3.94228138854537	4.79080173500858	4.43194993693124	4.32611413994831
chr10:37718060-37718561	Her2	1.56320888120588	7.24139372101818e-06	3.16766153363108	4.17301029177987	4.36482592964678	3.60930707405267	3.58307442339594
chr15:70360277-70360778	Her2	1.56307497190304	1.9329518074157e-05	2.97565398062432	2.96580047799576	4.24556167238073	4.01585711946501	3.75869534318412
chr4:166012403-166012904	Her2	1.56298041651296	0.00513242316369691	2.94389909722692	2.43220887987967	4.1847945827154	4.08855080184559	4.7398994695512
chr8:28147111-28147612	Her2	1.56295008527342	0.00100014324247745	3.3319936155231	2.5982106804767	4.56397946338068	4.6011876041599	4.84037599512592
chr5:123340243-123340744	Her2	1.56226640907112	9.49130597880197e-06	2.69565347464577	2.13861828754977	3.98925281871089	3.78002619788734	3.91965011653399
chr3:89543482-89543983	Her2	1.56211424145409	0.00108471703046124	2.28780899542781	1.88933939895793	3.21624260848295	2.8785271442997	3.37796467448747
chr12:40696931-40697432	Her2	1.56189359095642	0.000958812521127401	2.72518172496065	2.59956164931844	4.17945735144037	3.17664549234005	3.19093588490167
chr3:9295852-9296353	Her2	1.56187171852552	3.75108983724445e-06	2.77802311511397	2.25576054826013	3.71309864687264	3.77000221579001	3.83417872859506
chr7:35436585-35437086	Her2	1.56131643889207	9.25154549827505e-05	3.10285995552102	3.12993154999999	4.78841547563059	4.12184358545052	3.95084861308325
chr1:31465540-31466041	Her2	1.5610506251197	1.41585157872368e-08	3.37100033854347	2.70183979727511	4.22308738403065	3.60021855851796	3.82644572985065
chr15:44580023-44580524	Her2	1.56102009229689	0.000193143394303007	3.83605880358957	3.49965135803287	5.08168335188485	3.91168952451858	4.206245805369
chr4:6660283-6660784	Her2	1.56083502761209	0.0116145502694855	3.37815330136655	2.77898518786497	4.7647874730665	4.76600716072366	5.42111178304501
chr17:39301558-39302059	Her2	1.56079890772207	2.62173430706685e-06	3.31358392353383	3.23045007413166	4.10399683803327	2.96878265821677	3.40729728774798
chr18:66762188-66762689	Her2	1.5607156326557	4.69746263432678e-07	3.13312643401587	2.55584983261374	3.93281657191762	3.59000042359068	3.40504635526757
chr20:59929282-59929783	Her2	1.56054698469365	2.57776641456868e-05	3.57682725538076	4.20598944171159	5.17271321296639	4.74220532962547	4.97753259742376
chr2:65044293-65044794	Her2	1.5603668556559	2.72758690946739e-06	3.88779403357173	3.66821289785243	4.98233716238417	5.20733842463916	5.0319866580599
chr1:79290227-79290728	Her2	1.56026346384259	0.000765980491213533	2.7504195241828	2.45230406346785	4.33697169738947	4.02355313613543	3.89779846818463
chr17:39265559-39266060	Her2	1.56018522950973	6.34710519224936e-10	3.36291229908599	3.19006049737639	3.98890996817015	3.19804493397735	3.64976696453189
chr12:101221311-101221812	Her2	1.55961987642753	0.0081698022244319	3.32651208313815	2.58798397263625	4.78330836449898	3.43163895607817	3.48301869325212
chr17:39397965-39398466	Her2	1.55941814555716	2.5465265691919e-08	3.19397896971	3.06403929862189	4.1280334727856	3.06054217690312	3.50974099273284
chr6:21409258-21409759	Her2	1.55937730589396	0.00372847904845102	3.08353199034828	4.48305647339454	4.62393426990903	5.21496364704593	5.11469482566606
chr4:52936673-52937174	Her2	1.55897891906952	0.000125834826094746	3.30450994377562	2.67142072253333	4.95699438555782	4.14474019794078	4.5374672453797
chr15:101248204-101248705	Her2	1.55895855986937	4.36742794213799e-06	4.09253871695442	4.83602026761227	5.6023024737856	5.26500612925145	5.44727961364117
chr1:46901649-46902150	Her2	1.55884181191908	0.000132238782588606	3.0079360251576	2.74076838524073	4.78420625715056	4.17612127226938	4.52239116267429
chr11:67662432-67662933	Her2	1.55771519621132	8.43228073910325e-11	4.21579476374166	4.34793830996014	5.43562251129274	4.53648623317327	4.73885574178484
chr6:122696082-122696583	Her2	1.55753850025715	0.000170677519585611	3.35098927017218	3.59428133702738	4.85891601799225	3.5154920477618	3.54707574407823
chr8:28148039-28148540	Her2	1.55743371202245	0.000364268225912789	3.2911178941176	3.03634803408917	4.34016364763478	4.09260528181735	4.56665647037783
chr12:53578668-53579169	Her2	1.55740553730363	6.64072126373794e-14	3.97755205416692	4.17567987982126	5.18453032243784	4.72171952783214	4.58096407744255
chr17:46796887-46797388	Her2	1.55710721145389	0.00028845308130275	2.82879068970841	2.29652954471917	3.4769310156448	2.83070199720169	2.99931862846358
chr11:70109915-70110416	Her2	1.55674150331844	0.0015171261924715	3.44211049919453	5.20899782300293	4.91435183775723	4.57975332265153	4.525665613991
chr12:66745069-66745570	Her2	1.55665534297899	0.000269954688691129	2.92575060688801	2.1798228644876	4.21373330854997	3.25263205244681	3.80720497747535
chr16:30620118-30620619	Her2	1.55663566974422	0.00142978362321149	3.79224315191433	3.75490299614439	5.54776913578094	4.36561816961681	4.86127134783708
chr20:41046072-41046573	Her2	1.55658765692407	2.61056396210359e-07	4.48520218236037	3.82921226465173	6.05230516423027	4.74983201572445	5.1050425503827
chr17:40335906-40336407	Her2	1.55621944672362	1.07804673522398e-13	4.37673167568592	4.27816894866278	5.25356752862382	4.64226249693955	4.74942024368635
chr17:39501802-39502303	Her2	1.55616100538866	2.5173052398693e-07	2.96150022245149	2.7523040611777	4.06759043149756	2.92844210707043	3.3115291134378
chr6:15115504-15116005	Her2	1.55556346174265	0.000163729587579052	3.20716237132644	2.84052282199074	3.95127413431189	3.81424784360103	3.73044806104021
chr1:211180189-211180690	Her2	1.55552314302046	0.0349205962249138	2.74642101749705	2.44819099988374	4.03873507770613	4.10679606967386	4.66174407877734
chr5:160640-161141	Her2	1.55546917128181	2.6284091171445e-05	3.28039273149252	3.90896847130691	4.9350751814331	4.91730952029992	4.37459551728917
chr19:28148012-28148513	Her2	1.55530091608856	0.000395690843748994	3.20107312094681	3.46900064569154	4.19878835527048	3.85034015791466	3.92589627096139
chr6:157818397-157818898	Her2	1.55516089554161	2.99430422630861e-09	3.88259576992503	3.92888448317959	4.74666120208642	4.09489077296803	4.18720652803203
chr12:121843251-121843752	Her2	1.55501207993253	1.11778519964824e-12	4.05083743174506	3.80374468975726	5.0410725011427	4.31439365448626	4.39530310713722
chr14:31959283-31959784	Her2	1.55473428952612	7.83180033474008e-06	2.76494197391157	2.31829180502313	3.5681460778389	3.32525316424905	3.22374582971615
chr10:37302893-37303394	Her2	1.55460536406148	0.000687824283705849	3.22926206731899	2.78320167127705	4.65372002608791	5.04030301257064	4.5732298271862
chr7:156643189-156643690	Her2	1.55438030543685	0.000302095356297077	4.01081965738226	4.64104017083673	5.93377657579724	4.50713366375491	4.95981265072426
chr12:39911714-39912215	Her2	1.55407470889194	0.000290195632050273	3.49951665178435	3.49494152092962	5.37263190437227	4.8939641204036	4.79207184875752
chr7:115129714-115130215	Her2	1.55388994004768	0.00129311011359096	3.43050917338803	2.84975070201983	4.68507232425902	5.28108808226107	5.27347120426606
chr14:88236426-88236927	Her2	1.55341488761888	8.25315652141288e-05	2.82158546304621	2.35707800039648	3.33597986482915	3.47598709523468	2.88761309412999
chr1:241588592-241589093	Her2	1.55313767208385	9.72731185369526e-05	3.34138262738845	4.10746640583791	4.94674665056111	4.62229483911688	4.4335729314031
chr12:107521003-107521504	Her2	1.55200581198233	0.000867856162038398	3.05840257956896	2.61339696191263	4.67974227340707	3.4454706916885	3.98536723825664
chr18:79711670-79712171	Her2	1.55143241811977	5.05440140986976e-05	3.15025912326529	2.80129140725295	4.70828909396954	4.38282875348765	3.97474405722367
chr20:50824919-50825420	Her2	1.55121779736877	8.30183836479842e-07	3.9923248291422	3.61098906732162	5.68551070920887	5.04962242687466	5.22989293072785
chr20:51658817-51659318	Her2	1.55102882750234	9.65950132907538e-10	3.53797676084308	3.74002311077083	4.93893717283045	4.05562379771156	4.25257677761357
chr16:30530210-30530711	Her2	1.55081565786357	0.000134900083103587	5.12808777774084	5.62811357503343	6.76788776231799	6.50453927025735	6.61490343276744
chr17:39407597-39408098	Her2	1.55047908383012	1.07764969905409e-09	3.83872236564901	3.7436870231581	4.61882852872008	3.53819078508761	4.11565110251587
chr17:39366701-39367202	Her2	1.55045013156187	1.41585157872368e-08	3.04499885757582	2.67093881456043	3.61821361749765	2.83233224384991	3.17381319168474
chr7:113171381-113171882	Her2	1.55029574467954	0.00235105587327064	3.20664527299337	2.685234773031	4.99729943896808	4.86763340751727	5.20988427892338
chr20:41495668-41496169	Her2	1.55006294448872	3.1487267532025e-09	3.78767068864308	3.67470695721224	5.20228610155403	4.22913921337065	4.4266229607156
chr14:95817531-95818032	Her2	1.55000236332225	0.0201334095582187	2.43753432509348	1.80225395258945	3.66364925966571	3.71710123849065	3.23335946192187
chr11:62267521-62268022	Her2	1.54999677575357	1.24748265704143e-05	3.04667026536424	3.52377532792222	4.16860146987008	3.76969352588371	3.84724175319546
chr8:91534321-91534822	Her2	1.54947616378075	4.120955616432e-05	2.65924129256696	2.3973979722775	3.74114934463613	3.15290888283963	3.5278358711055
chr1:66376350-66376851	Her2	1.54943016246577	8.72535391046564e-08	3.19486748915905	3.67050376624951	4.07450017019091	3.56240810180659	3.27293023904378
chr6:107659438-107659939	Her2	1.54936680354787	2.36025016831959e-05	3.68705599661832	3.56864587294937	4.32796385196668	3.62800302649799	3.6715882382867
chr17:79769156-79769657	Her2	1.54910031427537	7.70371601149153e-05	3.53449761223339	4.53669449508574	5.00858876346838	3.62376319820759	4.24828158327868
chr6:10417591-10418092	Her2	1.54852095600525	0.00480728249554993	4.09874153441896	6.63685312792368	6.23444383947567	5.73927535398219	5.75690117689896
chr5:38514997-38515498	Her2	1.54845115546981	0.00063758818645905	3.27113350352973	2.55033732993594	4.73549797142855	4.14428030382768	4.37028584326744
chr3:161028426-161028927	Her2	1.54829980341211	0.000824879798464845	3.3464832914428	3.81670459934234	4.83257620646478	4.05655253058836	4.80090419602238
chr21:40387343-40387844	Her2	1.54824927941936	0.000861295947575206	2.7073415136945	1.83133885736756	4.33209768902976	3.29635391269892	4.38885382226567
chr5:178079437-178079938	Her2	1.54819670827256	0.000216571984793537	3.35049451004641	3.49549438625459	4.99574906520052	5.11887767643984	5.42102525949687
chr8:100427854-100428355	Her2	1.54732001768164	2.164282651732e-08	3.49920510062748	3.91817584645971	4.73965161217637	3.70339062769847	4.08352600509963
chr16:13876685-13877186	Her2	1.54713451144689	0.000148339016641804	3.18188211869095	2.70983738885027	4.08953898398849	3.58934774927352	3.79109867866684
chr3:8727011-8727512	Her2	1.54687357104795	0.000889790912465936	2.9776614248403	2.47923788902852	4.27439761160602	4.53180328780645	4.65965377997512
chr7:143432015-143432516	Her2	1.54661997723575	0.00334184344720195	3.00688664448811	2.55199787792972	4.39391005287233	5.46486321106941	5.10776938325004
chr17:49882813-49883314	Her2	1.54606345727206	9.66364232591523e-10	3.45201980734158	3.7044335096862	4.50034450248324	3.99130243050389	4.21341596775165
chr6:637945-638446	Her2	1.54598217815301	0.00020906516768343	2.776550907476	2.57270890276486	4.15090079988128	4.09564177913781	4.42875646295163
chr10:91477239-91477740	Her2	1.54586463041053	0.000173607535561063	2.95618541988875	3.91773207366521	4.27261735294865	3.16294155880173	3.54681492914704
chr1:152643890-152644391	Her2	1.5458079616244	2.67261779815027e-05	2.98321004576055	2.90906924008659	4.04889899538606	3.74599439914641	3.86795299622997
chr8:12723302-12723803	Her2	1.54546261199521	4.27388282126346e-06	3.38344517356492	3.74085973864329	4.41090539329254	4.33297991343335	4.04732129324425
chr6:106774904-106775405	Her2	1.54523800056049	0.000610855411342895	3.7008091720116	4.74018358798901	5.29721787150337	4.33868374431472	4.25977795359624
chr6:137245051-137245552	Her2	1.54452598417259	6.11159904521948e-10	3.41876247464584	3.41994405716752	4.85307123677795	3.68478123192879	3.32544124536286
chr1:31497966-31498467	Her2	1.54452464412724	8.50925231116792e-06	3.28707503529286	2.30276067657598	4.76118332868066	4.20376768082748	4.43590879819241
chr7:158123625-158124126	Her2	1.54449843089063	0.000705003103206346	3.02712279347673	2.63756234813374	4.25040738108815	4.17309390164504	3.83357559458897
chr17:39503468-39503969	Her2	1.54443514207581	7.64839111358866e-07	3.25408499476674	3.0518432631508	4.21686665643407	3.1068357449234	3.81410859957454
chr17:29153373-29153874	Her2	1.54405476105159	2.81449242457941e-12	4.06364611004682	4.95832692685493	5.06291976027669	4.09089051199821	4.16493684315129
chr10:58086664-58087165	Her2	1.54394110136889	7.37521673339533e-05	2.93374060841352	2.26786789677621	3.90077583670898	4.03431925190712	3.73049677789581
chr3:10812168-10812669	Her2	1.54392079514137	0.00940813722547357	3.30372840595633	2.61904126599982	5.10120169419968	4.2859694110977	4.19086431269294
chr2:47185488-47185989	Her2	1.54368693227986	7.72716720528002e-05	2.82361079975662	2.91254701362135	3.58036179799421	4.19267881338558	3.81986704502054
chr21:18717550-18718051	Her2	1.5433239935209	0.00476435607653634	3.20073819055846	2.65486539188116	4.67518871579935	5.26989780446019	5.27586833498539
chr1:153421749-153422250	Her2	1.54317948699936	6.13372997750893e-10	3.37212876750262	3.83430324826081	4.13718552868865	3.67652563192656	3.4957993098856
chr7:143129851-143130352	Her2	1.54272076380319	5.49415577758889e-05	3.23548085816688	3.25922451124043	4.79408220585982	4.49283039031048	4.7462548079493
chr4:101210156-101210657	Her2	1.54265349517496	0.000460336442581253	3.46044141382829	2.9597780298459	4.76399487092231	4.44962754933491	4.58800542112321
chr9:113233832-113234333	Her2	1.54263174219892	1.15680845972843e-06	4.08705322274613	4.96871841554162	5.39234379327699	4.60396444835804	4.59321342873194
chr17:72934969-72935470	Her2	1.54246823350137	0.000275521839275368	3.2711687345268	2.8846055347147	4.62508299487297	4.83997786915506	5.19074897104594
chr10:24252263-24252764	Her2	1.54211450198523	0.000315704192465443	3.93875637303137	5.41357005935851	5.81060841397709	5.17925206252313	5.12852363866539
chr3:158970382-158970883	Her2	1.54204961012712	2.68524867676952e-05	2.81817116479713	2.71024278172692	3.83879537834348	4.02541492995378	3.84115452556757
chr9:127229732-127230233	Her2	1.5413362351428	3.18990980060511e-07	3.69995307225386	3.86304106742983	5.1667921992446	4.66654436107376	5.05879347844974
chr9:92857155-92857656	Her2	1.54097871645502	0.000113924851198742	3.03814726556562	3.21573240418858	4.75790126897735	4.30413978869912	4.7926478586911
chr20:57819981-57820482	Her2	1.54097111595707	0.000169555102389434	3.41235736397857	3.52442272430786	4.99932505370555	4.31886705033444	4.61830097845623
chr2:236510416-236510917	Her2	1.54071993766225	0.00211287678380874	3.2072624012321	2.38028489073559	4.55979872278312	5.06518466587291	5.3186841712011
chr4:128381240-128381741	Her2	1.54046805598874	5.21739575174461e-05	3.02937667907984	2.38971450078563	4.53688868996368	3.40595051278857	3.58355109953758
chr18:35967806-35968307	Her2	1.54027674983466	0.000389145719644945	3.39212519429073	4.74643836353947	4.79592147730097	3.99256211867102	4.0233313996165
chr7:143045513-143046014	Her2	1.54026419196812	0.00574219039158238	3.37857679058257	2.78944282968276	5.01866737967796	3.94337141456296	4.20209636117811
chr8:93318040-93318541	Her2	1.5395646927149	4.61000544849686e-05	3.26502462734593	3.08997017045327	4.29024173311365	4.09190258981098	4.42467244218499
chr1:2376267-2376768	Her2	1.53939368280012	2.76004091924417e-09	4.34502854022862	4.74491863428609	5.02532164809094	4.76517337498873	4.5225606671695
chr17:49970796-49971297	Her2	1.53937344653769	4.2322677226656e-10	3.61574207164566	3.57192850321782	4.59299504022762	4.13542101401276	4.18534990634711
chr16:24854586-24855087	Her2	1.5392366433995	4.93953483537478e-05	3.31808153158557	3.65188589926724	4.87770590175094	3.6965754453252	4.00111288043648
chr18:14780727-14781228	Her2	1.53915729875885	1.19702799495777e-05	2.79690119371906	2.41353679870769	4.19752228760645	3.86500557588055	3.89224004755371
chr1:66236519-66237020	Her2	1.53905766413323	0.000446578944008594	2.83352321936902	2.83585507209544	3.93259805734755	3.87135184233759	3.77203957028174
chr5:133872866-133873367	Her2	1.53870601484432	3.62345789179534e-05	2.78676811983075	1.80381635325583	3.9909900343835	3.53657590942977	3.80869756921276
chr3:6709126-6709627	Her2	1.53866933937442	0.0161325251371822	2.71995568466094	2.04576431465978	4.12440786732034	4.52019448392832	4.4898363896972
chr8:57537722-57538223	Her2	1.53856701785256	0.00416863976835652	3.00646087265261	2.30636884695448	4.66988757564976	3.84347657931302	4.74411485844215
chr20:11411771-11412272	Her2	1.53844668689618	0.0155552084255727	3.16832568831684	3.12586144871111	4.07656023348233	3.11327198106791	3.64897849851605
chr17:39432693-39433194	Her2	1.53830403505997	4.2673667708757e-09	3.1727028360119	3.02456865666248	4.14002434661427	2.98083962390421	3.60206836616205
chr1:205771303-205771804	Her2	1.53826099847707	7.76363213867886e-11	3.90441331223218	4.96053527281094	5.24974794097275	4.34584926351607	4.40788570140459
chr6:106909850-106910351	Her2	1.5382388242529	0.00258438043229637	2.99458617206944	3.51443916859732	4.55487650119951	3.59919328586118	3.5851433181129
chr7:47952157-47952658	Her2	1.53780610356615	0.000139316203789682	3.82303433572859	3.49729784717447	4.87615973799148	4.56224081116649	4.44971441291326
chr18:14761262-14761763	Her2	1.53747692011927	0.000386155224075564	2.94837491206074	2.63759390886953	4.38690714315064	3.29884052135509	3.56554728313053
chr16:27737958-27738459	Her2	1.53746978934727	0.00018641102570504	3.7153055185992	3.9635466553555	5.37043565392625	4.65240102733667	5.19512783635078
chr15:55193516-55194017	Her2	1.53686730730637	2.34875681337755e-07	3.29033204214826	2.63202886725274	4.87698187690329	4.39431855200516	4.22835772933883
chr11:78074636-78075137	Her2	1.53682093066171	7.49255669114091e-06	4.09023820795395	4.28502755940786	5.5433853241633	4.80115379311581	4.9544192200929
chr17:68303092-68303593	Her2	1.5367906240044	5.37546966468518e-06	3.36652504329206	3.09594281996513	4.41050930807667	4.12266875302316	4.85525745527282
chr2:27420948-27421449	Her2	1.53637879946569	5.10779621093267e-05	3.46834292871031	3.66530504361969	5.01076084444659	4.38148609803502	4.81178160600208
chr2:212096873-212097374	Her2	1.53574494700609	0.00076779110172868	2.94456495016663	2.27853167666314	3.7558826031288	3.74071476892628	4.45271809169781
chr2:197625021-197625522	Her2	1.53549342978326	9.39979131599363e-06	3.30066151595624	3.37997293146493	4.69358505124533	4.14601465233365	4.318318369564
chr6:165497392-165497893	Her2	1.53524765641671	0.00045070882348811	2.66541835232322	1.8169237152002	3.75180566304056	3.43169549052385	3.58291117972814
chr17:29594746-29595247	Her2	1.53518739024664	3.5671695428589e-13	4.88981839389728	5.19362297461998	5.83220194025847	5.04860879398041	5.38111117112224
chr4:24595542-24596043	Her2	1.53499094956523	0.00124681411948654	3.95129532783919	3.60648470945597	5.65928037450972	5.06535152254931	5.30721768110298
chr12:66590181-66590682	Her2	1.53471825119333	0.00291980175819705	3.15348215907073	2.61492518734189	4.73300734755658	4.35199262650633	4.31075006355095
chr21:37055256-37055757	Her2	1.53440140838919	0.000113538066122027	3.21803719004338	2.80530900458472	4.18665438961953	4.27132827088306	4.49381481755108
chr5:76413128-76413629	Her2	1.53429704268206	0.000348727034986836	3.1225307579613	1.95455900269093	4.81437551017742	4.57268884468459	4.46821908606681
chr18:14752348-14752849	Her2	1.53400522349697	0.00601396998639167	2.91413195832345	2.71317500248347	4.36373656296782	4.02160902924622	4.34062946285423
chr6:17388775-17389276	Her2	1.533836702306	0.00317895331814485	3.00012668548874	3.4329685453542	4.43787186944642	4.94099504927512	5.45167258106292
chr8:123074606-123075107	Her2	1.53381199138817	3.5776196015009e-05	3.80468643811504	3.59976533316569	5.29736371093521	4.68664033388844	4.98220229984641
chr19:7820501-7821002	Her2	1.53371966147896	2.82820370270393e-05	3.51121466527398	3.73384637090507	5.07806895172028	5.07777199612525	5.15329657265389
chr17:39425020-39425521	Her2	1.53363972724786	2.74104785655005e-08	3.30873442954329	3.42059377161404	4.08632864597537	2.92234629705826	3.67875799881188
chr6:106527149-106527650	Her2	1.53362729356151	2.87303595661376e-05	3.20668273250007	3.8511250841298	4.34449990599934	3.10845942802532	3.59491874230229
chr17:38609308-38609809	Her2	1.53342916433469	0.000251949969285792	4.0653689652117	4.35132378815616	4.96566398334228	4.31806175490273	4.46741269651944
chr20:51118294-51118795	Her2	1.53340655800152	0.000320930031387357	3.6132417746126	3.97682076069792	4.90963504617339	3.8628928986351	4.09693973602677
chr3:11775402-11775903	Her2	1.53337351630666	1.68664447587548e-05	3.69899960810695	3.84127420607678	5.17970518104833	4.66898060361438	4.78495298917963
chr2:240065939-240066440	Her2	1.53297115970897	0.00117637008616419	2.29897025943286	2.03856517512163	3.74708278180663	3.81108302105409	4.06429774538618
chr1:190235345-190235846	Her2	1.53281526928101	7.35038329640681e-07	2.81178733612475	2.83905029195768	3.75612756949409	3.27810571112637	3.30842064985569
chr17:39259915-39260416	Her2	1.53258027278318	2.85167182501288e-08	3.17716954034138	2.94882808277682	3.75043908209396	3.00633972066806	3.46474830520299
chr1:31466248-31466749	Her2	1.53221959457253	4.68646633386297e-07	2.974464626384	2.27815725257331	3.86931071500585	3.22182433114704	3.48982263148648
chr1:200732365-200732866	Her2	1.53204376986204	0.000100830020214754	3.2132200257225	3.36360663836312	3.80495704347408	3.90678251232407	4.19022012984827
chr2:163367825-163368326	Her2	1.53164926517764	0.0251179089051065	3.09687288675471	2.69566394097226	4.87728630123069	4.61796835477241	5.26208031339817
chr11:11638786-11639287	Her2	1.53154073546867	7.38300690804714e-05	2.85700204910593	2.5300134566514	3.92627758736844	3.81258389317064	4.00208752650817
chr13:85971344-85971845	Her2	1.53133420507394	0.00144211603475141	2.78178935962159	2.51038632111044	4.03273032506858	4.60384781379252	4.64655980532701
chr18:14865904-14866405	Her2	1.53124222416599	0.00229176180551941	2.59529295374726	2.22655419501214	3.61794032763641	3.21370055405359	3.66282743743378
chr12:114390104-114390605	Her2	1.53069720840476	2.45310724736845e-05	2.50386723848169	2.38629582337878	3.45637713976433	2.98732461268527	2.60470492469483
chr7:110575617-110576118	Her2	1.53055557213136	5.58041200611956e-05	3.27339669582746	3.01163506283033	4.31197670055238	4.09922890354742	4.62199194391385
chr7:40976956-40977457	Her2	1.53046149164857	0.00272235434483881	3.28970794169652	2.72037492414799	4.75709919460981	4.80352502080569	4.61820731488277
chr7:130308261-130308762	Her2	1.53006571309975	0.00108916619110088	3.38632352214291	3.70729264959084	5.08911495215868	5.382270769589	4.76375551577645
chr22:25930029-25930530	Her2	1.53002247803632	0.00540937607559431	2.9952973311915	2.32306973124263	4.26073984116226	4.58848095020196	4.50160208027958
chr3:127520398-127520899	Her2	1.52993062576187	6.1941072977528e-06	3.08598290548304	2.73700818021627	4.32621668101508	4.06737454095471	3.73959137336561
chr16:48298736-48299237	Her2	1.5295853607567	3.2443955571852e-08	3.16128395411292	2.89083421610861	4.26845867168996	3.4895788118906	3.54175494428813
chr12:33600040-33600541	Her2	1.52931541990536	0.00170832493688239	2.70920589445519	1.9568696030136	4.03485207054025	4.09799423745709	4.14293598763195
chr1:175318413-175318914	Her2	1.52929018927361	0.000512148350057133	3.94531901138244	5.04780633318038	5.83170294810461	5.48312857580423	5.25572218355482
chr10:37209852-37210353	Her2	1.52905528533912	0.000902860356036068	2.83138797106895	2.48668140814703	4.32562666209216	4.64088243635844	4.22487606915385
chr22:31077613-31078114	Her2	1.52872405132316	0.000188776639434639	4.23615034344404	5.24081888708289	5.84263516272735	5.00100943770753	5.32681378455261
chr13:28431766-28432267	Her2	1.52847834024125	7.04417111655512e-05	3.10295392418491	2.61917236129605	4.23473784836803	4.55412934160812	4.29613764097697
chr21:44571594-44572095	Her2	1.52815145069964	0.000257068162277942	3.18751576522607	2.99926851700315	4.50217940656	4.32886988402864	4.57322626521835
chr17:40101835-40102336	Her2	1.52807728127725	2.47291450262009e-10	5.1624880110898	4.82872175393432	5.98407392157891	5.09188952134075	5.3723487103405
chr14:34259402-34259903	Her2	1.52805533681572	1.4414077997334e-07	2.98047341084734	2.69212120241548	3.51725365837277	3.1801693529192	3.23926362019111
chr22:45916437-45916938	Her2	1.52801329215262	0.000391995720197712	4.15606093706309	4.4687679587985	5.90308052750963	5.32100633452626	5.21336818113832
chr6:106906618-106907119	Her2	1.52769910619292	0.000246423764675319	3.42993396508125	3.71956760595652	4.83645245997576	3.68918647499203	3.80487153525964
chr10:37165597-37166098	Her2	1.52735108691844	0.00935367332317483	2.26455967979331	2.05426892764662	3.76032829505992	4.12112452602875	3.83655632883102
chr5:58078743-58079244	Her2	1.52703967960412	3.02999495412133e-05	3.12058925847792	2.50505447952996	4.27796715798824	4.20878990615387	4.16884381841816
chr4:68345864-68346365	Her2	1.52669169421094	1.40061352557397e-09	4.46575488495012	4.022119956364	5.62943221953107	4.7419615691261	4.8096195042766
chr16:27129331-27129832	Her2	1.52668387751032	5.91032879243412e-05	2.80777280445974	2.58632615027022	3.87887931992307	3.25119125885612	3.72330417487851
chr10:29050674-29051175	Her2	1.52637656485518	0.00292702895363363	2.85238583570412	2.38557533463817	4.51654633679052	3.42448020322205	3.85530758895586
chr10:8399678-8400179	Her2	1.52637589861034	4.47186542458103e-05	2.88395933309862	3.15652937722656	4.50963131789713	3.84627991985506	4.08638780622646
chr4:168274803-168275304	Her2	1.52630663892648	0.00182051189758019	2.71906387776983	2.32902795178235	4.14840133970606	3.76311865710191	4.20075843029166
chr17:40651991-40652492	Her2	1.52627707497029	4.37486663558071e-06	3.25275342072238	2.59370222362272	4.26425189501749	4.39577963345119	4.57039231273869
chr1:223490997-223491498	Her2	1.52560440860441	1.98973665089571e-05	3.31993530040584	4.60398119000671	4.93819772081322	4.58576843972201	4.15892294806346
chr1:31468031-31468532	Her2	1.525587519367	3.25688987837133e-05	3.42799706804531	2.60697695621878	4.38719284877677	3.88083752880858	3.95356363431423
chr17:39422003-39422504	Her2	1.52555573269507	1.72173998449559e-07	2.91612229871972	2.99151055112106	3.66652407813819	2.83727418767198	3.15810994968959
chr5:87208938-87209439	Her2	1.52544421477843	0.000141592593918145	2.59468712138167	2.10732859555497	4.04253932215955	3.47905971815352	3.55319898637759
chr6:85909072-85909573	Her2	1.52479798928418	0.00385369808968872	2.47268173431439	2.1104349973285	3.47076131207285	3.26382585894127	3.4486882075385
chr1:182608174-182608675	Her2	1.52475452741217	0.00029367892147538	4.05675937594211	3.89032556523069	5.55394573130278	4.67817520839103	5.32701756077897
chr17:38597968-38598469	Her2	1.52450964638555	8.66986871381303e-10	4.10375151399334	4.10975510795095	4.78234862874815	4.40238757911107	4.57868231100824
chr1:224323508-224324009	Her2	1.52420827553412	5.60255504463216e-09	3.3922842865855	3.78607420515536	4.8457689739384	3.7221448738066	4.15903595964522
chr11:78073899-78074400	Her2	1.52418053526538	3.57733940485271e-08	3.3634828196194	3.49803653972654	4.77512626909887	3.79991702188485	4.03258336518615
chr17:39431354-39431855	Her2	1.52389204812524	6.20233574478273e-08	2.80015127347228	2.60643543045616	3.52468585153655	2.61160584372111	3.00451211218
chr1:162290941-162291442	Her2	1.52383977442047	5.5964870795777e-05	3.28460212139749	4.43090542379181	4.30099020179496	3.54092532422461	3.93520161589568
chr8:70632588-70633089	Her2	1.52373735288996	4.99055933361564e-06	3.3241615514334	4.11712035561983	4.44055160188131	3.97809985766946	3.86090217614066
chr1:9124896-9125397	Her2	1.52372214914905	3.27100324218119e-05	4.32371067080287	5.39059814565137	5.92480238987894	5.05142132057746	5.04828612364239
chr8:126584036-126584537	Her2	1.52357404204363	6.49050909790452e-05	3.52777327045258	3.98206025796322	5.06066459683863	3.94427959617859	4.18349991224214
chr17:39274070-39274571	Her2	1.52350259691558	2.47748670481462e-08	3.19866298513948	3.24726644941205	3.76809158662845	3.1956867839325	3.46227339520413
chr7:123328336-123328837	Her2	1.52350119862367	0.00171095574299222	3.01563631797863	2.31618971791932	4.84736318075074	3.33648825800034	3.85002106692465
chr7:93189376-93189877	Her2	1.52313848026709	0.00301771507001386	2.98744876425127	3.97643052750757	4.6198804057131	3.96682555343879	3.91542241736737
chr17:76173976-76174477	Her2	1.52312597720786	0.0274302832029439	3.55223721700889	2.21517619190935	5.62103206455118	4.97687691887013	5.51036457804235
chr11:62238031-62238532	Her2	1.52308276646604	0.0250306110951437	2.97175016953187	2.82038671434008	5.27369078777744	4.39491404281893	4.3552883345132
chr17:40319508-40320009	Her2	1.52299665987176	3.52171013948503e-10	5.65617709542061	5.52645422128322	6.62120725379119	6.14244107549123	6.25275735592587
chr10:104467369-104467870	Her2	1.52272595655536	0.000503725945673304	2.7777113660082	2.24176102470903	3.87336009448724	4.17028746653384	4.32738077683806
chr15:40803033-40803534	Her2	1.52267278430729	0.000123746305705258	4.26287874446486	3.8187251676111	5.76596364746313	5.52660386982258	5.6193939636907
chr16:4737508-4738009	Her2	1.52267153159299	7.3286347119762e-05	4.43861382869296	6.10499067833718	6.0290483752239	5.1927855896834	5.56498944233918
chr10:82741054-82741555	Her2	1.52182152299296	3.13602203524643e-06	2.58360571494616	2.10274997569489	3.36942242014219	2.67838736847961	2.63592705405735
chr7:98009430-98009931	Her2	1.5216873347671	0.0130355991708789	3.05122506892763	5.66688017466446	4.50280681150341	2.92240101443837	3.28347456531402
chr2:84089862-84090363	Her2	1.5216594456479	3.16304269606661e-06	2.84914038605957	2.91850669864793	4.16482252337375	3.21162583084993	3.23391777021117
chr3:179462927-179463428	Her2	1.52160474185405	0.00202222828152221	3.4114339027539	4.21095405981231	5.0939408235951	4.69818660303937	4.9334665193625
chr17:68294989-68295490	Her2	1.52147278162718	3.02999495412133e-05	3.66978570843174	3.80844936650251	5.07698872914299	4.64138915809108	5.30675666011258
chr9:90430170-90430671	Her2	1.52133912970977	0.0011375125418961	2.78906310197972	2.4238814643082	4.19644391582009	4.43341180728148	3.96351563494996
chr8:117251244-117251745	Her2	1.52124582964031	0.00408141261650726	2.42901007875038	2.07706959138329	3.80627592429537	3.96033787953512	4.28806993154729
chr17:39449064-39449565	Her2	1.52119274510671	1.22819834323169e-10	4.06137091281296	4.01070504834928	5.00313641640812	3.89418427785622	4.17981990053803
chr3:8708501-8709002	Her2	1.52091192502549	1.10447894588788e-05	3.4758976678752	2.91931859947782	4.74053763278429	4.52212308938649	4.67439225218218
chr6:47914838-47915339	Her2	1.5204954420383	0.00162088131937757	2.1957311613279	1.7173818233557	2.904084048569	2.58171790842943	2.25168602978885
chr6:106543777-106544278	Her2	1.52043775120952	5.10448581637383e-10	3.01147057803454	3.52500737402923	4.04142547671728	3.22385004577651	3.49168941850359
chr12:66650783-66651284	Her2	1.51995903929925	0.00470099533855132	3.22879284338595	2.61728610271492	4.87526894879407	4.47386024883834	4.81525673148617
chr17:39515568-39516069	Her2	1.51976488374163	2.37567586974805e-08	2.92432047836095	2.76385748638468	3.70441687482919	2.83422475830243	3.23360123583731
chr17:38589399-38589900	Her2	1.51976471055974	5.23110485386691e-10	3.91405481049125	3.76593755850571	4.63394519110898	4.06590836478291	4.36488819538082
chr17:39343690-39344191	Her2	1.51967544025886	1.18709913263742e-09	3.19542271959188	2.98301362712772	4.07614181880524	3.06420392943208	3.43374672818115
chr22:41002273-41002774	Her2	1.51965613764041	0.00174724808357757	3.63578042118667	5.24487706754787	5.38406552223827	4.21820244561984	4.52207876738506
chr3:59449160-59449661	Her2	1.51899193196756	2.7443430892079e-06	3.08892960498627	2.67080101171425	4.21219745147194	4.02760828141701	4.00055363168513
chr1:150407671-150408172	Her2	1.51886446048301	6.59449469789849e-06	3.61766119194164	3.42611291716563	4.75813323637738	4.72925378449115	4.85351166005579
chr17:39417606-39418107	Her2	1.51878127873032	2.28705200824007e-08	3.01358640108347	2.99684214171514	3.77349955714367	2.84728933692201	3.16912562447049
chr7:92471995-92472496	Her2	1.51829972107678	0.000159634155132702	3.61933886046171	4.14364025805354	5.31815275761982	4.18960142156813	4.14828212051204
chr7:30508473-30508974	Her2	1.51821745225442	3.57333137273801e-07	3.86622525810687	4.24748516168241	4.9687556706622	4.62546950115942	4.35674520088652
chr10:37217949-37218450	Her2	1.51810256049579	0.00755303164821353	2.63271878752702	2.16244455147969	4.31045067427013	4.84615088803538	4.32881307819246
chr6:132946476-132946977	Her2	1.51735862978247	0.0113986934001583	2.52576907278269	2.3402721635048	3.72917726370095	4.11250703471634	4.02290724020279
chr8:118239216-118239717	Her2	1.51715120305531	1.96514269406482e-05	3.11760465711614	3.87317911886148	4.46350542231954	4.04998492157104	4.2503762755222
chr12:68436646-68437147	Her2	1.51679753186946	0.000133619057349492	2.88551453990991	2.55353951754931	4.16524255919691	4.19404870644714	3.98243114778017
chr17:39519135-39519636	Her2	1.51677926575849	2.90256119023129e-09	3.55922172858427	3.55626349386472	4.49955474673402	3.54178859449269	3.96327581951118
chr1:172112784-172113285	Her2	1.51677479535287	0.000219451968842177	2.77069130089006	2.27144688342213	3.61310387718313	4.30401766988331	4.24283804574028
chr17:40227222-40227723	Her2	1.51675282836293	7.75118864982884e-11	3.31938276898365	3.1699420705224	4.2367128856783	3.77079227423291	3.93346232344316
chr16:49090906-49091407	Her2	1.51655700716439	1.30213731441417e-06	2.46840206584484	2.06635153895238	2.93836699993947	2.25397971304643	2.38598794016211
chr18:9329434-9329935	Her2	1.51648597042067	0.00134857641474037	3.31689178989722	2.88356175159487	4.96318263058006	3.89388648634378	3.90778758877122
chr6:51891741-51892242	Her2	1.51616305848306	0.000325237870258347	3.37707356447052	3.13615729751798	4.66535989076924	4.15100949843428	4.60267598354635
chr10:8064768-8065269	Her2	1.51603732530745	0.00781280687098968	2.90944284013636	3.61856570906353	4.57716814081322	5.00227768000685	5.01847311527877
chr1:11362715-11363216	Her2	1.51600689099169	0.000225573909085565	3.50573018310084	4.16918571972064	4.93646485709563	4.52685344096582	4.30288623895913
chr13:70393863-70394364	Her2	1.51593258748214	0.000138728464951965	2.81326985704991	2.16401616928688	4.082411278318	3.72332253188064	3.38249139991006
chr15:83651466-83651967	Her2	1.51560247201794	0.00604230744928802	2.97872664260132	2.39691085720397	4.69677308043532	3.93566889765831	4.33727601906911
chr18:56365487-56365988	Her2	1.51544664050785	0.00495827274364493	2.63335407829555	2.07805725503836	4.1610477467301	4.54968074228073	4.31445511622544
chr17:39845403-39845904	Her2	1.51543378668464	0.00762908493050936	3.41554652583153	4.00295727516379	4.8752137475029	2.79159190473631	3.23980343492948
chr12:88479931-88480432	Her2	1.51428842258144	0.000115931238939345	3.39029377201141	2.6412271217437	4.67405450809654	4.15873889278207	4.62261359975778
chr17:38672873-38673374	Her2	1.51389942016254	6.61625327026882e-13	4.62483089503319	4.9041354989747	5.21777730519934	4.76712957260214	4.81268995050251
chr6:150341190-150341691	Her2	1.51373566954819	1.83948196362655e-08	2.8851789171769	3.19123606509822	4.00634846690319	3.10184073625857	3.33413634488046
chr17:40097040-40097541	Her2	1.51370930389631	1.14072373494273e-10	5.50306136220967	5.31763914099089	6.50443846902111	5.30462891442739	5.55991005819691
chr17:53025697-53026198	Her2	1.51340997525658	0.000175084609305653	2.99420917530231	2.42956894217248	4.42415501697665	3.76698738299866	3.70290270195758
chr17:39491063-39491564	Her2	1.51332502385916	4.56123530098011e-08	2.77555946743998	2.99560069791684	3.75601719081645	2.624868123726	3.06133272522891
chr6:106345201-106345702	Her2	1.51326338765828	3.46192694458866e-07	2.6039088292597	2.6698191649866	3.55197613479837	3.03589001810844	3.22505659957538
chr12:27642341-27642842	Her2	1.51302496502974	1.01888448344851e-07	3.41066387665698	3.83106581484875	4.75591351375874	3.79618100106515	3.85907951129408
chr2:179854760-179855261	Her2	1.51275641079457	0.00355794150086981	2.66416255020828	1.94435288251725	3.94842273115843	3.0450744123122	3.5615886732758
chr8:61784947-61785448	Her2	1.51218969093344	0.000466944294692219	3.57104558212044	3.08309407708011	5.01647011584842	4.9397575658162	4.89942209042905
chr7:28985231-28985732	Her2	1.51209303442472	8.42173111117371e-06	3.95017720510159	5.41532562598034	5.37042437302871	4.40750875374497	4.3734716684308
chr5:21686712-21687213	Her2	1.51187989052479	0.000561840075889612	2.83780583620578	2.53194690665102	4.32054166312289	3.59179155921232	4.3366944753629
chr6:106884624-106885125	Her2	1.51169506252725	0.00155016382697685	3.15991760429134	3.28797984566178	4.61540315993284	3.35515459544509	3.57181438694826
chr17:54807245-54807746	Her2	1.51168857641058	0.000389145719644945	2.95509700635973	2.59574248073447	4.45239926148878	4.41867321468064	4.14906841323361
chr1:66113640-66114141	Her2	1.51167906816486	2.81017322136425e-05	2.62794906045502	2.53098583604177	3.50931742067194	3.02958757004825	3.17132205703334
chr17:38593210-38593711	Her2	1.51151646481855	1.42591535018083e-10	3.91132649395272	3.94564477872702	4.61459038847822	4.19174921620432	4.35093186957347
chr17:39323211-39323712	Her2	1.51143488443051	0.000329584889020527	3.11632438206784	2.55542387568243	3.99024908816515	2.52680522544535	3.34064563403331
chr8:112661739-112662240	Her2	1.51137759299772	0.00030416238748505	2.58320182930972	2.4037439470072	3.52867115714861	3.38254217270359	3.826885513085
chr10:37331149-37331650	Her2	1.51116666967633	0.0102486775111215	2.49512500248682	1.90479452602378	3.73575911936852	4.20024815793805	3.810964794678
chr17:39277978-39278479	Her2	1.51108004407239	7.65084496230878e-09	3.31130906633696	3.14055521128388	3.79553860662644	3.03282106917833	3.47100355845126
chr1:85203011-85203512	Her2	1.51106488039731	1.45390896908982e-08	3.86863907210233	3.95375943287498	5.03541287496315	4.87354969982845	5.03767310782717
chr17:39415685-39416186	Her2	1.51076409566955	5.17893856698745e-08	2.84481100560109	2.90372508940313	3.78229593387996	2.66509241037147	3.05663147638255
chr10:30586388-30586889	Her2	1.51046126069361	2.04261263229767e-08	3.53217878625725	4.26203145115269	4.87951576907625	4.13757601743374	4.35966078248716
chr14:63666246-63666747	Her2	1.51011536820052	0.000416135067656969	3.1249426902698	2.58168731726564	4.41001014454008	4.46569440648138	4.43301804012655
chr9:109420581-109421082	Her2	1.51005244173733	5.45459641344598e-06	3.30041258460902	3.24930653725715	4.34476047597186	3.79794606175048	3.76180209164924
chr18:38764099-38764600	Her2	1.5098022074324	0.00786770725677272	2.64532545020521	1.97087225629486	4.07429246116486	4.19664015991134	4.12596747006108
chr20:64037640-64038141	Her2	1.50966271940587	1.24748265704143e-05	5.68465973486473	6.12872136728671	7.29728032130787	5.94854742575958	6.40182401378713
chr17:39445879-39446380	Her2	1.50918045546605	7.00838074085429e-09	3.05301429953406	2.95913691812568	3.87558272969488	2.84565605705024	3.54130858541167
chr14:93999450-93999951	Her2	1.50913925575733	5.36628128950214e-09	3.73348433835902	3.46983760428714	5.12195207384665	4.5961119959763	4.69761060358072
chr15:61752100-61752601	Her2	1.50910949651436	6.2472815004169e-05	2.93168437020604	2.88768329972137	4.35570398511676	3.81437452465113	3.76178266531617
chr1:168569371-168569872	Her2	1.50903590744229	0.0050770771578018	2.92338130077136	2.36093274989392	4.29008833247449	3.34916683743938	3.06552620946542
chr15:61512250-61512751	Her2	1.50882430120182	6.66211032715879e-05	2.68999984938249	2.37782645238748	4.12289953932264	3.66773341368055	3.09234611499288
chr17:39362159-39362660	Her2	1.5083308809176	5.54527029777449e-09	3.3132543504734	3.23039354913537	4.22354426482513	3.13826698301707	3.65497959094928
chr1:236255789-236256290	Her2	1.50815676533037	2.78015867838421e-05	3.02143008953027	4.25748814091057	4.54647016972333	3.65010150462288	3.56921584914939
chr19:45068170-45068671	Her2	1.50805117575356	4.66107785423205e-08	4.61933910939135	5.63944819444306	6.05688398113973	5.6628377166526	5.51743091973283
chr8:18212273-18212774	Her2	1.50790346645322	8.67543930641597e-06	3.51520818459608	2.84593222066872	4.25133917933	4.6479211414381	4.73284857838018
chr16:15442703-15443204	Her2	1.50777107378498	0.00116852967700333	3.90257778064085	3.31953927777965	5.64285860698248	5.48962959929171	5.47429114133104
chr1:102238175-102238676	Her2	1.50773808880121	0.00011226599775551	2.70615375433769	2.16533902783944	3.79578652699231	3.68047619213649	3.52129249765241
chr16:62723999-62724500	Her2	1.50762299252322	0.00010087267493058	3.15438315105684	2.95096958198334	4.33281266449707	4.61937575244527	4.13696174662299
chr6:122559813-122560314	Her2	1.50702617959929	0.00031256482489926	2.49954905074054	2.11007509338192	3.58833233188877	3.43059022102379	3.17272913407041
chr17:39455303-39455804	Her2	1.50666503861709	3.89780734510429e-09	3.8136826256895	3.76739828174477	4.7198179063277	3.71405215071921	4.12372793027362
chr6:131843289-131843790	Her2	1.50665177453779	0.000122983014821682	2.86827596633676	2.2753910486365	4.43876575330401	3.96713573979922	4.4747274431627
chr17:39378375-39378876	Her2	1.50646419616404	2.19834499094978e-06	2.96290903463937	2.60787688695405	3.78652978539684	2.60584812090695	3.04900188429058
chr7:143140736-143141237	Her2	1.50604153581735	4.36311868154475e-05	3.05883460362276	2.97552872515666	4.00819192692051	3.82189827194974	3.99697823017538
chr1:5394089-5394590	Her2	1.50593852509984	4.66562540594064e-05	2.95888556412843	2.04679166350012	3.71799809959049	3.44494614889873	3.70213139529807
chr4:172266981-172267482	Her2	1.50583260996938	0.00169794295260484	2.69405866733222	2.15303786385875	4.24629096168689	3.86976586359511	4.05209633523503
chr17:36191048-36191549	Her2	1.50555673743103	0.000162938017453437	3.37740330348142	3.09294032034275	4.5819622137772	4.18689559217684	4.48093206498581
chr17:39415012-39415513	Her2	1.50550269619035	1.48791259705326e-08	3.18884989277543	3.15551849040378	3.90720658031326	3.23072876024365	3.51406486044795
chr3:140199719-140200220	Her2	1.50539214716566	0.00613340948815581	3.2868990039413	3.3028570922168	4.9809409711529	5.36150668623119	5.23521727059751
chr10:74823038-74823539	Her2	1.50538058307119	1.10650464893734e-08	3.90970662254639	3.1985719420875	5.10253182430264	4.47741981065222	4.53459898792906
chr17:39795901-39796402	Her2	1.50502167452576	0.000337762701350866	2.74590186218008	2.54734422957792	4.05943517427801	2.40998935496357	2.93040066592289
chr6:81440900-81441401	Her2	1.50483224788748	0.00211722501409943	3.0103098001245	3.33939394046505	4.37393875448293	4.03784799456797	4.3871944477149
chr8:140044360-140044861	Her2	1.50482257310766	0.00670038087365431	3.67661285488148	4.61512650203389	5.62904489854894	4.68089535066647	4.96710107770636
chr12:8691959-8692460	Her2	1.50473217749292	0.000986753148455054	3.95260528531275	4.48518652447684	5.65989859295143	5.0409176779505	5.11599547287082
chr14:33117180-33117681	Her2	1.50446224816021	0.00117637008616419	2.88944826082458	2.56844346307246	4.05282864125255	4.16384406274099	3.86482134535305
chr16:22204535-22205036	Her2	1.50439156968766	1.20538908668226e-09	4.68740024113654	5.56403132989876	6.09853497571542	5.12145549092551	5.26662089025797
chr6:17390193-17390694	Her2	1.50420891685805	0.00149179917249903	3.15935651089649	3.48327349480337	4.22133392532377	5.020883794988	5.08546584022816
chr17:40058856-40059357	Her2	1.5041709977947	5.81653871232158e-11	3.72706818661409	3.75713327616805	4.63121657519753	3.68014791379861	3.81679418640333
chr1:153630994-153631495	Her2	1.50406059596681	8.86739012228192e-05	5.01587020410889	6.34834515825249	6.54883819041145	6.09184688441556	5.95174028965758
chr5:85525502-85526003	Her2	1.5038243901594	0.00089152682743995	2.38481596316972	1.87049561690677	3.78059507952317	3.31891578241324	3.67588781870203
chr17:39420428-39420929	Her2	1.50376170625545	8.00989209876429e-07	2.77663110614113	2.72467070980124	3.47790943889917	2.51699721836291	3.25263273747883
chr15:69483325-69483826	Her2	1.50368291343089	9.90419466798404e-05	3.75761860236524	3.75891107072008	5.33810083221625	5.44425816632738	5.36055347214215
chr11:15616111-15616612	Her2	1.50314173479255	0.0188590446558407	3.53947270145498	3.50516031524071	5.47399175421823	5.56395188072806	5.96129160683678
chr9:38197570-38198071	Her2	1.50292253871532	3.19346042792118e-06	3.51605381396111	4.79903960606218	5.06430303928608	4.73210187798046	4.31060356273553
chr6:69178268-69178769	Her2	1.50284661977574	0.00514470097679983	2.74829603376376	1.93821084085754	3.87504918048763	3.63972503867559	3.72978094851183
chr17:39490399-39490900	Her2	1.50276822531803	1.68695188138716e-06	2.37978381921066	2.20445748759221	3.36049435809435	2.11216069539926	2.79488328235967
chr17:57821606-57822107	Her2	1.50230077330027	1.57886159717584e-05	3.23857747129703	3.18424879161938	4.62894801820131	4.28976348795683	4.60485762109153
chr1:11794338-11794839	Her2	1.50228776030992	2.14478201100047e-07	4.21812790468971	4.02414409944326	4.88872672222734	5.19457276874521	4.79442651754895
chr6:67563621-67564122	Her2	1.50222218818724	0.00974814308041788	2.34198654112587	2.11783876393051	3.87052042076705	3.16157707994249	3.7054500098027
chr11:2251087-2251588	Her2	1.50176169799614	1.38171855636294e-07	3.35498163411725	3.44349770903454	4.49171232721846	3.87266785551472	3.88672110253401
chr8:140295758-140296259	Her2	1.50155804218813	3.98490182506955e-07	3.16262237502882	3.11054043093609	4.33088006150696	3.81589706374655	3.94740026205967
chr12:88425960-88426461	Her2	1.50151343982205	0.00150363941346113	2.80260724263097	2.26402036520334	4.21752863299747	3.87319202746913	4.63841426358188
chr7:37672903-37673404	Her2	1.50038579833403	3.61243603618398e-08	3.06590457199376	2.99968057138528	3.74893793167478	3.04793202772389	3.36134394500255
chr1:191153428-191153929	Her2	1.49993756357145	0.0218788825259925	2.33405801744263	2.24862207285073	3.80253207423402	4.04444577736078	4.86713093819423
chr6:137587546-137588047	Her2	1.49944881003342	0.000454673025348705	2.93503858093376	2.90472069830464	4.13319138170646	3.22691736201341	3.86701189650001
chr7:106714640-106715141	Her2	1.49907279698951	0.000427930585604295	3.03802126427394	2.942894492604	4.53122740427118	3.60242852007194	3.51556924078653
chr14:28353480-28353981	Her2	1.49902475871542	0.000527032562553084	2.88959471657617	1.98637068479406	4.19521965818579	3.14505554425333	3.4347108728271
chr17:39780195-39780696	Her2	1.49882182990637	0.00166922279777588	3.38885373888379	3.12170870358133	4.85732616689333	3.13703161427703	3.73707035941286
chr2:73673888-73674389	Her2	1.49844303574901	0.000183462693968672	3.04472631368094	3.06037411716224	4.28429368310719	4.77167527422319	4.11285094961076
chr16:24850977-24851478	Her2	1.49836428628166	6.44030329549166e-05	3.23636319845602	4.17938636436509	4.80992460135961	3.79599887173413	4.01929953012146
chr1:31512406-31512907	Her2	1.49835380647121	2.86177318354431e-05	3.78602803001794	3.21715908016146	5.08816989323427	4.83163424973106	4.73255653860955
chr3:196806988-196807489	Her2	1.49816160257888	2.32038533796373e-05	3.08227954619047	3.08734155131427	4.40676927927467	4.38587571054093	4.52617286133332
chr5:173702391-173702892	Her2	1.49809038864214	2.85666704924777e-05	3.90809794356089	3.50657175221309	5.27564553755853	5.24558410060624	5.1136898257172
chr11:120551147-120551648	Her2	1.49787848425697	0.000327856103977373	3.31273773585008	3.16382790529804	4.24595488225206	4.31907306070113	4.38650469651837
chr7:42234753-42235254	Her2	1.49784136372151	0.0104548337079171	3.55643520876947	3.33254201527349	5.46044270531034	5.57899827702257	5.69097295273649
chr4:40193669-40194170	Her2	1.4976776649349	0.00015762835760513	4.30681318059947	3.72285987185254	6.0615014746888	5.70049415802709	5.89288288980121
chr6:106872936-106873437	Her2	1.49766301994081	0.000113653901144844	3.26013749887351	3.49498105473535	4.64977111845444	3.62821001024607	3.80057639865219
chr1:31438399-31438900	Her2	1.49688925507384	4.42627364625365e-06	3.72327451046852	3.10012582007457	4.61776578497755	4.12340841233061	4.15667494984692
chr21:36333198-36333699	Her2	1.49677885746489	3.15199045053172e-05	3.65848337466574	3.53466456731792	4.99598421971916	5.01056137456757	5.15288632882467
chr20:23686324-23686825	Her2	1.49673800473034	2.57880002285415e-07	3.29517478422352	3.06376123079342	4.16327348979806	3.90357355542844	3.89428501409768
chr17:39469963-39470464	Her2	1.49655597881675	4.74591878965136e-08	3.01317081742706	2.89430255309399	3.94049608110856	2.83299885995001	3.26702618688147
chr20:46783084-46783585	Her2	1.49646569328534	0.000256045350867319	3.43484663089802	3.21107572983731	4.67811599967715	4.88156433678564	4.92884413223326
chr19:23913906-23914407	Her2	1.4963149754925	0.00189645501393013	3.93395137594053	5.86075505376071	5.63974417294994	4.50556522239042	4.60524607799956
chr8:37935305-37935806	Her2	1.49614008172682	1.63891986859984e-05	3.20732253405494	2.84815606400712	4.4248804243317	3.74361934623764	3.82186972197523
chr1:198947396-198947897	Her2	1.49612758427079	0.00105475273322513	2.7184724261083	2.85636061189019	3.98864528819545	4.04530474436416	4.29075910356079
chr2:239768801-239769302	Her2	1.49561405563079	0.00334917134305712	3.40277110584585	3.36787572155151	4.98474225215361	5.01194661743515	4.65393523771793
chr5:125446905-125447406	Her2	1.49559823250058	0.000902860356036068	3.28123148864454	2.22545841220214	4.69210626466664	4.77255221778774	4.37931887325458
chr10:8073061-8073562	Her2	1.49548567634777	0.0105022764120814	2.99857169073808	3.85856154958307	4.65403650989393	5.08596773148997	5.24429690691839
chr1:31436570-31437071	Her2	1.49530787790606	1.66202057568342e-05	4.49665922189907	4.09291821903717	5.51432681660566	4.7782171205298	5.08924223591025
chr1:147270781-147271282	Her2	1.49519724362033	1.54616477581691e-05	3.08507610647727	3.66556425925691	4.48978769828778	3.75277223313696	3.67215302572328
chr13:79100663-79101164	Her2	1.49498789557302	0.000126743870128668	2.79745416641125	2.46524766347037	3.40035014106749	3.83330400895966	3.43454187924134
chr8:66018768-66019269	Her2	1.49490107860952	0.000616212782933131	3.8988034615806	4.67794831887439	5.54011258871422	5.01219903031582	5.24847770855548
chr8:18211699-18212200	Her2	1.49434361785311	1.23367915544452e-05	3.25319341779414	2.40217722018837	3.88668194338232	4.28682162038198	4.26048719605964
chr1:233712532-233713033	Her2	1.49430122023675	0.000955154914094104	3.13393592122201	3.1302530737503	4.58921975681631	4.55592323891305	3.93842805145086
chr17:39354284-39354785	Her2	1.4937824802447	6.02801186821667e-08	3.22321513375905	2.70839679260308	3.78000463452068	3.10557863121218	3.48839939797836
chr17:39421408-39421909	Her2	1.49377306234114	1.32909464645729e-07	3.08550524488268	3.10968524802507	3.7726812510996	2.89154859319915	3.34443108838636
chr8:127676098-127676599	Her2	1.49371807220066	0.000142842537240818	3.44273683820704	4.67996698331215	4.93916920844807	4.2451819016939	4.28335955827187
chr16:15635846-15636347	Her2	1.49352351220991	5.21099831559921e-08	3.62893739537112	3.98963441303995	4.80804757935885	3.94434867550278	3.94122243367916
chr6:106532169-106532670	Her2	1.49293456057237	1.42256507984834e-05	2.89473547961346	3.30409605219226	3.9439068250493	2.98230187592956	3.37498740819527
chr11:60941078-60941579	Her2	1.49291555529654	3.31590183647795e-09	4.01233678803049	5.16878190936293	5.55891786795794	4.43317825342612	4.72085197308504
chr1:234451618-234452119	Her2	1.49287574690495	0.0238525538606753	2.98223468629542	2.98085951996886	4.78079511324466	5.08631180208368	5.41493748233022
chr14:23090212-23090713	Her2	1.49278286809298	0.0108187291135924	4.08530892726258	4.1751104819611	6.05848935450409	5.60347555966718	5.54673811344132
chr3:62010976-62011477	Her2	1.49251270365727	6.47037731230186e-07	3.19839069692481	2.54369623806799	4.03429725478166	4.17186264072975	3.90746646248812
chr5:42588666-42589167	Her2	1.49239483331098	0.00283608352650952	2.68206795869392	2.69886337342362	4.09069865678338	3.66108663337339	3.70874816136598
chr14:38329823-38330324	Her2	1.49239473222343	0.000142484475266811	2.86118028796529	2.14555093753432	4.07484826669876	3.6862567793656	3.89201504419772
chr20:51143553-51144054	Her2	1.49196407017516	0.0274302832029439	3.3821783868875	2.96408879574481	5.4874047360606	4.49481394255969	4.35473522353898
chr14:43789345-43789846	Her2	1.49172903294671	0.000598214386033246	3.06794758898999	2.13760636312026	4.52770054066637	3.83275943253781	4.26004324944121
chr13:82436189-82436690	Her2	1.49079943541071	0.00416618034722883	3.07699272319913	2.57478974313133	5.0193714092813	4.25177538416384	4.46899372909208
chr17:68422439-68422940	Her2	1.49060683111244	8.74289242561047e-10	3.4702786401649	3.46846810442743	4.30374153449612	3.95443390841225	4.10969515952526
chr17:39792242-39792743	Her2	1.49000838371231	0.000372557143904089	2.80682830246106	2.68859323054781	4.0784298075353	2.58759990109974	2.89006010156363
chr12:112785417-112785918	Her2	1.48969610153714	3.49671053751058e-07	2.53961778941512	2.34972724138266	3.34406959682073	2.67730551796204	2.7701093402402
chr1:2377463-2377964	Her2	1.4896277587702	2.03023312721905e-10	4.20147052079804	4.75582476111469	5.09085961670372	4.72419874864555	4.37953972491844
chr1:11605560-11606061	Her2	1.48944952201364	0.0143532256197703	2.499897937761	2.7594207027234	4.03948978214525	4.11560540750641	4.45735844525244
chr10:79252503-79253004	Her2	1.48925160523854	3.21255903565647e-13	4.40319773161362	4.63918819861904	5.56216886141287	4.9524657575745	4.97861227449728
chr1:219972626-219973127	Her2	1.48890673228354	2.81270014839863e-05	3.36188756991173	3.42497729151526	4.39059523716578	3.6277603204188	4.00684153697548
chr10:37307467-37307968	Her2	1.48835419323716	0.00063487597248107	3.1413100726577	2.57275668328538	4.41717136410041	4.97317442287651	4.34378368503456
chr10:8062933-8063434	Her2	1.4883484902786	0.00928934051486585	3.40108161346758	4.04958642491154	5.2132302902862	5.50199221924031	5.5341968281472
chr14:90169087-90169588	Her2	1.48820675161679	0.00205091925789868	2.89379005677967	3.6828956899151	4.15006241617836	4.56771207000847	3.79872968743061
chr12:7990720-7991221	Her2	1.48816401494626	0.00186334557075296	3.56660266629783	3.6691728461922	4.70259196209004	4.1630714035379	4.41154265112603
chr1:163580903-163581404	Her2	1.48780921150204	0.000599873581201272	3.02391284564523	2.71465689271511	3.75233318833904	3.07823039919156	3.18170000621191
chr1:161998748-161999249	Her2	1.48777892036483	0.0119954298089569	3.90996957954008	4.28090181903191	5.65536232232228	5.01485675830033	5.08164320944169
chr2:116384438-116384939	Her2	1.48775812457706	1.08557155326609e-05	2.71482684130258	2.35923351604396	3.75414373805368	2.80152905365553	3.04389798708728
chr5:175107120-175107621	Her2	1.48764779401854	0.0040879334352031	2.95181798964315	2.70042427722644	4.20269038504542	3.84467102617056	3.63068699046218
chr17:39432031-39432532	Her2	1.48691701687349	8.56529486753573e-08	2.89124230486377	2.74236765952556	3.63326055962482	2.51047626743745	3.28353138270374
chr7:136151851-136152352	Her2	1.48673798432764	0.00904268333735624	2.68455889587875	2.09407421982237	4.23400943894649	3.29002983195337	3.130221218202
chr16:15460409-15460910	Her2	1.48623872991236	0.000145754609267096	3.4730772056404	2.93672140177526	4.50189579178539	4.38369077902066	4.47546496114978
chr16:77602564-77603065	Her2	1.48590201227886	4.37947230950732e-05	2.37889804365098	2.00957501358429	3.12343423790998	2.95547183234599	2.97160435047888
chr11:125562342-125562843	Her2	1.48581352087971	0.000351643186523199	2.86665253171509	2.42142317145546	3.77311262190302	2.90051496546576	3.03104785601195
chr6:106348205-106348706	Her2	1.4856642448952	9.36021542451226e-05	2.87085347980252	2.74043639725045	4.24246991915145	3.21527417827027	3.65444521712965
chr8:40405255-40405756	Her2	1.4854781525572	0.00671008827929448	2.93683510114655	2.55808651419737	4.5971669567064	4.63226788585541	4.7259916300176
chr10:37302252-37302753	Her2	1.4852764469909	0.00201191469872272	2.81733910111432	2.34467946255528	4.15297202642898	4.69847956849081	4.26129506164905
chr17:39416531-39417032	Her2	1.48502484012524	5.70001576953472e-09	3.28564713790872	3.35783727728853	3.90290251986324	3.1831358131335	3.48306180087907
chr1:57110426-57110927	Her2	1.48492656222754	0.00413588132335481	2.72484545064374	2.2968885281912	4.19574432613842	4.50258344465972	4.13263232789391
chr8:126373226-126373727	Her2	1.48472128393858	1.61479003573829e-05	2.72627717649732	3.45085323236696	4.04181138970688	3.27429787652168	3.29507593456307
chr10:29108332-29108833	Her2	1.48440383979923	3.22783664223086e-05	3.46960679820862	3.71947669941728	4.96420618150659	4.73234481538611	4.75398224714706
chr8:137189150-137189651	Her2	1.48431124711713	0.00122978674670942	2.95537405945664	2.98103785868751	3.35694060526541	3.24006038202653	3.51793984784233
chr16:61395364-61395865	Her2	1.48410988893361	0.0101750186344694	2.67457821658322	2.39694664040007	3.94594622724716	4.1921950263925	4.16442980998892
chr2:236692347-236692848	Her2	1.48355980533173	0.00129850744894398	3.0807361704334	2.39054304876999	4.18046087219333	4.41429511082042	4.75849787399706
chr20:44788810-44789311	Her2	1.48301059925228	8.05250574639243e-05	2.77016725263159	2.20669144581461	3.76349992060415	3.13009949201367	3.95120008382812
chr3:183192957-183193458	Her2	1.48293127241136	8.98995700207325e-08	3.1583400391689	2.82086651737886	4.40574711002533	3.41348026276653	3.57765947550529
chr8:116077926-116078427	Her2	1.48199369872106	0.001546670526854	3.1184085892379	3.49160635332457	4.56770854587146	4.77184565398317	4.72203383695142
chr17:57214379-57214880	Her2	1.48160333017339	0.000790267159692127	3.09995378563979	2.53114745527954	4.26680091996958	4.43099282102624	4.64327994723622
chr6:124999766-125000267	Her2	1.48141731509043	0.000680221851191265	3.53432719699631	3.77645684538494	5.07286518579072	4.8400294853201	4.32819751968743
chr17:39790582-39791083	Her2	1.4812707238405	0.000403387621165904	2.57957509350191	2.22656937801619	3.84793432380806	2.22330953035036	2.90311541926485
chr17:35590204-35590705	Her2	1.48108459809219	3.17713604209419e-08	4.11679857781217	4.17889813459155	5.24951866203921	4.86745608538707	5.09945041575324
chr6:45588740-45589241	Her2	1.4809967940922	0.000126792399430803	3.57870392294399	3.89969920861277	4.74774034656169	4.66503601942767	4.95646551593241
chr17:40333117-40333618	Her2	1.48068914984586	7.84181047215112e-08	4.55185944443238	4.33367797204367	5.59225369114481	4.85600518604316	4.9885230932706
chr1:188061887-188062388	Her2	1.48059597956453	0.00664465134074015	2.80448415635886	2.41414303997778	4.12231779789826	3.82196948978463	3.8253069842914
chr17:39513343-39513844	Her2	1.48059162661483	1.52170470499533e-05	2.97823504823169	2.95326301566553	3.83203395616807	2.60724022414257	2.92529757805999
chr17:39509734-39510235	Her2	1.48043128484655	9.40907807995376e-07	3.13488994183037	2.97829957790887	4.05825096392862	2.94169257681883	3.60621448437879
chr17:39474682-39475183	Her2	1.48023826185014	2.49514167968936e-08	3.01891341218416	2.81524635092854	3.97310150095777	2.73350364965882	3.22224017802619
chr13:74936126-74936627	Her2	1.47995916740239	6.2803299029437e-05	2.64761326673891	2.2915055091809	3.50201088839525	3.50101842086134	3.34511886293874
chr8:115724148-115724649	Her2	1.4798372367747	0.00112429914062452	3.16081416323523	3.79095815373435	4.68553664413302	4.01927892386598	4.40675992911879
chr21:28550153-28550654	Her2	1.47966973944523	0.028095262270378	2.75862550007953	2.49029880738749	4.52329553884581	4.3356453817433	4.38993795593161
chr2:96883708-96884209	Her2	1.47948375543024	1.63180580587083e-06	4.23896014317428	5.38096732029153	5.83365335602308	4.60300349960178	4.78898835638295
chr8:39244214-39244715	Her2	1.47941663900989	0.00166212636530216	2.73620839986643	2.50805377981533	3.6709557598919	3.93442375513146	3.82915895712234
chr2:87429762-87430263	Her2	1.47938546604191	0.0184862687303176	2.59965624297321	3.74744154033711	4.45999171065935	3.32840928495096	3.79227613570428
chr8:126585566-126586067	Her2	1.47921971941626	0.000690467351965265	3.59418571213139	3.60706827548914	5.0486336504638	4.21023818293329	4.50835634837035
chr6:46762494-46762995	Her2	1.47912957398956	0.0198040898308799	2.64861423631598	1.9896785918802	4.42917603770405	3.50534812348874	3.3098366646738
chr1:223476253-223476754	Her2	1.47903391465981	0.00704472643341141	3.01636857591002	2.94696269731092	4.2316302892928	4.96807337915393	4.87830290847901
chr6:138233566-138234067	Her2	1.47886856562911	0.000390481738747877	3.57095160507462	3.34042790845809	5.35462245504329	4.29850738349561	4.31051852693453
chr5:116319427-116319928	Her2	1.47875877020481	8.29999499805179e-06	3.10342392241786	3.00004432854573	4.70494134745872	4.20964915897199	3.93616189209642
chr17:27689567-27690068	Her2	1.47847037221604	0.00070521954784899	2.60724820119748	2.61642868702399	4.05892570402103	3.19744239663635	3.05856699946129
chr3:71540039-71540540	Her2	1.47835377194907	0.000371728392631707	3.12395822699151	2.96668297036206	4.60655166467754	4.33956930620658	4.84727620094007
chr17:38577191-38577692	Her2	1.47812059164969	1.94727982771787e-06	3.890585925141	3.44698478107781	4.5747016679949	3.9459252587043	4.16193734028766
chr10:9066616-9067117	Her2	1.47735734520261	0.00435700633197645	2.85710517964449	2.5402160590938	4.27822897296734	4.80901953750761	4.72942234764022
chr3:5074486-5074987	Her2	1.47732907703014	0.000750909070956129	3.18791387204217	3.08759460483731	4.53991575300922	4.4415905253332	4.75496655418147
chr4:138915609-138916110	Her2	1.47688353812021	0.00250876238803012	3.28090041780963	3.11450282747421	4.70039209927213	5.19674738383276	5.01316550087367
chr12:99915758-99916259	Her2	1.47677706544163	0.00300373630342661	3.22870022546041	2.40192246170776	4.67271807864519	3.98416189127213	4.21250348684577
chr8:125069032-125069533	Her2	1.47675389013938	0.00200868373781824	3.54539592811231	3.4797566930243	5.13177948090376	5.35226492970662	5.70856756153915
chr12:123095491-123095992	Her2	1.47655336309588	3.72560920153879e-07	4.19726212147605	4.16082006685646	5.63602815163814	5.02886394041966	4.7666956625356
chr10:103540698-103541199	Her2	1.47640277115942	2.20849897825198e-07	3.52456521425686	3.48560835067364	4.44196655953849	4.43156437561369	4.58253200344621
chr2:75594847-75595348	Her2	1.47630149246398	5.67151879291781e-07	2.97785029080253	3.3832321621929	4.04625286860167	3.55595876270131	3.64647463578356
chr14:100038497-100038998	Her2	1.47618785211503	3.45239939641165e-05	3.56819730927254	3.42182772135361	5.13801920110484	5.04576246144478	5.07746254007285
chr15:96199038-96199539	Her2	1.47615400942297	1.81235632597246e-06	2.99686923961436	3.11200608084028	3.84962277777253	3.69182073291223	3.82956448820975
chr12:110992458-110992959	Her2	1.47590095169064	0.00407157361722876	2.27434096771459	1.62530470590251	3.61161223984916	3.15496594336003	3.21793687418756
chr12:53803638-53804139	Her2	1.47577512931435	0.000567197069226577	3.35157873031186	4.14638607124239	5.10231251745825	4.85176180942173	5.04917679334395
chr5:115382824-115383325	Her2	1.47532689674554	6.89017559823359e-07	3.15098077057232	2.80183397066786	4.26250252424715	3.62144112215902	3.27366910256815
chr3:8448061-8448562	Her2	1.47515437870802	8.61954182052617e-05	3.2577488527252	2.59169216861378	4.65670908706263	4.20789880428582	4.49840716402371
chr3:13123776-13124277	Her2	1.47459760619811	6.27075786662802e-06	3.25041217367667	3.06957497162343	4.47710442380588	3.78117978810727	3.84550889189743
chr6:106964335-106964836	Her2	1.47411913756862	0.000833470114223477	3.39208578457913	3.70812803934012	4.72391065054407	3.45725457510083	3.51293941176384
chr13:32023038-32023539	Her2	1.47367613708809	6.87796569423599e-05	3.33220612697807	3.23920799560183	4.08343098039713	3.65458019469278	3.76664486724059
chr6:142725823-142726324	Her2	1.47363725244495	0.00562731138006182	3.09369046686437	3.03432192119507	4.91032257525276	4.66490358555999	4.45207910025405
chr17:39260524-39261025	Her2	1.47341178937281	3.15638117977692e-08	3.11828893185811	2.95355830327907	3.76572778897469	3.04866218025482	3.39656997684828
chr10:125122325-125122826	Her2	1.47329997942715	3.19778180270194e-07	4.19031122695812	5.33222034410636	5.31654048197101	4.59414166182255	4.5817114777431
chr19:53775471-53775972	Her2	1.47329466565263	0.0165084753163006	2.84628331211379	2.3504495760683	3.99387352584149	3.63905899654179	4.1873056664501
chr17:5286805-5287306	Her2	1.47326654810925	7.87224650879365e-05	3.67384012038662	3.35328725141827	4.9720169640139	4.70337778564318	5.14505177969224
chr12:89237691-89238192	Her2	1.47318743099198	0.000251949969285792	3.43735483397254	3.62444424753417	5.00870853888122	4.31846831245849	4.42424956234712
chr12:120047613-120048114	Her2	1.47282683768618	0.00067332367735299	3.01492795514837	2.00953562272022	4.50936359215091	4.15643446016539	4.22171604991883
chr17:39430662-39431163	Her2	1.47276384275483	1.07789875239709e-07	3.08243922956518	3.17745854849617	3.95536604037296	2.82217700454891	3.29721108828177
chr17:40324599-40325100	Her2	1.47267255331801	2.90241125940417e-12	5.05837010081105	4.92867082295719	5.86413260089052	5.38273577183297	5.560816086342
chr20:59926765-59927266	Her2	1.47201740935668	0.000252613726017118	3.56947798361596	5.08410420896767	5.00789512918008	4.64077488883813	4.50461394828467
chr20:57694410-57694911	Her2	1.47200278881124	0.000369490549401687	4.84233183956055	5.84755920171877	6.1254367018246	5.18359789570232	5.30836410444991
chr14:43655821-43656322	Her2	1.47158007917155	0.00210508347270786	2.48582232895186	2.14927095702346	3.24368020934751	3.4774352427328	3.37918158353835
chr17:39406740-39407241	Her2	1.47154029351098	1.36361681546493e-06	3.54028284442575	3.32865143434204	4.37321844151753	3.32059828486245	3.67933026805576
chr10:6823712-6824213	Her2	1.47140451071563	0.00148293780246731	2.68130515874981	2.43151210342342	3.94615695347244	3.22462632899729	3.03073537893045
chr17:39511949-39512450	Her2	1.47139098667658	1.04884990438629e-08	3.11340958420839	2.69700194380134	4.10232673886172	2.9946199614333	3.37946203903067
chr22:26118265-26118766	Her2	1.47121525552577	0.0240999951430214	2.59567132399332	1.93877271993474	3.55218304850276	4.35938959158937	4.1912933177637
chr1:2589414-2589915	Her2	1.4711505747738	5.53391081177644e-11	4.67591741535363	4.69898813441122	5.85395352718372	5.18914088332322	5.35550432991693
chr2:120219807-120220308	Her2	1.47104860856157	2.30164354604425e-08	4.09393155237221	5.31822206590833	5.55880994034543	4.89868216751051	4.58444272637669
chr10:62111659-62112160	Her2	1.47081760742173	0.000235214409736611	3.18153803715981	3.43504506768319	4.7590041677481	3.65079275361094	3.57090283336988
chr6:106954461-106954962	Her2	1.470797990242	0.000141863241884883	2.56028838849664	2.70601358122924	3.52992012634385	2.70848769106311	2.89648345065932
chr6:139298908-139299409	Her2	1.47067230891672	0.000776987935353351	3.2258154362995	3.4519327744006	4.46138192603961	4.29994533280113	4.33512787227912
chr8:95069717-95070218	Her2	1.47047529115826	0.0024861763626664	3.53469493232622	4.43428876064548	5.24846790268957	4.54752756433313	5.19129875467083
chr16:31430650-31431151	Her2	1.46997523750363	6.77400714746928e-05	3.79152278702586	4.1837382268582	5.18285394227682	4.97084970471779	5.12394120511792
chr17:40380164-40380665	Her2	1.46938970559198	5.95574981310527e-07	3.2923235267592	3.24623374147068	3.66613826383763	2.99476854156096	3.27362787729379
chr12:8820605-8821106	Her2	1.46919428087221	0.0119929204540576	3.45456183484896	5.66539653850588	5.41424366255987	3.87720703194703	4.35493820147488
chr10:31935583-31936084	Her2	1.46899699297589	1.99226903219909e-08	3.8576458192565	4.34197867275558	5.32445525173438	4.25665369484791	4.63375965805386
chr17:40300141-40300642	Her2	1.46895435886229	2.72039842432443e-14	3.94479472662253	3.8168454221717	4.93501615763948	4.04169636508729	4.4098420949236
chr1:61169035-61169536	Her2	1.46881069035073	2.28264307372504e-05	3.6669873004175	4.09280651485042	5.10236630342147	4.27319623255228	4.46137404091087
chr18:32087983-32088484	Her2	1.46831480859027	0.00155016382697685	3.89015075322972	4.18890297352521	5.64371881092411	4.91996727120069	5.57661464082815
chr10:43161199-43161700	Her2	1.46816900400873	6.35250430139187e-05	3.4903317363216	3.47967978553202	4.96025559614748	4.9367647667169	4.81471027739106
chr17:72673232-72673733	Her2	1.46770660232996	9.3196220383659e-05	2.72583519113728	2.2776671492343	3.62004707760411	3.25055008390211	3.54888564032855
chr2:1087223-1087724	Her2	1.46762678896221	0.000327856103977373	3.0856988523811	2.95472375965594	3.89834649527007	4.05873513318087	3.67844129156878
chr6:137658210-137658711	Her2	1.46744176321583	9.65077207005072e-06	3.72105481639127	3.08606816937576	5.13854197715021	3.78727171474449	3.63177278554843
chr4:40153767-40154268	Her2	1.46738060501532	0.00513601292864349	2.58845636833666	2.10451470319581	3.65680330588541	4.11706546314151	4.38081855620291
chr10:70228476-70228977	Her2	1.46624708170829	7.1949881185759e-05	4.32477698135297	4.47176610508706	5.62157492342605	4.45061433905423	4.35504606816511
chr10:5499880-5500381	Her2	1.46605862554579	0.000193185825052446	4.19929115882272	5.86790742016382	5.76440078380477	5.17279114811052	5.26041672530899
chr1:34753213-34753714	Her2	1.46581348464968	0.00250151398995682	3.56720585943279	3.38744836457331	5.03715656993284	4.47607942692477	3.95125565915091
chr5:56244654-56245155	Her2	1.46554571820599	1.50064695617273e-05	3.08922155766947	2.20266031456265	3.98167963060278	4.31194873614594	4.14674221897117
chr17:39502715-39503216	Her2	1.46553270043104	1.11824827563919e-06	3.30813876781734	3.34821492458546	4.18415750448869	3.10513619916125	3.93615187618602
chr11:84870434-84870935	Her2	1.46549490410346	0.00228276188458789	2.73411982356853	2.53151434175488	3.38838955589398	3.20227749081334	3.68538227672687
chr1:202811790-202812291	Her2	1.46533066413117	1.55470295769147e-06	5.50657099229985	6.59255022735547	7.00283054317773	6.1808541961344	6.21779467907083
chr17:40312877-40313378	Her2	1.46489979452294	1.44162521387252e-05	5.47146231552632	5.19308464028988	6.45978922685062	5.57859017310685	5.65433346872096
chr2:31528784-31529285	Her2	1.4648993064614	0.00529753359082987	3.22229228400965	2.99586203175697	4.62073509170311	4.07568289639937	4.53005709446324
chr14:104141807-104142308	Her2	1.46485587199525	0.000109161449150889	3.7806299946096	3.69902780451402	5.13430270478156	3.88103620369145	3.87644540423947
chr6:2464604-2465105	Her2	1.4646316098113	0.000100734747252189	3.02325187278254	4.51547374289053	4.024129961484	3.92386639111529	3.65168115505222
chr17:39500506-39501007	Her2	1.4643493318599	5.04820687291553e-07	3.23968469223243	3.21595709392908	4.2378863191598	3.17110114130856	3.61309794738574
chr1:162845537-162846038	Her2	1.4643286716675	3.13646497384061e-05	3.19901329226104	2.97550833794956	4.22933153087986	4.14380558765818	4.065541523836
chr2:168251707-168252208	Her2	1.46393840170006	0.00196436966725053	3.51194414134817	2.98632741555876	5.20664353438406	4.17830385033466	4.43658803599638
chr17:39465498-39465999	Her2	1.46387096967563	6.55135282436834e-08	3.88679451285372	3.90263528604953	4.80282259724473	3.67140158509172	4.17484894003072
chr4:29371921-29372422	Her2	1.46382101804796	0.00374054812604356	2.74200171670803	2.46807005006433	4.17269411475763	4.38693399435616	4.12742883042443
chr11:87142066-87142567	Her2	1.46376923726713	6.53142202553083e-07	3.4882631783809	3.99260809831018	4.66857101918043	4.09372942055996	3.71211083634467
chr2:205895380-205895881	Her2	1.46372131626092	0.000819259531000029	3.29809630453658	2.84539205419459	4.6273552624369	4.58924033868457	4.86656443727504
chr10:126118475-126118976	Her2	1.46340572770575	0.00036234260721716	2.76731495916767	2.42566937114357	3.94498032296909	3.62866816929113	3.35701159393428
chr8:95191937-95192438	Her2	1.46293301080657	0.000105550007057747	3.85544915548599	5.00976246928636	5.37061417390667	4.98877604870422	5.27549267761478
chr1:31439195-31439696	Her2	1.4625105302895	1.18920900448967e-05	4.03057436954553	3.52748830765969	5.039968788325	4.12238470092294	4.49838691747099
chr11:34903085-34903586	Her2	1.46244328116032	3.48845214699178e-06	3.47557194804059	3.78448454922472	4.92303572819179	4.02391790304233	4.31670194419428
chr4:24594289-24594790	Her2	1.46187315536516	0.000185008612122978	3.85990489152709	4.69610165029507	5.48305290062395	4.81486342326349	5.06203240273504
chr3:151091556-151092057	Her2	1.46179484383361	0.000696007137872768	3.53237851033624	4.68264699777106	4.96307981006293	4.16072981079555	4.09395278386829
chr3:17238026-17238527	Her2	1.46171489436897	8.97244416403436e-05	3.25061662330068	4.42137813283941	4.6065041066632	3.19362254575987	3.55209263724748
chr1:119471035-119471536	Her2	1.46140556623706	6.73077123236743e-06	3.21008678410977	2.87708910118429	4.24758758125344	3.87620470492036	3.78223123733912
chr11:79093613-79094114	Her2	1.46115492193497	5.97104135379817e-06	3.38055122068195	3.96260861949984	4.58306631210306	3.81250972069354	3.54877791546004
chr17:38506144-38506645	Her2	1.46114814663054	1.06295793749577e-07	3.46895273523233	3.59004893793146	3.90852108720143	3.06332505665851	3.61214591942337
chr3:123154827-123155328	Her2	1.46102244402588	5.81176921883966e-07	3.83828245560055	3.48028309255946	5.26452448464498	4.48394780893634	4.77227980552882
chr20:43066393-43066894	Her2	1.46046225271701	0.000240496574842231	2.89184279177717	2.54595891855484	3.73080671883537	3.49454837316282	3.5591748986031
chr11:67661046-67661547	Her2	1.45999213304303	2.69421123928756e-08	3.1974734420665	2.91838586289428	4.15876150003472	3.43150312547806	3.87229071226946
chr2:57669444-57669945	Her2	1.45951819332123	0.00784254901096246	2.39612453577116	2.71691147518118	3.62185615016601	3.55210536303036	3.95231718920449
chr6:149083940-149084441	Her2	1.45943835057143	0.00170259313039071	3.59058659744194	3.80072575912715	4.82069528879693	5.44078959652865	5.53335501300415
chr5:35975032-35975533	Her2	1.45920359200705	2.7791612508227e-05	2.87910003587251	2.40311326608572	3.6657743215355	3.2661743777157	3.56265074026507
chr8:91028126-91028627	Her2	1.45898801428199	0.000792553221128966	3.17996907700053	2.69678171699664	4.3791684706002	4.20682333902177	4.18722217084537
chr21:42918157-42918658	Her2	1.458969420994	6.91936018421641e-06	3.81234434296552	4.15957381750694	5.01605456376271	3.80003447097185	4.04783638260119
chr17:48559593-48560094	Her2	1.45867388999748	0.000701226391468795	4.05472195605011	3.59850646894416	5.01376464132386	4.54720002958555	4.30848251814039
chr17:39506017-39506518	Her2	1.45844931528763	1.32710881946132e-06	3.4632048984589	3.37039747863204	4.42408703140223	3.53030393445873	3.92869822770561
chr11:67663162-67663663	Her2	1.45842820482951	2.76004091924417e-09	4.02275530333365	4.08347354950167	5.26181707624579	4.21552339570517	4.60252335651725
chr10:59907491-59907992	Her2	1.45738206324175	5.2785439995262e-06	5.7153339891119	6.27444556999016	6.79282423403133	6.19084466071487	6.09741285426091
chr2:83085637-83086138	Her2	1.45713922065494	6.93555572137225e-05	2.61539871121182	2.32355540146731	3.56089918571512	2.95520191795268	3.31813602177676
chr1:31510260-31510761	Her2	1.45696944095652	0.0055209182568396	4.06369904182051	3.27562987417708	5.65580170901045	5.4949499102861	5.52021059619202
chr12:43064645-43065146	Her2	1.45684058447863	2.25781167602981e-05	2.69061098228553	2.70954287657853	3.62156868785533	3.24630484482642	3.35935675508489
chr12:13193089-13193590	Her2	1.45674249261326	0.00484238139236517	3.78945836323882	3.54317169556571	5.5580002528707	5.36144284808839	5.44033353089224
chr21:32034391-32034892	Her2	1.45656375228336	1.558235276885e-06	2.71761792722212	2.31643928008055	3.45190366765867	2.84546140241566	2.89815637230599
chr1:204001413-204001914	Her2	1.45645763475443	0.00232850358389129	3.1803840711043	4.51308330601733	4.73665784129142	4.11995451165897	4.37155200153461
chr2:85549037-85549538	Her2	1.45620564128707	0.000400613056204172	4.91990940707174	4.79940937533368	6.3943133363886	5.3564153450036	5.91293805730175
chr17:28527133-28527634	Her2	1.45615230822629	1.10307253956031e-05	4.23757465954012	4.98642093744059	5.29548942041289	4.81675164505179	4.78239029837564
chr5:152991955-152992456	Her2	1.45605631204952	0.00195376478194845	2.89099429542382	1.98188442484115	3.94273231459016	4.65888962640199	3.95995242273028
chr1:31454919-31455420	Her2	1.45597084027276	3.24027606551525e-06	3.30740521888374	2.75158216880212	4.08680433137026	3.52502081192116	3.71973704362382
chr17:40336568-40337069	Her2	1.45519432452824	2.50268890146171e-13	4.04903966772006	3.73295744248326	4.99509820766425	4.26179012314678	4.55573000059991
chr12:114587282-114587783	Her2	1.45487984946265	0.00301228894341461	3.01946911981521	2.25811243873348	4.66964733325987	4.30129884485914	4.29436617808002
chr1:36207960-36208461	Her2	1.45484888676176	4.88097843895138e-05	3.93675741490174	5.63407032851586	5.24274019589807	4.99349583069594	4.85111250926145
chr1:11421132-11421633	Her2	1.45469281605452	0.0457329650269534	2.78918301552581	2.83454214770599	4.58240959662938	3.09615749471413	3.28311404954743
chr11:116398394-116398895	Her2	1.45434351700005	0.00133992627411449	3.20372922489932	3.17639456693749	4.85965720126897	4.82944382200096	4.92890914292706
chr2:125792132-125792633	Her2	1.45428437029437	0.00118007509211155	3.02132066844258	2.77177477122478	4.32665710440115	3.90798462829928	3.97085331234101
chr11:67663853-67664354	Her2	1.45420265561113	2.97317593200099e-09	4.07029248827257	4.17918606480349	5.2722135342534	4.39570940257814	4.62664796248438
chr13:83680308-83680809	Her2	1.45399521696397	0.01042854231298	2.79157603305628	2.43144068231784	4.51060351148463	4.90120627057678	4.87420215231338
chr9:37798703-37799204	Her2	1.45295475374967	0.00478586555578811	4.15371189951732	6.02583015614708	5.75185285910341	6.19416997263748	6.18558657109251
chr10:13893709-13894210	Her2	1.45287257758531	4.80807218659276e-07	3.65250682835706	4.03234000299526	4.69169914463852	4.16087988354357	3.96954158370733
chr20:46780443-46780944	Her2	1.45282894853402	0.000228218780513168	3.20818826525163	2.62914632509702	4.5229477072662	4.13022377867502	4.53666853323089
chr19:57806580-57807081	Her2	1.45190959033996	0.000536824923382243	3.92202489189853	4.13923675410311	5.16223369102185	5.3147219085871	5.51692097372696
chr4:56621510-56622011	Her2	1.45161812353033	0.0093754796149026	3.07705505478448	2.82896584258764	4.89256664637316	4.29790493637466	4.34697037185623
chr1:225703867-225704368	Her2	1.45128220156473	1.77201626243935e-06	3.23858825750892	3.85592353619787	4.4167915368956	4.26099749805198	4.40460797418009
chr9:126912454-126912955	Her2	1.45048836227543	4.75189447505942e-06	3.23257423469523	3.03227548125119	4.17947529041258	3.78878235192398	4.13402861361511
chr10:96289445-96289946	Her2	1.45025520923055	7.80596440366722e-06	3.6808064788091	3.39483332742001	5.00166238161953	4.76704028246986	4.55968846449569
chr17:49190897-49191398	Her2	1.45015222357704	2.08317529008948e-12	4.74862798696779	4.91126243461079	5.5666963982354	4.76751481560377	4.84242226490325
chr17:39434480-39434981	Her2	1.44995195475543	7.49369852949391e-08	2.73455856953824	2.49695681845133	3.64508686041297	2.5393002369334	3.06795521976592
chr17:39454800-39455301	Her2	1.44978527041904	1.11566784456271e-07	3.72220946037658	3.66522522723791	4.62072051565122	3.59077126360174	4.01462048727716
chr15:96000963-96001464	Her2	1.44935985027648	0.00134318425641316	2.76930506133495	2.75395184915039	4.43965651438698	4.05957625636995	4.45345730402607
chr6:7046671-7047172	Her2	1.44929694791694	3.99797213242407e-05	3.66853553991285	3.33470233395103	5.21674115945031	4.44364360851551	4.74210267452661
chr17:39273264-39273765	Her2	1.44925013859398	1.56332621175382e-07	2.94736960500992	2.89605085570459	3.48068576222835	2.94701670993944	3.39933771179397
chr18:21327006-21327507	Her2	1.44913670952266	0.00150870878385751	3.42871991135774	3.90849558146553	4.95830244476616	4.58582079763863	4.66149976050777
chr17:39456983-39457484	Her2	1.44854447430466	2.74698885127116e-08	3.73878855771145	3.62439025683049	4.59104064182197	3.51782583436534	4.10379607277056
chr7:100735662-100736163	Her2	1.44796645916785	0.00321046331775192	2.73724523892146	2.64611558864045	3.68894187975092	4.06985517223265	3.85513341155515
chr8:95111879-95112380	Her2	1.44728829611022	0.000526673239308483	4.39929772457677	4.91057369808592	6.04748956675713	5.42507324866393	5.75561298534518
chr4:35520733-35521234	Her2	1.44725718605312	0.000590906791819285	2.77453935973538	2.58807785917177	3.9973706106262	3.23111898686819	3.3994255590601
chr14:99969886-99970387	Her2	1.44711744739358	2.21273878320289e-05	4.4951289197523	4.7343129012154	5.9174462627669	5.50938572728818	5.56511095668474
chr10:79240568-79241069	Her2	1.44679411984138	6.21037717350211e-07	4.40105085558906	4.80697002951406	5.63124479365205	5.23028994087737	5.25374641167928
chr2:180365525-180366026	Her2	1.44638008352114	0.00102175339256291	3.00561238127907	3.1219319275997	4.53129163708172	3.48249367604532	3.24062773472529
chr8:61790957-61791458	Her2	1.44635119356672	6.27075786662802e-06	3.15392927218679	3.09554302692133	4.27638228676934	3.79329734852033	3.54853684250679
chr17:39491951-39492452	Her2	1.44578335576118	3.07884662247794e-06	2.57620234020911	2.33702186578293	3.53905095260413	2.24376081227101	2.69035873437594
chr1:175671655-175672156	Her2	1.4457325774897	0.00876676611393979	3.30340669747793	2.89383317261862	4.1786451662703	5.35743846135876	4.73055931154389
chr15:62327903-62328404	Her2	1.44495238181351	0.0010142884794184	3.04051709940398	2.28185979992122	4.63222530774453	4.35759702836549	4.25736563328539
chr17:39429064-39429565	Her2	1.44466224002072	1.70490528415799e-07	3.36249378747588	3.28217352380031	4.01458187449485	3.19388846105979	3.78407638580053
chr1:94252220-94252721	Her2	1.44424723797282	0.00923806825664363	3.39706745186734	3.17126690994708	5.08192259520756	4.92406213287532	4.83384332775131
chr1:79230665-79231166	Her2	1.4440643596134	0.00250876238803012	3.49389280745145	5.44876204686409	5.27811694365438	4.11631380047956	4.25967580812135
chr6:51472317-51472818	Her2	1.44338521927588	0.000222928600425857	3.27932040493318	3.57046712651207	4.89376104294877	4.41865713728196	4.37618939388154
chr10:26987848-26988349	Her2	1.44329863551294	0.000693008366383505	3.40750330179775	3.19713379554938	4.79747305069661	4.77745391051949	5.20530874966378
chr9:109420033-109420534	Her2	1.4431604648349	5.10715305987136e-07	3.26310220573228	3.10442104838603	4.15923284667355	3.36875422412717	3.55514140511897
chr12:1816291-1816792	Her2	1.44309455378139	1.81176466537494e-05	3.65739306296476	4.1425389006801	5.10415436170219	4.43666622413601	4.81052155676629
chr4:40239314-40239815	Her2	1.44308839308054	0.00298091914272228	3.73794051591861	3.23256706525904	5.07932762524319	5.32537490085085	5.57089951488002
chr12:6319592-6320093	Her2	1.44297960919513	7.41222769589436e-08	4.73414156496202	5.17246847263721	6.1261727239769	5.37296158781792	5.37776454476754
chr6:33713762-33714263	Her2	1.44264697918289	0.00216940622896481	4.37867897596915	4.36257514885191	6.06351859386301	5.72994173424378	5.96524381194284
chr1:239753679-239754180	Her2	1.44259800484506	0.00130121758255352	3.08940966744389	2.97708870353521	3.98178860747747	3.29895102448543	2.97998412155996
chr1:151349836-151350337	Her2	1.44176656988103	8.3693058719212e-06	3.94857658604928	4.53836521594447	5.19876029642077	5.19006959232702	5.2221713617997
chr1:246066514-246067015	Her2	1.44146964741181	0.00748549119153548	3.27147844288278	3.64402911346472	4.42774212220136	3.71759902855976	3.77749738988421
chr1:160156342-160156843	Her2	1.4411604780983	0.00155810907669924	3.33632195448184	3.14270528436606	4.82050377370731	5.15985914055761	5.06421060624201
chr17:47958605-47959106	Her2	1.44106532733584	3.65338692200133e-05	5.11129429380409	5.40451059867175	6.07560193004256	5.29797427809692	5.59876872555526
chr17:49214004-49214505	Her2	1.44052266668138	1.19787813743936e-06	4.11670421722205	4.16053926669092	5.36513107114323	4.85966504138145	4.82916093476252
chr17:39456429-39456930	Her2	1.44024874593615	5.86260294072791e-08	3.66269868095857	3.61572433368982	4.59514069850567	3.22443411799172	3.98198832296777
chr2:175525789-175526290	Her2	1.43946908612916	0.000673922241731787	2.62746503300864	1.89477147961162	3.774517607585	3.2600522569368	3.29771815652733
chr20:63541290-63541791	Her2	1.43936579362691	3.54993517880642e-05	5.2124961863693	5.43356062137085	6.65319897901116	5.79701096299933	6.19923474890275
chr3:57802546-57803047	Her2	1.43926839752722	0.00101711779595791	3.97777111937592	4.86504799465317	5.65303170203588	5.8261641873498	5.63483023801124
chr17:39468705-39469206	Her2	1.43910392960543	2.89042023238131e-08	3.38490797026547	3.21374415858741	4.22290139170172	3.3651741705656	3.64304355933549
chr17:38597035-38597536	Her2	1.43807993156097	6.6260205540635e-10	3.73023291218255	3.84121419417837	4.36629455159314	3.81999276965664	4.00700029923042
chr17:39471852-39472353	Her2	1.43789049900802	1.77868678031882e-08	3.23295184279619	3.24182265697059	3.97904070496497	2.84723061686437	3.49845167430438
chr3:124849713-124850214	Her2	1.43785420687449	4.13388967650457e-07	3.56450233982402	3.72813323793815	4.37441946446476	4.06127904455278	3.89842836400766
chr17:67782137-67782638	Her2	1.43772688058069	0.000233305046552935	3.62605795182271	3.60990596571861	5.01250104224237	4.55829725257905	4.69823094930027
chr1:31174523-31175024	Her2	1.43752749491023	2.08524544767077e-05	3.81169711273061	4.50449714065836	5.20151010383998	4.69057501600801	5.0488063873875
chr5:136494750-136495251	Her2	1.43681812131386	0.0119932108224635	2.6480764102764	1.24340951593423	3.71633795352347	3.92386421499825	3.8296805099783
chr17:40325104-40325605	Her2	1.43580039131623	2.08530814737518e-11	4.94025511239112	4.69332194956716	5.75354983245054	5.20170743767736	5.40690320514113
chr4:75040614-75041115	Her2	1.43567962307309	2.60068690099577e-05	3.36266055151338	3.05362930537172	4.47170060722257	3.89253597124086	4.04655506043078
chr10:36953467-36953968	Her2	1.43567456513127	0.000654416369992419	2.56090174652032	2.1826890231014	3.24657902133875	3.18177143361831	2.99424052795043
chr17:39517387-39517888	Her2	1.43541972565168	7.57510527262561e-07	3.22942408609251	3.06048036718152	4.4831612104172	3.40353667095404	3.61714841032892
chr17:5480946-5481447	Her2	1.43532942051117	0.000183485998028067	3.12360522189073	4.58808742150526	4.13420591330608	3.05256915387388	3.21801459976901
chr5:71884866-71885367	Her2	1.43500860764609	4.2547185279975e-06	3.29513179006404	2.61717669098145	4.46251764676571	4.18680266951702	4.03053540577539
chr2:175445753-175446254	Her2	1.43423808110294	0.000551390401007695	2.86309083974172	3.22942834091377	3.94550350337808	3.20453244872925	3.2892227441937
chr16:13708253-13708754	Her2	1.43386100296329	0.017002727709795	2.96570637748322	3.53920173464566	4.2639062460094	3.4072423039404	4.19102997326974
chr6:107141156-107141657	Her2	1.43381121614779	0.00111394988181722	2.60478989044539	4.1274133858154	3.93035097403654	2.80242510687465	2.79115121353558
chr17:47674026-47674527	Her2	1.4336514152718	2.01879064457327e-05	3.32608990281887	2.99834019631548	4.06060472091865	4.06124419934111	4.34318689613477
chr3:197480269-197480770	Her2	1.43315788571487	0.000118880272828324	3.59233982724883	4.62478884964662	4.86268429825296	3.47734704272291	3.7273600380959
chr11:63534049-63534550	Her2	1.43315232946909	8.09063986038406e-06	4.08931968539415	4.73384419614316	5.50567730697018	5.09349051910542	5.14469221846182
chr14:79765434-79765935	Her2	1.43238505740972	0.000829801038004619	2.88484610937467	2.25241056022948	3.68399491880957	3.61145452594209	3.59741105762007
chr1:58353816-58354317	Her2	1.4322771391409	0.000955730931811627	2.65349500072989	2.29944981539897	3.55979168249126	3.65726739194237	3.65793114380903
chr17:39513888-39514389	Her2	1.43206366937341	1.33964050479773e-06	2.59577046575341	2.6901154837141	3.27023608474753	2.24875157580806	2.64845258647579
chr18:27110228-27110729	Her2	1.43198249894473	0.00176573781019593	3.01933533667296	3.87815216657824	4.45447366086522	3.80021752111775	3.69191638370637
chr20:45994694-45995195	Her2	1.43178793776175	2.10456861477064e-05	3.8951407780003	4.40771277859732	5.50559150834281	4.57181275991007	5.10804512072591
chr17:39466303-39466804	Her2	1.4314598716783	5.88475406896021e-07	3.11132576867364	3.01820852745392	4.01950027017849	2.94771361573053	3.20239104002063
chr17:39473282-39473783	Her2	1.43128038198608	1.16722820189335e-07	3.1679606723204	2.64380732415872	4.03411371600428	2.84437155598514	3.50466980212021
chr3:17805417-17805918	Her2	1.43124689588475	0.00310445386734868	3.22638123921794	3.25380392520879	4.55225047168712	3.40375677108579	3.64426260574164
chr17:38767787-38768288	Her2	1.43123163862481	4.70839574145981e-11	4.05387302894316	4.38588617954165	4.76972197364	4.1945671640806	4.37264104488614
chr6:105503570-105504071	Her2	1.43101130053944	0.00275347597248788	2.84508309709667	2.72301784604253	3.95739849709495	3.64308230906697	3.60766847470066
chr3:25808922-25809423	Her2	1.43074130669041	0.00107185949247563	2.74076652720707	2.51139627366168	3.50807025927772	2.88751449140172	2.84440230549117
chr8:29512531-29513032	Her2	1.43069457529949	2.67110850876685e-05	3.61124327935426	3.51315460010831	4.85796255192025	4.58541281928028	4.12555587367482
chr10:90447779-90448280	Her2	1.4305478686491	0.00248557504857163	2.60707206260656	2.6647903914373	3.906307508302	3.36884229675709	3.34320951444496
chr7:139724195-139724696	Her2	1.43011216216316	2.02039938678159e-06	3.97549222149348	3.69149048792745	5.09234128849573	4.51611421562213	4.690135075988
chr12:18359185-18359686	Her2	1.42969277645662	0.00016853403610938	2.91245838727816	2.79553999754391	4.14561157384181	3.23310331163272	3.79026948225727
chr17:38580437-38580938	Her2	1.4295395038701	1.41036461184085e-06	3.87221827686646	3.53914682268199	4.61301985869259	3.91659809291222	4.1072476934855
chr3:148777126-148777627	Her2	1.42948833344039	7.16195424337622e-05	2.45926149734677	2.17988280275021	3.3100676472138	3.30560685130946	3.47215871268998
chr4:146831301-146831802	Her2	1.42932071838217	0.00309745366732162	2.73673286650632	2.31222474693187	4.06450974385298	3.27542530328588	2.8654294218975
chr14:80570531-80571032	Her2	1.42924880096754	0.000608173384428192	3.24177515714734	2.99750532464021	4.36544865065898	3.59569028186509	3.48100923747576
chr6:131824095-131824596	Her2	1.42923353765645	8.21777243585778e-07	3.40602373443462	3.13910390694028	4.66912558066337	4.38205257456736	4.74371183644061
chr14:80764865-80765366	Her2	1.42921537161101	0.000344776318673422	2.7997071838079	2.48425976332007	4.14376487771695	4.13580086389141	3.9028147107105
chr8:117519195-117519696	Her2	1.42896944561691	1.14632179921455e-10	4.18919377046319	4.48696122043705	5.23731424325066	4.67454869493156	4.81780875156725
chr17:49902577-49903078	Her2	1.42882583642933	1.06655751906717e-05	3.20411923480255	3.4011138558091	4.3248718982066	3.53362470502592	3.84717112942092
chr22:27690581-27691082	Her2	1.42853705938224	0.0012961059677004	2.96477922934747	2.97349952623671	4.29174846310568	4.0918671906396	3.77577385873835
chr20:47794689-47795190	Her2	1.42839154163524	0.000505061125296513	4.34139644539882	5.40566525847257	5.98198346726632	5.53510690099243	5.22887717039863
chr1:195459952-195460453	Her2	1.42829096760997	0.000886540287702571	2.64898641722149	2.51680581947989	3.09288107638072	3.7057585991428	3.84913103337119
chr17:39411731-39412232	Her2	1.42787272325667	1.220889564409e-06	3.19375578817017	3.05354028501607	3.97642397348032	2.96442110148418	3.51002321855986
chr5:149017581-149018082	Her2	1.42786125062238	0.0025181276075613	3.61260303345709	2.94438930287807	5.36238933741329	4.28051890465518	4.54215981794837
chr12:42825751-42826252	Her2	1.4277085759569	0.00129058578412174	3.01267258481659	4.59882949767909	4.480433550625	3.80767557973456	3.93082736210291
chr17:39507439-39507940	Her2	1.42767581108333	1.18522219072844e-05	2.85602028082722	2.78698399699573	3.57337872529557	2.81156208931669	3.16662771017063
chr17:39472387-39472888	Her2	1.42766891274705	7.77926730286638e-08	3.27101399815756	3.27929129775667	4.1411802249196	2.9431228230085	3.67563998181225
chr3:129509728-129510229	Her2	1.42754377117994	0.000397034569626496	3.74296447649459	3.93162183317425	4.96358081212596	5.03499837284403	5.62899081933238
chr1:183866235-183866736	Her2	1.42702480392973	0.00260967895749219	3.93707985209761	3.88379560071235	4.60120312007122	4.18896142909559	4.36970016328619
chr20:47791074-47791575	Her2	1.42692690637917	0.000412920448014324	3.88747515163954	5.01896559644424	5.48928470658998	5.11044021883938	4.76917165768644
chr22:37336020-37336521	Her2	1.42678547083215	2.26949811143719e-05	3.8663955453018	3.64282581387102	5.18799542768796	3.82328177617187	4.06983968040767
chr19:13005891-13006392	Her2	1.42676361769658	0.00189183291947331	4.64229174676454	5.7644449962647	6.34507307131361	5.52342425674203	5.3442844257719
chr17:39475357-39475858	Her2	1.42668769865075	8.60674206176281e-09	3.44072125207911	3.29216549812079	4.32948043850752	3.41798542502089	3.75993533827516
chr17:38323170-38323671	Her2	1.42633826570579	2.86060456763858e-07	3.72989535719745	4.29057826206526	4.36524845223117	4.07671218423158	4.17298248960885
chr13:72344738-72345239	Her2	1.4263293852777	7.62250902530646e-06	3.09199245846283	2.61168293588592	4.38650246613277	3.7736676205789	3.69985722024277
chr17:59867654-59868155	Her2	1.4259556853424	1.6514826113905e-06	3.9375830264155	3.96028031790072	4.88770779062107	4.32984520163805	4.95688050073858
chr1:173573516-173574017	Her2	1.42576346249401	8.59118853218993e-05	3.13735546999257	2.82928089862832	4.42844168489308	3.59459301239869	3.75815085284034
chr2:62220409-62220910	Her2	1.42543833408552	2.23704837234604e-05	3.87377178708388	4.62793119318995	5.42853970348875	4.34740992781092	4.50538332762825
chr3:60693400-60693901	Her2	1.42521557616624	0.00220107509723546	2.96498558754687	2.10682447533707	4.11575612193996	3.86668179050563	4.04665245958549
chr11:130531676-130532177	Her2	1.42494440994523	0.0135470438652659	3.8062771809707	2.70970782685186	5.30403133486936	5.08068314342418	5.04707964933201
chr17:39413389-39413890	Her2	1.42456703409558	2.9452540402342e-07	3.44103981726315	3.46486625134939	4.09918198014656	3.34895450777833	3.64073074469895
chr4:103933351-103933852	Her2	1.42451514018193	0.000330839584494543	2.76596226027264	2.44559316332226	4.13209381187296	4.03918129851639	4.32497300479089
chr8:124873899-124874400	Her2	1.42403860299476	0.00842164543456826	2.88001889795813	2.89164012329264	4.71248236019858	3.59584358180865	4.03481279467901
chr17:39424005-39424506	Her2	1.42373331072996	3.50652488035636e-07	2.97126902738041	3.09122585184486	3.6354174547284	2.838603787302	3.31368950903299
chr17:39442579-39443080	Her2	1.42361723017381	6.01271775096903e-07	2.7007016537855	2.59160424977272	3.39561711129734	2.6889328072279	3.07460913054623
chr17:39478499-39479000	Her2	1.42356205542917	7.350071045598e-09	3.42098437164116	3.45256301771689	4.17944489484723	3.20021077262854	3.77255742071722
chr2:141564997-141565498	Her2	1.42322996334607	0.00319691819745987	3.02524352306948	2.49064769782378	4.57463227575836	4.25052843027667	4.14292004613949
chr18:65791738-65792239	Her2	1.42313582163761	0.00560204663839525	2.76796626933142	2.02076828114924	3.59454648189918	4.07541730247447	4.11860089658465
chr2:34581134-34581635	Her2	1.42304417906802	0.0140161134964837	2.68103031308118	2.78026886404482	3.78836361204245	4.59642260096864	3.96484814710359
chr11:2271750-2272251	Her2	1.4228156971011	5.82056016369583e-06	4.0063953718687	3.87257835320589	5.32869500264498	4.82851543267072	4.77813504293275
chr2:72329912-72330413	Her2	1.42278088079194	0.00200259047619813	2.83980301168	2.44977194584136	4.39933674496994	4.52909323751221	4.06358564712267
chr4:65502066-65502567	Her2	1.42277771390261	0.0243350448700243	2.63993018633875	2.10755580813884	3.75572077247026	3.86504227242207	3.51958453790947
chr12:115160579-115161080	Her2	1.42276406217168	0.0127211119580187	3.06122935381854	3.11769141348879	4.58793661931354	3.52952426678422	3.66736606990324
chr4:146365414-146365915	Her2	1.42246961271482	0.000262054203002938	3.25403276691404	2.87499090754333	4.14567015178813	3.11877235104862	3.6955706341394
chr12:116734351-116734852	Her2	1.42230712773371	0.00662070834754364	4.25557763523418	4.12689609685468	6.0670411307206	5.44551782949861	5.56906216596451
chr5:43222997-43223498	Her2	1.42172011334187	3.91597941424144e-05	3.05762226574385	3.60511210581377	4.24795914006606	3.69146248741823	3.49490127630422
chr17:48548336-48548837	Her2	1.42166408971385	0.00492755316304848	4.09469290545191	3.53895962046353	5.09652092381332	4.62977790653432	4.20880950076364
chr19:48079694-48080195	Her2	1.42165718371951	0.0213485371939706	2.79380056211951	2.26390754221362	4.52052364704824	3.74952345828617	3.72422077118548
chr16:27925615-27926116	Her2	1.42138683467938	0.000184968290148546	3.02833819128172	3.34227394595649	4.3344582399642	3.75681240235938	3.674535575856
chr4:169941626-169942127	Her2	1.42119354627951	0.000747652210985678	3.57281580838463	3.82755772304176	4.90614013993263	3.78428067623942	4.00311662108792
chr18:14842569-14843070	Her2	1.42109609343356	0.0187550481622313	1.99191715909276	1.4458141466476	3.57957234773094	3.7767193716845	3.84867469101723
chr20:36099308-36099809	Her2	1.42072080050666	2.43799168140079e-06	4.46418658671078	4.71231661739326	5.50921686891871	4.91943341824122	5.24966525025779
chr3:89525633-89526134	Her2	1.41971998726747	0.00274979767301835	2.97070962729226	2.32679741548088	4.14431733032234	4.078041873641	4.55005794761427
chr17:40066545-40067046	Her2	1.41968577949001	4.21686152708553e-09	4.37187992208768	3.90031267444164	5.29995974912653	4.20456904288817	4.42143324404597
chr12:53827261-53827762	Her2	1.41925011081172	0.000104056291020322	3.45761199077092	3.25030788033514	4.86035156826976	4.48773497117504	4.87226830089372
chr18:26772628-26773129	Her2	1.41902961520724	0.00782014110764735	2.90937959558219	2.46468078349382	4.36542430072886	4.93144678648243	4.72397573119114
chr8:93824959-93825460	Her2	1.41897689894693	3.23226082782939e-05	3.88258239796805	3.8519371553825	5.20062918446372	5.15610043017975	5.23356054642078
chr17:68294115-68294616	Her2	1.41891727136521	0.00198394269138413	4.08502334554109	3.72744593151289	5.49729582065068	5.16770819825751	5.7429158914064
chr19:16045092-16045593	Her2	1.41888929684235	0.000351643186523199	3.4367876857516	3.68629954607969	4.84482477807937	4.85514375700828	5.19399822143323
chr8:53485319-53485820	Her2	1.41859286775429	1.41714179895823e-05	3.34377984889802	3.33396449539119	4.84799607061497	3.76179885629191	4.22808240239515
chr15:61271821-61272322	Her2	1.41853443479692	0.000320064422678894	2.61208616821278	2.31810610563739	4.04568880839381	4.04730350053835	3.77889232132356
chr3:158910484-158910985	Her2	1.41839669120691	0.00174206611037525	3.23128553110522	3.37906289059678	4.20213019078035	4.89152244333687	4.4328797910027
chr4:103952184-103952685	Her2	1.41822177021423	3.31180923330903e-05	2.30209257030535	1.4781089774973	2.87189111745108	2.57355517724362	2.73067738915304
chr13:65065450-65065951	Her2	1.41811553812229	0.00328094367740547	2.64075778199931	2.11696205224438	3.95547810789472	3.2590074154926	3.77536853305239
chr19:41096319-41096820	Her2	1.41798644096412	0.00893645802543341	3.09882285714147	2.92379141437935	3.52602098025609	3.28559099366325	3.46796588149898
chr1:31440173-31440674	Her2	1.41794563175421	5.27051830735438e-05	3.56206291857533	3.06982342513887	4.35940048647532	3.44769703862078	3.90767907656116
chr17:39429620-39430121	Her2	1.41784317884416	3.75976806803321e-07	3.28846514129541	3.19704968059781	4.01582869445317	2.88550771840863	3.66174079525792
chr3:162458314-162458815	Her2	1.41775863177581	0.000784770903202729	3.01810517112625	2.88389776219165	3.8049783369971	4.21697706587317	4.02275673275842
chr18:14534900-14535401	Her2	1.4175553752378	0.0370133951455381	1.65603354126556	1.04008652557264	2.65371470186434	3.46680471523761	3.17098964492199
chr9:127526282-127526783	Her2	1.41736435675025	2.60374389429243e-12	4.09148717898476	4.11475413673601	4.87533827500787	3.99470442506342	4.2768111618339
chr13:79044330-79044831	Her2	1.41688778642848	0.00372058477113328	2.52025000063113	2.30551696486385	3.60625011691287	3.37049413183216	3.07796570111908
chr17:49360386-49360887	Her2	1.41650593933501	4.74591878965136e-08	5.37829783037533	5.32643678881383	6.27500655230733	5.42149985649479	5.59012952508686
chr15:80677083-80677584	Her2	1.41646764618422	3.94198581239418e-05	3.12608951959675	2.93009840953614	4.17426890766051	2.72564253860784	3.32016684878171
chr6:137172943-137173444	Her2	1.41605759126045	0.00797044634543176	3.63882495568716	5.45939905426963	5.28562079671968	4.3734600966407	4.2905175854258
chr9:92668127-92668628	Her2	1.4159707902374	7.05168949468547e-07	4.33363596514085	5.48226247772932	5.45690878359444	5.31785666174421	5.30736473681608
chr7:99985349-99985850	Her2	1.41595778897988	0.000301671651222071	3.37539490817196	3.94057174142286	4.57851292996826	4.49366453642293	4.78515526558735
chr13:27032925-27033426	Her2	1.41530480714755	3.25884918657211e-06	3.03369004398954	2.85144205285343	4.19931207407653	3.3657781093562	3.29373355497023
chr2:211377066-211377567	Her2	1.41519128245595	2.15759374990444e-05	2.87924883460359	2.50372574434064	3.83058627262531	3.96252873404462	3.77158208003775
chr5:106398670-106399171	Her2	1.41476039614956	0.0041663094542615	2.37462938214817	2.00960423387474	3.64506334967205	2.9271774145413	3.52976908297291
chr13:23767718-23768219	Her2	1.41444319931854	0.00137913966874192	3.26023312887471	4.42121326306881	4.74563242258594	3.72721389501048	3.85154016332753
chr1:39536935-39537436	Her2	1.41443912354109	9.96564359057423e-05	3.26947469590852	3.16016444430684	4.41330201824645	3.08049781258989	3.5249305193432
chr4:170398685-170399186	Her2	1.41437238402739	0.00202079214203198	2.63306917419158	1.8760828495343	3.25195225098409	2.6855993623317	2.69406091782673
chr17:39503976-39504477	Her2	1.41380063209223	4.11969231031985e-06	3.19195848727175	2.92987797662853	4.08830287411366	2.81493532677846	3.76070156083286
chr17:39474152-39474653	Her2	1.41375574045106	7.60381504869338e-08	3.36611692434551	3.18904548212777	4.20932972613266	3.1248786713396	3.71036656283179
chr19:45860723-45861224	Her2	1.41354929763054	3.1376195310009e-06	4.783224363084	5.74075534382315	6.26184210959688	5.48701584733399	5.72415902157281
chr20:19487501-19488002	Her2	1.41341906483348	0.00731163819315139	2.83424019215647	2.70907493280162	3.79244029181405	4.63252227639316	4.82593023620658
chr14:95381104-95381605	Her2	1.41341530361842	0.000782568561980339	2.80575127369524	2.28850970790362	3.76785935876281	3.1531190292334	3.90724330726879
chr1:197151089-197151590	Her2	1.41328862534701	0.000752162924938459	3.71143384354619	3.72037561461449	5.28377294980185	4.49141445816983	4.51797723674898
chr3:18420437-18420938	Her2	1.41326917831747	1.66202057568342e-05	3.79337740354134	4.32314720561965	4.90900432708565	3.69462329457073	3.88959690922674
chr11:45735495-45735996	Her2	1.41302330282092	0.00699134708079808	3.11833449874546	3.27135369275903	4.34195266382097	3.66465156332643	3.35089064180336
chr6:138582999-138583500	Her2	1.41296905872361	1.34910040380159e-08	3.63549353524152	3.72068915612435	4.82885601628709	4.54877936924109	4.51998659155008
chr2:120474989-120475490	Her2	1.41241188138622	0.000772705578720465	3.8952839877905	3.30645708508679	5.44501115553322	4.2051480702219	4.18511911594947
chr9:20778543-20779044	Her2	1.41230500883511	0.0113970906630467	2.96733127766174	2.58352621647971	4.71435822395706	5.00440796051157	4.63790229222359
chr2:214154777-214155278	Her2	1.41202962799563	5.34189925693607e-05	3.1597381805562	3.53900618143196	4.44847373197499	3.61660526279808	3.76648951412508
chr8:18343661-18344162	Her2	1.41189029231035	0.000964974364120127	2.59644956507465	1.82398672064799	3.46686086238941	3.47291534748261	3.76577503510289
chr6:80192307-80192808	Her2	1.41179581461767	0.000372252824550455	2.68550886206882	2.31017795957964	3.98446112591635	3.65614481253208	3.64389673263199
chr20:64045728-64046229	Her2	1.41171563445654	6.35675402785147e-12	4.52531232095636	4.8021749631851	5.90829755475949	4.89521533586134	4.96318227793655
chr3:78630476-78630977	Her2	1.41149711544735	0.00529753359082987	2.64649804477815	2.10755777590513	3.94159770819912	4.29495255595163	4.12896298498986
chr17:39397381-39397882	Her2	1.41133159761025	0.000116123771597428	2.9395831294934	2.71890447839228	3.64958693714989	2.59822475169848	2.91925435973782
chr5:35310219-35310720	Her2	1.41115712560779	0.0112885612002841	3.07567222403483	4.47545558686508	4.85605913999514	3.73313052582705	4.00472496012217
chr16:5101201-5101702	Her2	1.41015024447502	6.1337935128873e-13	4.07057141171175	3.95981131067994	5.06797230762126	4.34488740363632	4.40088300830956
chr5:178520776-178521277	Her2	1.41008518798046	0.00102386195023221	2.92137576617018	3.8060186262757	4.2934564306574	3.39706422107551	3.41343024816164
chr17:50531453-50531954	Her2	1.41002633219531	0.000241255285408433	4.97344466445857	4.99845970197225	6.21243805495247	5.65484654064588	5.87119586962373
chr5:136768507-136769008	Her2	1.40943705001432	0.00186611240999959	3.57422256703623	2.78448272798039	4.47503948789046	5.29033778634048	5.03016170690941
chr3:14826221-14826722	Her2	1.40936187931253	4.37448333158027e-07	3.02972202968827	2.72431299984117	4.26983387600734	3.54538557248325	3.6024900262956
chr5:34446473-34446974	Her2	1.40896470839552	0.0117464804255236	2.85964205988489	2.8188483402792	4.57269055606697	4.06755631386851	4.19752062230658
chr8:130454845-130455346	Her2	1.40892572482989	1.10447894588788e-05	3.07468030696453	3.47062824800853	3.81568605941383	3.54579939777778	3.51312203323755
chr18:30588753-30589254	Her2	1.40866086312244	0.00101659791432699	2.59598414167345	2.38790454913072	3.45137912063627	3.86203436290159	3.77782807304027
chr12:107787130-107787631	Her2	1.40862330824991	1.60797916888048e-05	3.11562488530639	3.40994886708794	4.51070871090152	3.6581662009183	3.69182512334232
chr17:50267209-50267710	Her2	1.40860488739792	2.62285961504242e-05	4.03713337703674	4.49983814725348	5.27382345774151	4.19541699500166	4.44039470322993
chr7:152671918-152672419	Her2	1.40835233813126	0.000476410836858882	3.11993028664297	3.52065196627178	4.4055129587443	4.42994342926275	4.69685641258166
chr6:34544140-34544641	Her2	1.40831968553362	0.000384396264990939	4.50166299240179	4.9485669949382	6.18691264440173	5.94463793944367	6.11047908868094
chr6:51241375-51241876	Her2	1.40817315643732	6.46499576567142e-05	2.69642271518058	2.75229868898279	4.0131015666995	3.25218909941763	3.69495224304412
chr6:10415547-10416048	Her2	1.40786771333303	0.00443766143502262	4.65387619237899	6.60631260998642	6.45924207217118	5.75591346166795	5.81479012824876
chr16:48296390-48296891	Her2	1.407643706896	4.01720447859023e-09	3.52474279170862	4.03544097887323	4.61300563977739	3.91361096758565	4.02009245938003
chr3:136644149-136644650	Her2	1.40760087973851	3.71865301978892e-11	3.4264341945665	3.22406986715028	4.46105958226942	4.04001288311045	4.03412593647829
chr22:23163086-23163587	Her2	1.40755656702046	1.19633206153946e-06	3.79796530586239	3.95126210135998	4.76364235251239	4.34893592393098	3.94646256695303
chr1:84401047-84401548	Her2	1.40754059850114	0.000252484348314754	3.17958840141661	2.88273282698423	4.61528672515314	3.85024603935666	3.64332663012764
chr17:39464039-39464540	Her2	1.40743662156848	1.62335646451194e-07	4.52895211182579	4.73868594615074	5.36532428446909	4.21492392554375	4.68778741703175
chr3:159030727-159031228	Her2	1.40740711656459	0.0018229237507636	2.75961983950126	2.42209448980828	4.1136799076311	4.12577746111529	3.72595916688115
chr2:203760374-203760875	Her2	1.40696740612542	0.000589591052892063	3.41160330320109	3.40050873400995	4.71605172809237	4.38650758061744	4.17475113945797
chr14:61509161-61509662	Her2	1.40685357876646	0.000804067771338591	3.8468539210289	3.4709542758231	5.30282655243241	5.2279695418755	5.27713103712039
chr1:204847042-204847543	Her2	1.40681574568028	0.000123746305705258	3.44980864927965	4.16425472011018	4.71814877576741	3.69794060652613	4.12146324436825
chr19:57811358-57811859	Her2	1.40681126183923	0.000330138637985875	4.20814537124255	3.7407307642327	5.17833746989411	5.38174855407049	5.49458499524515
chr5:16276140-16276641	Her2	1.40634701072692	0.0045145374547359	2.62152168189812	2.13890138324691	3.92214187614579	2.97092763473404	3.09523225370876
chr16:35523287-35523788	Her2	1.40607252610911	0.0116477250582001	3.01029259466822	2.22625134819178	4.06118653711228	3.81684418003855	3.67971644398636
chr13:65700038-65700539	Her2	1.40593198894814	8.71596529981715e-06	2.8526752505451	3.19394298137802	3.44857397045068	2.71665446186475	2.96398388558066
chr9:123986639-123987140	Her2	1.40555655830301	0.000127209998178032	2.9174031309284	2.5482170143078	4.00301475734012	3.55439764026468	3.49057422912959
chr3:172539747-172540248	Her2	1.40538032753641	3.50051437511349e-05	3.63789748131104	3.90971674291567	5.03033246017697	4.46245555799855	4.63338537446338
chr8:116319566-116320067	Her2	1.40526575197884	0.000246745555690134	3.44888363279325	4.16536186152764	4.92977033374591	4.524444774316	4.74675740399607
chr11:7281736-7282237	Her2	1.40513662587431	0.00237735748019795	3.0310866742783	2.55641286801799	4.11566182233634	4.63273848524407	4.51668106372368
chr17:39443484-39443985	Her2	1.40491624327295	4.01470464204504e-07	3.09651552829931	2.91135904028763	3.94666823714885	2.98155088457326	3.65384168852662
chr3:159156951-159157452	Her2	1.4047702759372	0.000200217103492579	2.86125991826196	3.02664565822539	4.15759520652114	4.18781326268827	3.66676556025499
chr20:63354788-63355289	Her2	1.40424490166948	0.000708908690429657	3.58478244920796	3.00181451444627	5.07426912176066	3.9451847341492	3.74324810524046
chr2:65357056-65357557	Her2	1.40380927268195	1.86224829371217e-09	4.01789959809079	3.61230396025654	5.25046076225226	4.84866648095409	4.80691062742484
chr4:96332059-96332560	Her2	1.40348428830087	0.00682876447501355	2.62146328209651	1.86631675242696	3.80954845284855	3.77715102905491	4.22042719356472
chr17:57216163-57216664	Her2	1.40347989603471	0.00344589436641924	3.40236642035792	2.87803506929667	4.58583044373657	4.9308935831248	5.23844497188861
chr10:8066725-8067226	Her2	1.40340597866095	0.0145004244998624	3.27172754542248	3.79607805893971	4.92208079617184	5.25534515189519	5.32529742780392
chr4:55348414-55348915	Her2	1.40311459147207	0.00013102443739573	4.11721225798934	4.15382031207063	5.59667713173808	4.31155639015303	4.35781702490445
chr1:178814030-178814531	Her2	1.40309457931823	1.24212936423818e-06	3.15229932533666	3.07737438808856	3.90706290001592	3.72458898789848	3.54121873766106
chr4:149859040-149859541	Her2	1.40302473963274	0.0046601398575973	2.41869129324288	1.7889452842138	3.27128155631458	3.31539007468297	3.81568593783422
chr8:38033644-38034145	Her2	1.40267439982231	0.00100602367875673	3.88727679766798	4.56249473659518	5.45299500084529	4.84487950609357	4.67038197752883
chr4:69287387-69287888	Her2	1.4024775233613	0.00104216501310631	2.5367033345497	1.85180723857395	3.95683446321172	3.34561988415827	3.58889071070626
chr3:50127916-50128417	Her2	1.40202018818316	5.03285379798868e-06	3.7827987641581	3.72908650659997	5.21190493140826	5.12930365988564	4.97289894584891
chr10:37304841-37305342	Her2	1.40158050617611	0.00374954916360884	2.82386035560776	2.33223270327595	4.08937981135893	4.70710019666771	4.38098674224974
chr17:39411063-39411564	Her2	1.40124391877367	7.93128938326616e-07	3.42221820381578	3.46476036935488	4.27369375572272	3.26692880825448	3.75487932521628
chr17:38507443-38507944	Her2	1.40114933366576	3.58882324675725e-06	3.80892161413185	3.92422634843929	4.1968006348019	3.44342897777212	3.88668803515722
chr11:67664904-67665405	Her2	1.40113742938885	9.61887515827477e-10	4.08852346999789	4.17722045753244	5.24423282540762	4.45754662257289	4.65143979151212
chr17:48329828-48330329	Her2	1.40113386729093	4.43014925532458e-06	2.69425815670735	2.04421206028018	3.37997062110923	3.16387891626614	2.86493126638498
chr17:47673504-47674005	Her2	1.40090893998358	2.67261779815027e-05	3.48144440366543	3.44454488389003	4.42308179651309	4.42984012353934	4.5448909555923
chr17:38731891-38732392	Her2	1.40089232712419	4.67592515319884e-06	5.55244055094574	5.7258221107889	6.20904832867231	5.83243688520944	6.04088028163571
chr8:100681791-100682292	Her2	1.40073274964687	0.00123623657288903	4.16916825234619	5.01644142876945	5.89035327885156	4.2590136634733	4.58488697805948
chr9:132569856-132570357	Her2	1.40041055206632	2.03826291661343e-06	3.14448958094869	2.65127501989149	4.01156740090363	3.51761289970161	3.89799655401877
chr9:108088638-108089139	Her2	1.40028823876479	0.00527746808353156	3.47799207727528	3.20472087957225	5.13691170981976	4.74441656158312	4.57823748218344
chr8:122785035-122785536	Her2	1.40010867803615	2.2538820103054e-06	4.43908360389409	5.08505211565461	5.9002637970519	5.21810642996348	5.55281773604007
chr6:135976464-135976965	Her2	1.39993952647525	0.00294721413234899	2.88759513554659	2.58459031682795	4.26679011524352	3.09105377108449	2.73213812377653
chr17:48318562-48319063	Her2	1.39990413272551	1.01998230283545e-06	2.75437322425453	2.10190988330431	3.49880512795993	3.22408042157579	3.42034426350683
chr18:73661459-73661960	Her2	1.39985082911915	0.00781280687098968	2.73572702951279	2.75298730703886	3.85261057703358	3.47493890060643	2.86339779423487
chr8:95084490-95084991	Her2	1.3994769639992	0.000166541095072296	3.31253837618422	3.89757545538473	4.7846589437118	4.3262721681185	4.71083359125113
chr20:56631838-56632339	Her2	1.39941091459267	0.00347718164822223	3.61961925962938	5.77325709878992	5.21403688414178	4.61292696078768	4.51958896064198
chr3:146837082-146837583	Her2	1.39837144439156	0.00193944012761846	2.65162128937681	2.42585839349963	3.26709764398068	3.8168589309628	3.9677598882115
chr1:235906379-235906880	Her2	1.39813145364246	0.00147280496505944	3.70741177029348	5.07814359717103	5.35848435396065	4.35272282066326	4.17726776083994
chr7:39750717-39751218	Her2	1.39744226583595	2.16175079954285e-07	3.55008706608762	4.13268571754025	4.88787375877562	4.11479499996984	4.09430035717746
chr19:38029080-38029581	Her2	1.39684598334622	4.40695131462012e-07	3.68770717125852	4.82918837484554	4.73093759214415	4.2935333097813	4.09997808231989
chr6:106562667-106563168	Her2	1.39676052420447	0.000919941013920377	3.63061068339548	4.43321770335756	4.82784932441398	3.77938022420963	4.12069851000032
chr12:80924361-80924862	Her2	1.39654822979152	0.00203465965827342	3.33926613132961	2.69222190484774	4.7630031501015	4.09345173422858	4.28561325346162
chr17:67661352-67661853	Her2	1.39640341248556	0.000431754992141532	3.1738363328466	3.29351802515407	4.64977936050988	3.84753745699898	4.14342747612576
chr2:234673856-234674357	Her2	1.39638806492469	4.5885676072679e-05	3.87790418735818	3.3265182151814	5.06219263049258	4.77491115928474	4.71011640959891
chr22:45199213-45199714	Her2	1.39627295559244	1.81011480080894e-05	4.20111405767806	4.51919392213579	5.77307860742698	5.22350885366894	5.51956964655445
chr10:37419315-37419816	Her2	1.39591386051379	0.0118118559765643	3.16212698018631	2.85548037255683	4.53874224773829	5.27565492144682	4.74267021780277
chr8:115566165-115566666	Her2	1.39575289418599	0.000661698457603668	3.53641248728725	5.01224840135804	5.09032919140671	4.85321968614286	5.01326571124494
chr8:17516911-17517412	Her2	1.39566653983223	0.0198593975194128	3.10868588048369	2.44817039466098	4.69291007832411	5.01841543327905	5.1939684636737
chr19:57800160-57800661	Her2	1.39563951618077	0.000620877520981047	3.63345380853312	4.05632030679798	4.79058471977741	4.90722330576357	5.03612720278074
chr1:155077249-155077750	Her2	1.39559659372341	0.000336433190758422	5.11542754070804	5.50321902333307	6.45565774166867	6.28686791676085	6.27957333691974
chr20:57758342-57758843	Her2	1.39531780204397	0.00269674401268162	3.19351535907282	2.97364508199947	4.63890722909358	4.18031805825747	4.11903408962305
chr5:15411823-15412324	Her2	1.39509117611794	0.00159047392836801	2.975678646449	2.4228443697933	4.22630028603253	4.1104826566012	4.41991739919623
chr2:140013834-140014335	Her2	1.39508346967615	0.000449830064269879	2.75300910608108	2.7896221125099	3.98322966932707	3.08211799034126	3.25430083420774
chr6:88666809-88667310	Her2	1.39482385879015	1.26399782710579e-05	3.24427418349279	4.08445076600134	4.3147302915949	3.2630476217406	3.53520051538265
chr8:18340491-18340992	Her2	1.3947582198664	0.00171749672321686	2.12586934865111	1.56177633844136	2.77424669866687	2.84799545455617	3.08438820894817
chr18:998929-999430	Her2	1.3945727133341	0.00113661624918926	2.97696764385813	3.52145884353238	4.16838181609983	4.19072010319747	3.48650428932659
chr11:85805994-85806495	Her2	1.39442284121154	0.00241021104322102	3.79096227860699	3.78827053992375	4.88053635622004	4.61770823112277	4.34891671044478
chr17:38544905-38545406	Her2	1.39440659502354	1.50239620497008e-08	4.05842859970043	4.12157818702546	4.61175839211197	4.04113637799042	4.36239537154367
chr6:9407484-9407985	Her2	1.39431542822336	0.00336480797683406	2.59250431348381	2.03510347704603	3.73864806139121	3.32835275910225	3.44865105779123
chr2:131596475-131596976	Her2	1.39387743015625	0.0102172046248295	2.76173463108931	2.13251574728593	3.64357791694461	4.09205974195523	4.62896859700129
chr20:17061136-17061637	Her2	1.39355425861273	0.00993841815021996	2.81886815354047	2.17336407630128	3.82669345470757	3.79162051099243	4.34299083469078
chr22:28826266-28826767	Her2	1.39297317177261	0.000257385430781478	3.39563919319594	3.0295845249217	4.69737145401073	4.75760625401106	4.82583615570156
chr4:69027357-69027858	Her2	1.39210099826395	0.00353384210697398	3.14684037893565	2.18350342429538	4.30078223971591	3.74129750670654	3.91078393096681
chr13:63554080-63554581	Her2	1.39166819438984	0.00148149343972704	2.60105093341402	2.29457719929566	3.48631127277007	3.04313940415509	3.11783258988328
chr17:49407293-49407794	Her2	1.39165548088399	5.54881519046747e-12	3.54662168613863	3.20408969070286	4.25682439342814	3.672312320105	3.66501294033126
chr10:5495403-5495904	Her2	1.391628242623	0.000108266856029191	3.72722817952921	4.88562367181649	5.11650776210318	4.70980360586125	4.86620356984593
chr3:140829798-140830299	Her2	1.39162454401188	0.00965645476705486	2.7747132002446	2.38669967542343	4.402230640107	3.50823152641366	3.74839582233612
chr1:53915022-53915523	Her2	1.39147191441411	0.000256923979815848	3.08461310670219	2.73453899694214	4.02784285378829	4.2416670604501	4.29675040350173
chr1:208305149-208305650	Her2	1.39107155871716	7.34650591098007e-06	3.04794452094174	3.35312054774635	4.02756969595239	3.76023385884695	3.62876271411452
chr17:39495930-39496431	Her2	1.39079717323536	4.60686478562641e-06	2.99891867721985	2.98100307657066	3.94601634121064	2.95759941047926	3.23806655682049
chr17:39412335-39412836	Her2	1.39073787988254	4.27629624833714e-07	3.28817221036757	3.2527029285496	3.87447078599215	3.01876553124635	3.58296269106514
chr1:241974238-241974739	Her2	1.3906055372601	5.07285345275253e-05	3.2312961198114	3.23245634470981	3.79575744740545	3.97007498870143	3.96899043179491
chr8:102957983-102958484	Her2	1.39036006619398	0.00498300031717464	3.04740805977986	3.21035294963693	4.05929106685975	3.90842536624588	3.96638406602336
chr3:128436099-128436600	Her2	1.39031332213767	0.00107238801676838	3.91751239685731	4.03689890515034	5.33580312884265	4.86972294232514	4.99371900157902
chr17:39464586-39465087	Her2	1.39004851228062	1.32466261735109e-07	4.4698104450314	4.58646406486058	5.29610900719332	4.2035326916845	4.70633928063297
chr4:97362550-97363051	Her2	1.38978048834615	0.00168493965445428	2.50895980739375	1.54925399221383	3.55515151962507	2.94391712970309	3.21410876256688
chr17:82100372-82100873	Her2	1.3893521864453	0.000114138826529862	6.02624990231007	7.45176470012623	7.46853922358497	7.1649347089001	7.42090717527871
chr14:24374035-24374536	Her2	1.38908127272932	1.93263935896466e-07	4.23214985655021	4.13605581217439	5.22561475783418	4.77186342761268	5.04499266659553
chr12:45688144-45688645	Her2	1.38904521414061	0.00155009982920597	3.08465705633053	3.15041225051355	4.66279807355923	3.83049259750689	4.40699787698534
chr1:41878396-41878897	Her2	1.38875925830434	0.00284302615569443	3.48558604439831	4.23142638557829	4.79504912601178	4.51580280692531	4.86421637426618
chr4:104730024-104730525	Her2	1.38870128125635	0.000977445656036066	3.08179013100584	2.27027735956163	4.18952315180297	3.41694968052321	3.54060851303459
chr8:37269384-37269885	Her2	1.38863890488962	0.00344313606017607	2.77615108373901	2.3624749709168	4.27908961344041	3.52640201552408	3.6847966580933
chr16:28923342-28923843	Her2	1.3884263408058	0.00263122593105033	5.00517342527789	5.23563068433554	6.78207827724338	6.2425044285682	6.41895956943801
chr5:34111801-34112302	Her2	1.38840100848193	0.00491566236277157	2.53625482950177	2.17881530927256	4.02592433679097	3.83396847118717	3.63828881894911
chr20:57711773-57712274	Her2	1.3880814217158	0.00223856170805156	4.93235904126625	6.46963194572034	6.69846738065961	5.46045337120588	5.68582921734341
chr17:39448211-39448712	Her2	1.38771294813358	3.62964052160075e-08	3.60787493282159	3.43383474687848	4.46078391916715	3.3681569273369	3.88158200920662
chr1:180073693-180074194	Her2	1.38756996621524	0.00107291740454921	3.15331884874539	3.21706618826626	4.34987041145812	3.31709646447312	3.32497928026115
chr7:14695599-14696100	Her2	1.38685495092549	0.00148636579606282	3.08201971852534	2.63707771304559	4.41530832006583	3.33590637071092	3.93741409319983
chr5:167563639-167564140	Her2	1.38571265077777	1.8331828761807e-05	3.1136930911832	2.62702848527502	3.63538828572817	3.44520170844751	3.15577612955765
chr17:38916185-38916686	Her2	1.38570160957424	8.96212664620261e-09	3.66242814514307	3.64096883103564	4.65097778196975	3.96238926064026	4.32081903882004
chr20:41532773-41533274	Her2	1.38570141890893	1.77590790631972e-05	4.01327682140718	3.73581031148855	5.49599756430966	4.84327834317594	4.98723907036508
chr8:116584058-116584559	Her2	1.38561591478734	0.00301232965625301	3.0653117606918	3.94249241669876	4.2152237105899	4.28108732184011	4.46315667539585
chr6:129622207-129622708	Her2	1.38548427496618	0.00379570068471003	2.77049558285246	2.72911058985444	4.16055607806891	3.82706513697161	4.50721202720216
chr21:36652855-36653356	Her2	1.38546592700406	1.12059613740125e-06	3.03985025149887	3.01475648005567	3.82162425621797	3.29956771698109	3.25847123026121
chr17:39386414-39386915	Her2	1.38527394034276	1.60672388739713e-08	3.17007387523772	2.71859079640874	3.67926597049903	3.03707034586987	3.33131092423334
chr17:51257374-51257875	Her2	1.3850260582363	1.70068130585832e-05	3.84784058621677	4.27741010532653	4.77810299141733	3.97295475169497	4.36287601274169
chr17:39477724-39478225	Her2	1.38487488678125	9.21023046483575e-08	3.18504241213273	3.13164805377929	4.05748192620772	3.09733575861108	3.50925407667897
chr20:41786122-41786623	Her2	1.38470745107152	0.0111294625887315	2.68837693470388	2.60635008924704	3.58446735957546	3.09353056119444	3.39033444706374
chr6:106970513-106971014	Her2	1.38469268579316	0.00728086896576324	3.23071415455487	3.91076057886699	4.66228603224985	3.3010537206834	3.17571562354036
chr10:37420188-37420689	Her2	1.38468643271632	0.00928085665147168	2.64608151616693	2.25758868647184	3.8608872506945	4.61065840407124	4.05745198569492
chr5:58075749-58076250	Her2	1.38454613253231	0.00135601203042604	3.34064042355217	2.66729406156634	4.51307612661701	4.55471260530154	4.74109696222126
chr17:39468061-39468562	Her2	1.38443596312498	1.1601777094323e-07	3.29090295161816	2.92988321384721	4.03262070755897	3.11856494190032	3.62426848046499
chr17:48158775-48159276	Her2	1.38421426926888	0.000438409668566481	3.07819536787811	2.22249964160448	3.48615319439413	3.47313882636505	3.45825849001303
chr8:53078901-53079402	Her2	1.38391079693345	0.00122820584167027	2.96302583099463	2.58305071013882	3.56291397071341	3.47512852311331	3.62391303820016
chr20:59930964-59931465	Her2	1.3838939929875	3.2717575433286e-05	3.68496463625507	4.57991396571202	5.16930725421387	4.48087824697622	4.69891473817927
chr2:68464618-68465119	Her2	1.38354404411376	8.42623915271391e-07	3.65350960050404	3.92389343684345	4.7176483619438	4.81317588928007	4.37141549732909
chr10:37294306-37294807	Her2	1.38332617264146	0.000718685298446337	3.14285170843195	2.72083643184698	4.29916467885717	4.57751150874357	4.42866921236424
chr19:10395652-10396153	Her2	1.38325334734794	1.8404435066932e-08	4.38960552896538	5.33826210128808	5.37268659458068	4.28014420920105	4.53925038280765
chr8:73206925-73207426	Her2	1.3832243506738	3.78345394308553e-07	3.36993598472165	3.5443224263235	4.74410013169461	3.98523039952899	4.03012856221845
chr17:47985889-47986390	Her2	1.38322246012523	8.06105364663348e-11	3.94112172344527	3.80027892240508	4.75722929471645	3.98057185121801	4.1379973343844
chr6:3762237-3762738	Her2	1.38315525138591	0.00344313606017607	3.81019209700512	3.57490820185598	5.3457675873968	4.68977925443417	4.79623030730925
chr17:40700984-40701485	Her2	1.38309632318776	0.00814396074796751	3.04254045008114	2.02955758797092	3.60931802903962	3.17808156410099	3.81218923365181
chr17:39438897-39439398	Her2	1.38294871414957	1.35312836632881e-06	2.71121845324646	2.68352042944546	3.6630217002236	2.50107488334104	3.04640561165249
chr7:112238029-112238530	Her2	1.3828902479557	8.32259938712823e-07	3.76449627779092	3.89556972165864	5.1496443445251	4.25409208540961	4.25951432774494
chr2:88206310-88206811	Her2	1.38279339492919	0.000132238782588606	3.15588061287452	2.88113333040985	4.26554487050167	4.42839306518361	4.36488646056353
chr17:39441452-39441953	Her2	1.38259311462633	9.83095911659267e-07	3.1709812492094	2.74172336301242	3.90906628491206	2.78387677874579	3.66582514480296
chr10:120012485-120012986	Her2	1.38244637514967	0.000295135708335483	3.09719144727949	3.0486690872862	4.42171540603482	3.69024851955404	3.47324048894702
chr17:46817329-46817830	Her2	1.38234634252788	8.68241143494054e-07	2.97448136639629	2.52195978865241	3.11977148938795	2.78816292296199	3.11363005008075
chr10:33329027-33329528	Her2	1.38182475498887	0.0070088388303008	3.87662804200461	3.8385998601736	5.31270120986651	4.2401142739536	4.21617383036123
chr7:20153390-20153891	Her2	1.38171296697713	8.25452147692308e-05	3.31908615129012	3.06033561344246	4.68805988868448	4.20483401178081	4.06015788687206
chr4:72210416-72210917	Her2	1.38163438305289	0.00745286716901885	3.01464762965942	2.47512174261925	4.51448371451985	4.67141006766703	4.8160670126731
chr17:47961998-47962499	Her2	1.38124246147634	3.27997437141167e-10	3.92763107146919	3.68697205033826	4.8399568007709	4.35280972675046	4.49636203216284
chr1:148433644-148434145	Her2	1.38086047966204	0.00123796443078006	3.62701839867353	5.307423328996	5.04398928464326	4.68911588502184	4.40260776797009
chr2:240900477-240900978	Her2	1.38073420833549	1.08749718495328e-09	3.542257649296	3.46127142818994	4.49282180330985	3.8043709599595	3.70938437295211
chr22:24897315-24897816	Her2	1.38011619754658	8.14169067479032e-10	3.38397193150595	3.02832439576874	4.21924719138852	3.23842038705176	3.52690469294206
chr2:108367815-108368316	Her2	1.3798252599149	4.6577407343358e-05	3.29531080849312	3.3232293455348	4.71025957883363	3.58647185104328	3.88713489900707
chr22:36554014-36554515	Her2	1.37979449145008	0.000103689714127951	3.45679545464661	3.34025221124254	4.53204363064665	3.34350823970648	3.6182376231639
chr2:37644136-37644637	Her2	1.3796831364176	1.03444491742527e-08	3.58357873622568	4.15591817285987	4.81864139732206	4.17702048810252	3.87069321694365
chr19:49096959-49097460	Her2	1.37951631279348	4.37154944323258e-09	4.08828838340684	4.7332331891917	5.43533477378394	4.83647011868062	4.78063176216529
chr17:39481189-39481690	Her2	1.37948089030175	5.3029059221695e-07	3.02228953925826	2.88313341277106	3.86781776087189	2.84207299181184	3.36354733971658
chr9:37797721-37798222	Her2	1.37927892611977	0.0227371464013931	3.18325808175422	3.58039999401171	4.31882503288661	5.44747433955656	5.73031487485889
chr6:105519214-105519715	Her2	1.37904957092375	9.28847687807407e-06	2.40104836496114	2.59967989881956	3.06057688368905	2.8004524687034	3.07121285424772
chr16:48737678-48738179	Her2	1.37903851839017	1.06742454876493e-05	2.88545123516274	2.65030883010959	3.40417710536307	2.77518177014288	3.15258485951559
chr17:49911319-49911820	Her2	1.37894748634347	0.000112405633307372	3.88357929846448	4.03854198782919	4.82156680845238	4.47193761272965	4.47574378373897
chr22:48335635-48336136	Her2	1.37888311441877	3.29624718221027e-05	3.09615631958611	2.52997427084021	4.16347645458949	3.33913501116247	3.70842674892886
chr14:34237666-34238167	Her2	1.37839735466865	0.000908322791419655	3.39579031801236	3.16806096631863	4.37860510686796	3.61155235018119	3.69292027161589
chr20:39290667-39291168	Her2	1.37839489487365	0.00101517080909422	3.66028626124855	3.72855384990359	5.07842021509579	4.07708518644696	4.05881957816783
chr3:171263100-171263601	Her2	1.37810930039888	6.77455223821141e-06	3.55745010037594	3.13874213827583	4.67997381994155	4.15269332968848	4.03727509743564
chr14:37625537-37626038	Her2	1.37801368837925	0.000406003044401299	2.89029778373585	3.59685173390374	4.03104049150317	4.11918338229907	4.18335391660408
chr6:158944357-158944858	Her2	1.37800603640581	1.08442216554957e-06	3.12649602678488	2.99217854699079	4.28311799993444	3.89678124735085	3.80632160250338
chr3:125993605-125994106	Her2	1.37763058849117	3.74220058378559e-05	2.80681695506965	2.89375329851106	3.73844173734722	2.94190671296285	2.75499460115485
chr17:38672293-38672794	Her2	1.3773945624374	4.70004789987993e-09	4.40951974905649	4.51179997601746	4.90156408491845	4.52646335947398	4.49234829966568
chr17:39476827-39477328	Her2	1.37732172988155	2.14045067294553e-08	3.52727429856956	3.52664073017945	4.3740078394684	3.23537772740354	3.79480901760464
chr17:38497142-38497643	Her2	1.37725106714461	5.25980687626706e-07	3.20918720374627	3.24424429405238	3.57923779078838	3.13299006388899	3.37819112228512
chr17:39506898-39507399	Her2	1.37703915226701	1.63891986859984e-05	3.23523290681773	3.09615206907772	4.12658822566446	3.03135957458412	3.76553387883334
chr12:6021701-6022202	Her2	1.37696979729433	0.000214832544053058	2.92559991599378	3.18291154494666	4.30844126711183	3.67510092369655	3.80362958656783
chr6:153149340-153149841	Her2	1.37676865537182	0.00181760111614759	3.2488652110228	2.76204544204418	4.28004844737227	4.07968858484828	4.11467078262801
chr7:29452398-29452899	Her2	1.37671693862376	0.000227919695761022	3.80195534239906	3.03280166781265	5.02025256841812	4.40218104907916	4.57408366641829
chr6:7003878-7004379	Her2	1.37670795466368	1.16673883394867e-06	3.00721010719106	3.60325615106045	4.25690336832914	3.31652852968059	3.51648741987546
chr4:165210573-165211074	Her2	1.37665104569981	0.000859666319770847	4.0931102077852	3.22145823134595	5.74079459294215	4.86984855073075	4.71479653700816
chr4:55356306-55356807	Her2	1.37609036127246	0.00130392032175817	3.86674396633792	3.65444039446923	5.47786648095681	4.81720404035467	4.79826790921614
chr12:52239710-52240211	Her2	1.3759710324976	0.00180217425836861	4.71722472664202	5.57141834005544	6.34725035545144	5.77377093361903	5.7208612839883
chr8:94000108-94000609	Her2	1.37528549266121	0.0185077315893967	3.63608420347131	3.39430234303889	5.41090718255148	4.41922709341554	4.86493823779705
chr5:71752773-71753274	Her2	1.37524020861165	0.00892365928236494	3.2893912854099	2.08926283673394	4.78026267350557	4.82277955936866	4.80377326271684
chr16:62963843-62964344	Her2	1.37523077200219	0.00449091594674811	2.74563905962872	1.9436096288258	3.38818792248783	4.29201322071153	4.34575735184619
chr2:30806470-30806971	Her2	1.37489534490282	0.00280417397360695	3.77255238028473	3.93680346637656	5.50800398631723	5.0474338580406	5.25836420094506
chr14:105470580-105471081	Her2	1.37450718680103	2.6041197146016e-05	5.15605906491804	5.80845636890247	6.70070771865376	6.20360977337442	6.07758292867806
chr17:39463256-39463757	Her2	1.37336245898984	1.21154850681512e-06	4.91495530700713	4.91717426672578	5.7631266023347	4.53683765183176	5.01520296101244
chr8:93293351-93293852	Her2	1.37325196275389	0.0181469880258727	3.6671752837919	4.43176722060909	5.54645031483552	4.15321777696686	4.31076490210639
chr6:106541562-106542063	Her2	1.37296431862901	0.000614613043772438	2.87640178911621	3.48332546863239	3.81889519253203	3.06137612607807	3.41687516372742
chr17:40067217-40067718	Her2	1.37282578303672	1.18181145473571e-09	4.9390184777913	4.50226575981297	5.80129357834541	4.7659274718254	5.02638115823946
chr8:80082288-80082789	Her2	1.3726621042453	0.00121912325879417	4.68004796959484	5.51339566207264	6.31420887109471	5.50790593477529	5.9585570075211
chr12:90333328-90333829	Her2	1.37239242961286	0.00672255652897867	2.83642040439237	2.42681664958285	4.30422849483642	3.31022341432611	3.15632774895184
chr8:117175632-117176133	Her2	1.37233798777208	0.004381752846412	3.22776967166759	3.78797856658512	4.40555167644363	4.25250736730137	4.37016521322184
chr13:30521517-30522018	Her2	1.37232434048065	6.58158309377427e-06	2.75072243724755	2.50951856541922	3.86857443332195	3.32957566314434	3.16044079974162
chr2:74572671-74573172	Her2	1.37143656592046	0.00018734759284601	3.27189850103535	3.36336470017398	4.55713637235873	4.42612288923591	4.5114466631203
chr7:135777032-135777533	Her2	1.3713611278416	0.0430409608182079	2.34226708786284	2.10372602763486	3.83586399102643	3.91891079577944	4.40280247988108
chr7:134697275-134697776	Her2	1.37130227828596	6.45234074007728e-05	3.60281670274008	4.67416364726534	4.70282759872402	3.56881656132619	3.67899015606076
chr17:28231865-28232366	Her2	1.37094894306521	0.00926127535972228	3.44372673637118	3.0864834752277	4.40440225230965	3.62884614915743	3.63930260834027
chr17:39495066-39495567	Her2	1.37091301638674	3.26121632366439e-06	3.07942391837318	3.02665180761463	3.86636036655227	2.88766492223357	3.52414337337865
chr5:34422279-34422780	Her2	1.37077079788538	0.0137713017184401	3.16186258841055	3.02303229747018	4.86360230197001	4.24940805164104	4.54887734594603
chr2:118241591-118242092	Her2	1.37059922279487	0.000124875039226959	3.1608435210034	2.88546387898341	4.05706125595021	2.93847842001035	3.05574955684427
chr4:151603307-151603808	Her2	1.37055746020737	1.00579887630043e-06	3.2622430232157	3.16364704819277	3.95660680629907	3.89584509538044	4.04755559974078
chr17:27240697-27241198	Her2	1.37037010742793	4.1647216456406e-05	4.38031927836431	5.20701269643253	5.53099128171187	4.83618661299928	4.90220984061136
chr4:73448729-73449230	Her2	1.36967947847105	0.00292472716221544	2.54621443312723	1.82284568501733	3.60747589578163	3.25537092737229	3.57835812817613
chr17:39481850-39482351	Her2	1.3696357904671	8.20309790103671e-08	3.30699671982431	3.36581301599043	4.02356835514736	3.06916211007116	3.61099773470479
chr6:50654030-50654531	Her2	1.36962468666445	0.000104139742043864	3.40039670938463	3.21421994076961	4.67479861315225	3.89714631854225	3.685473665698
chr9:121082368-121082869	Her2	1.36903841328685	0.000524360545210195	3.19253312793572	3.03704386770837	4.15884869249209	4.37837496515975	4.87875677576251
chr2:227467287-227467788	Her2	1.3683009455098	2.28801964735651e-05	3.78740406634995	4.47977393601869	5.09494016005835	4.16037730191061	4.29270140931319
chr1:221713548-221714049	Her2	1.36788389770303	0.000177290300006164	3.95129993683658	3.63016786660012	5.30500644905857	4.49230298943511	4.79529780988116
chr17:27249334-27249835	Her2	1.3678646528962	5.79090455960491e-08	3.73360707388963	3.61511172859837	4.86399099866746	4.28460219971816	4.18208136321826
chr12:113891125-113891626	Her2	1.36782087914454	0.000199662862009916	3.24599206953431	3.46714833439271	4.03938850785023	3.64898340209767	3.4499099244087
chr8:96362965-96363466	Her2	1.36778959164138	0.00971691632028227	3.39481310505916	3.82358283736724	4.80979956432504	5.04482191707539	5.18576119564149
chr1:106648038-106648539	Her2	1.36750613320129	0.000513650997400071	2.64262797485817	2.45895772577453	3.95126841747464	3.2791478584637	3.2647982451339
chr20:43977234-43977735	Her2	1.36744481629832	0.00167360597507328	3.08828095645514	2.32495234828784	4.34286632361522	4.0342973990872	4.06172239590104
chr3:128427567-128428068	Her2	1.36734872176912	0.00083890975328602	3.99461883202482	3.59138678838923	4.86505108296104	5.25027342849182	5.33069469537662
chr17:39512787-39513288	Her2	1.36698637338157	5.43082939796228e-06	3.10579481962753	2.81052180334999	3.80544165600154	2.84229925561061	3.25056138402299
chr12:63458046-63458547	Her2	1.36681838037698	0.0428562255373263	3.16028784371131	2.66233146984797	5.07811371865329	4.48484801838097	4.82567611793298
chr7:135514812-135515313	Her2	1.36654627893298	5.91806404088877e-06	2.99730809633999	3.0098736433268	4.1886474502284	3.33306057022674	3.8799396937227
chr13:23835385-23835886	Her2	1.3664768368426	0.00509638648028844	2.85604152227588	2.26417393879837	3.98997521931228	3.68497919849827	3.98901855181564
chr13:28553937-28554438	Her2	1.36641525749863	0.000149789549549552	3.07360527826017	3.43710449409956	4.05031106855485	3.28030933702247	3.55300285528116
chr20:62231518-62232019	Her2	1.36638437190468	3.22201362264078e-07	4.18922684688565	4.80204351925111	5.51024419518152	4.70766125365887	5.22443344312041
chr8:119662238-119662739	Her2	1.36612706604784	0.000407443344555209	2.97184299428146	3.24091574232249	4.14673045880473	3.58198185386091	4.14129965002106
chr6:35798661-35799162	Her2	1.36603799769914	1.59247553173988e-05	3.22085221001791	4.09587540709203	4.29017236901213	3.54221590578594	3.36757666636291
chr11:67664360-67664861	Her2	1.36558910893576	4.1956508040154e-08	4.00790188534857	4.01130034416472	5.08533209126108	4.39998038019602	4.62261637728808
chr6:72271605-72272106	Her2	1.36555671186471	0.0138001929870207	2.72146648933099	2.23548186164274	4.01988945584542	3.84626970061353	4.55839002371935
chr11:78062745-78063246	Her2	1.36548350303757	0.0049294149021175	3.92721455820663	4.61747619889824	5.3077718440106	5.14726044261738	5.02717387477788
chr5:59403167-59403668	Her2	1.36536305112712	0.0143750576170203	3.17551837113074	2.09110302700493	4.42875453105458	4.91703770080845	5.28111164918598
chr20:56751108-56751609	Her2	1.3648060360057	0.00109861580989712	3.31224695639332	5.44032097121504	4.90458466078567	4.17819002212804	4.36039156904465
chr22:48938435-48938936	Her2	1.3645432769123	0.0029060698979953	2.6483099706778	1.85562228668533	3.97451880340356	3.49363887439563	3.3847705860329
chr16:4173865-4174366	Her2	1.36444136851244	1.01744589286539e-05	3.58364681998725	4.10740510746094	4.744172994135	4.15675902955055	4.77293643899937
chr22:43514249-43514750	Her2	1.36386061607537	0.00694867054116579	2.78963277955398	4.0776632456277	4.00519005717156	3.41280985688036	3.65729033184768
chr17:39489114-39489615	Her2	1.36341115460432	4.26145344072865e-07	3.48529164600852	3.81912862983435	4.24249087730331	3.24413169814421	3.78256336475586
chr8:113067688-113068189	Her2	1.36338529493427	0.0046601398575973	3.05602419947281	2.95621779306431	4.071523621785	4.01868609446563	3.96221957052862
chr5:99332995-99333496	Her2	1.36337029616745	0.00180192195157361	2.61325570390785	1.42421700142161	3.51208563667166	2.64247346524855	3.28677923686943
chr11:6662564-6663065	Her2	1.3633025078197	0.000245878536312078	2.98395412731514	2.76035041902721	3.85738320872468	3.40561811167658	3.80252837818555
chr3:133451283-133451784	Her2	1.3632542325416	5.08233319401858e-08	3.07322866415806	2.95300264966771	4.0190203064359	3.59551756837285	3.88656704167319
chr2:211822842-211823343	Her2	1.36322104355187	0.000372557143904089	3.14430133880063	2.97892477364839	4.14691843522356	3.57743176449647	3.64224101621695
chr17:31566007-31566508	Her2	1.36313278541636	2.18263219480742e-05	4.1035436772442	4.9319242737252	5.33813233107362	5.12311294597381	5.33317796619905
chr6:35786137-35786638	Her2	1.36302803493447	0.00010087267493058	3.71061149654607	5.18452998169967	5.19817947417148	4.56732748156686	4.31383993512354
chr8:1907276-1907777	Her2	1.36286408275544	0.00019637800908089	3.20523245804694	3.19706219034579	4.0161706471804	4.22576919508729	4.00495071326423
chr2:168876902-168877403	Her2	1.36241101538557	0.0160719098880362	3.11343285242126	3.39235653877908	4.88107458496205	4.86324916461609	5.06969164764363
chr16:54171525-54172026	Her2	1.36218221726297	0.0010132860157801	3.19641136901855	3.29830694962794	4.45184153812626	4.63285159330265	4.51520175550974
chr19:3609814-3610315	Her2	1.36169672902005	5.70129623010278e-07	4.56834412781646	4.82624169507962	5.81708645735827	5.36355322908017	5.35881821534253
chr8:93275184-93275685	Her2	1.36108663353658	0.000590317615458953	2.77445269556689	2.42814957436406	3.93912759123573	3.7018666314922	3.76036433849915
chr2:170763565-170764066	Her2	1.36091158497118	5.08136232206356e-06	3.26329433222996	2.64527572617138	3.75353814921455	3.98513021014194	3.69353607002019
chr10:61924329-61924830	Her2	1.36054511445983	0.000148393182993297	3.54893268221141	3.39918239194578	4.40190639663555	4.49453394428586	4.50731016430349
chr3:55911225-55911726	Her2	1.35983066098006	0.00307622605323596	2.59238648840195	2.0083868292455	3.38798038687014	4.22779291052031	3.8613439344877
chr3:158915591-158916092	Her2	1.35959646941654	0.00141771868513663	3.47990118153947	3.42800706140161	4.92885740327588	4.42963003223982	4.39444524275505
chr1:207871980-207872481	Her2	1.35951548003053	4.69463838543325e-06	4.18976772202299	4.34289336698486	5.21418300552062	4.90747443597449	4.78285493360109
chr11:72023258-72023759	Her2	1.35948738168793	8.91188784614009e-09	4.15647833452602	4.16726105928873	5.5136955174694	4.52042906934294	4.74472637695586
chr11:18007820-18008321	Her2	1.35941006131214	1.06915544751347e-06	3.26710144287144	3.26804753513731	4.18894616207786	4.12645528780457	3.53793652736617
chr2:7791200-7791701	Her2	1.35936487431124	0.00318596440562352	3.24216554858738	4.86374151919004	4.86639576856869	4.44480769876354	4.510941417339
chr7:127583668-127584169	Her2	1.3593030781162	8.0504159126092e-07	4.36371794695343	5.11766885252327	5.44466049153061	4.79174935457415	4.84188367439349
chr6:119263127-119263628	Her2	1.35922169103307	1.16307049404355e-05	3.46356532167703	2.89102275761497	4.63510117327427	4.30642234626688	4.04456199026192
chr1:214216097-214216598	Her2	1.3584792147373	0.00276554971202058	3.776610048358	4.44269290076007	5.4141219871804	4.94124340481094	5.04775122021961
chr17:38596507-38597008	Her2	1.35827836026785	1.26246987235129e-09	3.99218709367911	4.01773905957158	4.61968038989694	4.05012054153435	4.28373600160783
chr8:126330718-126331219	Her2	1.35816119141291	0.00137913966874192	3.1987328618094	3.4490699623655	4.57921045323555	4.23383056903423	4.35785802273127
chr22:24893193-24893694	Her2	1.35790848855107	8.28582723410601e-08	4.39479130697315	4.086116093049	5.27962285391698	4.34374633682932	4.64165074486656
chr17:38552117-38552618	Her2	1.35773207626466	6.04054820802024e-09	3.94464917711976	3.9447695369124	4.58903062829366	4.02537825628368	4.15930339791638
chr13:23841050-23841551	Her2	1.3572637301085	0.00230081751137733	3.05913647752561	2.43803982267878	3.92093462648511	3.98881255907126	4.18865978159445
chr12:103651729-103652230	Her2	1.35718122222709	0.000110494018135356	2.85220391844366	2.26397356047457	3.75196308854783	3.83178596404125	3.60087458272973
chr10:59904001-59904502	Her2	1.35660788070143	2.50171230533101e-06	4.72957043896137	5.30382009761966	5.59212721242601	4.76942319556931	4.66095930567656
chr20:17932550-17933051	Her2	1.3562577408545	1.2391023737203e-05	3.85086433527556	3.72624091113693	5.22806277824374	5.03172416879054	5.08060760723175
chr9:137172311-137172812	Her2	1.35610798437034	6.4193916700938e-05	4.5090821838757	5.43377333837194	6.06644997119884	5.38500029390312	5.52210021939066
chr12:67521333-67521834	Her2	1.35605744243433	0.000106627367131461	2.85453965421443	2.44900784025836	3.93281344200868	3.16362479865467	3.4158523132043
chr17:39467148-39467649	Her2	1.35586808077458	1.34054409909154e-06	3.30713064791574	3.14212375096897	4.15905588587742	3.18844728905123	3.49143744503474
chr19:57797792-57798293	Her2	1.35580573237561	3.2194220643281e-06	3.91842750038988	4.10986637921816	4.90797191753844	4.83485931413641	4.98677217481538
chr12:105209609-105210110	Her2	1.35491180282622	0.0157291911518391	3.28949747696591	2.70818533257362	5.00341728382135	4.11555327587646	4.17090068562853
chr10:9073797-9074298	Her2	1.35488621520044	0.00293623602293418	2.83154844064985	2.59952602219137	4.13532734939741	4.24132822996271	4.44954433017203
chr17:40616612-40617113	Her2	1.35428907875777	1.77001267113007e-06	4.24670197762079	3.86597017062502	4.92906305651597	5.00963743092102	5.19046161794804
chr15:57263439-57263940	Her2	1.35428409193436	0.000509537251044074	3.52048658926789	2.93632139265705	4.74935075882447	4.70326609702098	4.95112580190304
chr17:39496757-39497258	Her2	1.35419561178481	1.1675349947871e-05	3.0337096208587	2.837160691471	4.01922818750036	2.78489001105276	3.2868148798664
chr8:126575821-126576322	Her2	1.35370962135473	1.36167686179361e-05	3.33911266801478	3.38032325218807	4.563822328229	4.30131498705552	4.41611149047421
chr1:82366560-82367061	Her2	1.35359397387193	0.0121476779874918	2.49945753189934	3.35518089969077	2.94509069376893	2.46144319272276	2.26949438768313
chr8:101386874-101387375	Her2	1.35358295706044	0.000123882935590813	3.66636278920646	4.63700915588439	5.14891309838163	4.45324512662732	4.76478687002985
chr1:222088074-222088575	Her2	1.35351871213726	9.7383872108144e-05	2.97703156112966	2.89812618341291	4.43083128154485	3.30760951737579	3.34898559353103
chr20:39158996-39159497	Her2	1.35340633466155	0.00930397466267006	2.86876067456455	2.14913439524812	4.35913465167243	4.82227829061361	4.79543761409729
chr17:38329961-38330462	Her2	1.35331866392297	2.89683357741581e-08	3.88535859094045	4.14773312545128	4.348477793947	4.09981859757146	4.30894166286081
chr2:12926177-12926678	Her2	1.35320739200438	0.00107321531468675	2.92105504502706	2.73147083842012	3.61094264123477	2.75531266485605	2.82478203612438
chr2:196884123-196884624	Her2	1.35303136101886	0.00936128071916582	2.83369770648659	2.17781144906831	4.15459991534754	3.5694741611215	3.94835939152344
chr2:133571149-133571650	Her2	1.35288449184632	0.000127512598048671	3.58608740808743	3.34647312292551	5.04782079179911	3.99158745455559	4.31423696474094
chr1:204149523-204150024	Her2	1.35286922027438	0.00179298445825567	4.9794377087831	5.20856635596161	6.48968481680935	6.14218251365951	6.1444514907943
chr14:60687412-60687913	Her2	1.35235505985567	0.00190940691377027	3.30653968353014	3.25460839515649	4.79049099929398	4.1863729513329	4.29827745949659
chr12:101235709-101236210	Her2	1.35227554202012	0.000135042201975345	2.65346257664227	2.21519816930868	3.58082302621092	2.56992993411238	2.58806224899746
chr10:124690292-124690793	Her2	1.35199219303278	9.65782638734669e-07	4.00831772217422	4.46031213481201	5.3998136115197	4.97788382239246	5.31833314025915
chr9:120476524-120477025	Her2	1.35196272932124	5.87395523827685e-07	3.56512722944854	4.19929372748409	4.57581800421358	3.81407176899155	3.4900071264124
chr13:49335971-49336472	Her2	1.3518577186818	0.0104364735873454	2.72279489800552	2.44073737508498	3.86350831524782	3.47230686294089	4.1012287478434
chr3:131601491-131601992	Her2	1.3516954994113	0.00346016228596615	3.21609787683137	2.53209512532566	4.42514525548409	3.30417350110742	3.25931268840855
chr6:107145523-107146024	Her2	1.35134639058147	1.57859849600104e-05	2.68759384102439	2.79250249626842	3.82562151242328	2.86801704558375	3.12927225612552
chr17:39804892-39805393	Her2	1.35126044938965	0.0254335227085053	3.066848869452	2.92526414008476	4.47716147181499	2.60787405221677	3.2875000329365
chr6:138228437-138228938	Her2	1.35119717150078	0.00517249073600183	3.88105371876189	3.24302812737253	5.62751056386426	4.67633520742967	4.92935632518754
chr17:80434223-80434724	Her2	1.35114123164318	9.73191471302802e-05	3.45056717727817	3.26399162342162	4.61796117600348	4.38644700567631	4.85846586440713
chr6:108201537-108202038	Her2	1.35074563251899	0.000619149479594087	3.33195873413374	4.6142927668903	4.60836597467878	3.49465807261184	3.21335291309433
chr17:39447468-39447969	Her2	1.350693022162	2.92239904422794e-07	3.29514332424939	2.98817666605173	3.98916105971093	2.94032367501874	3.6907285991205
chr6:155491289-155491790	Her2	1.35066205343682	0.00978889862767815	2.72301558574437	2.01905215123142	4.09708778937415	3.853463193192	3.62323375992915
chr4:10771900-10772401	Her2	1.35050527140583	5.1408191300411e-05	3.22296062287494	3.82329393783837	4.46065279091663	3.48588862172102	3.58374122469012
chr19:20616723-20617224	Her2	1.35035929275192	0.00741479075747672	2.86335790129863	2.68692468074317	4.21102064975192	3.42043872054301	3.44306114920911
chr6:106962993-106963494	Her2	1.34991716331053	0.00291517409000465	3.59567561123338	3.92531773813606	4.86284492497056	3.68874574192941	3.52446979160157
chr8:95193912-95194413	Her2	1.34989219265021	0.00269674401268162	3.79960794407359	5.26729953939608	5.11294349784078	5.24476974106907	5.36036134805545
chr21:15207715-15208216	Her2	1.34988423372664	8.05250574639243e-05	3.42848302523066	3.53145491795404	4.63043432598325	4.48099940259655	4.80324756341267
chr17:40108774-40109275	Her2	1.34956990152257	2.85675479060872e-10	5.18314924849315	5.03609158329851	5.87741534285399	5.05796804279896	5.2315890996691
chr1:144456865-144457366	Her2	1.34954836079854	0.0137960757789914	1.96109044665287	2.62413880822812	2.94457384938986	2.35390645984623	3.30596500829063
chr12:18484-18985	Her2	1.34920495584222	0.000680221851191265	2.67743325017644	2.54011183083412	3.7344777282836	3.04205316492803	3.57122978074797
chr1:80130817-80131318	Her2	1.34914254193939	0.00603124895300849	2.84056285338307	2.33450418198283	4.07258376014717	4.41095492645654	4.61385544646629
chr16:48129818-48130319	Her2	1.34888461560215	0.00982493844283573	2.84012058404789	2.02916992072449	4.2103539085851	3.41216629046971	3.3605171252029
chr14:40976228-40976729	Her2	1.34887306955732	0.00614887178734107	2.58345265702545	2.5685539025684	3.6138853945771	2.78497476474051	2.69710174292912
chr3:121837183-121837684	Her2	1.34865438796396	9.66915867642309e-06	3.38129893311684	3.07452761759382	4.65638705099086	3.83237435816978	4.16065817032572
chr14:37590426-37590927	Her2	1.3483460641069	0.0264164788668054	4.53494563685749	3.02728008577263	6.48631430216594	5.62283336107045	6.05849014257911
chr17:58388687-58389188	Her2	1.34825147931158	0.00540085680812769	4.27589863658735	3.2259540324984	5.53010339659017	4.91356214246671	5.26385532933111
chr20:62234280-62234781	Her2	1.34775657610284	1.04029572983713e-06	4.64905770982423	4.95310036065233	5.87012811805972	4.98523695893933	5.07835875793798
chr11:79117968-79118469	Her2	1.3475881828182	0.001135130398419	2.83601623090089	2.9244599121488	4.19270614106153	3.81052124558679	3.6208309836167
chr12:66444627-66445128	Her2	1.34707235313413	0.00101263787383361	2.68329714744319	2.46470496264538	3.97899093839325	4.08726802105235	3.87880316293539
chr14:100820821-100821322	Her2	1.34702231975659	0.0282311957093549	3.14536449081594	3.23612681433692	4.9558485619761	3.43050575218208	3.64904923671137
chr18:41909880-41910381	Her2	1.34572241094873	0.0111371284445067	3.24026477210799	3.08477033970688	5.04292813694022	4.67364923074209	4.61130578649025
chr17:40073467-40073968	Her2	1.34566158509079	1.86306241476063e-05	4.93868765344452	4.7037965944245	5.76370466994397	4.57331615743191	4.80532695628031
chr12:26792454-26792955	Her2	1.3456605942414	0.00141899172481364	3.74680931771954	3.4847694686388	5.12203016308737	4.8005653368735	4.80111692982633
chr22:37602311-37602812	Her2	1.34566012956144	2.15575545617568e-06	4.70177691869108	4.50002968702054	6.19135237307984	5.27986004878817	5.38171616484225
chr17:39497418-39497919	Her2	1.34565269375801	3.71086993314023e-06	3.46816143396364	3.22502316871642	4.10347876292719	3.39610181613544	3.73954787758325
chr6:105354506-105355007	Her2	1.34528962074188	1.64606330964318e-06	2.97649525732172	2.78664764460772	3.70580636246985	3.18297205479289	3.13329265356732
chr1:61139990-61140491	Her2	1.34513297808791	2.78903616081031e-06	3.91132789586986	4.18730618397957	5.10257348436783	4.36159539360043	4.17581185737117
chr12:41965360-41965861	Her2	1.34508565243897	0.000181607026473847	3.39279434054955	2.62888199322566	4.63918347106121	4.11018467528871	4.1080902084635
chr3:128423461-128423962	Her2	1.34498284233696	0.000603461989799055	3.76496959261534	3.72853199956746	4.71770633343726	4.26275579688841	4.50639690287934
chr6:100174633-100175134	Her2	1.34479167562431	0.00755781636041847	3.41417959802433	3.01175961547933	4.87252883297532	4.70051469826225	4.65886932366977
chr1:45231451-45231952	Her2	1.34470247321852	0.00029070409902443	2.64026149873249	2.41962441155962	3.34294249842172	3.23514288999334	3.2256422895936
chr17:39255994-39256495	Her2	1.34440220737099	0.000196862882808123	3.31973918001954	2.89222303961602	3.80911430175253	3.11191796109274	3.35851985634045
chr22:44723745-44724246	Her2	1.34434737361008	3.32741626904549e-06	3.90366532870718	3.58739926097007	5.04178329700502	4.68313121227761	4.77921165746598
chr2:200537539-200538040	Her2	1.34424605552312	0.00268841244072331	2.96622545036993	2.32198345388578	3.89503537608664	4.26817318327337	4.67267978474781
chr16:9040698-9041199	Her2	1.34417999018499	0.0331056040331637	3.0662513162771	4.37746918414642	5.06980390441596	4.5973834938822	4.53494525778714
chr1:9902896-9903397	Her2	1.34370528257498	8.50838995400606e-06	3.50129281830375	3.79490749678683	4.77578687727364	4.32870963609712	4.12282877066756
chr2:74838060-74838561	Her2	1.3431954027014	2.16382676617341e-05	4.52010195582846	4.72140113250619	5.98807036083835	5.26488246989454	5.41575024926809
chr8:62658296-62658797	Her2	1.34280923066833	0.00351830038979182	2.81355851502372	2.50522657878466	4.24326485541491	3.70807247146951	3.6412643737811
chr1:20887882-20888383	Her2	1.34279392254416	0.0201142187817996	2.48704916938961	1.84645746133424	3.66444087440613	4.34982941628993	4.57091494917249
chr3:119575353-119575854	Her2	1.3427800534666	0.0396006579146151	3.3580092270025	2.78680162813433	5.02430675345229	5.10364954514442	5.13876184863023
chr2:237485164-237485665	Her2	1.34276617651035	0.0183836983918013	4.84179622105613	3.71585215175948	6.77912526355581	6.62088739500786	6.92613795359154
chr19:52410250-52410751	Her2	1.34262224504983	0.00249845079601271	2.72963059868177	2.96294379331871	3.78100879478332	3.30166189230107	3.20698563810198
chr4:175202025-175202526	Her2	1.34261626403449	0.000422498091611461	3.02956834854076	2.38521255743721	4.18889635928489	3.30393510198421	3.50727420712366
chr8:116090184-116090685	Her2	1.3422491414065	0.000475112406552917	2.91810559994581	4.16220412944471	3.99320757117224	3.99071032962511	3.79260500079055
chr17:40578032-40578533	Her2	1.34214015174867	4.04156438754907e-05	3.17510871770175	2.96676347101087	3.7723047168854	3.99257498270631	4.18036577096893
chr17:49189463-49189964	Her2	1.34203229543352	3.24459066015641e-13	3.82047948723276	3.36263220351413	4.56936550986624	3.81510548682765	4.08822871823612
chr9:9384866-9385367	Her2	1.34173520392402	0.00161178005996129	2.61266356257496	2.62854778831121	3.59435338687892	3.67626930151548	3.31639598149355
chr17:40357787-40358288	Her2	1.34160592850988	6.04962838341658e-08	5.27917096463421	5.01297562362441	5.7667458359541	5.43379549496047	5.8329292301301
chr11:106436127-106436628	Her2	1.34155149924519	0.000517454263431203	2.8483823058631	2.29542196408745	3.8619857408839	3.31588060867456	3.30271068803293
chr11:18078854-18079355	Her2	1.34137055363562	0.00595018986499074	2.70144226316449	1.92731321664419	3.91861587175021	4.6799085305141	4.45511892678885
chr17:40099735-40100236	Her2	1.34134737772047	2.81052436013845e-06	6.56839666564582	6.39985707257469	7.29516856548877	6.44513109608226	6.47537674848922
chr3:65052134-65052635	Her2	1.34129200514201	0.00949964720776965	2.97702664473963	3.96720513975361	4.14481245716613	3.07325185104559	2.88174060829099
chr13:64905385-64905886	Her2	1.34125035285834	0.00413347369832066	2.26804326931154	1.69087859445607	3.1112094883442	3.55675756482722	3.74643761426935
chr6:106543080-106543581	Her2	1.34119266182165	0.000579643869439709	2.710375900325	3.03268081751401	3.73498363238047	2.76515409545384	3.19581857043528
chr5:51033710-51034211	Her2	1.34084998585416	0.00153335520927171	2.85400151860027	2.11027477198137	4.12375825666598	3.78678083607142	3.70009170394613
chr13:90838513-90839014	Her2	1.34073299975499	0.0104430014560783	3.0797077487501	2.04299280850701	4.52575005481244	3.66329703552519	3.58967955402942
chr17:40328368-40328869	Her2	1.34055310407528	3.15882524173796e-10	3.8841490374545	3.66170939750446	4.72480157723567	4.06930029955786	4.1717809909352
chr6:4911709-4912210	Her2	1.34054466723367	0.000123354418041247	3.38239890057426	4.14229767896676	4.78395166718958	4.10741614911041	4.31921416603399
chr1:210558741-210559242	Her2	1.34039962456013	0.000127239323361605	3.0721869261858	2.62629784229515	3.64188586507004	3.50167491194486	3.31735549549882
chr5:117645383-117645884	Her2	1.34023193842119	0.00639328678782565	2.78273815478958	2.25627244580836	3.99727151087904	3.96542091350737	3.7120172442487
chr6:26287925-26288426	Her2	1.33999013469522	8.13149909706056e-06	4.15538422105726	4.54007875678752	5.36074429411332	4.62526037258276	4.75041877948935
chr10:101087940-101088441	Her2	1.33990777186046	0.000278829681962879	3.37893627452483	2.63083125577786	4.31991347321064	4.37166091117492	4.43272635094718
chr16:28322332-28322833	Her2	1.33985378434545	3.54089415047707e-07	4.26686586568648	4.23332333724064	5.50910802761007	4.92020715344761	5.55305553527367
chr5:140916317-140916818	Her2	1.33982655398591	9.35652543536952e-06	3.17208834316979	2.80647674176289	3.7559559705893	3.31596253095199	3.24323598065843
chr1:224312023-224312524	Her2	1.33961787725366	0.0232116533338965	2.86104421777629	2.60795278000952	4.57497835274021	3.94694850013741	4.82969575805074
chr2:62872893-62873394	Her2	1.33949528503239	0.019445036530464	3.03870241550101	2.7515510742238	3.83651629305077	3.46299605170159	3.93653437291502
chr22:46492510-46493011	Her2	1.3389444927927	0.0107720962156578	3.18115996735207	4.5544401593927	4.57153414007235	5.07662046845523	5.34601422637826
chr12:88481394-88481895	Her2	1.33888033209572	9.26848745342279e-05	2.82722724398773	2.22594923528661	3.81202502812571	3.51774269617961	3.76841133295867
chr12:100224150-100224651	Her2	1.33878771791246	8.24785201000789e-05	3.08328373157201	3.0805467677402	4.0276992462039	3.52316583032989	3.37024984275957
chr12:1815728-1816229	Her2	1.33858316291048	0.000368711602978437	3.46756291208123	3.64381429380315	4.82657472903788	4.14380663420026	4.62486626929477
chr11:104591106-104591607	Her2	1.33854144879861	0.0144943968562532	2.80131310212484	2.13674218179564	3.84085747409953	4.72966929297018	4.53671875716452
chr18:45781294-45781795	Her2	1.33847094219873	0.0344259905529632	3.34395133922383	3.55099509077654	5.21186608483221	5.41680448039818	5.20605827419163
chr17:39469411-39469912	Her2	1.33844979817625	1.71826731097207e-06	2.96049770664874	2.78132173026387	3.69628039612027	2.86194615942261	3.18145590444812
chr10:13699608-13700109	Her2	1.3383724937913	0.000330572653041818	3.33407673347908	3.80705263792893	4.67376957711073	4.07635641281893	3.85040176314219
chr1:20032911-20033412	Her2	1.33833372856144	0.0120232708638794	2.78841489919534	2.36984392196084	4.14647877733542	3.03562261116533	2.96479823525919
chr14:100022040-100022541	Her2	1.3380590122073	0.0028617741308478	3.38717290894261	2.93822885370594	4.51316883880071	5.29728412690997	5.27398798183789
chr17:39751564-39752065	Her2	1.33788677403612	0.040542147455007	5.32445492499255	5.94943149548761	7.06692773226119	4.81120219656969	5.3192244004228
chr8:122684189-122684690	Her2	1.3376964557811	0.000597930578462382	3.41401273535526	3.03750199566651	4.68824137543427	4.20494762844024	4.66370562950534
chr17:50153408-50153909	Her2	1.33718116459332	2.909089021561e-10	4.68966701271032	4.74958888148038	5.73570851862772	4.80375058918845	5.10549913993508
chr2:88622257-88622758	Her2	1.33659478410158	0.00047840600101722	3.97003913113819	5.19071472338129	5.13406830137904	4.60247540862669	4.40868133158687
chr10:37306398-37306899	Her2	1.33638112177951	0.00848860935376478	2.95995630847228	2.08078656904938	4.22437010990539	4.7804027150999	4.34889951387876
chr8:100239415-100239916	Her2	1.3360302893235	5.71538659330732e-07	3.74951513204352	3.28190027841929	4.99871492650591	4.33331059430133	4.55490311804043
chr15:75025480-75025981	Her2	1.33519943518685	1.18343338327524e-05	4.60500226508809	5.00018739937946	5.74098303502902	5.21594071028627	5.33220123957297
chr12:118336028-118336529	Her2	1.33483407241585	0.00128100916029677	3.24330540624098	2.64856194363919	4.70159154179218	4.38082714432622	4.1893447243406
chr1:172530000-172530501	Her2	1.3347896436863	0.001135130398419	4.17715405815226	4.38197567298396	5.61008511676346	5.08679967601569	5.2797216472035
chr9:122096207-122096708	Her2	1.33454589051662	3.21966557485796e-11	3.60421988480035	3.19484347289483	4.52159472584632	3.85330673638071	3.9412499713633
chr1:36705604-36706105	Her2	1.3344759550366	0.000411282057583852	3.43321531305646	3.5350445995516	4.77659089967434	4.07825298755958	4.11881072484431
chr17:38568216-38568717	Her2	1.33444895758658	0.000137544935122528	3.67451739671073	3.44432943963012	4.23627200370871	3.5284216971966	3.77967979720115
chr17:49399872-49400373	Her2	1.33413494215924	4.9678259326267e-06	3.74160012703538	4.12491565047453	4.68515186449895	4.08923761280896	4.1705559744368
chr8:116851772-116852273	Her2	1.33405573221587	1.99398634692986e-06	3.75838515702277	4.47780717497591	4.95503184541539	4.39148693066954	4.70494355080899
chr2:123047110-123047611	Her2	1.33341186466329	0.00528896793309569	2.82810581709212	2.17262218320213	4.0515125745748	4.30272829517959	4.32113623510248
chr9:128454941-128455442	Her2	1.3333593249461	3.01707142290806e-05	5.26509725619511	6.19278483962529	6.68414106720428	5.54327189766941	5.87878513346083
chr10:62111085-62111586	Her2	1.33313595554854	2.29635937722574e-05	3.57191635746415	3.58271628172622	4.94380333068182	3.78329591582303	3.91362192060157
chr19:14069992-14070493	Her2	1.3329839841839	0.00633215461373696	4.1546189211727	6.22409358621396	5.49213992936205	5.53587013939009	5.57195251947283
chr7:76107638-76108139	Her2	1.33293243857557	0.000830831104253351	4.30117098234534	3.3279615329265	5.94085849488771	5.46440708628118	5.41752758352746
chr2:232654677-232655178	Her2	1.33264618030636	0.0125670916537841	4.00846894471666	5.44865370055112	5.57469182232142	6.16417642321839	6.10081321620383
chr17:39475961-39476462	Her2	1.33260664836336	8.13430409171929e-08	3.31215607973724	3.34502391349432	4.12799084216769	3.20266812104006	3.60947973292304
chr14:69333810-69334311	Her2	1.33252247322302	0.000336230194601925	3.63976419829057	4.08645851500408	4.92647264986393	4.61432907126505	4.95355334474119
chr3:139923379-139923880	Her2	1.33226104102036	0.0115495659776771	2.7606086136807	2.52545059440041	3.85954489801288	4.29801878647689	4.78982104952672
chr8:101490668-101491169	Her2	1.33185682461514	0.0211584555413334	4.43343530353119	6.33094938276439	6.37242268108009	5.64527158048749	5.94083513775113
chr2:232649187-232649688	Her2	1.33093625347901	6.58578713079386e-05	3.73444921180387	4.37985164951647	4.88335341733403	5.06625284401142	5.03169529750074
chr7:138073936-138074437	Her2	1.33075201250478	0.00236243377452343	3.27607654127923	2.85878415378624	4.43209510736442	3.1531785909812	3.60963363747837
chr6:106515044-106515545	Her2	1.33036272501124	0.00327561493751075	4.05905908489719	4.47430742698103	5.26510952428993	4.06080306193554	4.3824063855962
chr2:204880553-204881054	Her2	1.32929046362805	0.00413347369832066	3.40658724281311	3.72754446909455	4.48312419328941	4.56195284021649	4.70518750171408
chr2:119294942-119295443	Her2	1.32916994143803	7.25694646846118e-08	3.36943448266189	3.32138294827943	4.52246344231836	3.62958731107895	3.77702793006721
chr5:6637536-6638037	Her2	1.32880869299584	0.00145205489079089	3.59683881833236	4.62596227219483	4.96033665112535	3.88607350393481	3.51030940444431
chr1:14080506-14081007	Her2	1.32879826774566	0.0164639274376671	2.75427895912548	2.25803979749224	4.31076626389869	4.36583850598536	4.33862040548604
chr17:39493073-39493574	Her2	1.3282457659745	6.40569107250388e-06	3.27726421553278	3.22615958017978	3.96732577540016	3.09145250328405	3.64134921964305
chr16:24944153-24944654	Her2	1.32819810298403	6.75000046733852e-05	3.34135997674819	4.36072860608186	4.51588621637413	3.69032998717162	4.01891578636238
chr13:24162595-24163096	Her2	1.32772440832849	9.84059811670451e-05	5.07994167217508	4.84671179205953	6.26719579296468	5.82937158040492	5.99731893765261
chr14:43650688-43651189	Her2	1.32762374423198	0.00457526105160851	2.89999112712279	2.39374420034528	3.77313534005007	4.37147425188886	4.55986293707124
chr2:68404055-68404556	Her2	1.32759268909554	0.000683136282547598	3.06611671634712	2.86158263038365	3.97073332789476	2.89458822953075	2.8277646912942
chr2:99709763-99710264	Her2	1.3273208333764	0.00302365762100217	3.37731456284205	5.05418685577274	4.73120833680223	4.36155324175964	4.44547724407205
chr16:4738200-4738701	Her2	1.32724579199711	1.79254134344161e-06	4.16516840113641	5.16943563899979	5.37976259522368	4.81531120821661	4.991345430138
chr2:45991104-45991605	Her2	1.32673406354973	0.0025882562475537	4.26807145890679	4.48636185008915	5.93590369746881	5.63745989240183	5.64166152832247
chr1:26404669-26405170	Her2	1.32662705453777	0.0204914854841529	2.99731985093527	2.32920899509904	4.5615483855325	4.92372211498681	4.7414232360622
chr17:50268851-50269352	Her2	1.32643103171815	2.64693142804068e-06	3.72064852206386	3.60890210939466	4.84460290137953	4.07450428312605	3.95047044699313
chr13:31482865-31483366	Her2	1.32639572428255	0.0177880711645253	2.81437368450718	1.88063776585555	4.18414577592533	4.72211330454021	4.31276035504167
chr7:64533976-64534477	Her2	1.32637812764231	0.0253280167338744	2.81819317875256	2.2620668660129	4.46762971254893	3.56929588207825	3.63969717249114
chr19:48423418-48423919	Her2	1.32611995893266	1.83857283073802e-07	3.85136344968579	3.64755822071645	4.74262421397019	4.55477471219268	4.75276433682231
chr2:41755021-41755522	Her2	1.32570361984311	0.00081294872869634	2.52895641692111	2.58376523336566	3.64932343743302	3.4176720973881	3.26016934749569
chr9:137166524-137167025	Her2	1.32523682856636	1.40439733633092e-06	4.21173537159664	4.16134778001812	5.49007943261939	4.61106765304339	4.84345790279451
chr1:191938685-191939186	Her2	1.32519147222527	0.0337162183455965	2.60373081643608	2.6652707452473	3.54809821885517	4.16729208413198	4.46377641684532
chr11:71785154-71785655	Her2	1.32508640966703	0.00108425634967211	4.6334697326474	4.00272149744014	5.4933761767908	5.01715413245906	5.01267404456622
chr6:34146745-34147246	Her2	1.32507313028748	0.00244368927351603	3.76660944308083	4.34273010311056	5.28190874041709	5.25847198358751	4.80187635663337
chr8:62911774-62912275	Her2	1.32493723792495	0.000320286669064782	3.11723448114189	3.21300052675026	4.35451362549069	3.83101474121852	3.81728727478419
chr9:107398792-107399293	Her2	1.32478159135474	6.92694332701419e-05	3.47997889991713	4.34139290470495	4.63942313939553	4.02855021962305	3.93500576854211
chr1:116452736-116453237	Her2	1.32443060527289	2.0916459460726e-05	3.03566845971384	2.80959734693811	4.21140269061326	3.74116823828136	3.82698253747056
chr8:116642529-116643030	Her2	1.32434971661204	0.0331391975439252	3.37417184023054	3.18263716725136	5.19869467094681	4.45706886490375	4.62634767814241
chr19:5908629-5909130	Her2	1.32423735986267	1.49956526405442e-05	4.80136144022909	5.28760429707189	6.09473205665275	5.06492578371456	5.24641642612853
chr14:51635931-51636432	Her2	1.32421685013684	0.0116866029432544	3.41977497373399	3.273748208212	4.72571993790113	4.26091603469085	4.44497258178454
chr10:8076922-8077423	Her2	1.32376820389916	0.0169831839119196	2.65694443878884	3.20461209773242	3.87232758666374	4.84827051005129	4.53312214709297
chr16:20677500-20678001	Her2	1.32375945541675	0.0223200792000025	4.30348669334812	4.03264951427294	6.24421266903577	5.89878281226951	5.78643720520467
chr8:115933583-115934084	Her2	1.32371356058811	0.00110271468623716	3.11418981021582	3.54839155751578	4.26850004228613	4.3287637036742	4.38825827857971
chr16:19407501-19408002	Her2	1.32343143107209	9.44819507540024e-06	3.22711757016546	3.23658029493117	4.5502333990632	3.97331467983897	3.8273882200536
chr1:109160565-109161066	Her2	1.32340188191147	0.000736260464176184	3.2419899474022	4.4983925099892	4.70723815358751	3.76306401604161	3.98729363824104
chr9:137090000-137090501	Her2	1.3233376837944	1.15906127333135e-06	4.63789184299745	5.33449777748899	5.78375357782671	5.63087312430798	5.39404237224815
chr20:32974140-32974641	Her2	1.32294614595479	1.1135269921495e-07	3.34419044458492	3.20600797922935	4.01687977894379	3.63283875271455	3.66936054059047
chr1:205587825-205588326	Her2	1.32276666414376	1.78538019998928e-06	4.07269602088646	4.97112870047038	5.38486561771877	4.24679178489558	4.53325581239452
chr16:19281204-19281705	Her2	1.32274635476626	0.000324157270005212	3.39205430865504	2.87648286469791	4.77283924396626	4.63322532421286	4.71072861669891
chr10:107180627-107181128	Her2	1.32264379313259	0.0168032084892326	2.63629504061272	1.99137674341646	3.69552922293811	3.64664357779238	3.49441857666363
chr12:82458000-82458501	Her2	1.32262892088962	0.0119751757146046	3.02217323987374	4.63298984080645	4.40603146119568	3.48280120925185	3.97062877523683
chr14:100069223-100069724	Her2	1.32260001664394	0.000163181383501032	4.33318279364128	4.74969088036199	5.5266550365599	5.37092376944089	5.38529867269287
chr5:174698805-174699306	Her2	1.3225581506066	0.000112563423172279	3.11587368424452	2.52718250348246	4.38562055072546	3.94556752731034	4.1223280027519
chr1:37493787-37494288	Her2	1.32247452540846	0.00010202860534125	3.25471192786531	3.07716085644137	4.4459637556092	4.51144234956167	4.69080016534615
chr6:151658658-151659159	Her2	1.32241956470912	0.013906211523256	3.18461141225798	2.60704506081386	4.22519369698435	5.05033674518336	5.3982558165745
chr17:39471214-39471715	Her2	1.32168571173478	5.02063510423383e-07	3.42471067280416	3.3229273011291	4.18480010608751	3.18351513182644	3.73010928930672
chr8:57947858-57948359	Her2	1.32164915083655	0.000201438761826132	3.01316810741658	3.2043189111011	4.2028269992415	3.98730386182756	3.79642656193857
chr10:79095864-79096365	Her2	1.32154231106007	2.90413477954874e-05	4.39440216312342	4.49547036733475	5.54186007399124	5.21215188036836	5.36590190024011
chr9:90359254-90359755	Her2	1.32132667115329	0.0486338321816584	2.65581489755206	1.69289516005304	4.53678072843185	3.47235939019224	3.63116209014735
chr17:68327816-68328317	Her2	1.32128983794123	2.68423334481313e-05	3.37354458308103	3.34111735753591	4.23026513755835	4.10254327036522	4.54951141747243
chr10:125599827-125600328	Her2	1.3209953213843	0.000675308728547951	3.0030611695935	2.86499182347637	4.26461391560769	4.16039310566161	4.04002278907965
chr6:12782094-12782595	Her2	1.3206198380516	0.0194759160128546	2.88594774472931	2.85170172857472	3.99779524197635	3.05871547079232	3.63603776280856
chr2:238032864-238033365	Her2	1.32060370289819	1.38155252076238e-07	3.69845412501716	4.36807418253842	4.77013535865725	3.92605595141206	4.0751490026044
chr2:6856553-6857054	Her2	1.32041713104861	0.00267392672942066	3.19555167221701	3.37057029156759	4.54992319999027	3.60230023937991	3.94632201498999
chr12:57918107-57918608	Her2	1.32036432229769	0.000415162157606909	3.34435440798526	3.2304618953977	4.3992038284024	4.15525608008488	4.40056206309659
chr14:36792719-36793220	Her2	1.32026049825985	0.00100832173643001	2.91139959827728	2.22778070520672	3.42511359112645	2.80575422761593	2.87697534293415
chr17:39440197-39440698	Her2	1.31976539695933	5.87795922319561e-06	2.83299822317776	2.80969215010761	3.42819859366118	2.75656315784178	2.91521989607669
chr12:66237657-66238158	Her2	1.31967252040961	0.000296969864094795	3.62242020609003	3.05475296050506	4.66909591597396	4.63915289518232	4.95735314273788
chr6:4711063-4711564	Her2	1.3195116639941	0.00144381703632126	3.24544776364403	4.17894420224242	4.61092094402486	4.15210553006076	4.09922007521654
chr17:49194820-49195321	Her2	1.31941560887662	6.3689974653738e-10	4.04020262882089	3.78146899770478	4.71209171845916	4.09681318433288	4.16603867103309
chr6:134375736-134376237	Her2	1.31931542777017	9.08023102258743e-05	3.70923145224866	4.30085965917481	4.86102851501723	3.7553061025082	3.7904281797447
chr4:140333461-140333962	Her2	1.31930855799288	0.00499468155711594	2.85970708839259	2.60841987978722	4.24084024398325	3.74705034248703	3.77187768726045
chr10:93444109-93444610	Her2	1.31894997344827	0.000370046647462214	4.74307176299213	4.03503508892779	5.94216264662634	5.69130332182458	6.00130099476279
chr12:54684222-54684723	Her2	1.31884415817191	0.000724696550575909	3.6397940967143	4.77027147183204	5.14236169677976	4.92048126139184	4.32557849719419
chr5:37549413-37549914	Her2	1.31873767503793	0.0189560538607175	2.91714854369171	2.37434851918316	4.21405003228022	4.43994433313971	4.6515863277763
chr18:13164926-13165427	Her2	1.31851477089701	0.00604873887000619	2.95234931363123	3.85388227290372	3.82829935011799	3.37570147378204	3.67317234240096
chr6:147848201-147848702	Her2	1.31791406048639	0.000146344465163257	2.69298571544457	2.4103166543017	3.14768672547832	2.99047114721924	2.68817538723146
chr7:27349576-27350077	Her2	1.31772848636826	0.00519196654210854	3.59187068964012	3.51205482622348	5.13928748265703	4.29294796730605	4.36058141894275
chr2:58532607-58533108	Her2	1.31722357195789	0.000804736919045349	2.97350776969199	3.16047913915772	3.8496554145909	3.47821179292388	3.82367813747679
chr21:33421910-33422411	Her2	1.31717181082778	2.18498356099958e-07	3.60320581440899	3.52520832737904	4.72453096767778	4.08405343099303	4.18232747952769
chr17:40109420-40109921	Her2	1.31688459901005	2.33959424771067e-08	5.01324888476183	4.74220326572452	5.65985945761985	4.67463663410245	4.94991596913762
chr5:2270425-2270926	Her2	1.31674350627812	4.63800846912115e-05	3.27741877299638	2.96718823586772	4.0361623670883	3.92714719074773	3.72076079150073
chr16:17315976-17316477	Her2	1.31643219786206	0.0149494313148088	3.86759271594837	3.58461400209793	5.51620865069132	6.0748080637877	6.2196794259593
chr6:106905055-106905556	Her2	1.31640748523896	0.00174001480061827	3.02579271340437	3.20267317229842	4.18533466131262	3.04625503875192	3.34918923216878
chr8:98680178-98680679	Her2	1.31639771356289	0.000225878812709587	3.28372800619185	3.63787219595537	4.684853208979	3.71937873021093	4.06412761998007
chr12:16332526-16333027	Her2	1.31638483678367	0.000416135067656969	3.49755986722427	3.0996165120712	4.81349562156096	4.20163386738449	4.17029011270039
chr6:80673813-80674314	Her2	1.31634785470629	0.0153925112382132	2.88703682828689	1.96352310479504	4.24638388165956	4.2389349248205	4.33323200597249
chr3:172514361-172514862	Her2	1.31618375024625	0.000575948597704315	3.90751247743568	4.32661144052987	5.19980152552781	4.41046895430263	4.48487638098215
chr1:46752645-46753146	Her2	1.31604647968365	0.000599873581201272	3.48235887709809	3.23408700522089	4.606012837669	4.45512794472013	4.23319554695996
chr5:14083998-14084499	Her2	1.3158856727705	0.0248364181531973	2.89879802148203	3.13986850115613	4.39007091291139	4.36338626519086	4.16821948557324
chr3:4714950-4715451	Her2	1.31540107660559	5.04041283669769e-05	3.90305435197009	3.62045830954704	5.1414733411334	5.04601728182895	5.21545449321577
chr6:74970383-74970884	Her2	1.31506814799855	0.0156964726018209	3.05742268704015	2.6919244093876	4.24335737351538	4.75587358067454	4.72928596305073
chr15:39732837-39733338	Her2	1.31501139115187	0.0151636375746155	2.72878266671772	2.33933842501492	4.23356556011485	4.75780118913851	4.82304770693607
chr11:78064171-78064672	Her2	1.31479439073716	0.00914745355709657	3.96790705935075	4.52107820878559	5.29336964367647	4.99219753507741	4.96083680395378
chr19:58061423-58061924	Her2	1.31461927241014	0.028153836773047	3.62930711641215	3.29898974656772	4.96293801361724	4.57029897051177	4.97494697313512
chr8:67714473-67714974	Her2	1.31456357714381	0.00714275866528025	3.42993436951718	3.02166086190161	4.75307328985254	5.0019684176868	5.16987254647219
chr10:125626142-125626643	Her2	1.31446263808366	0.0184235555098769	3.51407397444355	3.29129219927195	5.17283197115852	5.10996821712399	4.99628850730063
chr10:8071584-8072085	Her2	1.31403504653155	0.0263311827836138	3.02705665405546	4.03113535223058	4.64729529265297	5.22216341591152	5.28979042343841
chr1:175339278-175339779	Her2	1.31363087045399	0.00468900922675327	3.05201561152	3.13014001952239	4.48342080542005	3.98470900790607	3.76282136783175
chr3:187780447-187780948	Her2	1.31354628242094	0.0301108941507726	2.79495858128855	2.90202634005023	4.454973484018	4.48586124610214	5.12117694046225
chr9:123923328-123923829	Her2	1.31351668562693	0.0105903588425383	3.56749425841934	2.76138030715536	5.20865342715536	4.1566204010715	4.40526940058174
chr8:95027772-95028273	Her2	1.31329829786946	4.77586576671108e-06	3.96188120801431	4.04738510185851	5.03347931186652	4.80631654968046	5.1345644132884
chr3:98109180-98109681	Her2	1.31327486950928	0.00145205489079089	2.84988236865084	2.64065843822172	3.5427596337692	2.91495127419977	3.0467969727912
chr10:1429381-1429882	Her2	1.31320918376574	0.0140393787620071	2.83898441497542	2.41964111051521	4.43957987916571	4.01319429530451	4.34577224686342
chr3:94065939-94066440	Her2	1.31307857508359	0.000401359190887331	3.42295794187287	3.44690154966354	4.3660958816203	3.19240559646909	3.46610895163441
chr17:38594722-38595223	Her2	1.31286763003811	3.76177147430665e-06	3.63058062442982	3.55642992561406	4.37227352631025	3.75848047801927	4.01990885816583
chr1:204567567-204568068	Her2	1.31280989989112	0.00012966656079676	3.80892816031225	5.01677894103774	5.17737113390828	4.99360911194413	5.05044105158664
chr1:205010248-205010749	Her2	1.31259114389395	0.00118285366597085	3.3625461952077	3.69241981610809	4.479774928071	3.8593802268467	3.60216344164676
chr11:49167968-49168469	Her2	1.31254490099591	0.0399355297229041	2.28509399687879	1.83267613617809	3.29240085458466	2.74430416693996	2.85281986612033
chr12:30639744-30640245	Her2	1.31143262339904	0.00202222828152221	2.80016262270816	2.30502122391784	3.88778934498057	3.85453152054343	3.9276566658059
chr14:61218142-61218643	Her2	1.31107652691493	0.00945835154052327	3.1532225347297	3.90574217712405	4.54558231595839	4.16396227091466	4.23669887190189
chr10:43675601-43676102	Her2	1.31043259747282	0.00163186081178282	3.00189024853308	2.96032556032787	3.90700952171479	4.10597112945578	4.47719064953273
chr6:72019054-72019555	Her2	1.30999513373473	0.0074938738993926	2.84559817962732	2.1338755152007	3.76344974707756	4.18854034750023	3.92423881958464
chr1:204618872-204619373	Her2	1.30939997033201	8.23931252333164e-05	3.62291112029693	4.70234904890323	4.98713885712306	4.16041275197338	4.30280432520159
chr17:38493935-38494436	Her2	1.30930368925057	7.5312543582793e-08	3.62085171701261	3.60237542225293	4.00824489173521	3.49379999953485	3.73476831173943
chr1:83994028-83994529	Her2	1.30925165883871	0.00016853403610938	3.67902869143294	5.12094510482663	5.1624935269113	4.10859587465079	4.09147188939243
chr10:119893946-119894447	Her2	1.30891671123439	9.27582703070392e-07	4.37329235766064	4.12934338098376	5.31551876776045	5.10538368558205	5.04945352935103
chr17:31572251-31572752	Her2	1.3088043079768	1.1536989084811e-06	3.9848892644557	4.49246503563025	5.12070184920929	4.81982456857904	4.78406292921922
chr18:23288958-23289459	Her2	1.30867567774796	0.011916645073107	3.63998004533752	3.66631801194828	5.30869805471802	5.18345357929205	5.25549465983283
chr17:9696231-9696732	Her2	1.30819284383976	1.44396602318434e-05	3.15225358111025	3.17336331211994	3.79330117672149	3.799136489406	3.42153634289983
chr1:150655765-150656266	Her2	1.30810597657264	0.00089525295899833	3.7782003206159	3.58506120711762	5.10608805786478	4.64053295506033	4.60746050855976
chr22:33543567-33544068	Her2	1.30806598146369	0.000388948357886301	3.59893549374458	3.04802270487351	4.81800293702231	4.5282882732671	4.55868970752695
chr6:136364040-136364541	Her2	1.30767508095174	0.0229979891034032	3.65725648786301	3.56407230745332	5.0139216256055	5.43381325833886	5.80584793781638
chr4:41315289-41315790	Her2	1.30760413008037	0.0113416645450505	3.00654612034185	5.44291149983457	4.31047420697138	3.43089360022862	3.68344660683526
chr5:35358141-35358642	Her2	1.30754612017113	9.58886505818563e-05	3.14176538922075	2.76195222619186	4.04888426330884	3.70803145768642	3.87061001510688
chr10:77856227-77856728	Her2	1.30749687029503	0.00137513504438518	4.45098578038397	4.44333648270709	5.82879286130688	5.72410489201122	5.70088277433501
chr19:28551840-28552341	Her2	1.30689820583419	0.00294405642492586	2.54164310180571	2.2178244441157	3.29869545786849	3.01927257236695	3.13421276518352
chr17:38435743-38436244	Her2	1.30661475689565	7.51134279038079e-05	3.71747816473474	3.46762949258963	4.05221220185721	3.84965562280452	3.96181382094053
chr11:69481394-69481895	Her2	1.30660283302123	0.00832103995604526	4.0375264979181	3.64031659292006	4.91974785061488	5.17569666401382	5.79923510698736
chr3:195567555-195568056	Her2	1.30609404924253	1.03943244444452e-06	3.18905712871827	3.94751546569688	3.86536968790631	3.40310551374809	3.30928010139596
chr7:117252484-117252985	Her2	1.30600955350868	0.000350200547562021	3.53675257799528	3.49735543634859	4.94300872746851	3.83117707633744	3.93947343784358
chr13:38647249-38647750	Her2	1.30600394861969	0.0104830369681886	2.90184269335754	2.11459853304795	3.7569426858561	3.81278519911546	4.04753622177961
chr3:101955901-101956402	Her2	1.30593756545819	0.00265185689162283	3.13305748337886	2.93975524189737	4.46174257294651	4.38597763546358	4.38993500488576
chr14:21307353-21307854	Her2	1.30542225425301	0.00019197018079422	4.17762051421718	3.87893370316407	5.64582310367647	5.39026804211391	5.42561724455971
chr6:7007930-7008431	Her2	1.30539339506279	0.00614053206115397	3.36590958653328	5.33226886732987	4.94872648672496	4.7036141694007	4.49950752017728
chr3:186974034-186974535	Her2	1.30521066206798	0.000563793730677119	4.09545402414348	5.05198687416183	5.47963979181816	4.76484685477176	4.8919443569865
chr13:24238774-24239275	Her2	1.3045438667903	0.000199178594310735	3.54106574820781	3.01972408486809	4.63495759467524	4.36811510107421	4.44674233216101
chr21:42217157-42217658	Her2	1.30424570887756	1.87278333377244e-08	4.28741778568084	4.26360015584394	5.13808422488278	4.87654856751757	4.92533268506884
chr8:34290076-34290577	Her2	1.30409962692946	0.0016586051094685	3.1865814926858	2.95153878001527	3.93826032062049	4.29635700854308	3.97395141947639
chr17:39437941-39438442	Her2	1.30374092667864	4.57726721720117e-06	2.99173079962957	2.85061187849517	3.7071635340099	2.60219399978081	3.25415666311341
chr17:38332302-38332803	Her2	1.3036763488589	3.25845245591385e-08	3.63650137188809	4.14897367571318	4.04535799492066	3.79140952244916	3.89493110402841
chr20:38960087-38960588	Her2	1.30366281613026	6.49050909790452e-05	3.45960813951185	3.75762412115391	4.70649233408465	4.16228707954097	4.42008556891022
chr1:182263042-182263543	Her2	1.30355377449411	0.00223763892180742	3.19015361321364	3.11406612754809	4.53083403853215	4.79357546498287	4.59812721898299
chr15:40765951-40766452	Her2	1.30337761944589	3.70006994339476e-09	5.41453419407101	6.11007895574709	6.59089382376831	5.74345515665093	5.75383949825486
chr8:119099578-119100079	Her2	1.30333784531002	0.0032027381324278	2.90542381765166	2.86680760500832	3.88169396996304	4.10297789148471	4.10999146467194
chr19:16172366-16172867	Her2	1.30326558334853	0.000970428634576299	3.57984943572551	4.36180763828016	5.16355498373207	4.81032228292829	5.34446844090201
chr2:131543926-131544427	Her2	1.30274390705145	0.00705802797433745	3.61846960447897	3.11471092590764	4.73270705425155	4.88383447519082	5.55033395472156
chr8:116169838-116170339	Her2	1.30256383703573	0.00616708573127843	2.96712131650082	4.99992122223781	4.38735134723134	4.10897497414461	4.18876756631364
chr19:7297821-7298322	Her2	1.30254448155707	2.20659024107575e-05	3.37488008731356	3.26068846018176	3.9264369431505	3.92657498402223	3.90125535215556
chr11:62246151-62246652	Her2	1.30220268306452	0.000207332877470075	2.82346056528258	2.60437999946791	3.61138849957971	3.60760406254895	3.31890506155601
chr14:45495534-45496035	Her2	1.30211807599268	0.000326558851456396	3.09487245825558	2.5138997328466	3.97337557278786	4.14602024420201	4.07160025660577
chr8:126584930-126585431	Her2	1.30209214183225	0.00110329554021458	3.57998197292662	3.93055694420806	4.89453035056681	4.27111692251919	4.03906877947126
chr3:128434260-128434761	Her2	1.30201165427686	0.000813454382310691	3.63738278408779	3.54234488242887	5.03708895080629	4.86594367228472	4.82346795709501
chr3:14018159-14018660	Her2	1.3018956041638	0.00543062111004263	3.07855151809017	2.97111693485931	3.44450166046921	2.90054237835661	3.16926599307597
chr1:32626081-32626582	Her2	1.30179180436944	1.50228191489567e-06	3.37633556603368	3.4357293266605	4.57824840161667	3.68412000063642	4.10408139902117
chr20:37181092-37181593	Her2	1.30124427733165	3.39950915394287e-11	4.38249638517523	4.37873819558162	5.41415200255099	4.70567374670374	4.74282410713686
chr4:69342448-69342949	Her2	1.30117907777284	0.0385379965490462	3.09116954073507	2.34230673032464	4.91155263433251	4.97382698070082	4.86058837948779
chr11:86314669-86315170	Her2	1.30106277572409	0.000374021584360925	2.93777909929067	2.92719979144084	4.08656492306448	3.79367059710252	3.60341554070209
chr13:96524517-96525018	Her2	1.30096387966813	0.00197463766410685	3.51242454970117	3.87150825337711	4.53869865740947	3.62403089531865	3.42641372994689
chr22:43113072-43113573	Her2	1.30091003147507	0.000559816316670921	4.47560796252961	4.33194098195482	5.98678283498464	5.05224449095733	5.25983589812733
chr11:232485-232986	Her2	1.30090326914632	0.000225759678483449	3.5336197899496	4.64842349588854	4.24265859243439	4.85983894271938	4.41053033928812
chr11:103093171-103093672	Her2	1.30076063317283	0.00431278103837503	3.40350628881452	3.11614768467768	4.5524684621467	5.15524007141609	5.22550936511279
chr1:54019696-54020197	Her2	1.30061798775693	3.60960982418594e-05	3.26323769652432	3.52385414380346	4.45453961638567	3.64927373193889	3.70703195353399
chr20:57778750-57779251	Her2	1.30060422441134	0.00205509922196071	3.1410065393682	2.87087732347805	4.52962242401779	4.14999084348565	4.05108409699507
chr16:54417904-54418405	Her2	1.30055074755894	0.0022287330097614	3.32842907102541	3.2430919016838	4.2997263656968	3.93705283370316	4.00915263177974
chr2:180356640-180357141	Her2	1.30025905748448	0.0470703440846328	3.02280364801585	2.44135347774729	4.58853666104466	3.90648573956961	3.80211106520675
chr13:81988500-81989001	Her2	1.30000877217103	0.0211740976691817	3.12255418090945	2.65077098540765	4.79803069261668	4.79970145122501	4.50046013836267
chr14:105995228-105995729	Her2	1.29985572745072	0.00761595376929935	2.98781075377767	2.27622607313419	4.26810234528533	4.65996179630764	3.91462641542682
chr11:113338106-113338607	Her2	1.29979958995691	0.0104023695772352	2.72252166259322	2.09659078114167	4.16074657574493	4.03896879638817	3.97052272636023
chr6:65767406-65767907	Her2	1.29963906855306	0.0155945390024843	2.71808775788035	2.33703336238868	3.83237584453773	4.47026829233996	4.62095506640616
chr2:214379735-214380236	Her2	1.29956309830104	0.00323523262439674	3.41426177720279	3.85851196782798	4.81130165033996	4.81855977937135	5.22271436894999
chr17:39446882-39447383	Her2	1.29939103955876	1.38093944145047e-06	3.30842904824018	3.17407058908611	3.9008271802928	3.08476814791296	3.60840389452382
chr20:50866866-50867367	Her2	1.29866991445213	6.08758825891172e-05	3.51657842047117	3.27740965474122	4.3269259219669	3.87881177892922	4.06955474939758
chr12:31470332-31470833	Her2	1.29843873517417	3.74220058378559e-05	3.36471069823831	2.47378750631867	3.92380653775887	3.59769831581689	3.86183974834731
chr16:54940552-54941053	Her2	1.2984343074446	0.00745938132375566	3.6144586735121	3.95047643690978	5.05252856786655	5.36901227569151	5.65274411047697
chr1:221619709-221620210	Her2	1.29822916226232	0.00526723201563783	2.94833207957297	3.21194863728723	4.44667477009379	3.97941640751268	3.83253806623884
chr6:138492846-138493347	Her2	1.29820101154488	0.00290108827637691	4.02361372808152	4.07302845943712	5.29143366233996	4.50426025123354	4.19283517339809
chr12:51085682-51086183	Her2	1.29813256276936	0.000511672060228781	4.29905412456571	4.06537005693629	5.62176247595563	5.99073733050183	5.88895661852179
chr12:19373546-19374047	Her2	1.29804789805023	0.000669929070064329	3.21267863381475	2.98060794720481	4.30720092872422	4.18128809023002	4.31957810822138
chr6:106515635-106516136	Her2	1.29789050555257	0.000539846572886748	3.98987726270869	4.42029329193079	4.93737687125057	3.94848866093536	4.28011656605313
chr7:80943242-80943743	Her2	1.29765238270411	0.00427678803650921	3.61976075111905	3.35965736590073	5.05616406531861	5.09047717276049	5.1172482136277
chr11:78508786-78509287	Her2	1.2973549093226	0.00295908013766179	3.0007413843816	2.80958168588683	4.0726760533945	4.10110294066141	3.77403973704482
chr14:80538923-80539424	Her2	1.29729000907846	0.0179305227760126	3.11397176461482	2.61516902532448	4.61326946988298	3.67506867739556	4.12724547297882
chr1:227086556-227087057	Her2	1.29710705863111	9.91342813159285e-05	2.94494717911967	2.98646109767047	4.11221415230223	3.98252919652404	3.92928243108752
chr3:79575643-79576144	Her2	1.29624598779141	0.00291524897620091	2.57057783065473	2.46961906042632	3.57287047737636	3.52144222004831	3.61366265600546
chr2:176062218-176062719	Her2	1.29607590369945	0.0175642200184438	2.7696279725311	2.1117386931897	3.97198604581064	3.35772558780451	3.39449976519652
chr2:104332146-104332647	Her2	1.29549115441066	0.000451659293081657	2.99995501529964	2.49585813429626	4.05847345415059	3.88695124766027	3.81281500578059
chr10:37005579-37006080	Her2	1.29548016378131	0.00412459929559867	2.80025620017867	2.73094970619555	3.90074272115257	4.40327964114807	4.47449430385709
chr6:106957959-106958460	Her2	1.29523035958727	0.000952513760792208	2.81951256498153	2.92048325567947	3.78483366403936	3.02600098816225	2.9959206427765
chr6:5316892-5317393	Her2	1.2951607762415	0.000997218367031676	3.37778251776051	3.13074464861024	4.81041239945551	4.62723659156609	4.72499591606875
chr8:40457035-40457536	Her2	1.29515586799267	0.00483659505759789	2.83744583847742	2.63671122616304	4.01112275387093	3.97909611973222	3.93018744830692
chr17:58900453-58900954	Her2	1.29509113885202	0.00425792686985423	2.80952139904425	2.68821977830553	3.94990931612688	3.3364239990073	4.02508859787199
chr11:70068683-70069184	Her2	1.29496328208773	0.0053370608287849	3.6136977555606	4.64246968180324	5.01774584519477	4.37860701396281	4.88302777292213
chr1:174384988-174385489	Her2	1.2949171595711	0.000497122871888434	2.83273933577258	2.66589429031338	3.84102423145406	3.86674322621891	3.84835702591902
chr2:141510890-141511391	Her2	1.29474792766297	0.00325004350815623	3.19713011065598	2.62751973382596	4.55332970855694	4.68683840908816	4.73333119924541
chr10:36926946-36927447	Her2	1.29474386998242	0.000335908088037284	2.83556201534255	2.64008553573726	3.5674927434691	3.89760309184064	3.64727862909948
chr13:70248096-70248597	Her2	1.29471768702494	0.00234783919808169	3.12431788863905	2.31496914246702	4.20275312943588	4.08748387290242	4.15378367745319
chr2:9643262-9643763	Her2	1.29445314591922	6.72052845732796e-07	3.72579614898147	4.00524427042302	4.85097834076804	4.24312025059611	4.42632649789977
chr22:29519952-29520453	Her2	1.29435611271497	0.0238930456336509	3.37930401602854	5.50994034257022	4.79728349410225	4.38392853600789	4.6254388627826
chr8:115966446-115966947	Her2	1.29384957561447	0.0114016842443322	3.11976957531217	3.96976120049454	4.57614218941214	4.48644404999649	4.32768118635116
chr3:193921330-193921831	Her2	1.29369996047804	0.00335406518352679	3.60190243006682	3.167965419497	4.96593782052907	4.68777110303892	4.9768467505904
chr13:81506724-81507225	Her2	1.29359766294513	0.0115686496765988	2.69260512328184	2.00389173757282	4.02171254286582	4.35877841908255	4.4004720619864
chr17:40855794-40856295	Her2	1.29349136001586	1.50411188403924e-05	3.43372613384413	3.06044952065154	4.12428764853458	4.15569310396799	4.20421263879712
chr12:5639074-5639575	Her2	1.29325423095235	0.000197155799295969	2.83105648469272	2.60375669094263	3.44797267084986	3.03424342155053	3.52117087679857
chr17:47959201-47959702	Her2	1.2931757699691	4.43020634207339e-05	4.57098358110084	4.5024642749479	5.44366726250474	4.61319591379139	4.75899207733046
chr15:79762890-79763391	Her2	1.29317551739909	0.014039096153587	2.96344288646159	2.46462302796203	3.90884581855633	4.05129141066695	3.6839057543783
chr2:219846303-219846804	Her2	1.29307852976705	0.0289191131363991	2.92016185530102	2.46029609787553	3.62953882957643	4.63592135672664	4.70607761801825
chr6:56435313-56435814	Her2	1.29222404428406	0.00325332929853676	3.31353072389095	3.33401764754217	4.65507561799837	4.09340278446267	4.27770491023532
chr5:149026224-149026725	Her2	1.29199396294527	5.04252515468311e-05	3.53921726218867	3.0909310383718	4.75309935657484	3.85172636959897	4.25264940791538
chr5:24831950-24832451	Her2	1.29194707497097	0.0040924326791278	2.99498193000754	2.9280756798642	3.56168712186505	3.02749133555842	3.08817366980201
chr16:27555901-27556402	Her2	1.29172128566126	0.0300708855537953	3.43307637233524	2.82969206396769	5.04674920933998	5.17717645986481	5.52713234140704
chr8:130482060-130482561	Her2	1.29153707990103	0.00832103995604526	3.11203742331706	3.30581300351394	4.3792828802064	4.58148205865953	4.56662947939588
chr16:77785946-77786447	Her2	1.2915301310597	0.0021387500961077	2.98827957249723	2.95061365309385	4.27421201400846	2.98069952670958	2.99116922973661
chr17:50429810-50430311	Her2	1.29149628947969	1.23497214887006e-06	4.14161798878034	4.02861370010591	5.19289219108979	4.76040963460741	4.69788583715575
chr2:131565415-131565916	Her2	1.29118192984849	0.00408546568123729	2.65931795698982	1.85967234890475	3.43223128627265	3.44353100785609	4.33722236457505
chr17:75395099-75395600	Her2	1.29112883165765	3.30088918510576e-07	4.20845350951493	4.29740835776049	5.43112161036546	4.44082972507508	4.65772381087579
chr1:233706112-233706613	Her2	1.29106967270466	0.00318426775681834	3.23157079558749	3.4434763498576	4.70846883487471	3.78802448598383	3.6421459052941
chr3:128998499-128999000	Her2	1.29103219478685	0.00423676147335567	3.76607319382898	3.35937645198239	5.12986767898113	4.62612098923966	4.60211643221224
chr9:120568248-120568749	Her2	1.29092440889483	0.00262771137354442	3.20564743257712	2.92070662817082	3.91449250323088	3.94124045224856	3.62955552189142
chr7:157500368-157500869	Her2	1.29045722980034	0.000593890391452004	3.04703496505829	3.37480699505519	3.94700668436349	2.91377008338044	3.09090514003197
chr8:125068485-125068986	Her2	1.28991004375316	0.00119824014338321	3.2783645754733	3.27629269622503	4.71159547531689	4.57316369999129	4.8971544685324
chr17:43539336-43539837	Her2	1.28964587975503	0.000644520249865919	3.98286603780422	3.63870166597961	4.87160495561007	5.20360852028379	5.4199657812551
chr1:41369213-41369714	Her2	1.28956684948758	1.50020921369741e-07	4.06930169300661	4.53362386527597	5.3122518153455	4.64686077034385	4.61403067916669
chr6:7235086-7235587	Her2	1.28954247014448	0.000341140265081518	4.91630440137951	5.92088518052989	6.39659422344383	5.97241020456623	5.96659587119401
chr1:245488694-245489195	Her2	1.28941342908994	0.00170359584620655	3.2145256618758	3.28499055286409	4.01078554215084	3.69134335362344	3.31093583978005
chr16:11137987-11138488	Her2	1.2893561457473	9.38024364930748e-06	3.85162820763629	4.86547855527808	5.02813759209555	4.06338405425667	4.20128194764463
chr11:37687019-37687520	Her2	1.28911929781596	0.0129221841083212	2.7964735503696	2.30309830682658	3.73703842481621	4.74908908060324	4.52300374380178
chr2:132419286-132419787	Her2	1.28830235671795	0.00456753823180817	4.33600261688226	3.70577093563262	5.95673676462901	5.22778496421147	5.06908466775103
chr7:109599640-109600141	Her2	1.28786096452108	0.00680070384878919	2.95434301394245	2.65374932487787	4.30258319699795	4.08015265828821	4.21373262307342
chr2:180907969-180908470	Her2	1.2877530620225	0.0120764451391738	2.96284228933518	2.55861477749927	4.21229366325005	3.35733338887199	3.34061475064586
chr10:79241204-79241705	Her2	1.28744915957314	2.74934477781778e-06	4.5003410943281	4.98484007785788	5.45513543454586	5.09289122957382	5.12318439432666
chr1:172115357-172115858	Her2	1.28725166962085	5.03393339566934e-06	3.04605449312487	3.13148035394857	3.79628364175848	3.51225508425765	3.46976481825453
chr6:106880218-106880719	Her2	1.28722859346005	0.000756969516861768	2.86134364565331	3.15673034458853	3.94819008850475	2.79197910377796	3.14169112885169
chr1:220521158-220521659	Her2	1.28699266859202	0.00841119004760564	3.436461433421	4.55457663298384	4.97575361623018	4.34839064251984	4.81789840069376
chr10:95332523-95333024	Her2	1.28675392715767	4.94368836199656e-05	3.36784561803188	2.49355745307102	4.54827198622643	4.54634591693851	4.30472000187378
chr12:111037768-111038269	Her2	1.2865312973057	0.0082652251467178	2.9237376037424	2.56461110499624	4.13622284356986	3.67856500619784	3.24477479010112
chr6:34005818-34006319	Her2	1.28624877522008	0.00336733700466715	3.43991642146008	3.59233678812425	4.92683519639772	4.69589018626522	4.43792478477007
chr7:16884372-16884873	Her2	1.28613137844347	0.0355258185994085	2.93507236170452	2.4141259582578	4.28259364886148	5.19614408841391	5.31010961763717
chr6:114779279-114779780	Her2	1.28601131447445	0.000501572350987323	2.35000112811696	1.76791916361322	2.91130678857663	2.57756426854823	2.48121424655033
chr17:38675356-38675857	Her2	1.28596517405431	4.63670170313322e-09	5.08610483973294	5.38342333297438	5.47832467428366	5.02813008498605	5.13284352911994
chr6:76643397-76643898	Her2	1.28570523276193	0.000906493519008131	2.87095505565688	3.28057459043521	3.48278378356895	3.11845726268372	3.06851978290984
chr6:130954445-130954946	Her2	1.28558494193922	0.000570416323810156	2.84644874609962	2.79077574868498	3.55068714732561	3.48740982775575	3.76513497326285
chr3:79999098-79999599	Her2	1.2853209196326	0.000395219700895082	2.81367735424214	2.42695632271321	3.90563903023048	3.53483543095031	3.79188580372776
chr2:217366146-217366647	Her2	1.28525619242097	0.0157470940504735	3.27077441180597	3.23311972968186	4.69888932673342	5.10716581370615	5.53208351516989
chr9:123995767-123996268	Her2	1.28483972745864	1.60821337826201e-05	3.19948521814844	3.4003781813995	4.2184578375489	3.60270531291931	3.68192270314168
chr7:28983393-28983894	Her2	1.28467129181157	0.0258350076941912	3.27789716608083	4.00192865634745	4.66474991454497	3.79924884437378	3.96667058132885
chr2:16130229-16130730	Her2	1.28433998829308	1.18522219072844e-05	3.31508972717825	3.08061242177363	4.05377045881663	3.86925943155866	3.23474705618158
chr5:22650161-22650662	Her2	1.28414294278607	0.00773438970921991	3.32111168032013	3.87677701856527	4.45808684203043	4.28241182767326	4.12173783034599
chr11:121265463-121265964	Her2	1.28381295308204	0.00235440389002653	3.36686957692487	2.84557036044764	4.34329100862571	3.71397429462281	3.38831490149216
chr6:106876393-106876894	Her2	1.28340867082865	0.000505061125296513	2.71192994730593	2.79941860205662	3.846970227656	2.88047884690952	3.21018943606271
chr1:15277344-15277845	Her2	1.28332859482419	2.06904259919831e-07	3.54745715051722	3.46000703674685	4.19437389943406	3.62697063314275	3.73163281413687
chr10:99680049-99680550	Her2	1.28320218889081	1.43561345823408e-06	3.49455455108576	3.30590934497672	4.27135652353972	3.42754921474198	3.5787196346147
chr1:201472427-201472928	Her2	1.28307613181617	0.000123709661306518	4.30032510270021	5.93419150639603	5.53169537276242	5.18388149014212	5.14906454305595
chr19:43615803-43616304	Her2	1.28292141427469	6.40664899926981e-05	4.04950366892482	3.93397072050638	5.16775372299063	4.39851720693711	4.59765330567237
chr8:54074728-54075229	Her2	1.28281430032021	0.000755462160935705	3.36356126090599	3.58922952746533	4.51354447000575	4.16509170847671	4.58924525302295
chr14:99461340-99461841	Her2	1.28277134149511	0.000881986082875893	3.10626393062834	2.74775202253537	4.10220201265006	3.26752011599589	3.72734529139178
chr11:65178705-65179206	Her2	1.28270926402885	1.35225141272392e-05	3.99664791192618	4.01735341398511	4.94955226435437	4.36275203023202	5.14721882479857
chr2:137834932-137835433	Her2	1.28270392486443	0.00345639177929135	3.04914859406662	2.71320991796515	4.0221112002713	3.0857210573687	3.32686897439392
chr1:217238234-217238735	Her2	1.28236092236587	0.000931310170038458	3.07134239914711	3.00930808936591	4.15723157913519	3.47528460141866	3.35816687424443
chr19:41789214-41789715	Her2	1.28227032464088	0.0127080709808401	3.53743982521419	3.29872238983601	5.22476096716779	4.48808843290554	4.72840229869285
chr8:101391536-101392037	Her2	1.28144176796063	0.0201301207379831	3.55561840167497	5.94344730820365	5.3550260762937	4.39084050845324	4.59794458068074
chr9:12779106-12779607	Her2	1.2810325604575	4.70532255902351e-06	3.54714719935029	3.55754852724257	4.20057668512531	4.01483543555179	4.13295643395953
chr18:74656380-74656881	Her2	1.2808517403191	0.000681460002459963	3.11021691684728	2.58721024663379	4.18108051772209	3.92508904573938	4.07882565174768
chr2:41143420-41143921	Her2	1.28065425231191	0.00492231568775505	3.10187774813206	2.57206975037162	4.09716516029317	4.30929024966131	4.35279991527521
chr2:42561593-42562094	Her2	1.28063615928647	0.00776899519514043	4.20244358322193	4.3560590005243	5.88345001870873	5.70154728259873	5.53771168974452
chr6:131847909-131848410	Her2	1.28060148892252	0.0112429306571083	3.1080410038767	2.66900219203516	4.53981188992654	4.24355560541219	4.54840021918337
chr1:200998218-200998719	Her2	1.28034094569097	0.000404870768566505	3.55850947593295	3.71440500792894	4.35727862059245	4.21240635586419	4.35917252809888
chr1:31721035-31721536	Her2	1.27996969708598	1.0346977828102e-05	3.69667531442742	3.37395718920442	4.67947045119695	4.53439529719123	4.25579770589453
chr1:204302335-204302836	Her2	1.27992822388781	2.85035486883735e-07	3.44312630536593	3.86267076169038	4.70611102242109	4.40461484146161	4.16225461568734
chr6:136580086-136580587	Her2	1.27961305863444	0.00344313606017607	3.30119847361042	3.1658638026317	4.48944992717651	4.73689401711152	4.64318026299538
chr9:107382045-107382546	Her2	1.27906466104875	0.000467193715515532	2.70649337010101	2.37490263881759	3.81153214034589	3.3925553432521	4.02314292124646
chr19:45128062-45128563	Her2	1.27850196240176	6.50742111131067e-06	3.76429687946428	3.71094732642346	5.03942480939741	4.11624608993149	4.61083379377235
chr20:48599106-48599607	Her2	1.27841211310454	4.95347779877388e-06	3.4778317772023	3.45909400802478	4.36151568232482	3.8609730275548	4.16905453818841
chr3:101968336-101968837	Her2	1.27827140112645	0.00328727941522491	2.52395110456326	2.2339958081125	3.3656148252133	3.05754966800913	3.24791139379463
chr17:27239538-27240039	Her2	1.27797838999109	3.16318376311638e-09	3.96668755533121	4.44686075234663	4.87970704660799	4.08741241917251	4.29880104080676
chr20:37486106-37486607	Her2	1.27779217287524	0.000152818480008041	3.34857779864332	3.4314038813856	3.91574933198736	3.3404551434912	3.87257918059719
chr17:40094255-40094756	Her2	1.27744932083195	5.75568716116201e-06	4.82209038412347	4.54805349346759	5.56674435986876	4.73728589158183	4.83244008247875
chr12:1835874-1836375	Her2	1.27743008654277	0.000351644286932463	3.82010323719634	4.56805943964001	5.21239528935116	4.31439910351424	4.66698420363124
chr7:4831197-4831698	Her2	1.2773541011144	0.00444830419075564	3.33032309042524	4.19144286011254	4.57193303779904	5.01447459469647	5.12117339380436
chr17:49195412-49195913	Her2	1.27717602860348	5.38849151142609e-10	3.85465588155368	3.51353424465048	4.50589567156405	3.92523851908531	4.05819269954626
chr4:142575869-142576370	Her2	1.2769343074716	0.00343142090402558	2.79765294886516	2.12595699237955	3.81900415320464	4.14581656594849	4.35514005490237
chr17:40110362-40110863	Her2	1.27665349431911	7.6009188499675e-05	5.71621725585546	5.38892692492437	6.39940636207443	5.52566647018601	5.7336962353052
chr6:51286557-51287058	Her2	1.27659441124156	0.0354391872099013	2.80947665831432	2.23858019816166	3.94289959403757	4.82317428046704	5.0583467345483
chr10:9108786-9109287	Her2	1.27628547768531	0.00415201607558836	2.8510118390961	3.00507397621887	3.91863765562261	3.94521071865846	4.32597080559636
chr3:139620412-139620913	Her2	1.27584744696148	0.00221626276691457	3.01509630919645	2.91592351888726	3.89327023678608	3.49917647693799	3.81666805159016
chr2:211816684-211817185	Her2	1.27580645393311	0.00490744946415251	3.11757739005865	2.43579885939848	4.17151050477598	4.90020282127766	4.4961308921002
chr3:174864756-174865257	Her2	1.27575851850259	0.00353616359884873	3.30478073286184	4.55551653955917	4.79627110112451	4.65728183744396	4.61311535646597
chr3:72658877-72659378	Her2	1.27552972412088	0.000562955122160669	3.55355833677153	3.68180344835151	4.77532099878384	4.30275171293069	4.31027135635212
chr15:41771715-41772216	Her2	1.27527504560865	1.64383023824461e-05	4.33347191539022	4.09219669739026	5.20679246651612	5.10384527449249	5.21576724871659
chr2:81910828-81911329	Her2	1.27517879874961	0.0312140225775397	2.6879310924298	2.15362874579402	3.93326010077147	3.97475319051717	3.71321318417586
chr6:21404542-21405043	Her2	1.27487196744137	0.00196060283225247	2.84605609092869	3.16758663752134	3.46962559078101	4.46408120507022	4.05099637146668
chr15:62162052-62162553	Her2	1.27447964377445	0.00100408908181791	2.99760377271905	2.45818399617506	3.98627431260082	3.00351587849023	2.69440893752235
chr1:41415408-41415909	Her2	1.27440463876206	4.41101901346615e-06	4.02612422409152	4.54654018534195	5.34735056753896	4.41489757358343	4.36119062416535
chr6:51478323-51478824	Her2	1.2743492086081	0.00288881085567301	2.82444238833579	2.92524488505792	4.02272956411918	3.26989289023365	3.47665031997683
chr21:36508352-36508853	Her2	1.27417076941192	0.00781280687098968	3.98235691920541	4.46878012273035	5.47404269399417	5.27397325572812	5.45408870629107
chr17:68379684-68380185	Her2	1.27379855747387	0.0168839568988214	3.91054088611343	3.41536564338203	5.388444102596	5.30433977398212	5.69651278355217
chr8:29345973-29346474	Her2	1.27374949079359	0.0100826608910687	4.14425907710815	4.17433269599918	5.4738888658962	5.58463092481101	5.06820601892763
chr17:39336269-39336770	Her2	1.27365883452274	1.08750252727097e-05	3.14874214423117	2.86946157386099	3.59233230794812	2.9525067895273	3.41657424219598
chr1:199045893-199046394	Her2	1.27363514168898	2.29352327307398e-06	3.47420174023764	3.40710669979585	4.32195547601572	3.60926288938665	3.78806588987819
chr6:106554338-106554839	Her2	1.27346988620775	7.07667097560467e-07	3.61976209746478	4.17742226455141	4.49590627292217	3.34048079786951	3.91943954302696
chr20:36061674-36062175	Her2	1.27343456026474	4.79725531521124e-05	3.69702602238924	5.04591635586923	4.46235770790322	4.34476548901316	4.26156663567637
chr16:15673763-15674264	Her2	1.27342978004279	0.00345639177929135	4.48331646844513	5.38253023414882	5.79289172559118	5.5438052040557	5.74797988498312
chr3:43624850-43625351	Her2	1.27338408212193	0.00619269144942749	3.85037669215707	5.78296172357759	5.39703755622722	5.26928006794716	5.25842814449965
chr4:125273056-125273557	Her2	1.2727679586549	0.0115909369152076	2.36487478206318	1.42069120886017	3.24855059520326	3.26708057119857	3.7952745029385
chr4:29630360-29630861	Her2	1.27271299517373	0.0246940946043472	2.70961999862511	1.95917324204047	4.05406316561388	4.30073514700824	4.25620316116291
chr2:74204289-74204790	Her2	1.27267336011253	5.20861101109805e-05	4.1538224900906	4.88137458928843	5.43411908027807	4.63911849151115	5.00529594593051
chr6:165833281-165833782	Her2	1.27236835610219	0.000160843959839476	3.74062823829987	3.72982195202045	4.57959573118573	3.60998517722178	3.61921088221543
chr17:39501067-39501568	Her2	1.27232025723345	0.000248737634582459	2.64579357751938	2.63510858180476	3.49187714123486	2.33786613798658	3.08292542521901
chr4:165432571-165433072	Her2	1.27187618718332	0.0016586051094685	3.02949580997011	2.2180517390562	4.02167135127723	3.73946051927361	3.43581478664742
chr3:64264236-64264737	Her2	1.27184927601302	0.00637214968464367	3.64003993905411	2.69498782802712	4.89604525122452	5.03819236926772	5.13509926725966
chr12:89226633-89227134	Her2	1.27173633264953	0.0107589898827357	3.7151560915631	4.01751115606216	5.27437245189435	4.91952778066495	5.13891356448345
chr6:41535803-41536304	Her2	1.27147692739287	0.000379406100485716	4.03095031298355	5.45106712386046	5.40696476442963	4.71915592655547	4.70778844416928
chr4:80451940-80452441	Her2	1.27135541378985	0.00152056703595713	2.66550066934179	2.53881192461394	3.44844379228377	2.68887701540168	3.02742224383264
chr12:117204126-117204627	Her2	1.27135149783716	0.00865610379030714	2.72735805011393	1.89025568956925	3.30769987854515	3.57433349278933	3.28978004916009
chr13:32257611-32258112	Her2	1.27134243615124	0.0211521826382463	3.06118949176454	2.07440662860534	4.18181065356947	4.60752261731327	4.49094914424057
chr20:63057766-63058267	Her2	1.27103818425298	1.2110566091929e-05	3.37041621635829	2.87356602374526	4.36103419093738	3.7648511222233	3.70929683860012
chr17:47985388-47985889	Her2	1.27085201076635	2.33050968758371e-11	3.84201476516313	3.64071830803687	4.5452601947006	3.93282431354545	4.17504775002334
chr16:12866965-12867466	Her2	1.27083562932422	0.00140709439722595	2.9966250998565	2.6010830646381	4.14841052740421	3.93337233669854	4.40227437672416
chr17:47989228-47989729	Her2	1.27075806325684	9.8192647513607e-09	3.52554412297561	3.43284177678137	4.32844874617028	3.44832385332388	3.73417131286702
chr3:50607698-50608199	Her2	1.27075629911992	0.00138113464630269	5.02392392712223	5.83638693129331	6.49303048754419	6.42864880930036	6.23902265340139
chr15:43135284-43135785	Her2	1.27004801230132	6.9536987233607e-06	3.77596207070414	3.31675048531527	4.79620438698867	4.0128018799721	4.22919124336892
chr17:39488609-39489110	Her2	1.27001638429724	5.52542688537901e-05	3.30529971031355	3.75913340082979	4.07168265251009	3.09801157980194	3.49013181173019
chr13:100797513-100798014	Her2	1.26990771092005	0.00428154132355407	2.64269885003382	2.19846262585645	3.28680870879094	2.80310665058912	2.90258921858337
chr10:113369833-113370334	Her2	1.26969407922996	0.00110037259211109	3.15103117558218	3.49947990995508	4.04050166429972	3.6400085215134	3.3961804891278
chr8:117152098-117152599	Her2	1.26968878432223	0.011844902566039	3.19490023444109	3.78173573728714	4.5908371519506	4.02553830161875	4.09134809355437
chr8:116939608-116940109	Her2	1.26959152351378	0.0131893222092146	3.45345367238321	5.46212762271212	4.78156613273637	4.54512250871938	4.97635029764825
chr12:70795557-70796058	Her2	1.269483213178	0.0193236877773084	2.77242876279258	2.0107078640966	4.48970353388811	3.78507215002324	4.45414688485058
chr8:101582656-101583157	Her2	1.26945109886486	0.0109493148266817	3.94756184227048	4.32045426814754	5.60687766513086	4.81964055540164	5.19166235524376
chr1:224327219-224327720	Her2	1.26934611755571	4.7186374533396e-08	3.56730986998153	3.71481384731934	4.69454262188009	4.00231028718173	4.29783998703602
chr17:38662442-38662943	Her2	1.26927385470024	3.8617871273195e-07	4.01472923267347	4.25405005905843	4.40043206478931	4.05930889894132	4.06216451503293
chr5:141711490-141711991	Her2	1.26925780181364	0.0113681950706793	3.6395024330429	3.12973992830452	4.57313641339913	4.01125246546082	3.65621683942576
chr2:69440020-69440521	Her2	1.26915899343713	1.61644221143078e-07	4.18900143181791	3.99544139961505	5.35442747785147	5.0758253747787	5.18293808255905
chr3:4713265-4713766	Her2	1.26912562924619	0.00022891315997106	3.73683257563633	3.57493722883142	4.99068895567209	5.03284470553232	5.13023039246393
chr6:106549714-106550215	Her2	1.26910492005016	9.01902623578311e-07	3.2851597744728	4.0376954303886	4.18079178356176	3.46801140896558	3.40383105323527
chr6:106549009-106549510	Her2	1.26889197425808	0.00028538566857686	3.53210454862158	4.03382758481459	4.57843663886749	3.47968052260262	3.85385528925081
chr10:43507374-43507875	Her2	1.26861729594396	0.000182597648029512	2.87609443270214	3.44918123869207	4.04329039263004	3.23301974834105	3.01330772244402
chr12:20968350-20968851	Her2	1.26831162711074	0.00109865934492277	2.91390335865357	2.14476391613796	4.05347355333964	3.53894178307712	3.47461150313892
chr17:49289518-49290019	Her2	1.26786328022587	6.9353442564083e-05	3.66285131513118	3.38638879086928	4.44244299544913	3.90818084452928	3.87507325147473
chr10:37400599-37401100	Her2	1.26748169866525	0.00893547157648911	2.90079858325283	2.56217321123081	3.95845562171217	4.55385281076565	4.28306687163591
chr17:8262198-8262699	Her2	1.26719844724522	0.0162302290429383	3.4954534135343	3.04895287725721	5.0494114158268	3.50185980218728	4.11016740677122
chr13:24202830-24203331	Her2	1.266990546569	0.000940057157813933	3.49157863671232	2.69544257443121	4.6860050472338	4.35770466431326	4.30465245227956
chr17:27321420-27321921	Her2	1.26686815657344	0.00179439102452928	4.90660996812171	4.50482619735195	5.71282879234054	5.28465687458459	5.44566058385883
chr11:63842555-63843056	Her2	1.26674173241968	0.00737390097297933	4.63638223950755	5.55954877087989	6.23117952537317	5.62957382392481	5.88800212585936
chr1:232816220-232816721	Her2	1.26661825365701	0.00177901338289079	3.02446737571452	3.35360828743035	4.24766545704195	3.69905430258882	3.85341492957235
chr14:36665210-36665711	Her2	1.26655861213303	0.00537711649701902	3.06936700658976	2.6588937926833	4.07819187141419	3.5975877031494	3.21511617613013
chr14:44513106-44513607	Her2	1.26644848132694	0.0159802730136523	2.33186643738378	1.50300978165593	3.09735239948204	2.62423060170134	2.9586547428325
chr15:71724484-71724985	Her2	1.26625867649101	0.008003532703887	2.07644340063432	2.03715371414058	3.3304179476655	3.55985837965447	3.07022675109567
chr1:151564200-151564701	Her2	1.26610952900776	2.21124688294499e-05	3.91460028186582	4.1307313976616	5.14155815856317	4.65120809785055	4.93761906372153
chr6:51468642-51469143	Her2	1.26607497911295	0.000377083172321215	2.88244158623809	2.9827059391404	4.05313011017014	3.90422462555323	3.65134417517707
chr20:43394209-43394710	Her2	1.26606822462582	0.0132475250461909	2.83760095445396	1.99249589490069	4.26704723851701	4.10320451928743	4.21868751966503
chr17:39498524-39499025	Her2	1.26593534315806	0.000103925456799835	2.695195372695	2.61517664259825	3.42777211325957	2.7359005208673	3.0723039220849
chr1:205059018-205059519	Her2	1.26558901502824	4.99750398397785e-06	3.43581529123409	3.64664164872139	4.17076983015902	3.92544058435464	3.95663598422914
chr17:29077733-29078234	Her2	1.26549184285605	4.06770512670072e-07	4.02431390093834	3.98552647341016	4.823068447237	3.86047298119527	3.89041360474336
chr17:50267907-50268408	Her2	1.26545328964785	6.15718363244527e-06	3.67696311969459	3.68770424109487	4.65093134704306	3.8883975722533	3.99644923400936
chr13:77343552-77344053	Her2	1.26527674961612	0.000287494939123287	3.27832498251005	2.73314853939921	4.46217302143183	3.6960992994977	3.73387091611017
chr19:58314728-58315229	Her2	1.26520423496069	6.71535146548035e-05	3.5132791224303	3.23497091570354	4.2582405701623	3.88210835099073	3.65991284371741
chr12:57278417-57278918	Her2	1.26493509183962	0.0211276732576079	4.13399746466072	3.12520952571267	5.10022373796458	4.2932499005757	4.88301527540294
chr6:106345728-106346229	Her2	1.26454405763409	0.00136245884710386	2.84133469074941	2.62137159503021	3.99087528606406	3.16500605839607	3.584330305213
chr15:61217128-61217629	Her2	1.26454343680781	0.000663151222605229	3.2001282150348	2.72496618337651	4.59365279655873	4.20708574686847	4.22489237570782
chr8:94416560-94417061	Her2	1.26428270516952	0.00695349493904489	3.6046742720006	3.41709266733062	4.97203432194602	3.72250021976698	4.3855236019549
chr17:40359439-40359940	Her2	1.26426105065508	1.48326935380651e-09	4.52585722992303	4.42622839068497	4.96362489044694	4.48737063047208	4.8577120311524
chr17:68423161-68423662	Her2	1.26419418251569	3.25651169835141e-05	3.72047545724825	3.69717918623878	4.36024823636561	4.03139600151102	4.4730936943663
chr16:8538942-8539443	Her2	1.26419308752768	0.000123943601346528	2.96101926553823	2.52401865418985	3.50481379140362	3.09981975856919	3.06719365136126
chr17:29295739-29296240	Her2	1.26413113327745	1.45214377649718e-12	3.85567913195048	3.68365027270058	4.67289543889089	3.77018714205339	3.97007555160219
chr4:10521266-10521767	Her2	1.26403780937693	0.00996397785044691	2.70355269000931	2.37415139304163	3.82581275533056	2.9256410871492	3.38859104437679
chr3:171507790-171508291	Her2	1.26371096644384	0.00534548431255582	3.0683608870125	2.9446185741638	3.80166707464656	3.50277720034222	3.54168838145919
chr12:88470063-88470564	Her2	1.26294980652466	0.00422216357328707	2.92010121931057	2.78824108057556	3.9697432087365	3.39831772547499	4.09587687360491
chr4:40623676-40624177	Her2	1.26272965378204	9.25768709550933e-05	4.12755160365279	4.11790462589154	5.42213469228204	4.92724057140607	5.12514369350392
chr17:68293432-68293933	Her2	1.262691389512	0.00032164959246148	3.51939085245613	3.28746644196525	4.53159647570206	4.06661321025542	4.83646685073244
chr1:164597755-164598256	Her2	1.26263156730283	0.00105872996658649	3.68038002779497	5.15523696569318	5.08193476259251	4.91538485666002	5.05563913597447
chr3:195379877-195380378	Her2	1.26255016992614	1.21639029847712e-05	3.2645383825842	2.87041470789747	3.94168147812442	3.13556234279162	3.82892394665598
chr14:69358075-69358576	Her2	1.2623126994087	0.0003517519732519	3.89065551660471	4.77893993640386	5.32300942977606	5.06426120521721	5.23506344328656
chr12:115484630-115485131	Her2	1.2622571397114	0.00260479391787722	2.67486312622241	2.44438653910938	3.59530421285662	3.36613179344834	3.64248639459913
chr6:14451073-14451574	Her2	1.26213208071939	0.00159047392836801	3.39410726582874	3.80816627559867	4.5321758612284	3.99009977188891	4.04882360739263
chr17:39419657-39420158	Her2	1.26171241591036	0.00045838677923645	2.95006603947404	2.84239950856058	3.55543564452782	2.82567200396048	3.03578917105307
chr21:39320826-39321327	Her2	1.26150122025693	0.000902860356036068	3.18205082481566	3.64897495762331	4.59094464780862	4.409323075827	4.76041886865315
chr4:40320202-40320703	Her2	1.26145963277387	2.48651749574371e-06	3.98460685063654	4.35544115958877	5.00605584999004	4.95895255505231	4.96574220568452
chr11:67691070-67691571	Her2	1.26141459032409	0.000648226102968561	3.60467089114007	3.9420436070914	4.76066463258267	3.92873932337577	4.03949882769702
chr6:106507946-106508447	Her2	1.26118280060274	0.000129207420479264	3.70388981098843	4.18559050737411	4.71474077346391	3.44888895018429	4.00980488254142
chr12:111070913-111071414	Her2	1.26114523095069	0.0455330616772596	2.42355696775623	1.35128551672028	3.72381912343912	2.97625444240504	2.91861281169361
chr15:61683794-61684295	Her2	1.26112105952043	0.0101085610531696	2.92008492992638	2.4331705410629	4.4020273101827	4.36895893590681	4.03990576736772
chr14:36798819-36799320	Her2	1.26107379454062	0.00112944138343406	2.68346574581973	3.06069931322788	3.33009646894332	2.92895086458754	3.07172756709843
chr5:178122975-178123476	Her2	1.26021064395382	0.00179445557306948	4.52935734953036	5.74949633310519	6.07214144843991	5.90507107116552	6.02912569234757
chr1:9126445-9126946	Her2	1.25998077031219	0.0058777037053037	4.64091630256775	6.0048021023817	6.15323765664523	5.45876557595766	5.57259665569567
chr8:112617726-112618227	Her2	1.259862779197	0.00598837161682626	2.80504369273828	2.48213475769815	3.99239297618038	3.46729172554618	3.9452070173443
chr11:78718270-78718771	Her2	1.25931768551599	0.00367018220723041	2.84413046830931	2.90315862339893	3.85741156098127	3.21281695651389	3.20052231268035
chr8:126325437-126325938	Her2	1.25925530012147	0.000359930361181165	3.21282929830888	2.78434610549393	4.57892916591404	4.05900041004504	4.331588103456
chr10:37305880-37306381	Her2	1.25913571274384	0.0112208027270211	3.00846365946666	2.43389519664005	4.0338210823424	4.76123536866252	4.20699751175048
chr17:62888751-62889252	Her2	1.25907669260428	0.0091358656159899	2.98622026045315	2.59405916004946	4.30231624069561	4.22040104158334	4.83359805857937
chr10:25280070-25280571	Her2	1.25903288886792	0.0284952458986626	2.53006116272222	1.97965008566135	3.47962332911127	4.4877534529209	4.69342994645607
chr15:61682245-61682746	Her2	1.25867546091316	0.0127237193615796	3.00898395504153	2.47437958777847	4.36408471520521	4.80044506086653	4.50048023696817
chr17:47191546-47192047	Her2	1.25853703858124	2.43791425829834e-06	4.37519002538993	3.88927246557791	5.04164730451769	4.98674929399287	4.82882378911086
chr7:12207025-12207526	Her2	1.25832316352116	0.00219483462049344	3.93276101838974	4.22358658208812	5.33326987021531	5.05417761796174	4.86936874101574
chr7:43312667-43313168	Her2	1.25808830251535	0.00227817423186585	2.38268645772334	1.48757989675554	2.61074643868602	2.75774341211585	2.34815751271179
chr7:30426524-30427025	Her2	1.25794172937045	1.90053225653919e-12	4.17554536774013	4.41815719569719	5.01665397732611	4.28039950011135	4.46925215310617
chr9:126677419-126677920	Her2	1.25786533924556	0.00926127535972228	3.55345438309069	3.54953970854156	4.96881583080392	5.33083561687602	5.59418664427055
chr8:126099358-126099859	Her2	1.25782938473272	0.00261082723619297	3.28636916878407	3.77317041886765	4.59775896901469	3.42703787924655	3.67028898251069
chr17:38669118-38669619	Her2	1.2577981926249	2.46972144527326e-09	4.23307167025925	4.26736759941935	4.46318493418814	4.2133765822245	4.26475250258457
chr8:140148396-140148897	Her2	1.25733152970887	0.000484029600375131	3.55139987222908	4.06564825898024	4.76835755023262	4.42529702758073	4.46297634394217
chr6:106775519-106776020	Her2	1.25695062640333	0.00219125330463951	3.07669569841994	3.6004205693988	4.28696809870555	3.4789558376276	3.38967943031059
chr2:49671583-49672084	Her2	1.2569426326241	0.000440589625253109	2.79057457535776	2.50414231939351	3.85140253034458	2.88549793603508	3.47423904010833
chr14:99256448-99256949	Her2	1.25687978674923	0.000471732741602915	3.39860347675077	4.12391705683651	4.29435168197656	3.31633911215664	3.5431778791864
chr20:2616631-2617132	Her2	1.25597986529637	0.00773438970921991	2.9966247034033	4.42067049632529	4.48111235527075	2.89553005587483	2.96312394481909
chr8:73116026-73116527	Her2	1.25588824916653	0.00442107634186651	2.87426453896525	2.61527108533666	3.99550515238324	3.7662584884645	3.3727653145967
chr8:123585767-123586268	Her2	1.2558503776848	0.00120158668123614	3.47280030015295	4.60049414211467	4.7664493832914	4.36938398936278	4.57578827506555
chr9:126674809-126675310	Her2	1.25582691034195	0.00232992456444659	3.27090526075714	2.99772483553	4.60100256470404	4.88565418674724	5.00084922718485
chr11:74196714-74197215	Her2	1.25582145143726	0.000277807946718879	2.92869052878154	3.46320417449407	4.03448164719163	3.57320425020822	3.45547233519969
chr22:39249931-39250432	Her2	1.25516628959733	5.3029059221695e-07	4.48124762122743	4.49134783510278	5.69451421803196	5.22564464657322	5.3821251699475
chr6:75203642-75204143	Her2	1.25491532514008	0.00440589898910067	4.0528649039574	4.54346271504786	5.22718219703507	5.53533706072941	5.18486344039954
chr17:56118474-56118975	Her2	1.25436764105978	0.00964131852393161	2.79541201243148	1.82166515915491	4.06359107807646	3.81630652870041	3.62159359874826
chr8:95139182-95139683	Her2	1.25431248884268	6.05985668406132e-05	4.10067256681196	4.29809153481569	5.24354595785036	4.70373229406672	5.18264700900945
chr22:28794813-28795314	Her2	1.25397921300678	0.00376662804224321	4.82216599287101	4.45761971283631	6.26506974115888	6.00232637566922	6.0246781820056
chr6:108199983-108200484	Her2	1.25369277542979	0.00176711206724582	3.86972770650561	5.11324857035027	5.11698786514177	3.92586845156478	3.91836352918686
chr6:42222421-42222922	Her2	1.25306226140589	0.000409167138973747	3.96821742221824	4.06417376312799	5.15270227503569	4.50247760965187	4.76708736100196
chr5:177108894-177109395	Her2	1.25298934188393	1.24530759197077e-05	3.65322013320966	3.09091047515367	4.67902289889229	4.05291979876164	4.09561245454725
chr5:74130877-74131378	Her2	1.25284267745459	0.0282318512718259	2.79582729016287	2.9282965174288	4.39428198354917	3.54160398750752	3.91528657092951
chr1:225531550-225532051	Her2	1.25283073932918	0.00144381703632126	3.17399389715708	4.05571272488232	4.62843739351821	3.8993583113096	4.20813237705934
chr14:34226598-34227099	Her2	1.2527293442746	6.79887781359473e-06	3.77011281626021	3.37165548635327	4.73303576378266	4.3691283002908	4.32089120587844
chr17:55154746-55155247	Her2	1.25260692138894	0.0465816800674445	2.69379661344701	1.88347089266236	4.03897438143744	3.48914549065152	3.88877634206816
chr14:21319349-21319850	Her2	1.25250155650885	0.0012290329576584	3.92807398365344	4.17761366464659	5.28248293299298	4.97460635111591	5.10613685211366
chr9:129178973-129179474	Her2	1.25244918619117	0.00032003611596481	5.76554351609833	6.14508317758716	7.07436195835398	5.8297305643625	6.26306735993517
chr17:46824962-46825463	Her2	1.25231838044149	6.40416743412593e-07	3.28198598806686	3.06890332603141	3.55726146755119	3.13444409705322	3.34857529939509
chr3:9309983-9310484	Her2	1.2521834562784	0.00802968460534611	3.68670192484026	3.5774426120371	4.94012930428185	4.46837527331456	4.77269669817693
chr8:88897021-88897522	Her2	1.25199653666923	0.00718882869458796	2.92443036745874	2.68092626962733	3.96313226110649	4.15050463185792	3.89780302089024
chr10:79236811-79237312	Her2	1.25192871697094	9.7062778053773e-08	4.23384397350762	4.84661046454038	5.14673168222319	4.97998770211526	4.88697456796093
chr17:15653149-15653650	Her2	1.25190096859432	1.31929716737996e-07	4.36788335072363	4.95126850028715	5.17702867122311	4.32185657719264	4.47370136596672
chr22:24310933-24311434	Her2	1.25179244565427	0.000315292549377942	3.33985821945868	2.696127320281	4.73821339332581	4.0449570677319	4.13520002465763
chr17:40288710-40289211	Her2	1.25165248597188	2.51197516278427e-09	4.45638002580977	4.44619987782742	5.10196746055602	4.23125563570213	4.49261063105087
chr17:40555530-40556031	Her2	1.25164220833897	0.000121304666937405	4.11935517551145	3.75628153998484	4.94934100870813	5.12427582654542	5.24921836853016
chr17:40422544-40423045	Her2	1.25157064056805	4.7546664999349e-06	3.60372469040229	3.41186538422909	4.22752827815932	4.30074679834164	4.24623257734435
chr6:50823983-50824484	Her2	1.25151440910118	0.0243185046634592	3.39580194594447	3.55610158567481	4.70017025397709	4.84625861521585	4.08954215362794
chr12:132756934-132757435	Her2	1.2514673099448	9.0731102167478e-09	4.03011214756207	3.7765193497416	5.2266407251411	4.4707678515881	4.6756566390928
chr6:51487724-51488225	Her2	1.2513678105335	0.016001567884457	2.7390513364413	2.42710324223688	3.98894197707933	3.77662265390638	3.35620250792048
chr1:117014123-117014624	Her2	1.25132352141531	4.93808088223877e-05	3.46863154864491	3.8930024177399	4.71834632085398	4.21882520251233	4.22053691289883
chr6:18506303-18506804	Her2	1.25120983780042	0.000167407902300592	3.69897154653061	3.40309202952796	4.85059278724648	3.8242375058149	3.90909203407602
chr17:68426104-68426605	Her2	1.25101112335521	4.31618418124275e-06	3.74742405267959	4.00784913338919	4.36337736150972	4.07873859590428	4.54742100875759
chr8:133624156-133624657	Her2	1.25084908123746	0.0113206435923892	3.46869730337092	3.69446660750815	4.7258956645168	4.65983837195183	4.80428614631816
chr5:17023304-17023805	Her2	1.2505101735339	0.00242479409354368	3.37569813882291	3.41080931057545	4.64953349651683	3.7031635022878	3.66949103128572
chr5:34898998-34899499	Her2	1.2504981109718	0.000233811945235495	3.60805393988848	4.76569482775476	4.92311504104292	4.14123652317886	4.30512334630421
chr10:114178993-114179494	Her2	1.25042608891166	0.0232004142859075	3.91327897669766	4.6534963407959	5.25913531034024	4.64374193875579	4.57473289407074
chr9:34485748-34486249	Her2	1.25026271416099	0.00029291638287053	2.908240986546	3.3876389700221	4.08453717458134	3.49649746757393	3.85397869919625
chr20:57994756-57995257	Her2	1.25025098598456	0.00182051189758019	3.35849429829156	4.35281533514756	4.8006017068283	3.99890186223181	3.8803323683249
chr5:172280884-172281385	Her2	1.25023752532613	0.000214690337505865	4.17897330348801	4.74080256541819	5.37868770429454	5.26990896008477	5.16180162693742
chr16:48961565-48962066	Her2	1.25021130521083	0.00236348210055181	2.91710365237082	2.51190066709866	3.55546854468177	2.74945011913396	2.77426607434909
chr3:138209017-138209518	Her2	1.25002396198801	0.000497122871888434	3.27916400365738	3.42434181257033	4.35495427998673	3.73869721111394	3.8256156791791
chr8:102646656-102647157	Her2	1.24999366191386	0.000492676415942861	3.71959002409709	3.7940118659783	4.71796321623372	5.02585920856405	5.13489756136487
chr10:37468317-37468818	Her2	1.24988384926794	0.0166269902066607	3.11043261561741	3.39808523872449	4.08653217277639	4.64408445840681	4.15466996446171
chr17:54977711-54978212	Her2	1.24987483947293	0.022052682541621	3.24437657043303	2.5672767769666	4.77960253760413	4.2334834150734	4.88635251710981
chr1:200619683-200620184	Her2	1.2496890532227	2.89374205240573e-05	4.32691025749113	4.85694699210202	5.02682733377738	4.83973923777769	4.75919733235574
chr3:150344030-150344531	Her2	1.24961576555346	0.000169770068870699	3.64793270233704	4.78799371568143	5.05471777118824	4.0681913827314	3.93327927229811
chr17:39499055-39499556	Her2	1.2488644546	0.000147798061339776	2.47338333381231	2.42272971906304	3.49138288698689	2.45698620864547	2.94689715928984
chr12:57883561-57884062	Her2	1.24881098546704	0.000715470800116379	3.20571780090815	2.48547798349774	4.33377349886239	3.99198012431863	4.07565132307232
chr9:132568692-132569193	Her2	1.24871791612729	0.000161495425082123	2.91252053205546	2.15815513201035	3.74624829722881	2.9611429545927	3.41974814878833
chr8:123529295-123529796	Her2	1.24870877021363	0.000887206047138596	3.93473495250981	4.98479497277429	5.32314466014057	4.5197438304346	4.56421195181306
chr7:111613905-111614406	Her2	1.24860975812857	0.00787225874539357	2.9502286278922	2.18128631034345	3.81559629707408	3.9184461891552	4.12725324354678
chr3:148816353-148816854	Her2	1.24840078526722	0.0209585928947426	2.24919517809711	2.18211537847595	3.02333129595204	3.30433037301061	3.57854719603728
chr17:39445043-39445544	Her2	1.24830614085195	2.43981512289146e-05	3.08012643012151	3.02334291669859	3.67146621257072	2.83224941078445	3.46779696629095
chr20:53336830-53337331	Her2	1.24819474871176	0.0120634809699884	3.90878907631073	2.99977964096748	4.39074625004733	4.71280055199188	4.47700655150399
chr14:36770726-36771227	Her2	1.24802919669633	0.0296734695328821	3.6536989231004	2.87618735559384	5.37140597849276	4.61306422164392	4.90206740423739
chr10:80534639-80535140	Her2	1.2469357839843	0.000390062129731854	3.47998408064843	3.83520080271373	4.09732019437125	3.31493074433651	3.4151067828651
chr11:43161917-43162418	Her2	1.24674007454539	0.0179358234524526	3.11435674237029	2.64582226248311	4.52656871454315	4.26582711576946	4.28957819755824
chr2:42557243-42557744	Her2	1.24671392137011	0.00102162315931153	3.34630396644002	3.35032736857006	4.72246709734814	4.22943135755275	4.3602644679643
chr17:28485070-28485571	Her2	1.24659897078726	9.98254953585603e-07	3.93109245463677	3.60122188114074	4.44408157893187	3.77235298666807	4.15600493844491
chr8:117083000-117083501	Her2	1.24626848087097	0.000194344143236554	3.32005971440123	3.34174283423082	3.69957169398638	4.03056921179169	4.10517752458239
chr10:37942194-37942695	Her2	1.24622729961808	0.000896894560302138	3.36890283343067	3.30604586340862	4.32667334662175	4.3650352911786	4.36455705786513
chr2:211929719-211930220	Her2	1.24603941446437	0.00559678010332605	3.10822096850773	2.37572924745887	4.53706266571276	4.66014273450435	4.6699756810623
chr11:10888006-10888507	Her2	1.24596408052678	4.60930059261841e-07	3.2674222628066	2.92022635782141	4.02839035863673	3.73969073531566	3.52217468618568
chr15:61747455-61747956	Her2	1.24593533997907	0.00225270820006815	2.6321112554942	2.66642797107159	3.955895489506	3.92153594193965	3.66888502474055
chr13:100035905-100036406	Her2	1.24589537121286	0.00145188669014039	3.08989904931053	3.18626347517877	4.39522419528299	3.49537873438165	3.75919079476013
chr17:75564302-75564803	Her2	1.24578585595875	2.48223663913872e-07	4.27046368531731	4.77612021264208	5.33965158401732	4.41805177532695	4.98709695522174
chr10:9926151-9926652	Her2	1.24574956906989	0.0325321789815288	2.11063776117178	2.16207458583949	3.27385644218428	3.83457281440528	3.04548670659629
chr19:57800670-57801171	Her2	1.24558217667951	0.00741479075747672	4.05464165570375	4.47222140569283	5.33913673560189	5.51033736862139	5.68800997559198
chr9:137089064-137089565	Her2	1.24520914954623	0.00241905173578865	4.9857487982544	6.69632972367151	6.27944738019153	6.02751536109629	5.91689859229348
chr4:17517582-17518083	Her2	1.24516465604667	0.00533629534312453	3.64035451755181	3.60401874679255	4.77385331769403	4.02682741317328	4.00498017405587
chr11:13067378-13067879	Her2	1.24491522114649	0.0100204938003181	3.07789042451174	2.84637518875948	4.28218993804756	4.6515296876682	4.15541563401586
chr19:57796446-57796947	Her2	1.24490249390476	8.11641834567937e-05	3.59351248083272	3.75179696522343	4.57728750671585	4.52917118811227	4.74273875868308
chr10:5498806-5499307	Her2	1.24472370499827	0.00554314694674742	4.02109681817956	5.93420294067023	5.35791892122226	4.6890526173074	4.74155824104881
chr2:50595765-50596266	Her2	1.24469122073202	0.00622604463989332	2.82188234256512	2.9061101731457	3.91635406219346	4.13024516432778	3.66226305239326
chr11:118057637-118058138	Her2	1.24439870453101	0.0322280470775698	3.48279737965541	2.69092300247434	5.04368612528461	5.50229157193127	5.80192556890171
chr5:56459702-56460203	Her2	1.24427888144753	0.0161579934463188	2.91199916982129	3.64453322472463	4.18502399240991	4.50361462459355	4.15067914998193
chr15:69699037-69699538	Her2	1.24419022059584	0.000151426356933395	3.29291034591559	3.69920771860142	4.49078590498374	4.07291358096922	4.25610635178415
chr4:76693488-76693989	Her2	1.24406478563205	0.00641361529947489	4.02278129012986	3.52911219129914	5.57681798852778	4.91383542196494	4.97442229318422
chr13:113486647-113487148	Her2	1.24401280603957	0.000677080246952818	3.82000651605989	3.84720410753074	5.09863407129572	4.71848430251621	4.54540242224518
chr12:106973475-106973976	Her2	1.2437621281305	0.000786990323493428	4.1711662655259	3.31025984396794	5.52434177420559	4.51631496277541	5.17776425980159
chr19:8108753-8109254	Her2	1.24371958638764	4.70532255902351e-06	3.17630434364923	3.4251512318946	3.91885897885236	3.10058152199995	3.6044911647849
chr10:125162206-125162707	Her2	1.24367358293015	0.00177851303980915	5.34967224071191	6.44789296171085	6.78962727199618	5.86104027967942	6.13342393586968
chr1:153521918-153522419	Her2	1.2433835322265	0.0001407741450525	4.17643472746825	4.36140629093002	5.19310459908433	4.36671311126202	4.40671902331902
chr1:151536501-151537002	Her2	1.24337788744168	3.34482360261309e-05	4.70516913449348	5.41466850722337	5.69757714453603	5.32473149664847	5.50981975029308
chr1:98066887-98067388	Her2	1.24311257982814	0.0424246260772088	2.80301513075274	2.08187447058091	4.31827342221515	3.90613230244856	3.72643073365437
chr13:43301546-43302047	Her2	1.24304138458923	0.00268530338199992	2.63452059671599	2.18229189645919	3.51099960163207	3.93479981746419	3.64115533959268
chr12:53249871-53250372	Her2	1.2429914022969	4.92950596850154e-05	4.21456013564864	3.86646660711482	5.2812212041318	5.27734588105993	5.50731232853299
chr14:54490371-54490872	Her2	1.24275975440343	2.40767119538798e-07	4.25861505940862	4.16475553194673	5.57928741492608	4.70081848387529	4.73492375800344
chr1:155075544-155076045	Her2	1.24252962862311	0.000292594931294573	4.78740361140669	5.73436015834541	5.97237159431849	5.872283910847	5.74352465684033
chr1:200160261-200160762	Her2	1.24240344779438	0.0100467385769052	2.72145051550699	2.30177341646964	3.58942346805436	3.52167964482955	3.80689769962315
chr2:167825585-167826086	Her2	1.24236936224686	0.00841209316798253	3.16905448747931	2.69972751220878	3.98112326653749	3.5906936885849	3.89829422926267
chr17:39342093-39342594	Her2	1.24229459854243	1.1414100027364e-06	3.25173123469271	2.95471858311407	3.79426063453106	3.21092323868846	3.47139636554155
chr8:37616714-37617215	Her2	1.2419691295478	0.0406877913440099	3.29487866041438	2.77509600631526	4.95731450649981	4.86513156210636	4.91432420682373
chr4:151021501-151022002	Her2	1.24195013663185	0.000483862263458308	3.38713525832354	2.8758059083033	4.44327730741552	4.49515344513651	4.81336558507816
chr1:204881729-204882230	Her2	1.24194690587946	0.00349547153886241	3.6472614242356	4.51544505661999	4.80040222969179	4.37173781401774	4.64229974724536
chr15:69481657-69482158	Her2	1.24184532157931	0.00857304254292367	3.39949115438778	3.01521587636123	4.84527054085469	4.914329002821	4.98870244490963
chr12:29112153-29112654	Her2	1.24152801026636	2.98433291238136e-05	3.0171242369092	3.03269564360648	3.74704655431265	3.01788571404142	3.21690694087632
chr8:67751221-67751722	Her2	1.24138246440461	0.00352965238847024	3.42627510491788	3.09551913403358	4.45748614009236	3.84389807475982	4.13752404516846
chr17:27360375-27360876	Her2	1.24125409251921	0.00122353183077123	3.32097410574271	3.20651593704884	3.91775010510511	3.8162766927181	3.79480438824955
chr2:113161782-113162283	Her2	1.24121510700076	0.000130085554471511	3.42809247689552	3.09552076203396	4.70644679277482	4.01821507016116	3.97524257545971
chr8:117088631-117089132	Her2	1.24111418771346	0.000523646576414894	3.22544982177774	3.22978281106276	4.01190684325508	3.78353624287053	4.24400800864409
chr15:72167495-72167996	Her2	1.2409562950386	9.06516015702634e-06	4.10479420983206	4.58664701906657	5.40433346971811	5.10963897613102	4.83758180300491
chr8:40402579-40403080	Her2	1.24086318600206	0.00327959555803597	3.10368774978035	2.79803741800223	4.12199601705876	4.03529867128892	4.23170021405316
chr11:8345073-8345574	Her2	1.240847105891	0.0299971437559233	3.49649257777327	3.09078531910169	4.62531333618894	5.06331631436748	4.94434826743131
chr1:65999144-65999645	Her2	1.24074395608962	0.0123847784722774	2.91190889762547	3.41391405622807	3.83120800932807	3.79442607381478	4.05898815736023
chr4:160701616-160702117	Her2	1.24069353133555	0.0148274417957177	3.05772534876441	3.59988704980594	4.60694633979295	3.8319645481803	3.83723948641524
chr3:8492466-8492967	Her2	1.24037878406016	0.00274173218335852	3.45203500326115	3.4397579165539	4.54494261558662	4.87852464181457	5.09076940109393
chr1:164607399-164607900	Her2	1.24015013397615	0.000337305557490754	4.05764716901867	4.49728202818921	5.26373253935331	5.04796519756448	5.42739377648348
chr6:131780049-131780550	Her2	1.24012863110688	0.00174206611037525	2.45976328617467	3.7561565511029	3.58006523885083	3.06767241121807	3.1292373561925
chr11:70153276-70153777	Her2	1.24001844467415	0.00539644038620585	3.51513289118002	4.33927554453487	4.69945977187269	4.64466324394328	4.36199497862557
chr1:56628472-56628973	Her2	1.23995131171084	0.0232660761704064	2.72279503145288	2.355003694746	4.27835260754263	4.12771921279841	3.77501431336371
chr12:118152121-118152622	Her2	1.23994573351911	9.22742363800591e-07	3.77901118354259	3.39514839816954	4.83201506244532	4.82696919636282	4.15559658215723
chr1:233736452-233736953	Her2	1.23990194197717	0.00742189018654636	2.97972144745176	3.22115326879173	4.07226081761292	4.5100357133216	4.2264664550033
chr13:24204293-24204794	Her2	1.23978733492684	0.000271738992893507	3.18244516454739	2.60874674528334	4.27147504212464	3.96871826150226	4.10176961208381
chr8:125088339-125088840	Her2	1.23978203212875	1.0346977828102e-05	3.81803800767114	4.07582451826729	4.7669933852014	4.46762000094471	4.78000928121484
chr10:37461844-37462345	Her2	1.23976175559993	0.00679153618156624	2.86412897109104	2.37567666337697	3.8189826251837	4.57732952702358	3.94233783069823
chr7:64795714-64796215	Her2	1.23973395987853	0.00309399521157063	3.77952597458795	4.04617560217318	4.97229777181853	4.47751151253408	4.3895943005393
chr17:38671787-38672288	Her2	1.23968394981698	9.5803719400489e-09	4.62335199766738	4.7965097601383	4.91757286798803	4.70078755352023	4.68231987323687
chr8:113246943-113247444	Her2	1.23940730179553	0.0179305227760126	3.24019695367026	3.02803503726718	3.96707042458958	4.49747496123703	4.84994158664225
chr10:69452473-69452974	Her2	1.23935263824853	3.72386703407425e-05	4.64335268112568	4.39527552591193	5.96584180558662	5.5784857400803	5.35138815510538
chr6:106539203-106539704	Her2	1.23918102538181	0.00216460881869819	3.16319784934054	3.73281462870701	4.23195921896498	3.26432625603655	3.68033846248898
chr14:104803243-104803744	Her2	1.23907857330329	5.70716264385713e-06	4.67081845735659	4.68522202568995	5.93520179939427	5.25764375088677	5.27925347043394
chr4:183244191-183244692	Her2	1.23903332374059	0.0183136914164665	3.23732188372108	2.48745011951521	4.51730848143878	3.92160357623983	3.99685135872907
chr5:76380874-76381375	Her2	1.23885712163705	0.00160003357716692	3.45405066217904	2.60354638327537	4.58941340580856	4.95325508158301	4.5532177397148
chr6:35304295-35304796	Her2	1.23863546796443	5.71379175268642e-05	3.94677389179664	4.11262363477931	5.06386871616155	4.31295004379444	4.79622008644585
chr2:179439895-179440396	Her2	1.23816733490066	0.0013444948968576	3.14325337893438	3.16821352489512	3.98440677246943	4.25693114740207	4.33789169959038
chr8:80079447-80079948	Her2	1.23807919789975	0.010964959279733	4.45567163314363	4.99704288474412	6.01565825429382	5.2823932737785	5.77957130270613
chr19:23393691-23394192	Her2	1.23798746543111	7.66164423864308e-05	4.63342335412984	4.98506231799875	6.0027765026489	5.48396518570528	5.14243699825554
chr22:24891964-24892465	Her2	1.23752346621694	8.89872274958154e-09	3.93251589323724	3.48609610149017	4.71537728573935	4.02682821152473	4.17508120015689
chr20:38139073-38139574	Her2	1.23744192924	0.000708946584629241	3.95159172706812	3.87459796174526	5.09070344888827	4.11722031192741	4.72735725383118
chr10:43092537-43093038	Her2	1.2369024605836	0.000299397106946127	3.67572109247988	3.50497617833137	4.95250824708668	4.3581684492044	4.49050267008803
chr1:41364394-41364895	Her2	1.236809443255	7.24731876319304e-07	4.6064214040307	5.47353847524387	5.82197022643088	4.91645557654356	4.9002434779545
chr8:93313551-93314052	Her2	1.23657793378178	0.000601878407125083	3.02152125610998	2.69354647402921	4.02304264451885	3.68809646084952	3.88448490330073
chr8:17880051-17880552	Her2	1.23638868564832	0.00148636579606282	3.21960671975509	2.98636953429321	4.47179458920564	3.7173255524964	3.83531753894621
chr8:82877295-82877796	Her2	1.23628935836684	0.0260719586319819	3.05420953715559	2.83817183766245	4.55071659757762	5.0214284779475	4.89506587749891
chr14:34253977-34254478	Her2	1.23614649582413	0.00521896039834368	2.94011831155436	2.36568122712785	3.80473863625215	3.27776542249378	3.56607447118837
chr3:67518238-67518739	Her2	1.23604512327126	0.0279120899740455	3.16176940874161	2.88890306750377	4.80861410135899	4.78574738428513	4.79604627454379
chr15:100898294-100898795	Her2	1.23594887356964	0.00510126865553503	3.79780998018396	4.03814092434119	5.09547622989221	4.35610934279548	4.36637016489043
chr3:112530444-112530945	Her2	1.23562496184823	0.00844903190038355	3.30622310474698	3.03431094734734	4.26598224582572	3.48177534158293	3.4892259175054
chr3:161454515-161455016	Her2	1.23552106980737	0.0102326354697304	2.89320820376788	2.66443612455267	4.21360712724944	4.15969948020957	4.27088527411777
chr11:15605859-15606360	Her2	1.23534648711413	0.0133691587966868	3.58906720482222	2.96632952918333	4.77826281059633	4.25362146637003	4.64364768576478
chr2:131670679-131671180	Her2	1.23510374288625	0.00426105067955877	3.41911394432552	2.97140063259843	4.13923567172764	4.2065412377241	5.23865513619498
chr14:36685244-36685745	Her2	1.23496776377079	0.01458236003338	3.12899700821602	3.36217031912453	4.2966393892001	3.66458408756186	3.53725013580186
chr16:55015170-55015671	Her2	1.23437007269931	0.0119419614879153	2.83972360172689	2.83046846352242	3.76874755230277	2.80482587386689	3.03916476750571
chr1:150288788-150289289	Her2	1.23435577284088	7.40345038753657e-05	3.95119410176328	4.29094992291745	4.56984224298429	4.89675366823927	5.01783413452872
chr18:66761512-66762013	Her2	1.23429345343787	0.00452983464275224	3.04694135650127	2.6967504474805	3.80185041494972	3.50070424523433	3.40484950278176
chr3:102100938-102101439	Her2	1.23417474346898	0.000974802002833497	2.99677099676896	2.47923712356393	3.93245451234186	3.350751089714	3.91564275925648
chr14:67551033-67551534	Her2	1.23411852288303	0.0422967137038165	3.6847919429739	3.51000548611163	5.24914764124734	4.5614552245801	4.83613432386335
chr8:102755882-102756383	Her2	1.2340068169823	0.0022691861094932	4.5924627372134	5.23498131706604	5.78529551048366	5.45788128533936	5.36402056660716
chr8:115637462-115637963	Her2	1.2339941915986	0.0211740976691817	3.54459740965821	4.77141643375877	4.95350257426837	5.50071559333723	5.59064275079193
chr10:22501903-22502404	Her2	1.23393861728823	0.00451258433300431	2.89412993742206	4.31693261106397	4.30822188372964	3.22918841979847	3.0785926559099
chr17:20957810-20958311	Her2	1.23372374918724	0.00250529198926225	2.99582728121712	2.23736410270042	3.92451652820389	4.53616154121705	4.42329743992097
chr8:89900679-89901180	Her2	1.23369100939291	0.00893645802543341	4.47172522087074	6.87825711430933	5.81005628167352	4.60609438933494	5.27242457721776
chr17:49032964-49033465	Her2	1.23333798043775	7.32550641518524e-08	3.87905708350596	3.45466049075734	4.49209467545343	3.71982012560958	3.82708539572394
chr2:131670088-131670589	Her2	1.23324282805963	0.00932299754568974	3.61835700664847	3.19547563565122	4.41453347742178	4.47354767578327	5.50326363683204
chr12:1739121-1739622	Her2	1.23322322123922	1.367777828292e-05	3.4474668036699	3.17616354564243	4.22905107200193	3.67607887905772	3.91819317270977
chr11:70060560-70061061	Her2	1.23319938040362	0.00343068460111735	3.38396123145359	3.90496901765094	4.5940375934987	4.07585380172989	4.32156457604175
chr6:106762022-106762523	Her2	1.23308616083757	0.00516795167885169	3.10152547315869	3.41881525140686	4.35716434996131	3.19550904163207	3.319867694302
chr17:39479198-39479699	Her2	1.23298107767378	2.0231787018657e-05	3.07720587530499	3.00001974759816	3.6624184414047	2.95797640526448	3.30526426073698
chr21:42013521-42014022	Her2	1.23297849326802	4.99745503385825e-05	4.00364766851863	4.88493912646254	5.13178709323747	4.39954205044372	4.5572121584069
chr17:40361297-40361798	Her2	1.23268865597671	2.85492571698363e-09	4.62922652451413	4.70578695090876	5.11909340307802	4.51551584394963	4.9515623863025
chr8:37864792-37865293	Her2	1.23248580913988	0.0198805745284779	3.92980306300723	3.86985162089806	5.0915414538747	5.76798328638093	5.55976305408745
chr9:136988401-136988902	Her2	1.2324673713183	0.0043796336559469	4.11719686392955	3.89997201587697	5.4442220283218	4.80394445144211	5.08187107522669
chr17:50118772-50119273	Her2	1.23156148301855	3.95743175814455e-11	4.34857380254782	4.00659640955498	5.29690783268316	4.90393018710952	4.81289474734574
chr6:16650461-16650962	Her2	1.23104278059423	0.00432168069681234	2.93098825001265	2.38726755310472	4.0161325055866	2.99670223379846	3.17118212537501
chr17:38329231-38329732	Her2	1.23099152808859	3.17099307430159e-07	3.76853807018147	4.44055502865719	4.11528443021729	3.78750885131419	4.07849866692544
chr1:61542683-61543184	Her2	1.23093123804413	0.0379117649436955	2.51625201645315	2.20332762771693	3.60889874126906	3.33070707412496	3.02418640582651
chr16:78101561-78102062	Her2	1.23089617181657	6.27714026390004e-08	4.12565830335292	3.97244996188635	5.02548567377343	4.15248990374427	4.39521867625201
chr1:108033485-108033986	Her2	1.23087222488374	0.00987654984326931	2.81751432570658	2.85179307764707	4.2712680985201	4.01933249413818	3.9723688772812
chr1:147868872-147869373	Her2	1.23084279620704	0.00581254060330263	3.31083677647434	3.04698314747579	4.40519248307944	3.71959915583476	3.60941445552089
chr12:111769245-111769746	Her2	1.23067581040364	1.15702133661557e-05	4.54686686070554	4.08917996882944	5.78070133133849	5.05927128355541	4.96665181290957
chr14:34738940-34739441	Her2	1.23008576403749	0.00265251873841488	2.60326012361326	2.20337764466339	3.12582773629039	3.41786708897397	3.48977118471761
chr20:34814791-34815292	Her2	1.23005644606097	3.81561328619495e-08	3.96369629065662	3.75108726681525	4.95958850987354	4.40811033135036	4.42685174079758
chr10:91236032-91236533	Her2	1.22937313770924	5.78953348621242e-05	3.38391801474998	2.93198249332284	4.38875896619161	3.62639815779771	3.69326958607743
chr20:45465193-45465694	Her2	1.22936684046363	0.00388421854231598	3.59974460602233	2.65202585745959	4.38746129927579	3.88808827736361	4.09628417729772
chr19:52338995-52339496	Her2	1.22921249201054	0.0384098909171029	3.38891875956265	3.11155013787564	4.89515571700629	2.98434558488832	3.71603783826238
chr8:115965251-115965752	Her2	1.22914770935437	0.0217957748949482	3.13772860338909	5.35342418599171	4.58882649353028	4.30283675715402	4.08611531742456
chr6:33989169-33989670	Her2	1.22875881735201	0.00449156391222751	3.95772569129669	3.58357481751695	5.50091374388344	5.3462048057847	5.39575357903334
chr1:42337105-42337606	Her2	1.22873186058594	1.12260935867151e-07	4.27079932298893	3.98705929125797	5.24617661175884	4.87277777584103	4.77821098718818
chr6:105360665-105361166	Her2	1.22861261476409	0.000169383031154983	3.13368347113874	2.75118508139506	3.82954122317131	3.50539640345783	3.45783428916865
chr17:27686302-27686803	Her2	1.22837700456434	0.00229216976435142	2.65870496233178	2.72253897847008	3.50829282741599	2.89128173664595	2.89924070731308
chr1:40304462-40304963	Her2	1.22791087044896	0.000656912599452157	3.89657747358451	4.68809935935682	5.31900454936743	4.73521408130477	4.91252812486893
chr8:110657030-110657531	Her2	1.22786657111579	0.0480383085146819	2.84725658269279	2.72498265802255	3.86217189688397	3.33393084391491	3.82442299111945
chr4:112319824-112320325	Her2	1.22763288105411	0.0129760410558774	2.97098882663554	2.7328382413163	4.3985608796537	5.02020342061539	4.78966342135632
chr14:72725256-72725757	Her2	1.22719439967495	1.5593801202309e-05	3.22091404171066	3.07270412356936	4.12893961321451	3.48214451974792	3.46630464550957
chr9:63824788-63825289	Her2	1.22712568139179	0.00571760711111832	3.83494423580601	3.73583812454094	5.11848838642783	4.80208377616305	4.93480778416872
chr6:106795574-106796075	Her2	1.22682929607875	0.00373172108975593	3.26101754316029	3.8232301015978	4.43057905498248	3.71192272959121	3.60018015652173
chr6:106857168-106857669	Her2	1.22678108603816	0.00547745733194171	2.84331275752198	3.24425502778329	4.12966950525214	3.03975313279268	2.86934285723574
chr7:99974281-99974782	Her2	1.22676778564095	0.0100241267754598	3.71539881079779	4.85188984547171	5.26919034633288	5.07544427838543	5.06156918392025
chr8:98225969-98226470	Her2	1.22676158340273	0.00323515799906081	2.65260218847394	2.90803586212032	3.94164157874998	2.97425919647647	2.91925552000273
chr16:9233193-9233694	Her2	1.2264454013038	0.0128612405272418	2.22978959162031	1.73981992326182	3.25243651043154	3.44616806358512	3.45028672875979
chr15:52675581-52676082	Her2	1.22612200494343	0.00770750577956939	3.1193624832805	2.81260042007634	4.39749601244466	4.23437296789195	4.24578318476125
chr17:55154068-55154569	Her2	1.22611327356354	0.001711778328283	3.33195558932269	2.54665223038043	4.39037817773336	3.34679210682615	3.76185011175796
chr6:106542136-106542637	Her2	1.22553979451985	0.00400856563392645	2.60763477672477	2.96634135689032	3.54648738795537	2.77317364745128	3.20411014047424
chr8:117152833-117153334	Her2	1.22506472951408	0.00256130379748371	3.2475799261412	3.27353863437767	4.18909760338968	3.90495839136684	4.14205639750176
chr6:106743935-106744436	Her2	1.22492452091865	0.0375545120295767	4.45221236007311	4.66920948647812	6.20795044337603	4.60709617028581	4.74809103081641
chr17:38670246-38670747	Her2	1.22481846085613	2.55050688571517e-08	4.10432529958863	3.94737471142254	4.31441823909692	4.14472888936027	4.35493859444001
chr8:117203409-117203910	Her2	1.22469997979336	0.00132248804154144	2.80434910759021	2.40776620233328	3.29020900871793	3.46476970825398	3.57897017893649
chr7:107101487-107101988	Her2	1.22439519046664	0.0102456320223482	3.07889524311063	3.40152922875461	4.14323584562832	4.26731454739782	4.34913613750101
chr15:78289604-78290105	Her2	1.22432735786857	0.000629934675187813	3.51967238141067	3.75489037600847	4.72640902624838	4.31167058069679	4.61440555163905
chr3:189296485-189296986	Her2	1.22420866748387	0.00727195377975538	3.1911455789175	2.89051990544411	3.93151490455079	4.7822361526625	4.43226422168977
chr12:99851765-99852266	Her2	1.22413718750882	0.00470659017329272	2.76372160627185	2.62564709486709	3.95805138263533	3.73918108957687	4.09695404353376
chr2:211561717-211562218	Her2	1.22410043618554	0.0121801989273393	3.15070107970354	3.88330907931336	4.35310782723142	3.82801206326428	3.9953200402348
chr14:100190078-100190579	Her2	1.22361696432705	0.00165315484515511	3.71321335326452	4.97037412877627	4.96668923741145	4.34269004056245	4.57608239958392
chr22:38548223-38548724	Her2	1.22349388757992	0.000398763383907496	3.66421621731228	4.00275340700401	5.03043334921721	4.50036372030135	4.44679893267617
chr8:92486360-92486861	Her2	1.22343090699294	0.0101229691007137	3.02164688016714	2.88327813008474	4.14073716251643	3.48249515092952	3.77548212486703
chr3:123842559-123843060	Her2	1.22340203034344	0.000884120746464267	2.92674727785894	2.95563449659007	3.95785972409204	2.86619911415998	2.93836906593218
chr15:69988808-69989309	Her2	1.22333186076856	0.00135605812706033	3.33995207614714	2.88398629403526	4.68411936418051	4.86855802817401	4.57378351960242
chr12:69418392-69418893	Her2	1.22330604220775	0.00704021212670703	3.14105797498517	2.13379011319121	4.02428038520253	4.07862224822489	4.58260142953564
chr17:48051074-48051575	Her2	1.22317469521953	0.00519142048226457	5.47248021966748	5.79886344868054	6.22440286457836	5.79895015110993	5.69762467049544
chr13:24306592-24307093	Her2	1.22278299307155	0.000351783944592872	3.47155822582477	2.65867776145256	4.15423705603395	4.28463512142991	4.07231750913307
chr7:142884291-142884792	Her2	1.22231300599945	0.0039871780090962	3.82479826495118	4.97724583222676	5.00550638461395	3.90492044294294	3.92276470466302
chr11:68877384-68877885	Her2	1.22225653084761	0.00198535737490892	3.74604719459469	3.51410243094152	4.65623022958561	4.48874758809187	4.60745053882117
chr3:170036987-170037488	Her2	1.22199010809194	0.00150862879109128	4.48210935427531	4.23696914635602	5.55304909415237	5.41377584451561	5.59337960231196
chr15:81792599-81793100	Her2	1.22185503104389	0.0244148249308753	2.74399230637671	2.73843466735798	3.90497429100276	3.71969628223709	3.27650459784233
chr16:3647295-3647796	Her2	1.22176207136495	2.50133068097555e-05	4.28248085003433	4.53502682584799	5.61550646517904	4.74119266153706	5.18651642900964
chr7:22354867-22355368	Her2	1.22147885281909	0.000653623396498952	3.67191219055741	4.55610754762136	4.46924076225386	3.69753483204664	3.66655958458024
chr3:184566331-184566832	Her2	1.22090016482441	0.00686929450015139	5.77291669078002	7.17102780367261	7.26168868806039	6.74313121128524	6.92649527493174
chr17:46876968-46877469	Her2	1.22064707580629	7.48619227754909e-06	3.57800155908811	3.25140649589109	3.88550000370257	3.63224628846102	3.50008969501333
chr2:5126975-5127476	Her2	1.22061845576069	0.00273623753501332	2.79883681104339	2.56395619691567	3.67895212755252	3.13169167908418	3.21017985340976
chr9:97084020-97084521	Her2	1.22051610535381	0.0064041502315811	2.84403819425466	2.2889949057147	3.43945668038644	4.28702595543472	4.12986714732424
chr11:34560497-34560998	Her2	1.22036560045207	0.00328576583115176	3.4666377967614	4.18819556729723	4.70685711991704	5.01064660632288	4.89285557436462
chr10:8058439-8058940	Her2	1.21965396802534	0.0155552084255727	4.34167203528681	5.56582485862812	5.96585379435949	5.80894201403669	5.89485731796281
chr11:34573801-34574302	Her2	1.21923759610601	0.00192002240588599	3.14233407041724	3.98849374637191	4.12886840332878	4.45424610429623	4.2949285459783
chr5:173661809-173662310	Her2	1.21922218595236	0.000865791267188075	3.23517010312141	2.60794958570074	4.51761320629638	4.53818035337402	4.70839658878075
chr20:62782071-62782572	Her2	1.21887849770755	0.000618104954500462	3.73648072626299	3.82576553052278	4.53791618297389	3.63773997868652	3.60680459371818
chr14:35832819-35833320	Her2	1.21863667863068	0.00388915355734406	2.67508174087118	4.12632086968263	3.2836885509627	2.72358685822984	2.6802951639217
chr6:150323104-150323605	Her2	1.21836081791578	0.00473399706652795	2.99496439260475	3.5083574445939	3.67072912490419	2.93816663531812	3.20859753988376
chr14:93136016-93136517	Her2	1.21828097891556	0.0103305610302914	4.3381201252911	4.11817754195693	5.81331257312556	5.73396843465185	5.5353408935756
chr7:80924704-80925205	Her2	1.21817374916223	0.014939354369561	3.73778613095867	3.60163961992064	5.29682143735686	5.12316333864845	4.76546957262219
chr6:144291280-144291781	Her2	1.21815713967593	7.35872783824688e-06	3.24962236869146	3.43440643573269	3.77552027922083	3.46676973156099	3.41926228046793
chr13:34852519-34853020	Her2	1.21785752843924	0.0251515035040337	2.79109383580286	2.42475398382547	3.61400858780701	4.8419555329565	4.17090627726209
chr9:126699906-126700407	Her2	1.21784434324188	0.00105443246261542	3.53694264018443	3.99045800422991	4.85297510146867	4.83695068506625	5.21312018590862
chr15:41271351-41271852	Her2	1.21780726262837	0.000175376878889441	3.44345897899084	3.38772830319058	4.45248672790839	4.64903205309122	4.58291725902579
chr1:235059736-235060237	Her2	1.21777358074116	0.0034651763552652	4.33847049283765	5.57681084490969	5.67480148919532	5.38257363241627	5.47282477015554
chr1:54882409-54882910	Her2	1.21775973555368	0.0244592919636637	4.65360991456991	4.38173979454161	6.2009815645086	5.38915775743791	5.80863478982692
chr7:6613692-6614193	Her2	1.21773187765883	5.49795510622754e-07	3.92660130044086	4.18818310239249	4.91913963812063	4.08939700173207	4.06354636803818
chr17:39405342-39405843	Her2	1.21755301413328	0.000963359938326052	4.06389833895212	3.75674148445796	4.81090822519485	3.60053333506645	4.12142611562813
chr8:53535233-53535734	Her2	1.2173788893135	0.00540312359636309	2.89655648318989	2.7141091668526	3.64482141310058	3.22011385011085	3.47664106921338
chr12:66191681-66192182	Her2	1.21736429505805	0.0072876621879119	3.99197490398367	3.43518084912824	4.97097994640172	4.10747424988163	4.61789212924559
chr18:14485801-14486302	Her2	1.21697324328333	0.0070737840831362	2.53990881968954	2.42646195831451	3.52294861616056	3.74881672639433	3.59488175217946
chr13:30418321-30418822	Her2	1.21695029486721	5.21661831536734e-08	3.68071621003108	3.52569380242629	4.7444451301545	4.36505695752562	3.87802995594863
chr17:48263392-48263893	Her2	1.21679515252746	0.00115538503893153	3.62690134260849	2.62264150018005	4.21815441138158	3.80154227486469	3.91447275807818
chr13:34336152-34336653	Her2	1.21643197620538	0.0253720577336604	3.09877921936524	2.24528050189527	4.62941578432948	4.71494444837648	4.52122499696939
chr14:63926277-63926778	Her2	1.21636406338701	0.00040718418698045	3.62886920668379	3.11007962183892	4.77504873966519	4.37343362741282	4.30088912674502
chr8:127552777-127553278	Her2	1.21621604946338	0.0407824245819744	3.44769328278755	6.29134019234757	5.04600349359041	4.88776833924552	4.63360279508791
chr15:72460344-72460845	Her2	1.21588053105093	0.00160490567380348	3.22364719101481	2.85982787689707	4.50171913898647	4.85070801445234	4.32664279038923
chr6:3677536-3678037	Her2	1.21578362399202	0.0410046625057647	3.30541175298199	3.10254495985	4.73785301005432	4.04088816533713	4.36867112889928
chr13:34345223-34345724	Her2	1.21566998626535	0.0219841157748971	3.2037410856907	2.35454700739526	4.44801477117082	3.96181834147728	3.8420523914488
chr6:148263830-148264331	Her2	1.21555118970273	0.010765217551923	3.61044837849351	5.16393739415826	4.83384573158151	4.45282092534996	4.3635996917812
chr12:60176749-60177250	Her2	1.21524283872432	0.00803343313550955	2.46074930588295	2.33382992231019	3.54628876693572	3.16872754347622	3.59630374633156
chr1:178502619-178503120	Her2	1.21471296550535	6.69073854710579e-05	3.64415552228483	4.41975722681495	4.53675755023184	3.97663727168967	4.05325722337639
chr2:217365550-217366051	Her2	1.21463970111768	0.00273623753501332	3.22257518834245	3.13547512192317	4.48161587350561	4.51456627902308	4.61795156743733
chr8:117328168-117328669	Her2	1.21461450576811	0.000808445938435529	3.11312730267386	3.10631205860545	3.9427546493695	4.00675973353292	4.12005048812074
chr11:61565721-61566222	Her2	1.21439243913411	0.000756969516861768	3.8196693467427	3.58613330791588	4.86159590076954	4.66447837169871	4.40617609639189
chr10:132541411-132541912	Her2	1.21438701196207	1.16250361283341e-05	4.73424026288259	5.20821475689324	5.72272838890013	5.03067081164876	4.93783046236012
chr3:187626482-187626983	Her2	1.21363331692726	0.0189720187337178	3.04909433887865	3.14355843865882	4.36503490296795	3.89877618337645	4.2971046811324
chr13:79052109-79052610	Her2	1.21339582190322	0.00590406401047336	3.09034035931458	2.6929076034066	4.08253809246647	4.82625812406584	4.03358132420308
chr2:100055725-100056226	Her2	1.21307609028985	0.013413733664565	3.2093566173869	2.26442730575892	4.31924462170617	4.98223364090576	4.91697278433437
chr15:39719118-39719619	Her2	1.21304181990666	0.0162973538046152	2.56890422954635	1.67992163285999	3.87176087152226	4.12962358906778	4.35410842862648
chr22:45238163-45238664	Her2	1.21276486711604	3.56499619623357e-06	4.23122228286604	3.99914969366836	5.19711786477182	4.88165808087344	4.94315075927783
chr3:11243380-11243881	Her2	1.21270130912312	1.79755920270212e-05	3.1682073807375	2.84959091437359	4.33616654475096	3.01817319706813	3.17799920275013
chr3:50598198-50598699	Her2	1.21268388950846	3.60510414396011e-05	3.91255700821975	3.79448715609453	5.05312755142556	4.91936772979556	4.98147869653663
chr1:20031705-20032206	Her2	1.21259304979008	0.0229908020292743	2.95273989336012	2.64417550224021	4.27256429712348	2.94953560293215	3.66458395278322
chr11:60704755-60705256	Her2	1.21248031551144	0.000862719905330128	3.40013819012186	3.63644001886644	4.68460760635366	4.04977908082413	4.51266659877822
chr4:102758220-102758721	Her2	1.21246379376465	0.0165733717777472	4.03140389602152	3.78955991764409	5.35973767721297	5.1726870308459	5.73853458018044
chr12:119118576-119119077	Her2	1.21240844309493	0.00345673395970555	2.94879790925884	2.3332660573459	3.92171829256977	3.72151479434438	3.86175638294481
chr8:124893468-124893969	Her2	1.2121506630427	0.00177614022164564	2.96550007866656	3.02708021705481	3.92282727556602	3.58259208116326	3.82140954926678
chr10:82826052-82826553	Her2	1.21202943692343	0.0201196006052464	2.66582632182408	2.76073339768493	4.11874813326867	2.89222226782081	2.97037973554112
chr6:11784307-11784808	Her2	1.21202788288522	0.001503950093466	3.50284695316868	3.26516238001878	3.82417869216628	3.49142350096147	3.41320078197991
chr8:128139691-128140192	Her2	1.21199440066773	0.028311556953732	3.65235073060544	3.67323882565124	4.62509426891102	5.28847591591648	5.69536901014216
chr7:105999078-105999579	Her2	1.21183063186976	0.00613287623973317	3.28727189048989	3.10062265760673	4.6013449566142	4.91687814998457	4.88344305091568
chr11:67659849-67660350	Her2	1.21180116974647	2.18055775606667e-07	3.97231720787035	3.8201547124841	4.98589236790185	4.18341029553298	4.29150952957527
chr18:30447266-30447767	Her2	1.21167039240636	0.0171257430830888	2.5397126923531	3.70674438827802	3.3488566204263	3.1484326140602	3.30383084826784
chr10:78800405-78800906	Her2	1.21144434963517	0.0075428057028507	3.41070912896544	3.06753501676266	4.45934445872588	4.57685783793848	4.34601385602602
chr3:183938845-183939346	Her2	1.21138186265502	0.00342107526994935	3.06357666780279	2.70397413297888	4.07557983190519	3.93448221537762	4.10087578309411
chr3:8327803-8328304	Her2	1.21112918676861	0.0278398552911015	3.31739182939118	2.5263223792581	4.78449590008394	4.7692791834421	5.29719318436323
chr18:48558118-48558619	Her2	1.21071638303609	0.00568987008591103	3.05237798894811	4.62439979693444	4.33091130653824	4.26393152417093	3.85870593740881
chr9:137171796-137172297	Her2	1.21054867168464	1.07766682817787e-05	4.45902167595694	5.07265092956607	5.80303811400154	5.12196412993292	5.35090313346872
chr1:8729903-8730404	Her2	1.2105366172656	0.00433029408267068	3.25638475105525	2.58710817507869	4.48455839204922	4.03147131944282	4.00320954796063
chr19:45124044-45124545	Her2	1.21043904661175	1.75671363803933e-05	4.49897180579438	5.77204348980694	5.82372692956586	5.40997904689002	5.34723659575737
chr6:14696519-14697020	Her2	1.21026054198796	0.00295877745580887	2.6886507851769	2.50151930206033	3.77249999378892	2.98599887660209	3.26907963109867
chr9:126606739-126607240	Her2	1.2095920025027	0.000614052793338752	3.27489259956412	4.43251464584094	4.52865141225836	4.2875266402441	4.49768306837122
chr2:6726899-6727400	Her2	1.2095294918644	0.0111267819584982	3.0908573910075	3.9324632318692	3.99705360739028	3.38281180861473	3.12292221923169
chr4:41332439-41332940	Her2	1.20948267502592	0.0036907262047281	3.19203782338338	3.39202506817024	4.5602488288532	4.04965717877147	3.83487204704339
chr17:17946822-17947323	Her2	1.20941714715996	0.00037012010478216	3.98661668027553	3.5273314399707	5.2619672483392	4.58453077144422	4.88047678192215
chr20:63543359-63543860	Her2	1.20934914318732	3.27806378993019e-05	4.57508983306258	4.77973078517459	5.78542894753338	5.10885738703103	5.32762728620756
chr1:210383958-210384459	Her2	1.20931861453273	0.00660424554402368	3.78095425250073	3.46712211095883	4.94985915756249	5.39043310167657	5.41002571141074
chr3:31859111-31859612	Her2	1.20928691742788	0.00877992858936471	3.5772348147085	2.86428580679677	4.51405683922528	4.00833361506162	4.2036513946665
chr17:77530898-77531399	Her2	1.20918768677025	0.0114615145440595	3.32468240266419	3.28792888002167	3.85632465322944	3.72730798968689	4.01288130621642
chr21:13426630-13427131	Her2	1.20892330879153	0.0124567952396622	2.91198075313403	2.84423323190496	3.90672794533658	3.90079914779025	4.04045332656686
chr12:52607553-52608054	Her2	1.20827083922574	0.00180001303268712	2.97455471272369	2.49979062187601	3.97801280254602	4.37136149735374	3.9981617505128
chr1:189847365-189847866	Her2	1.20822260292177	0.0149436100667977	2.98374945628693	2.74275229969909	3.90177778770339	4.46943677672775	4.18816765002833
chr5:113935400-113935901	Her2	1.20801274155977	0.0170133797614957	3.18380331217467	2.4561715587583	3.9622762292786	3.96230463862508	4.20577792359901
chr2:997613-998114	Her2	1.20799009014612	0.00324368986761552	3.03365945788971	3.04983520331572	3.88116097972846	3.35090864543514	3.22735556373993
chr1:224259898-224260399	Her2	1.20735559280226	0.0439677364808813	4.05682193406043	4.2406519779261	5.58800072673176	5.80583520089844	6.00520689445942
chr1:175227206-175227707	Her2	1.20721094531772	0.00162189447669077	3.31573724942326	3.73923393626028	4.52548993955232	4.23122285128473	4.12569764710557
chr15:49866072-49866573	Her2	1.20718262402486	0.0216428295486284	3.05820632814809	3.05375345665741	4.17885806782044	3.99599549032075	3.64936440111294
chr8:97528443-97528944	Her2	1.20715478791996	0.014874960234983	3.38688652594738	3.30551224454836	4.36154790359748	3.68519534071247	4.25559721115209
chr8:137141525-137142026	Her2	1.20708223433333	0.0222607724657722	2.45482786272067	2.13534173872993	3.45306720941059	3.60265475317866	3.60449752815971
chr6:107176964-107177465	Her2	1.20668720886855	0.00185162378232769	2.47608460113448	2.25705883182441	3.40078915371593	2.35258279907835	2.91768205709795
chr1:206863815-206864316	Her2	1.20640273917217	4.52763181708302e-05	3.14849994876872	3.24774303312531	4.040098782147	4.22828998318146	4.09061224277519
chr1:190212537-190213038	Her2	1.20629519777368	0.0346655008932152	2.98227195901011	2.83608312544413	4.2430599060727	3.71472287704087	3.65850679969276
chr7:31730455-31730956	Her2	1.2062267800632	0.0146627613615267	2.84033445979273	2.72899996019815	3.67370875853913	2.89209588279146	2.86183278627664
chr17:39426859-39427360	Her2	1.20620013611867	0.00353600739307506	3.14133816076192	3.10234639145993	3.93197183182629	2.70947080979276	3.37110599356485
chr14:36902859-36903360	Her2	1.20613665312796	0.0306088900863182	3.12911225965467	2.50497549251386	4.00764347362742	3.66426526055067	3.72940153073251
chr5:173565523-173566024	Her2	1.20590927116426	0.0187358085030061	2.97043229663686	2.63180698458374	4.08433825579734	4.86120673954908	4.83955430945933
chr8:126069831-126070332	Her2	1.20574757295699	0.00104415304277148	2.89703123021158	2.81247533603038	3.82911243480366	3.46145497698035	3.29143895335355
chr14:84500775-84501276	Her2	1.20573410846931	0.0261267076719499	3.05846470483781	2.2894490959727	3.62910110527434	3.54992043148285	3.56852686579105
chr15:29590653-29591154	Her2	1.20566696017418	0.0262056477367137	2.13467056065239	1.28460306224503	3.41055446339992	2.62964547922136	2.17620337679137
chr1:237854945-237855446	Her2	1.20546679363305	0.0163993677817026	2.91754192304263	3.07384463013226	3.82889108314724	2.97356942535404	3.02265008103566
chr20:57065563-57066064	Her2	1.20530281412809	0.00279522656937805	3.49991350201423	4.21067152713037	4.72710651608919	4.48262304146012	4.08649701861873
chr1:245870415-245870916	Her2	1.20527485008823	0.00171720299954391	3.38287901641054	3.46046857246355	4.50340726466339	4.40588819413949	4.07693155582571
chr8:100487085-100487586	Her2	1.20523194949593	0.000969653614289429	4.45632791404165	4.36569869078687	5.75790253560344	5.18662521960242	5.4782544574924
chr5:142429251-142429752	Her2	1.20519398632059	3.44510960716961e-05	3.22354333389446	2.57580744959041	4.42694753918875	3.9465162096802	3.99979767701265
chr12:131488238-131488739	Her2	1.20511660136091	0.00130063137875626	3.57373842845336	3.25183494226318	4.53546536877221	4.05022238295445	3.38462189976177
chr2:82092899-82093400	Her2	1.20435865699433	0.0103366953677425	3.14576562824503	2.61459462401153	4.10195130212508	4.55639760583166	4.37541749221082
chr1:156694556-156695057	Her2	1.20433454863757	0.0278214765759657	4.59964537054426	6.55007305942914	6.37681643943687	6.23219100951904	6.34856451098474
chr20:45447426-45447927	Her2	1.20427312248415	0.000895781089408949	3.83476164010192	3.38293371764009	4.9499929950796	5.21877516275787	5.24366782390627
chr22:43522260-43522761	Her2	1.20411240681257	0.017291695659401	2.78809279372418	2.65309316935374	4.22562722762356	3.74080317259066	3.87460246132331
chr4:147477318-147477819	Her2	1.20378861091224	0.0130777046164933	2.83848696965898	2.80340463400946	3.95755815880296	4.39650943074627	3.98087032040614
chr20:38300482-38300983	Her2	1.20333721789864	0.00128059139284952	3.68479509798419	5.45099398605313	5.01240736673832	4.59072309806359	4.65742670592892
chr7:108529401-108529902	Her2	1.20331365946852	0.0141051038368155	4.71115249405159	5.73458703382929	6.14620893150996	5.44334227622382	5.58193506577775
chr13:85716199-85716700	Her2	1.20323261297814	0.0304054983621938	2.92309247926503	2.46138527380462	4.1745102260553	4.46880915664062	4.77879858258751
chr6:55735275-55735776	Her2	1.20309847070665	0.000262047644414577	2.8709532143777	3.26572115803268	4.0572984983213	3.48804007735331	3.81087467652812
chr2:11558832-11559333	Her2	1.20284396891293	0.0490081457837008	3.22630234721706	3.66292825993383	4.25465828425263	4.80725955676204	5.20049173393131
chr17:74174791-74175292	Her2	1.20237863661394	0.000732190001565236	3.12686062840841	2.82627475775593	4.19231397040216	3.83015144913365	4.14494036036707
chr19:37977460-37977961	Her2	1.2022346673489	6.394068517205e-05	4.09081504279239	5.01281610568701	5.06910562233105	4.67700898622115	4.55216668337301
chr20:16764238-16764739	Her2	1.20215149682009	0.0173203641066039	3.63808971354755	2.95649606048405	4.70958539499732	4.25127685915064	4.5918604159245
chr5:42638219-42638720	Her2	1.20200103483378	0.023184496260703	3.5437134610231	2.9205742711215	4.84536112190297	4.12508783193373	4.17822620568644
chr12:88423474-88423975	Her2	1.20198581012171	0.00735818972381297	2.24274494923371	1.68753707648308	2.97070896183664	3.02874133680348	3.4526029320252
chr17:29122591-29123092	Her2	1.20172356201989	2.96308375736397e-11	4.2479664253468	4.21114424225084	4.89740085038093	4.24481852546728	4.26939007015481
chr20:378843-379344	Her2	1.20171179904225	0.000568139738072446	4.10382691806164	4.56032391817317	5.49294857904542	4.72216511853991	4.85399297746631
chr17:59857746-59858247	Her2	1.20169698345896	1.38406196172384e-05	4.74500693086319	5.10157802559263	5.4833028410379	5.39999515580299	5.57051512911771
chr6:34535181-34535682	Her2	1.20142091305447	0.00249205552608114	4.42847360644048	5.39539945228597	5.87223629288324	5.57309050923805	5.66394248100289
chr17:38666170-38666671	Her2	1.20106206962712	4.87835930554802e-09	3.85922169974959	3.89474902691162	4.26607360348839	3.89584429332627	4.13903296537804
chr14:43116315-43116816	Her2	1.201005789908	0.0157410235342296	2.72059863582412	1.70608732366714	3.34605047527993	3.05517816866555	3.35074938552531
chr17:38546431-38546932	Her2	1.2008231372736	9.48291876835928e-08	4.04515865424354	3.84958259652486	4.53062954920889	4.15679921023634	4.22549749717879
chr17:39437174-39437675	Her2	1.20081467972486	0.000290430686779707	2.90998368981122	3.06325349071301	3.62085986099693	2.72474097265444	3.26999962191565
chr4:29305519-29306020	Her2	1.20055962261164	0.00457307001495911	2.70426591467476	2.20960444812353	3.68001809235746	3.65789273449547	3.52469495885971
chr8:101756219-101756720	Her2	1.20033971102462	0.00702615390555932	3.88795114724235	4.30748745543059	5.41324462938207	4.91365886937595	4.94490532017676
chr20:31915571-31916072	Her2	1.20031545984288	0.0298884658209175	3.26944152659843	4.3447080342104	4.70474997416257	3.51683685549115	3.66179398678314
chr10:17389075-17389576	Her2	1.19968321216629	0.00998870581026453	3.89043155795406	4.40668724505434	5.4507323548733	5.22251021159357	5.23433559121574
chr11:62238535-62239036	Her2	1.19928469943699	0.0159314537265886	3.06345418521137	3.00725017694619	4.39504332496727	3.87797157651058	4.02462386708021
chr22:25933071-25933572	Her2	1.19915707265871	0.0387833816049459	2.58576426870188	2.48985878353427	3.68537527353276	4.10052842687241	4.16104428238207
chr6:134017277-134017778	Her2	1.19906222910773	0.00304487789372995	3.24598455094477	3.25442859756081	4.25867984901036	3.2986157297811	3.5429305645241
chr2:65434475-65434976	Her2	1.19885296945772	8.88499983207774e-10	4.76665089958218	4.8435757829256	5.95844706074801	5.23210305681533	5.2036101327455
chr17:38668322-38668823	Her2	1.19870255418651	4.20204984127304e-08	4.11475165297724	4.1668481075049	4.41034477731642	3.97623663757263	4.23678543212854
chr1:41946691-41947192	Her2	1.19830542112262	0.00361013280812995	3.02811489295513	3.21806231608749	4.42225355450199	3.67673885936767	3.82833311002259
chr1:30460956-30461457	Her2	1.19757716070998	0.00926127535972228	3.06901338257674	2.43882049526272	4.47365641800196	4.77843856856767	4.63880863904385
chr6:164819951-164820452	Her2	1.19737661255302	0.0220140874519939	2.65815551078952	2.16449351557559	3.74542219010984	3.37336247546443	3.54126522270418
chr4:691458-691959	Her2	1.19729710255964	0.000925270340604751	4.07006879184607	4.4201431043687	5.3389543157378	5.29568234425619	5.36990561708815
chr8:22764210-22764711	Her2	1.19701599763511	2.92852222942217e-05	3.41366949643007	2.95144494215776	3.71482663723669	3.90483398053352	3.80733346090644
chr1:15832026-15832527	Her2	1.19695745796426	0.0104548337079171	5.19202058692639	5.85355398468731	6.68236192126898	6.13687728092301	6.31175183320997
chr8:50783089-50783590	Her2	1.19691180373705	0.00151686674889269	3.38737382913377	3.16230067962972	4.35524497333075	3.63159786103065	3.7856368384397
chr7:55773336-55773837	Her2	1.19685258289415	0.017913024290832	3.56301356979079	4.91427765871223	5.24194177560101	4.59757968058764	4.63094088314993
chr8:134690127-134690628	Her2	1.19672307069531	0.00625945692069555	3.77565091126538	3.92393257166783	4.86769060321787	5.16768340319956	5.33773072571935
chr6:35448120-35448621	Her2	1.19668710061824	1.54608703405538e-06	4.16931258063448	4.86422257444695	5.33100725819203	4.47547479967723	4.64920740232708
chr2:164093033-164093534	Her2	1.19666524338497	0.0041375627965063	2.61889462680446	2.05994452745414	3.60716749014653	3.60596384784693	3.88841288296496
chr1:165847453-165847954	Her2	1.19662236396741	0.00323248235127363	3.36211938707671	3.64529388419703	4.45408016210129	4.75507802590336	4.63936506394332
chr17:39452805-39453306	Her2	1.19650441565513	0.000271475444953826	3.95385485331788	4.24843552037383	4.7062613743686	3.56118967742636	4.13823393827499
chr21:27644663-27645164	Her2	1.19594794793763	0.0242221134245175	2.90966080101199	2.52294785704271	3.82366430036437	3.59653892241089	3.97391474798808
chr22:28963563-28964064	Her2	1.19585243270551	0.00787111216313478	4.16730034863147	3.43494709659227	4.8291306841486	4.93142184510187	5.23557901266032
chr11:57127181-57127682	Her2	1.1957448962972	0.0113043768028847	3.40951476407147	2.90757978777256	4.78748964343714	3.98780422272801	3.76392629763679
chr1:164579890-164580391	Her2	1.19555691796553	0.0213462700929055	3.16480512893857	4.56133957888612	4.58834905184337	4.87044232983425	5.17551424653429
chr5:42603478-42603979	Her2	1.19553513834079	0.010615134080197	2.98826958895084	3.54587546938913	4.16008342587797	4.17397248431446	3.77454318968344
chr3:195539394-195539895	Her2	1.19530967292818	8.52926754899296e-06	4.40311259635104	4.40029681117948	5.17674129291888	5.08897464189097	5.21826589949014
chr6:17316584-17317085	Her2	1.19507240410499	0.00993841815021996	2.94787892004995	2.56003053344547	4.0328063475049	4.44546353675293	4.39978225773593
chr3:56391751-56392252	Her2	1.19506886152366	0.0148653468317675	2.33053952619735	1.50444540573769	3.02793980278305	3.50287350334884	3.61188068404542
chr3:138912139-138912640	Her2	1.19472154257951	0.00117347827056853	3.7090163712271	3.76291412534467	4.88289222180111	4.74604117620179	4.36023243225763
chr2:158188918-158189419	Her2	1.1947157849836	0.0151791624265393	4.02165665107187	2.89024402376884	5.25405968790828	5.56203474631694	5.9668408698781
chr9:37861146-37861647	Her2	1.19457742251681	1.32624010185107e-08	3.19906103807568	3.55627283866033	3.95894201897584	3.38959623831961	3.25740522746011
chr17:50888209-50888710	Her2	1.19431635265731	1.40816107383619e-05	4.17865313638382	4.92458058349463	5.25623577099341	4.53598062212231	4.67099443937643
chr1:193054643-193055144	Her2	1.19424401390639	0.00670091394761406	3.59226945863391	4.30963642267268	5.00725505544228	4.65082788081438	4.36087686621013
chr17:39493600-39494101	Her2	1.19329658269713	0.00049397156302158	3.13226000781095	3.13666367368432	3.92678300557914	2.99671246793135	3.274122600035
chr1:49476626-49477127	Her2	1.19286101855362	0.00241789651263013	2.66367679497231	2.44299846455377	3.69925359536262	2.9430047788106	3.04644748843088
chr19:23556222-23556723	Her2	1.19284291491325	0.0272433399484539	3.21984775114623	2.55243251669622	4.62690741912477	4.2340112375885	4.22433963965021
chr8:95738785-95739286	Her2	1.1928392475576	0.00250249266910836	2.88857278876651	2.73383045024572	4.09848085402122	3.31501225084541	3.86390659015173
chr12:69432974-69433475	Her2	1.19281260876618	0.00199734560717702	3.24221911712154	3.22818188427051	4.09876345170882	3.82370428323889	4.28864316734606
chr16:3673514-3674015	Her2	1.19260725748347	3.95591373417801e-09	4.0396612006365	4.64402486120824	5.14779650783535	4.69496754302294	4.71378677285765
chr16:2225799-2226300	Her2	1.19246901972167	0.00029291638287053	4.45763617282572	4.52587855732615	5.77974264051009	5.50921822395403	5.67539041535106
chr2:219568990-219569491	Her2	1.19235369186315	0.0138211815992209	3.62699707234838	4.606570880973	4.87186164562654	3.85194386470391	3.76339333616133
chr3:23575657-23576158	Her2	1.19224417105012	0.00358650444275178	3.24366937761967	2.65279100542273	4.49900935224972	3.89724343560346	3.49824246950002
chr14:26326313-26326814	Her2	1.19204791339857	0.00567654114182258	3.12902222856467	2.72836355480586	4.39941855032502	4.43616588743971	4.52436143866776
chr17:29152383-29152884	Her2	1.19199501420548	4.17221531774869e-07	4.20902023296448	5.00532574089328	4.81724060481928	4.12692485446297	4.08224787223399
chr4:83904928-83905429	Her2	1.19158886807931	0.00497556580307955	3.04254396386982	2.35068457726867	3.94342325800168	4.44188586553969	4.38811194069363
chr11:37666896-37667397	Her2	1.19132157143927	0.0103145015494907	2.65602009745664	1.67742431531544	3.80229086950097	3.86811353323331	3.80437714342326
chr2:170003303-170003804	Her2	1.19118599619473	0.0180309555315713	3.30288680769441	2.73643087794903	4.35139328708837	4.06071825686578	4.45845247983721
chr17:40339780-40340281	Her2	1.19102471083679	2.33803715478127e-08	4.82336525290955	4.37337446042072	5.42454716315322	4.85376912557556	5.19581548075632
chr17:67990190-67990691	Her2	1.19088866852156	0.00155795576905254	4.1648492594559	3.76123081639611	5.34982914697389	5.22632030624914	5.68159745434114
chr17:50144007-50144508	Her2	1.19073835391735	5.19447455991269e-10	4.52416970763876	4.15083154536802	5.4201261418926	4.60224190254719	4.73466282734025
chr20:48289861-48290362	Her2	1.19059393013404	0.000792161714404507	3.33928009398716	2.90753004963098	4.4160299715682	4.47287960495488	4.4468736823051
chr2:1623586-1624087	Her2	1.19057038169393	0.000367797971436161	3.8640299513816	4.15876328397828	5.12772565142894	4.65305772803374	4.66428089940733
chr15:60438565-60439066	Her2	1.19050175724483	0.000382299559581608	3.37254287635054	2.75897335428952	4.42808665908858	4.12523431235643	4.28840423330425
chr17:38733968-38734469	Her2	1.19011140306861	5.8758976600065e-06	5.36467129087176	5.27971920115716	5.76867573989696	5.56786261382847	5.8612770647661
chr17:40360655-40361156	Her2	1.19009269338124	2.01125694469076e-09	4.43419212511864	4.2302878840289	4.98512582736711	4.48330943402285	4.88319449383723
chr17:38480814-38481315	Her2	1.18990846064979	0.000407622716970996	3.34459330438461	3.28489878374129	3.65020659960439	3.31988080904948	3.5742477847184
chr20:48927946-48928447	Her2	1.18985173365541	0.00141268511083936	3.65322366917724	4.66284586333365	4.21589947249672	3.56660337674543	3.90491318786901
chr20:42613381-42613882	Her2	1.18980046326651	0.00820392291511185	2.86644872272427	2.68870871317416	3.72765922932619	4.19230433469249	4.20573998829382
chr3:57205308-57205809	Her2	1.18946249964385	0.00210508347270786	3.15385419525745	3.55360493306518	4.4305206200249	4.48305397866665	4.47584997748222
chr6:107139582-107140083	Her2	1.18909070558504	0.00356761825388985	2.81890389940398	3.64707471889074	3.98226433416942	2.94772369546714	3.04005472973011
chr9:25523807-25524308	Her2	1.18891945652528	0.0219841157748971	2.73554890651765	2.49441983667951	3.89857459192388	4.048206167857	4.42655457132092
chr12:54934172-54934673	Her2	1.18887680011801	0.014047084826007	3.42215888790108	2.54930991155816	4.70157663160422	4.06626313555671	4.03865339221812
chr5:15373099-15373600	Her2	1.18870558483904	0.0102107838177272	2.90786616885726	2.69567011816972	4.12824916747404	3.78543111383198	3.92230664766744
chr11:72221977-72222478	Her2	1.18866772692878	1.50053134776193e-05	4.88248750578786	5.88989451455196	5.76801926653912	5.05140044658411	5.2805812181084
chr19:53985578-53986079	Her2	1.18787472845253	0.00574609336771231	3.31013431349879	2.29694353143345	4.05445284657545	3.60612883902488	3.84552707743138
chr10:61364603-61365104	Her2	1.18763848314349	0.0197346310372983	2.82993349575573	2.3157157622347	4.28927244094172	3.50973311132455	3.54297991129742
chr12:5077590-5078091	Her2	1.18762985207645	0.00434498096341141	3.46135362179961	3.31941281949828	4.8884957025707	4.10757401294417	3.81476183258222
chr13:56706420-56706921	Her2	1.18761902040849	0.0113416645450505	2.57570115821157	2.22456835975085	3.68451039969147	4.06690306617321	4.06868630303692
chr11:77841248-77841749	Her2	1.18745016367403	0.000164195053986099	3.1561037562345	3.1635747390976	4.29510365717696	3.58699718041877	3.82166570847527
chr11:77356764-77357265	Her2	1.18739116294332	0.00818594587673071	2.94170562585208	2.7363567405906	3.92660802371615	4.19018104600647	3.98481419151387
chr2:131666333-131666834	Her2	1.18671450103846	0.0208722637179728	2.89839409437896	2.33155740851496	3.59679410624011	3.86371016910474	4.89702459576212
chr4:68346899-68347400	Her2	1.18655736177621	0.000388474223036915	4.36356081957468	3.40581120383866	5.44334070528269	4.37831690853739	4.57390934477372
chr3:32104439-32104940	Her2	1.18654688422525	0.000182775367392896	3.86183732619169	3.23623662303879	5.00031696025071	4.37714698625196	4.50450793928436
chr2:161471676-161472177	Her2	1.18652264776517	0.0395291186201195	3.01463043025551	2.6138434822782	4.47975866527445	4.48697063297377	4.36647199536542
chr5:61371468-61371969	Her2	1.18579207253418	0.0010836386870852	3.40904492885696	2.42500273292523	4.48469989887045	4.19393226815152	4.11732275057562
chr5:178124941-178125442	Her2	1.18541240327513	0.000902086876989928	4.39405955082746	5.68023749518446	5.7653634890713	5.63292099822158	5.8197087239875
chr6:106530424-106530925	Her2	1.18538339412259	0.00218716524722876	3.00534708853273	3.32563967799082	3.8922237106578	2.94970170330567	3.34982673737592
chr20:2699630-2700131	Her2	1.18532871310615	0.00067332367735299	3.41845246696559	4.02275284930717	4.3250095389477	3.50170870521348	3.95280156134797
chr17:40420817-40421318	Her2	1.18528868033287	4.02790261336156e-08	3.60542342683991	3.42187906355115	4.19170322964656	3.79322918962974	3.84757459405769
chr6:106805137-106805638	Her2	1.18527935729421	0.00603757747895787	3.55426649338822	3.79514809718734	4.68205770401556	3.83516636603109	3.77724570294753
chr13:95659683-95660184	Her2	1.18504329178663	0.0152725675429437	2.89211463522262	2.23892215868236	3.85950607580546	3.73437597920202	3.87073131365286
chr5:119987005-119987506	Her2	1.18493136516757	0.00131705340067641	3.0564657032992	3.09243671603835	4.2144165397852	3.82654952032103	3.92957003012163
chr1:2307991-2308492	Her2	1.184906756616	0.000700350060654907	3.97064424444533	4.24310003216549	4.92339465861966	5.25952429417234	5.01693878176687
chr10:78605076-78605577	Her2	1.18486847884195	0.00196292678951792	3.07781301422337	2.62266002648087	4.09732257176702	3.87825751966929	3.97992650986252
chr6:106900412-106900913	Her2	1.18459372516766	0.00322857513728918	2.64074783094917	2.64803487616341	3.5984320874935	2.83630829696731	2.8214029386605
chr17:29554449-29554950	Her2	1.18379213014319	3.47660334725652e-09	3.66417371698122	3.53788125453883	4.01134409440528	3.49208613162477	3.56280441010075
chr8:144855972-144856473	Her2	1.18361426934923	9.77423142958713e-07	3.87552558614401	4.00743792330694	4.99949829910963	4.45389953926084	4.64089480643907
chr4:105710553-105711054	Her2	1.18338023489367	0.009800499528949	3.39458625926982	3.25022138957931	4.64967038170627	5.07718283161671	4.63549241739692
chr5:94437785-94438286	Her2	1.18301979121326	0.00394406172658893	3.07271819180898	2.02119376797993	4.11254042947975	3.89150886168393	3.94576446235429
chr1:168101274-168101775	Her2	1.18290459968651	5.04305982789961e-05	3.51406290640281	4.3913061055612	4.31378770183986	4.25142215150656	3.94791440899334
chr13:113494163-113494664	Her2	1.18279673707815	7.15040571408329e-05	4.45286183264547	4.3593558157392	5.76765338504362	4.79598682596463	4.88773553793776
chr2:122545824-122546325	Her2	1.18236890342371	0.0392251366340818	2.98115383190767	2.61240185139197	4.22508070666443	4.43075227199406	3.98977448392057
chr8:133246746-133247247	Her2	1.18217790539558	0.015941891828082	4.06757126282504	4.80821300737854	5.43480965412257	5.00270448289498	5.03646896188391
chr17:8034739-8035240	Her2	1.18203423560228	0.00666798553880464	3.04573250155677	2.86338654239412	4.28499943690039	3.66626715287366	3.61161322330689
chr2:36805795-36806296	Her2	1.1815417533794	0.00157250510890409	3.75217045302457	4.26745435127338	5.02470182190031	5.27067331419888	4.83633303949739
chr8:91958005-91958506	Her2	1.18114535246836	0.00574219039158238	3.03822443852705	3.47972644910588	3.68577565881087	3.39845847049353	3.52669122850216
chr8:135296509-135297010	Her2	1.18059853157465	0.0319493286238289	3.26256868383155	3.64040058358938	4.17222235453089	4.65233618092908	4.41503635506488
chr12:69019655-69020156	Her2	1.18011366145655	0.00129863748969443	2.68740724990073	4.55194449312363	3.94822775940914	3.29776890007299	3.0800931749405
chr3:11771903-11772404	Her2	1.18008476627351	0.00254450599511006	4.54310123589496	5.62398777553328	5.89389548410265	5.10811309218242	5.31436028945804
chr14:104802339-104802840	Her2	1.1798865357773	0.000196480947859909	5.04079921301318	5.26567282579937	6.2415305142854	5.82122004172659	5.68415932553047
chr8:100751102-100751603	Her2	1.17977361287471	0.0012944947675811	2.96811997561326	3.58113438874023	4.03766027553884	3.42743338933915	3.71958106742116
chr1:41437060-41437561	Her2	1.17976967885168	0.0112267635231165	3.71039075690865	4.15182301476047	5.09960653468494	4.795002953499	4.59571257768581
chr14:34679241-34679742	Her2	1.17973487207385	6.92694332701419e-05	3.06879650623473	3.17895133981645	3.64313133109995	3.19509853326002	3.05096711506121
chr1:212419229-212419730	Her2	1.17962420494883	5.55877742247172e-06	3.19379966766602	3.76627457551368	3.92888037862276	3.74859773038692	3.60096925681633
chr16:1646690-1647191	Her2	1.17956926348771	0.00375278812294277	3.48301332031824	3.80626867992408	4.770334539365	4.79525480563634	5.14702908581804
chr15:90162922-90163423	Her2	1.17933013452793	0.00665037431689134	4.83827284858794	6.26571160342495	6.34615353575494	5.43348052501024	5.56234719889357
chr6:50826089-50826590	Her2	1.17930852204259	0.0381611292299812	3.42150141968881	3.21320275784181	4.74957690992004	4.82313228650408	4.16895157583942
chr14:38345915-38346416	Her2	1.1792724919808	0.00671708729250365	2.91721986409865	3.20945470274262	4.01892553316458	3.50787034384452	4.07545355842279
chr3:102066466-102066967	Her2	1.17920001253134	0.00808494309136495	3.00239873343234	2.11267425719535	3.45480203034414	3.52429532727103	3.91960354787945
chr1:164594782-164595283	Her2	1.17917560459154	0.000195018817940193	3.71244235809031	3.96947497944442	4.67915788542261	4.64503872750054	4.79897836420286
chr10:84497163-84497664	Her2	1.17854807934517	2.57431049662095e-05	3.17398399709206	3.58956433567427	4.24144209141376	3.46172775445158	3.37040295022353
chr19:1658737-1659238	Her2	1.17845708635112	0.00371172849494168	4.29182037402823	4.93307136953813	5.47924315650493	4.77991245782692	4.88666393856792
chr7:116733294-116733795	Her2	1.17845608922804	0.0170386178337334	3.11529621627967	2.55650783911709	4.26105915842184	3.10208769051479	3.36330387803323
chr14:72929434-72929935	Her2	1.17843856905596	0.0080317142495499	4.00099661515303	5.37090633509843	4.99061601462689	4.20524582622902	4.4551765418428
chr12:64814412-64814913	Her2	1.17839983116151	0.000445074606149269	3.57252782780482	3.28538485664417	4.65936860285081	3.99519016122922	4.1642561857728
chr8:139742412-139742913	Her2	1.17836268329069	9.3101320689604e-05	3.64356352131186	4.03764502334003	4.78173431492691	4.15484621421508	4.51612650316239
chr17:49898430-49898931	Her2	1.17830752543902	0.000166741908442231	3.62376277187025	3.62566522469495	4.55681690761452	3.89450737947272	4.16048246931252
chr17:29378035-29378536	Her2	1.17829328652118	0.00224217510439368	3.19625087763106	3.40473116444121	3.95011796547122	2.99166772483438	3.00100023538167
chr6:36201549-36202050	Her2	1.17820903038904	7.10402123332568e-09	3.78595181297577	4.11070243455364	4.60738578806581	3.88219815351829	4.19671380140969
chr6:106856240-106856741	Her2	1.17819209454779	0.00336936426698364	2.93782600574797	3.25007555170436	4.0285598423828	3.16178278049185	2.99187929275486
chr8:117098291-117098792	Her2	1.17806446566854	0.00335946547670381	3.07134209136733	2.89846541819789	3.91293401515788	4.14933249151997	4.33065812669553
chr4:157939144-157939645	Her2	1.17783451537649	0.040542147455007	2.51201419652552	1.73181898109764	3.62252881409385	4.14240125357043	4.59553605926154
chr1:210481904-210482405	Her2	1.17771880694049	0.012484601062135	3.34181710495545	3.48359173011013	4.22809923113285	4.60286169898649	4.22410047726239
chr19:11659553-11660054	Her2	1.17771858149559	0.00360426159107044	3.58858349528628	4.50644024686126	4.96309010387808	4.26605766523103	4.04398635575206
chr13:24031427-24031928	Her2	1.17753141659435	0.00212315971659296	3.23768513071168	3.35561407940894	3.82051162545842	3.29554602655695	3.28935481759677
chr11:6475302-6475803	Her2	1.17750595700378	0.000130813418682555	5.18947387579097	4.88980005344681	6.46956869475933	6.21575382603166	5.89497333829981
chr8:29559767-29560268	Her2	1.17743353516248	0.00159034356348587	3.61336674469539	3.80038706051948	4.7042547851893	4.72550052775861	4.30503353738232
chr4:59630915-59631416	Her2	1.1772746229673	0.0188366433038738	2.69269468997095	2.15848088484816	3.46621440590319	4.06303159741292	3.95222422175552
chr17:38327841-38328342	Her2	1.17710182841961	1.78538019998928e-06	3.92297974825089	4.42051111744283	4.30918612797093	4.07142920430508	4.04598605648695
chr19:47552118-47552619	Her2	1.17706706113133	0.0245717099386419	2.97397716231859	3.65207374433934	4.33783624755115	3.28015572252403	3.14863389336164
chr8:95157333-95157834	Her2	1.17654785593297	0.000399436361541224	3.91593587914183	3.97887785116394	5.11181904700668	4.64876943054046	5.2155802515698
chr11:60744874-60745375	Her2	1.17641275564784	0.0311659642449383	2.82383964490454	2.50275085664439	4.26581750282416	3.46197235319433	4.05594647734883
chr2:39640902-39641403	Her2	1.17620074627674	0.00327690048468723	3.15835823357627	3.05002597316709	4.21194488082833	3.53098210754602	3.57889256775055
chr3:79531828-79532329	Her2	1.17605885258436	0.00523169379813721	2.73502848372954	2.08526721702696	3.54820622025639	3.30648991416531	3.6369771140197
chr10:86539474-86539975	Her2	1.1759128076686	0.000451659293081657	3.9000852833172	4.91487201623155	5.09512538287177	4.89310941861199	4.79668040051869
chr1:179511432-179511933	Her2	1.1752462431429	0.0108287815557644	2.61972034900445	2.48699141490958	3.86614093372311	3.84127777855032	3.94480481568275
chr11:67702467-67702968	Her2	1.17508055622724	0.025178980377729	3.206877641782	3.88531496291598	4.43200420984561	3.61913297021501	3.66421589859451
chr13:50279512-50280013	Her2	1.17464411669859	0.000532082488877406	3.20274566206998	2.85019107902201	4.09747444044692	3.63942167542344	3.9854629808574
chr2:48229739-48230240	Her2	1.17443522125159	0.0263332482178294	2.92787359521243	2.48968228588058	4.38698929870808	3.57042991390944	3.80897013003267
chr22:29688064-29688565	Her2	1.17425484452836	0.0196103975902465	3.58295446871831	4.4412320902941	4.77818018864908	3.34336451019506	4.02536386248524
chr17:49908053-49908554	Her2	1.17389206049932	4.97071119921372e-05	3.63818575759812	3.51712866485494	4.61089038399593	3.89632480861208	4.18944556301215
chr2:131671454-131671955	Her2	1.17370676596415	0.00487030680040284	4.03715104231134	3.82699684426884	4.68510989656443	5.02222494989596	5.78725709847662
chr13:30829642-30830143	Her2	1.17357085252584	0.00559013431715318	4.19058175755125	5.15931846290076	5.43997912753314	4.13103161013777	4.11621249333336
chr2:131566539-131567040	Her2	1.17355340187326	0.00717094034730637	3.17129142221047	2.75464708011277	3.77110647396315	4.0158047577002	4.80022747425623
chr17:29175204-29175705	Her2	1.17352326219978	3.16317559536812e-09	3.9192633378362	3.70300932006746	4.38413526768875	3.71395651346869	3.72597676012089
chr7:28964557-28965058	Her2	1.17333082090369	0.0010901400655144	2.84269342981861	3.0494796603851	3.99054053348773	3.45481117557027	3.52977252330432
chr8:125071175-125071676	Her2	1.17300506751196	0.00634350075461467	3.61322256659177	3.54317195749237	4.90080359897587	5.06556161919515	5.44868756349376
chr6:106880892-106881393	Her2	1.17285220231069	0.00487014129981391	2.96767135226952	2.92243238600918	4.1099320125453	3.24888979751485	3.21322197893767
chr3:57542802-57543303	Her2	1.17269559195303	0.00686715690469198	3.12565803740624	5.29854920575336	4.24788674266049	4.06832863666802	4.02223563013272
chr6:109374453-109374954	Her2	1.17264337111941	0.000121586002020404	3.72361711943706	3.72079132907975	4.83599089703325	4.31628231905466	4.40394691153561
chr6:34176745-34177246	Her2	1.17263951620715	0.000409228515028255	3.76392147523423	4.70466509950537	5.08827925756812	4.70983900357919	4.55945794753779
chr1:117959327-117959828	Her2	1.17255072106109	0.0131341777439035	2.45517739818791	2.54019997599791	3.61638759086299	3.16691965116047	3.03529368359294
chr20:56755063-56755564	Her2	1.17241880211542	0.013413733664565	2.95519023393908	3.5500538844411	4.32534502656714	3.7186700065974	3.5875096644313
chr3:151727894-151728395	Her2	1.17215970853708	0.00157684455899969	2.74787390430961	2.71584523936959	3.15281901464329	2.92121466290889	2.95391771160126
chr2:18054647-18055148	Her2	1.17206468920729	0.00731161716949694	2.98207403569635	2.53877780930036	4.03444541659427	3.48325091247602	3.60281857297177
chr8:135793365-135793866	Her2	1.17203921397673	0.00231568188911262	2.78601708231022	3.33163250346969	3.36360743710799	2.80096044556325	2.61572496587866
chr3:183192331-183192832	Her2	1.17199096528873	8.90361183923351e-05	3.10351108804107	2.98091897379922	3.93140581028077	3.16543152440285	3.26341373749538
chr6:106756680-106757181	Her2	1.17134832780066	0.0393434227154253	3.69737717877221	3.77529082476755	5.11545742339282	3.78036900649475	4.26251643435827
chr2:172953310-172953811	Her2	1.17112842011318	0.00837962237123852	3.11961049772458	4.16973650685811	4.44415181050031	4.71433254442553	4.67080169159146
chr19:51978785-51979286	Her2	1.17110290064481	0.00272927130516568	3.46215458522812	3.19438337818808	4.51385260211437	3.62427072539166	3.54824908063321
chr1:224703594-224704095	Her2	1.17087814513186	0.00211675364561276	3.37123413505153	3.53181407349492	4.45257634676881	3.85681566898087	4.23108978437158
chr2:164119338-164119839	Her2	1.17045683922097	0.00727768242457333	3.18162958249102	2.69646260536814	4.31547185431837	4.13880864022653	4.18936689102502
chr17:48159536-48160037	Her2	1.17039908746182	0.00293751765508013	3.48827334582962	2.48420237216917	4.18471114827603	4.16962356448942	4.24306769406812
chr8:101468515-101469016	Her2	1.17037984406595	0.00554251858545512	3.04122881912808	3.40763500092091	4.313097970389	3.75445933238353	4.21250772567581
chr10:77168788-77169289	Her2	1.16979640773254	0.0151118109266316	3.88112456964176	3.41985265236949	5.38152059458913	4.28264922493195	4.22196962233057
chr8:123172198-123172699	Her2	1.16927194214774	0.00141164149425029	3.47302466563101	3.57571221199838	4.77449499155654	3.84263013145673	4.21443958403017
chr9:126701604-126702105	Her2	1.1692457817144	0.00150623508176614	3.68017864246173	4.04944805874428	4.91160677764327	4.96674470803312	5.31491179350795
chr17:50271950-50272451	Her2	1.16904104057808	1.84649389856414e-08	4.24721337922431	4.06852116262255	5.08627278013976	4.30717509660149	4.29761534764578
chr18:24254091-24254592	Her2	1.16882665272046	0.00253212364828839	2.62525018645127	2.86348957905728	3.11590945584399	3.57645278253927	3.51619238640596
chr11:18733729-18734230	Her2	1.16865391290705	0.00176607692408115	3.33278673812221	2.91059097464241	4.26854173270253	4.22385254499453	4.13470467644863
chr1:8915428-8915929	Her2	1.16853486708272	0.00828925684810023	3.11875032291228	2.81594476726	4.33055238646447	3.64192072403359	3.55717441573056
chr6:107078641-107079142	Her2	1.16839527756492	0.000251281489187012	3.39748798972846	3.2837176151071	4.44412779637606	3.39491743235496	3.65397623780135
chr22:40953308-40953809	Her2	1.16835545898037	0.000323953727950832	4.31792627793205	4.39429056292986	5.51103067901843	5.04858023021142	5.12801982679584
chr12:116391456-116391957	Her2	1.16829941097169	0.0103303781619564	3.50143515199774	3.36574477184679	4.71092227431133	5.18070418042049	5.24496278334691
chr7:151921916-151922417	Her2	1.1682151927501	0.00428686478731933	3.74169198187352	4.44270324221155	5.01075132867277	4.34204905215673	4.44857530750384
chr12:27733778-27734279	Her2	1.16786460717792	9.02410461446874e-05	3.00800416256624	2.72085263101977	3.81254135941123	3.30923722027241	3.34482631492715
chr6:40708558-40709059	Her2	1.16757933221674	0.00735984787482678	3.13024720296107	2.79324352262486	4.23093914216715	4.35300929744643	4.73913411186195
chr17:30335691-30336192	Her2	1.16753811714648	0.00234788646493468	4.04327327028777	3.34352720615495	4.32138327791827	3.79335888732899	3.9096082231852
chr5:166787989-166788490	Her2	1.16749762484446	0.0185077315893967	2.82342259950818	2.00543851390978	3.94785120748277	3.76759360918685	3.76545881111568
chr5:145902369-145902870	Her2	1.16735297913085	0.022914182338662	3.20479806346155	2.56439947049094	4.49116794462562	4.48420570485739	4.55093153952614
chr10:13491619-13492120	Her2	1.16723304310515	0.036815454275365	3.25847132911598	2.99485916852391	4.41663839590553	4.0102339139471	3.5488415549743
chr14:100130213-100130714	Her2	1.16722707770313	9.40810843741575e-05	4.08715523682572	3.97083326599884	5.03057551832165	4.99746474798245	5.12793341047153
chr19:51956797-51957298	Her2	1.16694950253317	0.0144943968562532	3.19173470349603	2.91035109174337	4.28772077993278	3.41907699519796	3.10603797255231
chr3:38788913-38789414	Her2	1.16676166835842	0.0250371237167725	2.33604911449366	1.72111500610192	3.06297411371215	3.35594369630022	3.1412499840231
chr17:39435530-39436031	Her2	1.16658476237971	2.28264307372504e-05	2.98626814099398	2.80587983490575	3.64407253145907	2.88046557987147	3.41021233333791
chr8:80751933-80752434	Her2	1.16650817188769	0.0204196932260311	3.97879284913089	4.3519854592525	5.50762835892447	5.11650537731926	5.28623489335844
chr17:41049170-41049671	Her2	1.16633703973936	0.0187040360024971	3.02262324861776	2.71269616340691	4.26275495691958	3.7199449928159	4.04168817569153
chr1:244286213-244286714	Her2	1.16631079318597	0.000758417277903136	3.48007274396206	4.01098525758659	4.19515298282559	3.80190667820057	3.72310953025568
chr7:111187519-111188020	Her2	1.16582912571865	0.0207649527269478	3.09591005334644	2.49612258128337	4.32348536084663	3.68185730360329	4.10969799171442
chr22:17568245-17568746	Her2	1.1655442745866	0.0169896176221164	3.33051575667018	2.59460301758231	4.31146702464144	3.43646779744148	3.40045852099161
chr17:38845361-38845862	Her2	1.16544610295008	0.000186505917018864	4.07956022422858	4.48653501084842	4.40121873657483	3.89272689670003	4.00969748047669
chr2:131563945-131564446	Her2	1.16534329566262	0.0310010616761823	2.93148816365742	2.3288024746838	3.66798347472583	4.11712420105051	5.14567258949236
chr6:149842277-149842778	Her2	1.16531560452072	0.0292904833855788	3.93775684041149	4.44712936929085	5.55749889753451	4.12469093462223	5.2025864435119
chr1:246069187-246069688	Her2	1.16530314337124	0.0025986459531092	2.95064614750473	4.07249920684175	3.84902960338028	3.71460945207467	3.57737520239844
chr21:32061662-32062163	Her2	1.16418867324924	0.0103145015494907	2.57817707782299	2.32055178342763	3.51021896288193	3.43904577707602	3.57161829362966
chr17:36193239-36193740	Her2	1.16413486629314	0.0107533757592603	3.42575219814559	2.965150942559	4.40081891382257	4.27859593948338	4.46298505956122
chr19:42472390-42472891	Her2	1.16384693190768	0.0206942877733905	4.15388182264201	5.53620950542657	5.60284694664927	5.09442624304276	4.95034369493934
chr2:5730236-5730737	Her2	1.16346631055155	0.00891816361245401	3.04051037498881	3.73713378680856	4.07588188083786	3.15980636537159	3.22264044079917
chr3:42579512-42580013	Her2	1.16343405215022	6.21346520243704e-05	4.07985875130503	4.06404471956266	5.11028891561122	4.60458991559112	5.1274492009539
chr7:143135453-143135954	Her2	1.16325500903902	0.000755376271450665	2.9607987755758	2.74819911582355	3.94119270553921	3.63291936352752	3.69434577611425
chr9:15304561-15305062	Her2	1.16286438143957	0.000638947383414065	4.09475451235615	4.50657124586234	5.16395110432996	4.27550577704741	4.67020845769504
chr17:14736587-14737088	Her2	1.16265429107993	0.0100310288460713	3.36633410774731	3.84002013046937	4.42461635825069	4.71658850130322	4.66272854910881
chr9:298975-299476	Her2	1.16256820178969	0.0398507833566005	3.17785280335792	3.39835350326537	4.5025068322609	4.17705624574158	3.93351618984618
chr7:152564670-152565171	Her2	1.16256485016069	0.00830811569709521	3.17307464730226	3.46609711217499	4.37710750159809	4.47959778086479	4.26116357133944
chr8:133619494-133619995	Her2	1.1623368760235	0.0124123727941126	3.18157064573367	3.12151246556861	4.38362157815431	4.7588957238386	4.75838001940991
chr17:31601247-31601748	Her2	1.16233337622862	5.92963430877693e-05	3.41382728140984	3.73161791824513	4.18062667092484	4.22138585411965	4.41631565818946
chr5:35561826-35562327	Her2	1.16231699863034	0.00423415923021526	2.61019835489401	2.17682310530193	3.70389802630346	3.11795851346749	3.40217246769149
chr8:130210823-130211324	Her2	1.16219121078189	0.00492755316304848	3.64796406324421	4.91860562582997	4.6349856287481	4.2431491439084	3.83221196050165
chr6:68085568-68086069	Her2	1.16214294730017	0.0178157164764853	3.30250552301858	3.32004623630693	4.37094213172258	3.75108980778321	4.20618681760824
chr6:106915631-106916132	Her2	1.16212739887971	0.0145873642644919	2.60399928750522	2.84908730336189	3.74252950951631	2.93917490751876	3.21213847204476
chr1:161084033-161084534	Her2	1.16205659934798	0.0429901845251972	5.6171401293078	7.53896353716469	7.33295512949002	6.92068945046533	6.90029822896667
chr7:88695706-88696207	Her2	1.1619416279671	0.00488091626578981	3.03967649230801	2.63706651110067	3.85136681743039	3.06573162769964	3.45543259632011
chr19:58063683-58064184	Her2	1.16191933615506	0.00109877339844666	2.91725677262045	2.65169165881259	3.71296763385193	3.38227587011876	3.52122524229671
chr13:24126369-24126870	Her2	1.16191015528417	0.0162242321185262	4.25222059762369	4.21767243591509	5.26836871123438	4.57980220285429	4.76582130264225
chr2:32098215-32098716	Her2	1.16183223116957	0.000732916095654582	3.16361807082519	2.7497922344909	4.06000402155125	3.76438347751987	3.87906012970348
chr19:41752345-41752846	Her2	1.16163145926018	0.0144956918669713	4.12199514307841	4.07660832384818	5.57742967353562	4.94752377981616	4.89632138306046
chr1:116692819-116693320	Her2	1.16154183497657	0.00774805848812403	3.56937347466769	4.75253341148312	4.89747420627119	4.13704793253265	4.20335847209485
chr6:10402595-10403096	Her2	1.16147873123466	0.00279110470031167	3.95878996220914	5.04168620917293	5.1301735077168	4.66471770460648	4.63391582789154
chr2:152891514-152892015	Her2	1.16143917193603	0.0152022621259377	2.87183370063042	3.74148949798768	4.16067390072362	2.69944950147537	3.06069165953935
chr1:172658033-172658534	Her2	1.16124061283567	0.0256590085230858	3.5456336019646	3.62701004688954	4.3261897871961	4.11263058166386	4.28266135432019
chr17:50145315-50145816	Her2	1.16117685879778	3.32912260746511e-10	4.76087722915175	4.50689521255718	5.53897814001976	4.90645979375092	5.05006866842826
chr12:57796887-57797388	Her2	1.16108656935143	7.25368766119712e-05	3.60544949899492	4.21760751496184	4.24900626120173	3.66669235993559	3.57386734921343
chr12:45604539-45605040	Her2	1.16079814161747	0.0257691919480874	2.8425559278356	2.29816162401257	3.84742894357892	2.87616795787959	3.90212738478506
chr2:227303507-227304008	Her2	1.16068725036688	0.00103312599505653	2.74781259451929	2.53499377287947	3.71094479429184	2.66663378291479	2.87948849562741
chr3:107612479-107612980	Her2	1.16038977329423	4.25872406481302e-07	3.73769982176012	3.6249720501548	4.69718422363037	3.88469794306778	3.95791269205889
chr14:38901504-38902005	Her2	1.15994888331229	0.00540128569023817	2.7145390267385	1.89100113468225	3.2005371170671	3.18817054954147	3.27524212767463
chr12:31022567-31023068	Her2	1.15987766073035	0.000154580477061325	3.13860996003708	3.66078180806543	3.91560228744597	3.39621535581642	3.51576984931839
chr1:155158836-155159337	Her2	1.15982060860163	0.00287498825746048	3.66255486810437	4.3203692252027	4.70372619199732	4.60701461754375	4.9757552864229
chr7:99981056-99981557	Her2	1.15975339072303	0.0250947007704424	3.91790065123162	4.03538631204936	5.30421848110237	5.2507843032675	5.35693283330413
chr2:131554118-131554619	Her2	1.15972804278221	0.00830975171018056	2.97450872916341	2.45257297947562	3.61541063361446	3.92465021713496	4.57657225266264
chr5:42036231-42036732	Her2	1.15963162237491	0.0169083460095836	2.59134560295131	2.31842562700038	3.72257127675787	3.07405751359025	3.36375708875416
chr4:160257284-160257785	Her2	1.15945360160035	0.00442905722520324	3.05192944108453	2.41312945783531	4.00819161653071	3.72513984393709	3.81095642461393
chr15:25450109-25450610	Her2	1.15916754622059	0.0233840842410017	2.85967822064732	2.25281920727081	3.63484135243964	4.35584859171322	4.04471223109928
chr8:115520940-115521441	Her2	1.15897435059276	0.0235127639880374	3.11296013199964	4.10242160431853	4.58169916692294	4.90451873571848	4.8674944533705
chr1:204075718-204076219	Her2	1.15883536455751	0.000230151063052457	4.65093659881525	4.856594733622	5.79279719750373	5.02761620262829	5.08848748205312
chr1:160201853-160202354	Her2	1.15839203371882	0.00595424664179036	4.07250885923569	4.1414277269894	5.04880708298978	5.48524186110277	5.47722841491197
chr5:87956989-87957490	Her2	1.15811021586014	0.00655123423927585	2.63990178153886	1.83491782333536	3.04879670224266	3.89415357518109	3.6431851515059
chr8:126622834-126623335	Her2	1.15734410015942	0.000764266709823483	3.23497861909459	3.30101478979197	4.27100171380408	3.64765531427158	3.86022928928864
chr16:15409480-15409981	Her2	1.15728046541985	0.000320286669064782	3.01218393517515	2.51637931257112	4.084848699914	3.63468295862178	3.93097717197944
chr7:37587466-37587967	Her2	1.157177271322	0.000497544732873003	2.61079771984459	2.63268811017475	3.23544802573891	3.1048815501221	3.07495365389335
chr3:183986167-183986668	Her2	1.1571600065997	0.00968714448924762	3.36792789372664	2.90542282194516	4.69666081581762	4.26835939813528	4.43540064008995
chr14:37435034-37435535	Her2	1.15706311882898	0.0235745370948994	3.51652110371187	2.79288513663262	4.96233847183146	4.39417424337459	4.4570575148311
chr20:53741539-53742040	Her2	1.15668452060351	4.88165918604689e-05	4.17973406998148	4.23359525447864	5.22339570742504	4.32904843516429	4.65926221089621
chr17:47962640-47963141	Her2	1.15667717707048	1.99226903219909e-08	3.95594210729254	3.68344860787644	4.51829335694979	4.11178218967292	4.10258073125708
chr7:69774537-69775038	Her2	1.15659498810832	0.0161346878532924	2.98832473423702	3.54952013763485	3.78367698341221	4.44047130078621	4.784536738837
chr3:122520845-122521346	Her2	1.15644552944973	9.99279717394255e-05	3.27822178220594	2.94033631642739	4.0046456479939	3.93217672070565	4.12040333127195
chr14:75430996-75431497	Her2	1.15640982553304	9.40217514997626e-05	4.37227056768471	5.35918494221157	5.50615706221142	5.41999760605195	5.10446176470513
chr17:59856661-59857162	Her2	1.15629033305882	0.000239740517008155	4.94510218548788	5.66960374523319	5.7024230590046	5.65138227635928	5.84904799023377
chr20:63681031-63681532	Her2	1.15616318502	5.72158367837839e-08	4.85159964697154	5.3538762261157	5.83168164526062	4.87458032340825	5.18208403534413
chr1:201600683-201601184	Her2	1.1554148561402	0.0232410805966451	4.15838197744921	4.48154601363635	5.60390596203163	5.68730719779103	5.54164433974953
chr8:40407054-40407555	Her2	1.15539816380327	0.0153992816202617	2.94553476263435	2.88167371410324	4.23986300480906	4.10501599109454	4.22747266286211
chr2:160166590-160167091	Her2	1.15534810272881	0.00414756369294898	3.88695152199912	3.85344091816025	5.04655465940071	4.60765227843208	4.8720989760511
chr1:39961162-39961663	Her2	1.15529834321703	0.0170499934951514	4.1311501612174	4.69988209539767	5.25116921488693	4.08458536955163	4.03580453866241
chr17:40586271-40586772	Her2	1.15464132390071	0.00417157598149083	3.09054224762706	2.4138190557747	3.22382961006049	3.75149260632077	3.79598285488271
chr3:177666434-177666935	Her2	1.15443828608084	0.00667310677417663	3.21304213296014	2.59876715098502	4.01841778829794	4.04815925938345	3.84368777894223
chr1:165328107-165328608	Her2	1.1544166521069	0.0123485585631826	3.50817656695513	3.05372589538109	4.46250693865994	4.8151315745155	4.93224603343111
chr3:128036038-128036539	Her2	1.15435575337804	0.0325321789815288	3.15654056466886	3.36293487343343	4.4786483463677	3.4740850995286	3.468582247962
chr2:234372459-234372960	Her2	1.15427362507616	0.00248007732878501	3.43174632046285	4.83768723060415	4.67107418243063	3.57840726287643	3.65977124035168
chr3:104214979-104215480	Her2	1.15411660978778	0.0161993372457553	3.04979320045687	2.57833994127317	3.95011660789853	3.00079434715574	2.83668741363034
chr12:38555516-38556017	Her2	1.15407461871484	0.0461966104929231	3.19691218856494	2.55543201952392	4.38629860503929	3.4140133581193	3.812071193702
chr8:126323580-126324081	Her2	1.15378059202518	0.00481337578380485	3.06873312990366	2.91474396145675	4.26671937115776	3.8244738995135	3.67344196055199
chr2:68406961-68407462	Her2	1.15350895553976	0.0248984601755099	2.46082056198494	2.19457149887186	3.48628573680199	2.81732144629006	2.7723403407495
chr11:68143208-68143709	Her2	1.15327196133773	0.000372358962232532	4.4463211674975	5.20616272821467	5.30932211630338	5.09799267375603	5.02072930292967
chr8:27885193-27885694	Her2	1.15260506691213	0.0129103501022258	3.56449630442115	2.9322851594713	4.20642883659237	4.08521966666529	3.92478824520603
chr3:122398839-122399340	Her2	1.15249189937538	0.038574949021414	3.48239690690572	2.93086141059854	4.56091139388905	4.05484353278221	4.47792668874658
chr3:172510135-172510636	Her2	1.1524446759887	0.00222175217958059	3.62026500360806	3.97082640809329	4.53546298559443	3.89785099671699	3.97085764200393
chr2:233934415-233934916	Her2	1.15226867132007	0.0181888684753675	3.18675786794896	3.05979489841733	3.84855247765125	4.12396424143946	3.55830875462682
chr6:72842744-72843245	Her2	1.15218198917535	0.022914182338662	2.32702401153748	1.9902304902899	2.74492817298935	3.4557534921891	3.52710326490281
chr6:53111374-53111875	Her2	1.15202630225688	0.00823249526617238	4.14718912737934	4.41453556562639	5.59437705839333	5.30774354048296	5.41936219789765
chr2:42528756-42529257	Her2	1.15202403978147	0.0282318512718259	2.88828646426793	2.69024285397103	4.18341400485542	3.33347585941254	3.59222173845428
chr19:57802270-57802771	Her2	1.15164668496577	0.00403485609922685	4.36193736291961	4.38571659502053	5.38911245355272	5.2049719704128	5.52580885132721
chr3:173977629-173978130	Her2	1.15163354867324	0.0107459937234022	3.10343385138339	2.88697821857943	3.92522941222129	2.92202072870288	3.03048195954927
chr1:204588778-204589279	Her2	1.15107045247913	0.0104332523594504	3.33821587433461	4.83893641353006	4.66522253859364	3.98960002479732	4.27827227436482
chr8:125067837-125068338	Her2	1.15087641968451	0.00195376478194845	3.33770628237187	3.53325172716905	4.61208649757929	4.44758125610385	4.79408761650589
chr17:40853495-40853996	Her2	1.15076038089619	0.00685326192163235	4.00732457957038	3.43118295616008	4.85781518416243	4.20126492051978	4.38169869407474
chr19:16990723-16991224	Her2	1.15065729350148	0.0349801540883601	2.69586700959129	3.58461523519989	3.66415530611797	2.87695715869144	3.10871948544699
chr19:57809063-57809564	Her2	1.15053411033835	0.00109527548724379	3.76638109678177	3.59101180672066	4.50673286176201	4.79503900947923	4.98157728448161
chr2:45940006-45940507	Her2	1.15042328225605	0.000153909633230563	4.11993103176312	5.4416026854492	5.30042765624674	4.85035267486279	4.70277329399052
chr15:82859374-82859875	Her2	1.15041852120088	0.00226462779504221	2.8436843006758	2.73248307531017	3.80482302533406	3.79113393264681	3.95521230384276
chr2:237734277-237734778	Her2	1.15025695195556	0.0158576586523869	4.77439221258796	4.12555294895031	6.30006059980476	6.40894554586796	6.24316193062363
chr16:28922681-28923182	Her2	1.14991424948801	0.000105801248059707	4.48310428572339	4.66149280654185	5.7256544425936	5.17845920036879	5.24265923078729
chr15:69407635-69408136	Her2	1.14978145107269	0.00430409670673926	3.51399191266857	3.34099303481789	4.54842647526208	4.80148198319686	5.00262036261136
chr6:18338702-18339203	Her2	1.14952777779461	0.000313429098639681	2.8901670857492	2.71930344088817	3.72274728965988	3.51516506745415	3.35081043399857
chr6:106558632-106559133	Her2	1.1494252450138	0.00259336495430932	3.25024761033636	3.7241631888444	4.15522597446723	3.12387001476418	3.37031439471671
chr6:110672474-110672975	Her2	1.14933842858176	0.00593886809818714	2.73463248366571	2.614974727063	3.50945655045243	3.00887252664149	3.3617071855392
chr22:50694889-50695390	Her2	1.14927919737861	4.77584427291762e-05	4.24771980465063	5.56829062557917	5.4443465374987	4.88120860575627	4.62064695074702
chr6:106971659-106972160	Her2	1.1486453329643	0.0355229173365331	3.93713848643759	4.79901152309684	5.2192945919692	3.91235575070632	3.79504762600732
chr8:101434982-101435483	Her2	1.14864128509337	0.0269188147890642	3.73025989575585	4.29617421885189	5.27560010402408	4.82600626688183	5.26219852196063
chr2:88259448-88259949	Her2	1.14826971733905	0.00200901369845277	3.17995995472784	3.29280759067078	3.75967078200564	3.88798882625673	3.5067484144572
chr6:69775874-69776375	Her2	1.14826864825664	0.00722553731789575	2.69212076855238	2.48072108740636	3.37126390660137	2.4790425482871	2.88608350392226
chr17:38334475-38334976	Her2	1.14822270411323	3.43767904954898e-06	3.85323068466599	3.95596182097086	4.266585315253	3.80931624671247	4.05493402087082
chr8:116946838-116947339	Her2	1.14807205659424	0.0142333773065706	3.31140840658067	4.12179141180832	4.31118272323903	4.00469333279363	4.19773496217989
chr17:36627073-36627574	Her2	1.14789930393213	0.00109039040738476	3.53116814917732	3.49273869626867	4.43324117531974	3.89641306442318	3.92684763700407
chr8:95137754-95138255	Her2	1.14784940975078	0.0112716188903991	5.90945130041831	6.07665626901882	7.13918605511555	6.40784994963215	7.05079463382455
chr9:25503173-25503674	Her2	1.14752922974728	0.00470975976867675	2.41212235320475	2.38985359822813	3.05546103127123	2.92143158178317	2.50198482731108
chr11:72790569-72791070	Her2	1.14721005382097	4.25499737722671e-05	4.71487156889946	4.41034284534311	5.75056663321798	5.15922333461899	5.52095223674466
chr20:58071158-58071659	Her2	1.14705008201147	0.000964974364120127	3.27752026145158	3.24459396542376	4.34058583586697	3.61327046299672	3.6502507581061
chr16:54170678-54171179	Her2	1.14677628534793	0.00647921875073164	2.73488962985169	2.77777670925162	3.65034775204754	3.92455024417195	3.79710621758452
chr19:21348429-21348930	Her2	1.14669419971404	0.00182232172601636	3.09665082093142	4.08483416189506	4.03873995009738	3.27756028390618	3.61914269451051
chr7:149672975-149673476	Her2	1.14666750545297	0.00288069181484467	2.82696817880754	3.09755561934916	4.00555900569442	3.15789463890324	3.05839988233572
chr14:36771839-36772340	Her2	1.14656840132654	0.00864342365400532	3.41313459258481	3.11093749619338	4.76944006204994	4.30210632283418	4.22957061784389
chr6:106868958-106869459	Her2	1.14611177297445	0.00382225977930423	3.03631005096792	3.11574183520301	4.07727027881243	3.09496941523629	3.30042438358432
chr1:222889414-222889915	Her2	1.14607455957952	0.00963282803169407	3.51278265280743	4.24571162760638	4.59575661001201	4.11581353970982	3.88290009994144
chr12:81075450-81075951	Her2	1.14585766445678	0.00850798372898706	3.5785642909464	2.87208867177505	4.67678997190539	3.95640640252928	4.65070901847754
chr17:40145360-40145861	Her2	1.1457461982541	2.78585322477744e-07	3.38290357543564	2.96672067533389	3.95784686116908	3.49111549360498	3.53546928275389
chr20:63343306-63343807	Her2	1.14553307450456	0.000225759678483449	3.80075097337923	4.34041697917014	4.61787344515175	3.60063707038482	3.91838803712088
chr12:119479945-119480446	Her2	1.14544194410014	0.0179611995536482	3.13684416110988	2.60325735538432	4.43786607997217	3.8911926543655	3.94898515779139
chr7:148397470-148397971	Her2	1.14527070192073	0.00280385489912612	2.98916807391282	2.44913581992377	4.01632220314448	3.53093273929869	3.43367329294271
chr12:95545496-95545997	Her2	1.14453499071888	0.0168032084892326	3.69411791750972	2.77660920592234	4.75943373614277	4.0611694176124	4.4050219408882
chr12:120727194-120727695	Her2	1.14408742079822	4.31930849505457e-05	4.42050125815896	3.93896441203647	5.21856933302822	5.53126121080383	5.32268600462881
chr6:35630479-35630980	Her2	1.14401593159247	0.00859782907226905	3.61722100858785	3.44022986441915	4.86306696939782	4.38747382937175	4.37848782347136
chr3:123038403-123038904	Her2	1.14385326819868	0.00915318162043411	3.46660732568843	3.27410210140621	4.55246426269254	3.84655153027219	3.9271308922656
chr22:27980741-27981242	Her2	1.1434978185345	0.00240330926100671	3.30076422671456	3.66921011725929	3.76260780723043	3.49359390980566	3.62083777531993
chr20:33716092-33716593	Her2	1.14312312974824	0.000180681390099302	3.89908811540001	4.2645386660107	4.95790759108848	4.59440391411039	4.56763638172755
chr12:11591041-11591542	Her2	1.14310103369431	0.00122820584167027	2.7718294932961	2.98799554590506	3.44540901386389	3.04014526085301	3.45720732618893
chr2:98829847-98830348	Her2	1.14288627648381	0.0014329731571841	3.33132708062358	3.06185651282976	4.59885806488497	4.11960452958255	4.14874846011195
chr6:106868248-106868749	Her2	1.14235000745102	0.00345130211735465	3.22814434768821	3.33474764503846	4.23487377974578	3.36304775277197	3.55473027766749
chr4:103930707-103931208	Her2	1.14198420226181	0.00162189447669077	3.02179021683789	2.82729526035852	3.77686346202459	3.82469828174147	4.06050073057358
chr8:140460386-140460887	Her2	1.14186797104944	0.000434635133507707	4.4204050596936	4.92347712687847	5.66671734124984	4.93583056805831	4.82151021869685
chr7:132216798-132217299	Her2	1.14162027765103	0.00411469870570133	3.09351082396102	3.52517922365359	4.12076271233502	4.27855079707766	4.20126083054342
chr8:40372549-40373050	Her2	1.14154422701053	0.01648310081009	3.52666107405809	3.31896155820116	4.83041757001922	4.69774450074807	4.8110443364026
chr10:79092956-79093457	Her2	1.1414566349796	4.48363954104041e-06	4.34616393366622	4.22730863178254	5.10081140319611	5.163828083976	4.8985082931484
chr8:117178311-117178812	Her2	1.14141117832258	0.0177839556014891	2.98563903169356	2.93398068700377	4.01766616397141	4.24578537151432	4.28888501929805
chr12:64019745-64020246	Her2	1.14128663068358	0.00331146454445977	3.09177543665747	2.51985224284538	4.25128581167633	3.68117763933489	3.97454210655488
chr8:116938945-116939446	Her2	1.1412572726101	0.0289191131363991	3.50284972269593	5.83848524235759	4.95553768975115	4.6020912258672	4.93731179735776
chr7:17619078-17619579	Her2	1.14082623998548	0.0457587138225688	3.84791782580119	3.20649001687709	5.18218164711373	4.83179885590979	4.8198844520104
chr4:75546890-75547391	Her2	1.14071160913318	0.0010222775476764	3.42750899082676	3.60419911609324	4.27577540561404	4.22358100997209	4.47978338114447
chr4:138913266-138913767	Her2	1.14057349954193	0.0174857408320386	3.67189080714306	3.51621125942695	5.03503981030922	5.06725255601705	5.13616222348559
chr6:131743808-131744309	Her2	1.14018834086679	0.0168614867543915	2.71167454676086	2.32113385755154	3.66676915019072	2.9232592439769	3.57979813854351
chr8:117146234-117146735	Her2	1.13998977635683	0.00334471962962977	2.91129897971383	3.16852612675366	4.0943545333535	3.68404017815159	3.60580937245837
chr5:56427034-56427535	Her2	1.13998198649921	0.000563793730677119	3.40126617977005	2.90485977044462	4.37151170757758	4.85080222650335	4.42183332887606
chr9:114994678-114995179	Her2	1.13940908620335	0.00915318162043411	3.24202757470084	2.67241367358533	3.79659811922103	3.68387248223367	3.68697968658556
chr8:135701479-135701980	Her2	1.13932076126578	0.000729120752361354	3.37139077131496	3.7710936436702	4.33077648965004	3.739649901273	3.55191692078328
chr17:34891981-34892482	Her2	1.13915620112491	0.00116046881237366	3.17633742233879	3.88500567681251	4.02845272533519	3.67158582182905	3.49282578403247
chr8:118956936-118957437	Her2	1.13915086867138	0.00630056232973265	3.37697381177471	3.11620059538963	4.42321542066129	4.73543338451228	4.62388676034125
chr7:42225938-42226439	Her2	1.1390428130642	0.0200474992151121	3.11671235967738	2.72571691410189	4.37341713683767	4.1838412239055	3.99890117111157
chr1:11455645-11456146	Her2	1.13900904302354	0.0356632293291852	3.30775501087538	2.71083442308014	4.68652127524012	4.56709143171833	4.35957977226775
chr9:77876573-77877074	Her2	1.13888898310976	0.00498439157508549	3.68776674813257	3.60172491081933	4.77415495565447	3.69806410497459	4.10425686393452
chr17:47969437-47969938	Her2	1.13879390883602	1.95465608930575e-07	4.79404170191052	4.65180644897835	5.34885097060716	4.46735990788125	4.86661310813086
chr21:19487094-19487595	Her2	1.1384191412321	0.00614563463136328	2.63387556983859	2.46138904645527	3.10202534421544	3.39933941818665	3.61214433081865
chr4:78081519-78082020	Her2	1.1383919394593	0.0140229545722549	3.21436123422338	3.86912025532162	4.19450608759618	4.47576459496523	4.49056948023655
chr15:61217736-61218237	Her2	1.13825367033406	0.0123224349333634	2.97959260246663	2.46463192135201	4.30658811305418	3.99595219015509	3.96848833848071
chr8:117341703-117342204	Her2	1.13821258746674	0.0299653836132356	2.37555301501019	2.01974670684609	3.48691253513552	4.22749759683622	3.98371058261133
chr12:99940854-99941355	Her2	1.13819489337047	0.0374938470312302	2.80217465513899	2.20471212469251	4.02392343063751	3.81541195063935	4.13685384700492
chr16:12798746-12799247	Her2	1.13814460856384	0.0300791061154714	3.07720706844393	3.5942216475648	4.40618189974771	2.87757922516683	3.26734309943727
chr6:132745491-132745992	Her2	1.13812455380507	0.00154501589004872	2.70473728033838	2.97743851202628	3.36007998993427	2.7158963047206	2.96147552967504
chr1:239872154-239872655	Her2	1.13796347096649	0.0153218003400164	3.16882106094282	4.36239619374164	3.85027601776905	3.33975861285408	3.12911014180885
chr3:102193905-102194406	Her2	1.13789087706475	0.000238649259480731	3.58199480270785	3.48034854645699	4.41981441220968	3.76980504430602	3.8766530866184
chr6:34551564-34552065	Her2	1.13774293640117	0.00847562974344391	4.0527939999527	4.68530148523451	5.46575719123028	5.43984870126705	5.24877385306145
chr2:157878638-157879139	Her2	1.13769040938598	0.000564997504624486	4.27917551452384	3.99741321164605	5.47076908850637	4.84328096241408	4.98153823799913
chr17:29150774-29151275	Her2	1.1374553326764	1.55814585683948e-06	4.36716117743581	5.01736181620365	5.00411194688799	4.30228911638041	4.18673049884265
chr8:109116675-109117176	Her2	1.13726370996904	0.0031402840528455	2.72435774025679	3.03014342300309	3.60446225699948	3.710475734747	3.31365634632376
chr19:57799642-57800143	Her2	1.13713426686366	0.0132121382740707	3.80863633893257	4.58178267317654	4.78368666841817	5.05000957183316	5.26520152287927
chr21:39758434-39758935	Her2	1.1371005649475	0.00059934288990383	2.94951115278108	2.94772283768048	3.98020753119578	3.2039389148908	3.73759815097682
chr1:167510177-167510678	Her2	1.13708213654618	0.00679196555691496	3.87980689281501	4.17123795858354	4.83025146797787	4.25315502046451	4.5394486967038
chr8:58119078-58119579	Her2	1.13690605424906	0.0100405923375303	3.360743106127	3.02730486108662	4.46196293516791	4.8287488070013	4.64320279310729
chr9:100848183-100848684	Her2	1.13684216739927	0.0108181760833396	2.70910434173288	2.3271514225525	3.10575108700208	3.49700859021234	3.56903469962316
chr6:106875792-106876293	Her2	1.13638994109479	0.00336457072000237	3.13316932401803	3.25592059082226	4.11152416097899	3.17092437957628	3.465706957368
chr20:33670799-33671300	Her2	1.13633507968179	0.00733433168980239	5.16682884051766	5.18920770051951	6.31919325519767	6.54543543848033	6.82241071252344
chr8:80167214-80167715	Her2	1.13625351695919	0.00822260576546678	4.50264378423189	5.36002528561938	5.84895566072496	4.79525945195214	5.35738598567006
chr18:14120881-14121382	Her2	1.13601791329256	0.00242116785556809	2.89845107440148	2.64805122925539	3.94368506356108	3.14879474367631	3.59169626150504
chr19:38055246-38055747	Her2	1.13575860431929	0.000596027661672317	4.29912912197945	4.73892756388624	5.3205321618856	5.33133464955049	5.17629350041097
chr2:200809681-200810182	Her2	1.13561183652451	2.24211843108142e-05	4.41483604795556	3.87489204062151	5.27485858053786	5.28807030659107	5.30446563430375
chr6:109421223-109421724	Her2	1.13532758392696	0.00339129734723206	3.15002579607279	2.63532125213703	3.94367272449364	3.15114143412883	3.28765003182758
chr19:57802864-57803365	Her2	1.13525636703527	0.00189302458662611	3.86617289862183	3.88500742359376	4.79542790821824	4.63342827649717	4.79053191440033
chr3:32852032-32852533	Her2	1.13522325004714	0.00296729575557148	3.0888566096192	2.898743604449	3.56161121020066	3.30020463227029	3.49498792360065
chr6:106854369-106854870	Her2	1.13500296968881	0.00236573687831927	3.3251689722738	3.6711747090941	4.35724478121438	3.29488393865933	3.622134132906
chr10:91554107-91554608	Her2	1.13491659462828	0.000671823682561891	3.78051475000235	3.80823620847531	4.7415040789867	4.47512747478667	4.66267698106534
chr16:57676632-57677133	Her2	1.13471318742848	0.00415973177786645	3.57337205007424	3.93125686432267	4.61493765409258	4.28788559187693	3.95635292134784
chr12:115867787-115868288	Her2	1.1346155690481	0.00546179777287474	3.99807631584107	3.74311149830238	5.26250479354296	5.07483069050433	5.11016735983645
chr16:3160743-3161244	Her2	1.13443935132032	0.00970184013932435	4.61216187262017	5.17613820247948	5.76037445705535	5.05403528279628	5.18021975032205
chr8:85223782-85224283	Her2	1.13435911463073	0.00704021212670703	3.66827263553084	4.14375513764821	4.90470161020153	4.74775836509199	4.81311136137392
chr8:66630175-66630676	Her2	1.13415074235003	0.00456753823180817	2.90470403408995	3.25495761960746	3.90470102930198	3.27578655487537	3.56393540587895
chr8:92721958-92722459	Her2	1.13397600532233	0.0261687147052176	2.64033673555321	2.52309652694877	3.67124214256639	3.80935266643997	4.00116205783753
chr14:34920544-34921045	Her2	1.13394401224985	0.00203839324472628	3.32294120090912	3.6164420078208	4.03664813063824	3.45297393767214	3.44448874418708
chr11:10805654-10806155	Her2	1.13390371979864	1.12740043777005e-05	3.8237349056655	3.5813093646516	4.29992302889477	3.99936174210988	3.74792955873818
chr10:111071489-111071990	Her2	1.13359206667684	0.028467496295193	2.91013354011652	2.76979601057066	3.71116105537462	3.96945077720221	3.75970106913958
chr1:210151037-210151538	Her2	1.13354835216777	0.0119207347612223	3.0059809599757	2.69510004481094	4.18653722227403	4.12197116862618	4.12969542015921
chr7:37701153-37701654	Her2	1.13325367680042	0.00604230744928802	2.74890819973823	2.68001471453359	3.40750737539971	3.28620778088609	3.32731147537401
chr2:79687296-79687797	Her2	1.13307706296773	0.0389993289610189	2.52068980775979	2.046058731506	3.67597943017674	3.98767803468992	3.3576130508745
chr1:175167810-175168311	Her2	1.1330478578604	0.00437403979964185	3.61102638310299	3.60473992013004	4.8721991801254	5.08205842294933	4.85027498814578
chr2:125712751-125713252	Her2	1.13301924881481	0.0021989278967863	2.85082797673389	2.30584811568022	4.06201056816402	3.7635930622074	3.66033930331323
chr1:175305174-175305675	Her2	1.13291673262373	0.00291905666625762	3.04712135744167	3.26838047045956	4.01059601955116	3.73033080844651	3.93233112922925
chr2:100812740-100813241	Her2	1.13273934788706	0.000805866507261732	3.54108385698462	3.13494980384563	4.12852583713958	3.28890152405632	3.12815017061283
chr21:37139123-37139624	Her2	1.13262330822595	0.000166541095072296	3.3435251599993	3.35891033528107	4.43426911078341	3.40433115503725	3.69023690931045
chr20:57997791-57998292	Her2	1.13236612855215	0.00302696194398597	3.7411904456293	4.64089739113108	5.04268927533752	4.50049252532706	4.24615579435526
chr6:157193351-157193852	Her2	1.1322508551876	0.000953864946827918	4.05953308008292	4.31407113635257	5.33567959319675	5.05390357431566	5.13442205162216
chr3:102032342-102032843	Her2	1.13220355992223	0.0107813910708456	2.89403938642315	2.87997426183517	3.68187071604353	2.87667854116234	3.2776811554535
chr8:93066145-93066646	Her2	1.13182477880373	0.00766140404807665	2.73798186371713	2.53743052913509	3.8174822668359	4.04249211472957	3.95607614503157
chr17:38692392-38692893	Her2	1.13151346631838	4.30416984823418e-08	3.81419239487249	3.88907342580368	4.1698688828285	4.05688506325459	4.19244737178661
chr1:33377680-33378181	Her2	1.13146305270789	0.00305931939089025	3.99630316048795	4.25478722899403	5.26804257343252	4.34153104218517	4.54927965156478
chr11:66723555-66724056	Her2	1.13128240012847	0.0308797325852218	4.25599558279771	4.51281833458378	5.78634599217949	5.39636192251875	5.78456318061936
chr1:6156957-6157458	Her2	1.13121139886568	0.00348792819493673	4.06559589350149	4.07410606716941	5.41442528436721	4.63820273803972	4.48871140104196
chr6:131170421-131170922	Her2	1.13098218272605	0.0478779784974401	3.02174120650462	2.93716932441209	4.39603993109282	4.45836411990301	4.9085677928582
chr9:19546235-19546736	Her2	1.1309126783741	0.00660491784348035	3.16416758110427	2.88897377754431	3.78650755421167	3.52805428941665	3.04898521223904
chr1:155149822-155150323	Her2	1.1308665572218	0.00617871379965736	3.16280742898528	3.56793823154263	3.84513490693366	4.32723142906326	4.02900471599201
chr2:215981749-215982250	Her2	1.13043250959173	0.00515337761862634	3.85644926764474	3.91561263075071	5.23008908989244	5.36228209399656	5.42135445559054
chr1:8705100-8705601	Her2	1.12985937104158	0.000718063810443147	4.64606569788355	4.95158337181135	5.7076736660906	5.33528322325425	5.37258396473494
chr8:114923025-114923526	Her2	1.12975821533317	0.0159314537265886	2.90470035463336	2.89066007957858	4.18036574067959	4.42585144309689	4.38674690061042
chr8:95152111-95152612	Her2	1.12968654964159	0.00120389643881534	3.68954983662243	3.46841276252815	4.80329307300023	4.32883307409024	4.85032113587214
chr2:21411658-21412159	Her2	1.12946928360264	0.00617646967800741	2.90049360426224	3.04269459695536	3.46789099039854	3.79068836335203	3.54866466551701
chr4:82552289-82552790	Her2	1.12944278616742	0.00610077244878773	3.17542690011286	2.42074712228719	4.26393781424991	4.5762552317809	4.46682033023404
chr13:72316652-72317153	Her2	1.1294420429274	0.0214467499261121	2.75570415515516	2.22511777112007	3.536508789672	3.62539775516602	3.76866833027609
chr6:132849380-132849881	Her2	1.12931920302837	0.0230323381637647	2.73515294666166	2.47641618003466	3.90807215449575	3.2868540685519	3.60229526563458
chr9:17929307-17929808	Her2	1.1291937630667	0.00383847042966194	2.84611579370256	3.3994504301984	3.55879109301382	3.21842945233753	2.80977805438447
chr19:57845303-57845804	Her2	1.12898339621025	0.00312576264118028	3.65001016487426	3.3015122782562	4.31408348566636	4.71574017336897	5.14945083855599
chr1:155177856-155178357	Her2	1.12891178707497	0.00294400998565773	5.44082178606045	6.49728074923627	6.59572469467296	6.45728666986763	6.46666592771133
chr1:96255702-96256203	Her2	1.12841027813371	0.0195726220584653	2.49969454583853	2.29500895960436	3.48711466076786	3.88714671597625	3.80143712568174
chr1:57020246-57020747	Her2	1.12795683940698	0.00704472643341141	2.92509991028257	2.43841570554853	3.60412973199261	3.26123139993243	3.12325241396807
chr7:14431679-14432180	Her2	1.12716501641584	0.0102518746324771	2.719109350463	2.25679460957323	3.71115740318412	4.06585935205884	3.79457024562629
chr17:68325823-68326324	Her2	1.12707274185936	0.0104008958084268	3.53296150241179	3.57284010382174	4.53601622388945	4.42493217187248	5.19846514105193
chr2:69534434-69534935	Her2	1.12688687417964	0.000612692761886013	3.48135509625603	4.26987748315624	4.66055208237817	4.03786289275712	3.93584063190104
chr1:217227843-217228344	Her2	1.12681997175842	0.0218043380652341	3.1207221753398	5.01309666253783	3.98448925852615	3.414011003011	3.47017151543165
chr11:67433436-67433937	Her2	1.1263349028633	6.04054820802024e-09	4.97589592300482	5.60259418294571	5.86652246411977	5.15015078457954	5.21092164091733
chr1:151561544-151562045	Her2	1.12632175537009	0.00211450521992976	4.0425000361195	4.68230511572231	5.1392866957983	5.0882713548086	5.17418818882856
chr15:46572575-46573076	Her2	1.1262949724374	0.00385263692007051	3.1021457688285	2.79558625823776	4.16850047108755	4.18937537907564	4.22098198279419
chr8:122273333-122273834	Her2	1.12627269904637	0.0014535592195524	3.03108120286268	2.69657777104447	3.76303432086351	4.12869270375622	3.98150111415716
chr20:2100975-2101476	Her2	1.12622571071349	5.85736162505621e-06	4.95030398501564	5.60133803212142	6.09513004914512	5.34728521381233	5.3868616784665
chr5:135449048-135449549	Her2	1.12618824028023	1.27100982467978e-05	3.65917965187104	3.58642759005047	4.59301802654272	3.91555146280429	4.04517264743516
chr1:107830422-107830923	Her2	1.1261272710819	0.00485819331924981	3.25341892672387	3.47443244660856	4.59001410833265	3.8342363374562	3.79438430422346
chr17:46773270-46773771	Her2	1.12609232550836	3.49167023286918e-05	4.1375280345557	3.90415185371504	4.45208011672336	4.17501839147834	4.2463392921101
chr5:37433693-37434194	Her2	1.12609072310308	0.0310523558830294	3.1049425066771	2.48921321219881	3.86806881685846	4.44298802711557	4.83475467554198
chr1:115954493-115954994	Her2	1.12600297150344	0.0390935999007431	3.12894451876689	2.81224717299171	4.5220098986886	4.74596773001638	4.74643600549298
chr10:101094462-101094963	Her2	1.12575424685135	0.000497188140339047	4.03731272676558	3.6077043606115	5.17831409666465	4.94582198569309	4.92793421105865
chr8:29344382-29344883	Her2	1.12520709983018	0.0120684885926959	3.79289901934888	3.7124429229627	4.8028540383178	4.96056423653748	4.52029573756332
chr15:80197346-80197847	Her2	1.12515700878211	0.00523169379813721	3.31712739537293	2.84239564498109	4.2339749009462	4.48975406533375	4.79663329907394
chr11:48085591-48086092	Her2	1.12514380212885	0.00966059560943076	3.86809989329245	3.70938611955965	5.19739873744053	4.98315099856598	5.21396210251183
chr8:115216803-115217304	Her2	1.12514317804228	0.00154982741177016	2.96909886554771	3.3222263286411	3.96833088754203	3.46864217454875	3.60014820794885
chr5:112507390-112507891	Her2	1.12504439275935	0.0169700578791942	2.46999791749926	2.33203013468188	3.63108250330591	3.3154618641295	2.79371303094633
chr12:46953061-46953562	Her2	1.12487055588541	0.0136523992319327	2.75915424707331	2.26657048206015	3.8463648765088	2.54621582363097	2.980885363907
chr17:29128193-29128694	Her2	1.12480725251865	6.0156967889128e-09	3.93979275185549	3.93192024358603	4.51903205746166	3.71398069352712	3.80219752740338
chr7:47782812-47783313	Her2	1.12476618993058	0.00610246603052341	3.83987373457894	4.36880687200992	4.79253882517254	4.0437715412606	4.16957133485386
chr7:16924345-16924846	Her2	1.12461676298518	4.32288406272025e-05	3.76398484425489	3.09391998461608	4.89244916831382	4.19189449907147	4.19934858230964
chr12:83492026-83492527	Her2	1.12450500774144	0.0069520508174396	2.77808087558013	2.08784582528159	3.60582976895262	3.77699842011353	3.89590839188156
chr12:96266887-96267388	Her2	1.12420094886977	0.00412459929559867	3.83185263273453	3.55385926904031	4.78500148361994	5.06162914713137	5.46185852301966
chr4:12928251-12928752	Her2	1.12393791655102	0.0162043789999748	2.71611845321719	2.34736164989826	3.35838679863974	4.12386643771924	3.33018356491369
chr8:42281294-42281795	Her2	1.12341622413142	0.000246932351054842	3.90424771794935	3.75020046257416	4.9708877088875	5.01940360181384	4.97358201785756
chr10:69321790-69322291	Her2	1.12339659092339	0.00201322721892822	4.19091073447192	4.62346173618848	5.51579048236258	4.62034777405488	4.68727023169762
chr2:11663426-11663927	Her2	1.12333280288105	0.0175996104210339	3.18429966257099	3.21509752015832	4.14412650025814	3.97535836496524	4.34590353099448
chr6:106759283-106759784	Her2	1.12313747484666	0.0109587376401774	3.07814377455067	3.08543533999739	4.14467584308879	3.2621582088742	3.45362229799238
chr7:110394542-110395043	Her2	1.12283602566976	0.0198805745284779	2.76874681038479	2.23353273345185	3.63876392828469	3.98755546849095	4.08768585795109
chr9:298428-298929	Her2	1.12263918957153	0.0354568858387318	3.16732473245463	3.74711085956382	4.28455761142794	4.02166632108907	3.70153042248994
chr2:99182909-99183410	Her2	1.12245370555312	0.0127484988268612	4.30323953312712	4.18535844946894	5.20116945430652	4.32279980373801	4.92338072647549
chr8:107935440-107935941	Her2	1.12212412145511	0.0126536365447135	3.02084562827793	3.34800588922828	4.32993959394714	3.572039732987	3.75750507954113
chr19:51961764-51962265	Her2	1.12189995483137	0.00155993171722534	3.61917147078299	3.09643217252461	4.62195428682942	3.57863929593295	3.65412209492345
chr1:232163554-232164055	Her2	1.12173470021636	0.0277630558703784	2.76351184369782	2.57752507088967	4.0315253334142	3.94635233051558	4.16739326777513
chr10:14299065-14299566	Her2	1.12168574763353	0.00249462887717448	2.85239055674286	2.77671663175808	3.85806516193862	3.59723125728131	3.77661093632216
chr12:115397726-115398227	Her2	1.12165316877055	0.0143750576170203	3.332203395818	2.33666651181887	4.62090626544667	4.69841255997039	4.86634630889506
chr8:129848018-129848519	Her2	1.12163839178917	0.020169722853355	3.56937219607291	3.90466351044136	4.57724580149635	5.02705964608974	5.14463264077357
chr6:106879360-106879861	Her2	1.12156442421474	0.00535738815247036	3.1563708491972	3.12882504354813	4.14950079274928	3.31246786157875	3.30437740622914
chr12:66651397-66651898	Her2	1.12136331193116	0.0121654427170712	2.63623038009292	2.19207205676138	3.57235574086009	3.38495653937033	3.60326117572859
chr6:106865998-106866499	Her2	1.12120972214003	0.00280385489912612	3.21710012775286	3.49492266017498	4.254768955857	3.33877023712844	3.59419604002085
chr1:151779914-151780415	Her2	1.12078473765475	0.000118712389366534	3.19478281680977	3.80832007270531	4.0731357898754	3.68772504579831	3.79121345633561
chr8:100713091-100713592	Her2	1.12062655935631	0.00128236290461652	3.67388547763362	4.1871069487404	4.84022993348719	3.90077744115266	3.99087147715891
chr2:177394113-177394614	Her2	1.1202905239348	0.0190312964257438	4.4316434027384	3.88593328186367	5.96023963502949	5.66311586749981	5.69454255385345
chr8:99103173-99103674	Her2	1.12013257437231	0.000364969361060931	3.27966447705335	3.20089670729148	4.39051885132223	3.78225629001853	4.35306723164241
chr17:28499822-28500323	Her2	1.11993266694982	0.00341696296600572	4.39482260846378	4.38811636025717	4.89503794752993	4.56220030392842	4.66494378348216
chr14:73559629-73560130	Her2	1.1198791818978	0.00915879076390313	3.45810212746747	3.22013559253599	4.64397572506023	4.74093039762593	4.78667704048183
chr14:22407526-22408027	Her2	1.11975885041225	0.00942672821104017	2.7126290446339	2.54625259349765	3.4467210635908	3.66304843953661	3.58970757241936
chr2:233380960-233381461	Her2	1.11970475769877	0.000397288056664317	4.0394818533507	3.79129431395469	4.88274537582959	4.31817310709022	4.43387077321173
chr19:34088266-34088767	Her2	1.11966033362334	0.0459585060920863	2.41868815924799	1.8983799720409	3.35418688226531	4.39486091199557	4.16735907998557
chr18:13545525-13546026	Her2	1.11959853387938	0.00139083038675445	4.07497306818768	4.19124459350541	5.26664427280448	4.70827066577733	5.21345318910876
chr2:69975213-69975714	Her2	1.11916665122949	0.00193775971689783	3.97785832807527	4.71095850951361	5.10427979328085	4.70809979695526	4.79096160967684
chr6:106737013-106737514	Her2	1.11886624550691	0.0218105855333907	3.75788896310616	4.39763789989956	5.02752155715286	3.95197103077853	3.7787718737396
chr11:74400543-74401044	Her2	1.11884503912352	0.000900847824848016	4.04115801608816	4.38078800809231	4.93328902246474	5.0642611665693	4.59712670385359
chr6:106833072-106833573	Her2	1.11880461694031	0.0186979820334981	2.85834929625716	3.83979494043297	4.06090836586508	3.2740419840105	3.15971253252638
chr17:57126601-57127102	Her2	1.11876123211298	0.00349848081688053	3.57322146521674	3.58527071076734	4.31944364793924	4.51618259430621	4.58163461159074
chr8:85223245-85223746	Her2	1.11864471678976	0.0152154495203788	3.67990868276755	3.95425177527627	4.95706079265531	4.94332350188564	5.03129778115011
chr5:100568187-100568688	Her2	1.11862210003966	0.00231481566410576	3.06317666341377	2.33980449989205	3.91300920528509	3.72907830559705	4.23394819245751
chr9:13095005-13095506	Her2	1.11845486196781	0.00358794216115888	3.03665949630276	3.39767207363192	3.96964325890605	4.23184133898516	4.25887080134706
chr12:66442374-66442875	Her2	1.11843211426371	0.00360133084203096	3.15571648720898	3.45612168952475	4.06039045136182	4.19970568086172	4.15473044715982
chr1:186568883-186569384	Her2	1.11799732194013	0.028467496295193	2.7904564620772	3.01111557734228	3.34504699018477	2.7877973375969	2.54260905439802
chr1:7594244-7594745	Her2	1.11798871763522	0.0140513386906368	3.1918945252648	3.06186039424455	4.28468020292565	3.59520607276804	3.51393809326633
chr11:60758564-60759065	Her2	1.11781435384606	0.0317047339963281	3.4755939065349	3.92695154721855	4.90827534201596	4.24476713925746	4.77046355343954
chr4:40453083-40453584	Her2	1.11757551499555	0.00318574296666238	4.21820602789065	4.02558638645203	5.48866280802641	4.91942676945562	5.21758565797556
chr19:34875226-34875727	Her2	1.1172682409333	0.0320975152163065	2.96565320961398	2.69003281602592	4.23204730346406	4.03669075725382	3.7655084313832
chr20:63539480-63539981	Her2	1.11722233114155	7.14085184358394e-05	5.08002110058271	5.25500072230847	6.16579288847454	5.42990172109734	5.64107603787164
chr17:29115283-29115784	Her2	1.11711321000178	7.8389177661973e-10	4.57248315587593	4.54045213599763	5.07642242437643	4.50800029010078	4.58246707940289
chr14:37575612-37576113	Her2	1.11687995356851	0.0256430613467395	3.28051794841926	2.56678768000837	4.55212014532781	4.05165354078252	3.66380093894699
chr5:158832072-158832573	Her2	1.11682484085708	0.0217612954719791	2.80358920006433	2.16348120138193	3.38265098719172	4.01175332993299	3.52286819483049
chr14:26465564-26466065	Her2	1.11674005981282	0.0151874605233359	2.72032878059459	2.25892004351044	3.68041753326451	3.21983409162874	3.26516202323489
chr17:40286494-40286995	Her2	1.11645405787877	3.8617761358786e-08	4.60269904034813	4.44705610496396	5.12905141678551	4.34186553051424	4.62448940768138
chr3:128421396-128421897	Her2	1.11614569309377	0.00196644406631919	4.20570043383029	4.18755985900548	5.15153840207893	4.81478087057385	5.21754941734171
chr20:57070405-57070906	Her2	1.11538824062705	0.00029396576327319	3.43794537735255	3.45826246921845	4.35347972057826	4.19759261360126	3.88317506027805
chr2:232635288-232635789	Her2	1.11523672081163	0.00538112484407871	3.70788863180027	4.56049380007065	4.67356821814055	5.1323542817663	4.99230919482901
chr3:17745239-17745740	Her2	1.11509970797059	0.0125621054173716	4.49199528875446	6.06475061383579	5.46382126964188	4.23450345363243	4.49122600137434
chr17:40152516-40153017	Her2	1.115093275938	2.12333863327727e-08	3.57422215730331	3.46001570847429	3.97879841266274	3.55497431708454	3.61786407613468
chr14:91832770-91833271	Her2	1.1150622309541	0.0121950059778298	3.58998814224328	3.99643729495168	4.91360204624798	4.65165649470663	4.24759349607831
chr8:100891046-100891547	Her2	1.11503969025718	0.00153587161429872	3.65861882034984	4.37719127518615	4.72190403874548	3.72595114927101	3.96576682733074
chr9:86142962-86143463	Her2	1.11467795854002	0.00264709409953444	2.83614569857293	2.48042301113249	3.61624679091496	3.12122509049396	2.99944240619761
chr12:63417481-63417982	Her2	1.11431365693752	0.00595874577309522	3.28985704410549	2.30607429948793	4.32663785621162	4.16526241765737	4.14416231029163
chr6:30780002-30780503	Her2	1.1142225331134	0.000152062341043243	4.95325935478673	4.9794442367881	6.13851649556917	5.95478992419529	5.68143649098188
chr12:69427672-69428173	Her2	1.11402623501107	0.00343956634432794	3.11423748142212	2.38710870910772	3.92337363002714	3.94463961775291	4.33185107710908
chr21:28167170-28167671	Her2	1.11397341257768	0.0195188546484759	3.02826540522038	2.32799410953893	3.69585062801482	4.06371752157821	4.39075023696413
chr2:211473422-211473923	Her2	1.11393804427382	0.00407206810487462	2.57407744458576	2.09293661511206	3.48571449844072	3.56212778750567	3.15666543227836
chr1:159958810-159959311	Her2	1.11379015031	0.00261165481482986	3.96891103878588	4.68413931594279	5.05121777171426	4.72420481421137	4.50515168486249
chr6:138815187-138815688	Her2	1.11361852977384	0.0129111240687113	4.22684716498211	6.3260021335857	5.61198982953549	4.99665731805482	4.74549206561325
chr4:40701691-40702192	Her2	1.11335081590324	0.0363722716385926	3.21803020843431	3.80671192609242	4.49135624701358	4.41124818500064	4.4944935606686
chr10:37459170-37459671	Her2	1.11333522639298	0.023444130800981	2.69870461020283	2.56215465653747	3.72910657745541	4.57350706839929	3.72373164540399
chr18:56811068-56811569	Her2	1.11329998736298	0.0148259827390316	2.48263437541476	2.17168639381633	3.50450221499046	3.77632972652168	3.37292927498665
chr6:106755000-106755501	Her2	1.11323013147736	0.00761363501322815	3.52860060511069	3.43238568047808	4.52230608645817	3.68778297575405	4.03882132953008
chr1:218619605-218620106	Her2	1.11312446118419	0.0080289018999339	3.23989009431143	4.16223506717471	4.50180524953049	4.44039595789742	4.30370541372167
chr8:126328312-126328813	Her2	1.11310232286151	0.002618930377707	3.07893802041162	2.92732375764545	4.29231276536314	3.73855844909778	4.08012164036121
chr17:68348371-68348872	Her2	1.11306523049739	0.00192945930619787	3.3943056470707	3.40768009940378	4.27301130315373	4.52649741628138	4.72777113134702
chr1:117211607-117212108	Her2	1.11290678247742	0.00891411338016193	3.44705357184994	4.68961414896717	4.78090008174291	4.59803488866437	4.59513504032395
chr2:98373839-98374340	Her2	1.11271991579274	0.00361360524489728	2.82989483620325	2.36370879177445	3.92949701429815	3.78215881499835	3.70256763525199
chr19:39540882-39541383	Her2	1.11215098211001	1.57483762136049e-05	4.26781439857686	4.39581772570536	5.24188282486373	4.74378401254178	4.64042318252968
chr4:118990241-118990742	Her2	1.11191171488195	0.00454794701744109	3.40902189529638	3.46282174943972	4.50423201275778	4.51341337618168	4.87694477833449
chr8:115520437-115520938	Her2	1.11188203948267	0.0373145950901718	3.20096640830486	4.30845490609231	4.6893622239367	5.0408277239518	5.10533487366341
chr6:100484920-100485421	Her2	1.11182832935489	0.0487020543020767	3.26254117345375	4.2585416990357	4.58603707605178	4.42242357309322	3.87593707816376
chr7:129587721-129588222	Her2	1.11180582872891	0.0177819246389433	3.00450363874327	4.1577488295738	4.20565997775275	3.36528116480598	3.52697823967544
chr9:120662313-120662814	Her2	1.11173646982699	0.00135196060643024	3.1028877688782	2.3044278931122	4.06810339325091	3.58747432515958	3.97099541781724
chr13:78323793-78324294	Her2	1.1115091148608	0.021536169069639	3.02547952782936	2.93019716408175	3.77732305057087	3.34194289210149	3.05460681153875
chr19:41095734-41096235	Her2	1.11137529258342	0.0270358979214648	2.92523573413791	2.60480296124512	3.21937485916336	3.04617126048945	3.28686912369318
chr18:14746083-14746584	Her2	1.11130805679884	0.00438848878818466	2.74560534723453	2.23513592380512	3.48017538314883	3.19226632098003	3.22191990002549
chr12:25492004-25492505	Her2	1.11122511502756	0.0321049323381924	3.05155453990841	2.81742662458646	3.85785467984098	2.97364078394041	3.72119450486583
chr12:86970661-86971162	Her2	1.11110332340804	0.0400457099836057	3.71777329445741	3.05482023405971	4.94259521236733	4.40283916510393	4.73468401874261
chr22:41003874-41004375	Her2	1.1110232940412	0.00349003226115343	3.42969018129303	4.52389599833432	4.75829130464561	3.87180178715826	4.13084390252362
chr1:211330410-211330911	Her2	1.11095653109031	0.00284302615569443	4.38012942797668	4.56053834171889	5.58423301602595	5.44708455696142	5.54489861332882
chr17:40125185-40125686	Her2	1.1109240969416	3.08539631789142e-08	4.14163236369746	3.9763394359974	4.69255548178803	3.98098483611451	4.17371880655809
chr6:23403422-23403923	Her2	1.11090161648928	0.035087894413365	2.75424718292241	2.76997057110458	3.91789053506905	3.36565651175349	3.2551575139548
chr13:61622291-61622792	Her2	1.11082139871802	0.0360798489282533	2.94711696749417	2.30999292381841	4.28545021929852	4.82244056843052	4.20305709739321
chr3:13456306-13456807	Her2	1.11057582575563	0.0140318245597695	3.4201828477236	3.0418307530495	4.18609647603426	5.02648203748132	5.05737555260211
chr18:25302298-25302799	Her2	1.11050618507949	0.00556969282069173	2.98553080976399	3.69735114643104	3.61399928468576	4.00753901481482	3.70535466324813
chr8:99107387-99107888	Her2	1.11034662525841	0.0447472122364674	2.82706402868141	2.51986334129977	4.20792387740386	3.83436535113277	4.33463791618946
chr6:107138802-107139303	Her2	1.11033809075462	0.0132255224111453	2.99961700327182	3.57884756782129	3.84480566214964	2.66775911734017	3.13510599371225
chr3:13476675-13477176	Her2	1.11033701989786	0.00209752054666269	4.05713694968839	3.87966365373347	5.03810364539708	5.43571361512596	5.57279927961105
chr4:6427418-6427919	Her2	1.11032758657136	0.00193418924692197	3.42281991416168	2.8811104204317	4.00381282915379	3.75324681137514	3.60509353114049
chr7:140983128-140983629	Her2	1.11026360105348	0.0196268639318208	3.48793219205357	3.02301532672979	4.50704559346731	4.54929790090661	5.09677059468538
chr17:29281163-29281664	Her2	1.1102261212701	1.08258440747031e-09	3.93714539882276	3.95306841257056	4.62167884030135	3.74573890502071	3.66820318520016
chr1:1111452-1111953	Her2	1.10992803333356	0.000110247808628028	3.99519241940324	4.03905037565778	4.91244669217146	4.44928828814372	4.75026475869497
chr1:175170207-175170708	Her2	1.10902932367087	0.0142699659089813	3.96244884578403	3.57272368974314	5.38520647392276	5.28081325816139	5.12123960012745
chr20:54084058-54084559	Her2	1.10900582608871	0.00339434495635764	3.41945532242767	3.39872907687066	4.53345830221965	4.35704594348001	4.3672018614101
chr16:12678957-12679458	Her2	1.10814245699197	0.0398599682195461	2.16088615164594	1.655051672819	3.32555062140519	2.56227450587125	2.93894436033208
chr17:39436619-39437120	Her2	1.10797434474612	0.000246965187623889	2.90886951485878	2.67922754639269	3.46019517289164	2.76256828618237	3.02900368015112
chr9:112714654-112715155	Her2	1.10760202658804	0.000275278015606622	3.93146737827642	3.35988544968781	4.78295230486906	4.54061067123969	4.8898959955919
chr8:127524205-127524706	Her2	1.10754666326598	0.00848558033768812	3.0821359538414	3.42399118988358	3.67245588630687	3.11231744852078	3.58236123404108
chr8:101393983-101394484	Her2	1.10749380197389	0.00838977803258274	4.10915571620145	5.43941322663431	5.48173969716782	4.70094967232743	5.03901694394685
chr11:563587-564088	Her2	1.10730324456852	3.52121416523508e-05	5.53405315356074	5.92757774491903	6.58349647387556	5.95657159967297	6.08021755836812
chr17:40625694-40626195	Her2	1.10719501838182	0.000125007093219162	3.56831312784943	3.32765894479285	4.03703925589016	4.09731271455556	4.1554951122531
chr8:95094798-95095299	Her2	1.1070997289876	0.000749007806466283	3.77116383936338	3.8562818639082	4.91551409287507	4.70993577676372	4.9461873418309
chr11:67249404-67249905	Her2	1.10659556928844	3.34389794758831e-05	4.31656021042254	5.07499203341846	5.19117721348086	4.76458963346892	4.94953144842163
chr14:55577195-55577696	Her2	1.10658442249158	0.00754806867595613	3.39630114979265	3.4425996548223	4.43369143322887	4.69738636374374	4.43119502205926
chr6:107243488-107243989	Her2	1.10613190222032	0.00462650159442347	3.37546309720746	3.90518322643589	4.40753069421675	3.50568120363153	3.64606904731055
chr11:88171897-88172398	Her2	1.10609235847105	0.0408806566285924	3.49621941504135	3.19980696181012	4.72059399707465	3.84385784093777	3.94248130769129
chr6:34552246-34552747	Her2	1.10585873215575	0.0201261476364576	4.14569454684849	5.3371573948221	5.605330634549	5.63134327567698	5.47177016383681
chr7:73740813-73741314	Her2	1.10578258657087	0.00152943960370921	5.85827230855927	6.08715974663401	7.11532287466216	6.50433567841153	6.84557674404954
chr9:115326410-115326911	Her2	1.10568365422924	0.0304182706169362	2.99890066744284	2.49118733122257	4.16846452274198	4.7740725392793	4.48666110111315
chr20:38815313-38815814	Her2	1.1053878626983	0.00070609598722599	2.93894588007289	2.61482785118337	4.33741862004218	2.89887227703063	3.46984266728694
chr1:191701649-191702150	Her2	1.10536770226353	0.00635173632073094	3.18694974811399	3.27141172534772	4.10812533196272	3.95970385051139	4.01240344782369
chr6:106738502-106739003	Her2	1.10534111268634	0.0284344179624161	3.66118227093371	4.40699907506045	4.82474525800959	3.83752341887385	3.62458188580233
chr1:202749262-202749763	Her2	1.10532940987825	0.000949475664519114	3.5064762280683	3.76401782416561	4.14691641185256	4.38496398553442	4.36512816307558
chr2:43440620-43441121	Her2	1.1051190632765	0.0217817251969783	4.20983283530254	3.34506514246215	5.59135348943999	4.87722074924739	4.90467469453749
chr13:42537348-42537849	Her2	1.10500937617545	0.045998442423893	2.7932453516663	1.78230208531825	3.95148276900593	4.82825303759659	4.10035153605768
chr5:73276304-73276805	Her2	1.10498371472867	0.00758264114838812	3.08047559710227	4.13026414981551	4.27505437353137	4.46422169586279	3.75069558658438
chr9:113567685-113568186	Her2	1.10483479216175	2.3687674148948e-06	4.24499741402837	4.77191364472636	5.25282603466072	4.59368924172448	4.51869694687672
chr17:32297537-32298038	Her2	1.1048240682296	3.11919569766156e-05	3.23192165075856	2.79403421699531	3.73436605888206	3.84675264924898	3.72140267574034
chr17:50921517-50922018	Her2	1.10467247441009	8.65865341639938e-05	4.68712309242605	4.83534688603235	5.61117896003227	4.88776016855134	5.15297895195575
chr7:17664226-17664727	Her2	1.10465855534665	0.034778867134757	3.12806988409445	3.02014299046993	4.16300881927165	4.43765393711894	4.18087692390213
chr11:49477524-49478025	Her2	1.10463900319209	0.026041334987772	2.59512886594168	2.07727494746968	2.98937234647847	3.16787382680765	2.99962298095803
chr1:172448390-172448891	Her2	1.10403643725709	0.00432373147730211	4.37946768280244	4.87858895327089	5.53890000926848	4.72202999005088	4.78165280492518
chr8:127669999-127670500	Her2	1.10381265996515	0.01056336024554	3.97713529761061	5.78331906617414	5.25841313428419	4.78548707218855	4.63420712023222
chr11:68871444-68871945	Her2	1.10362100511048	0.017766446118884	4.09416230499569	3.84961582798572	5.42708407897559	4.57258150973436	5.13303031320893
chr1:224222219-224222720	Her2	1.10264053066664	0.00630056232973265	3.84244187877547	4.0689878171455	4.73638032618317	4.54391683491522	4.85738953682631
chr15:39785116-39785617	Her2	1.10262517267729	0.0105216591949785	4.81194161229659	5.03387323996141	6.11934626806444	5.37485260367278	5.75730680903374
chr14:95689379-95689880	Her2	1.10240198361387	0.0464211527036182	2.47542146886521	1.66009462769878	3.57999281494483	4.41038692394838	4.31085206266928
chr2:142901614-142902115	Her2	1.10233972588787	0.0233409665179159	3.47547371923482	3.72765792604781	4.837866123192	3.73417432833317	3.85878291207189
chr11:7570116-7570617	Her2	1.10232222836707	0.000104973739102514	4.26879219325185	4.24353339885274	4.99906253783876	4.85572640981719	4.70268942540144
chr11:67850376-67850877	Her2	1.10229683545927	0.0188247368666072	3.65554573070802	3.65704490948264	5.02212109259856	4.3542853235154	4.66452160343692
chr8:38432488-38432989	Her2	1.10198889885993	0.0158966121550732	3.46742725292623	3.95171577489678	4.5590091748285	5.19389342801259	4.68355130041928
chr6:107146835-107147336	Her2	1.10196413806062	0.000453421975823828	2.81693605289797	2.89091935281936	3.78884975391656	2.86021206592782	3.17070506066604
chr17:38600791-38601292	Her2	1.10168827861908	0.00178497877346951	4.41908759053974	4.41702586813247	4.82980027794662	4.54024173540155	4.59897725533718
chr7:23600113-23600614	Her2	1.10160697546416	0.000810927477720832	3.34929078100994	3.47245742301732	3.96486358105533	4.12458255923263	3.72095794587772
chr8:118116622-118117123	Her2	1.10137605953579	0.00415035085224349	3.62276222557729	3.66020148089311	4.70379662082467	5.03283004992305	5.12053844704123
chr11:69964680-69965181	Her2	1.10129321703153	0.00237456331045529	3.6249049337923	3.78705544578662	4.68802258953227	4.2251501465155	4.68000993664472
chr8:115659787-115660288	Her2	1.10071117585117	0.0399355297229041	3.37129255071129	5.33042826324544	4.73906352539588	5.33957902428448	5.15070154057345
chr17:40338261-40338762	Her2	1.10053899092032	2.88217682681579e-08	4.40665271044207	4.24511155828802	4.98165581741029	4.27587501067144	4.82686999213806
chr15:90231549-90232050	Her2	1.10040763237886	0.00621914122464711	5.73732740633507	5.48602462229253	7.08109951896306	6.64017753475974	6.8189317063004
chr1:166487613-166488114	Her2	1.10028681863604	0.00811797624788063	3.35308280101978	3.54417471968751	3.98287180556022	3.47180322967372	3.50221289425236
chr20:1400573-1401074	Her2	1.1002016956396	0.00538014600474066	4.00115063766153	4.24392571474258	5.20692056342501	4.09591555326273	4.40240552444176
chr1:31979047-31979548	Her2	1.1002015391183	0.000114333508484027	3.22928688256263	4.51349482931874	3.8424167592422	3.71426612645234	3.49455177496879
chr5:174003734-174004235	Her2	1.09976314549574	0.0218508379816576	2.51091729118691	3.06221217273846	3.70069250801378	3.26535590411675	2.98511143612901
chr10:25384562-25385063	Her2	1.09949483856881	0.0367063527974844	2.64358613258361	2.60050480444934	3.52979751635045	4.2420797033359	4.28527429775221
chr6:138160439-138160940	Her2	1.09934964581739	0.0121975761012171	4.1975819089008	4.08208859541593	5.44338302091716	4.54582156876563	4.59906201411514
chr11:120551674-120552175	Her2	1.0990070484933	0.00384618040225675	3.14009125389849	2.75233769922682	3.63488306045432	3.66394578844935	4.00612543114681
chr6:41319848-41320349	Her2	1.09878178466402	0.00358438358069016	4.14997360844766	4.5297202772614	5.33837589267391	4.7012991949338	4.87605370151918
chr11:49938554-49939055	Her2	1.09874437134634	0.0112885612002841	2.86780395728429	2.26037045478621	3.70694350097401	4.19535269950471	3.77581586393007
chr8:124568069-124568570	Her2	1.09871874843834	0.0205326082103648	3.88398117238921	5.92652576471759	5.23069484892902	5.11770109688872	4.85432181396385
chr8:93278575-93279076	Her2	1.09864862153459	0.0388105370355797	3.00128152302509	2.60556853185398	4.16178297444875	4.08268605212237	4.08875719041711
chr7:143321120-143321621	Her2	1.09863965121862	7.4888568607887e-05	4.38127804550176	4.2701805140934	5.30850221904255	5.08080320853109	5.23429321865682
chr17:47973409-47973910	Her2	1.09862424360367	1.28783573643448e-07	4.11054443685024	3.96165823832671	4.54682880654285	3.96447808254872	4.25618263709206
chr19:57845982-57846483	Her2	1.0985355910284	0.0102561967378386	3.46782230398398	3.19718497634838	3.92712229805642	4.56341323187459	5.0999106768521
chr20:45445407-45445908	Her2	1.09827593746704	0.00360268731617233	3.36809813111888	2.3574774389748	4.15976356393333	4.00647710126023	4.26856965661688
chr14:35350028-35350529	Her2	1.09807037598364	7.90215942222846e-05	3.75127378898644	3.49640713296911	4.72159666907954	4.21585670026544	4.28696916847938
chr21:13183409-13183910	Her2	1.09804490104409	0.0281310106846825	2.0907325245044	2.46234392820923	2.81191276764502	2.69557936854345	2.52556434412551
chr16:19951051-19951552	Her2	1.09801155903538	0.0361357815352363	2.48436354985253	3.85733813235156	3.51488538289964	2.86254135059258	3.25781915267571
chr3:100536563-100537064	Her2	1.09771670103436	0.0103983893399179	3.24534655765891	3.73633746177789	4.39846203342928	3.69957834413854	3.68999236525711
chr1:146771348-146771849	Her2	1.09758741849145	0.0365393399900586	3.15245600439327	4.35536029208777	4.45819821909096	3.36403797995645	3.2839784288553
chr17:49074814-49075315	Her2	1.09712009513884	0.00896655012595491	2.72280516570528	2.30085091369628	3.5262171067876	2.60598972228794	2.75704939383048
chr16:3161276-3161777	Her2	1.09706730629926	0.0113359047441033	5.07908752828991	5.51980492031269	6.19867126086612	5.15860628248753	5.55528205004364
chr10:34152524-34153025	Her2	1.09693836865597	0.0249143581046839	3.54870547967132	3.09052080905728	4.36157497429848	4.14014211719071	4.26118116932853
chr14:36664203-36664704	Her2	1.09687370833796	0.0113609002227337	3.71898372712226	3.16577416373892	4.51157168494381	4.12792616595428	3.79475582872505
chr6:106806860-106807361	Her2	1.09654803298143	0.00374034804181919	2.81665166309646	2.86019323676359	3.81321523728961	3.03709900892347	3.13009986728647
chr11:67684974-67685475	Her2	1.09632584550056	0.00744514905070582	3.1214820917217	3.92245355471677	4.25418731602966	3.49714604598364	3.80452877907271
chr3:62713324-62713825	Her2	1.09624282146897	0.00344313606017607	3.23785329581472	3.73955724422351	4.00114443124948	3.49985647899597	3.10576633395441
chr2:115574634-115575135	Her2	1.09616321237999	0.00944054013879424	2.99399326271139	2.56023481841216	3.9867687724663	3.15700740154959	3.07240574168221
chr10:21169242-21169743	Her2	1.09583256429295	0.0215841361198714	3.70349205149187	3.81013561283577	5.06095272562613	3.82037112078399	4.21970085815218
chr14:37564787-37565288	Her2	1.09560246184257	0.0477067868785304	3.05730192640901	1.94763875397165	4.56264328255387	4.00371265146804	3.79316284366477
chr5:132868432-132868933	Her2	1.09545857060753	1.65995638752485e-06	4.13352567991328	4.50346575220395	5.07661840671288	4.34043334658607	4.36750632355024
chr1:31429280-31429781	Her2	1.09542147304197	0.000162694261332157	4.0010725833503	3.70290694200346	4.95619743278225	4.31079471048784	4.38711999850209
chr15:91278868-91279369	Her2	1.09531375558192	0.0224739754837115	2.81090445111162	2.18043616915426	3.60921462192094	3.46999653031951	3.27976235122999
chr16:2499787-2500288	Her2	1.09508819950151	0.000119770291999185	4.63045071037421	5.97699442361341	5.6825916219219	4.94010796718948	5.10040252804556
chr1:194813032-194813533	Her2	1.0947800609205	0.0185759090103784	2.90209914599735	2.77316167404901	3.56545273487089	3.49059001734523	3.59165894288796
chr17:40141878-40142379	Her2	1.09464613575341	3.95268523036065e-08	4.07239084210532	3.98097892987426	4.62314467366702	4.08016497874503	4.27732922652035
chr17:50936768-50937269	Her2	1.0945121698743	5.27051830735438e-05	3.99811367751993	3.47223376884732	4.9400936037393	4.31448297773163	4.7520045230036
chr8:122210261-122210762	Her2	1.09403912990922	0.00658330950234852	2.83689887396817	2.77490436832137	3.36968539415439	4.16252576542282	3.91557017206221
chr12:95470286-95470787	Her2	1.09352112267775	0.0113719250728619	3.81125469298163	3.25034971893945	4.96853492423017	3.9607935138184	4.42059214774362
chr7:42233080-42233581	Her2	1.09343466689257	0.0272211625494622	3.69567055418078	3.53918739300175	5.09189660747427	4.78016165823253	4.48870076172012
chr1:179078551-179079052	Her2	1.09336636953371	0.000369913030953389	4.50970409503588	5.42874438911889	5.58403018488495	5.58664974943957	5.42260186316604
chr17:38677874-38678375	Her2	1.09331489211228	1.24150943315644e-07	4.15777282089703	4.35134542299923	4.52733731757822	4.0931559162131	4.2941573931956
chr16:30621658-30622159	Her2	1.09305187477221	0.00713785330592419	3.54525619008039	3.90732535876994	4.69857851610476	4.07800779188833	4.0183349712446
chr1:41623672-41624173	Her2	1.09297124964304	0.005602556498705	3.69823710780654	3.74961685276224	4.73139404716005	4.63340941955534	4.46573365530847
chr1:203720217-203720718	Her2	1.09267380547838	0.00137005320612389	3.50569783664221	3.59880059834082	4.44340279021658	4.22192570928334	4.04972348975758
chr3:4441733-4442234	Her2	1.09240272458467	0.00229655568821692	2.68877990804417	2.25887754650857	3.50256319369141	2.84589465369233	3.29310065534069
chr17:40136759-40137260	Her2	1.09226324310851	1.66955149094034e-08	3.80740791682107	3.70760947473295	4.44555764764535	3.66293682312912	3.91994904562817
chr5:170272983-170273484	Her2	1.09204756069834	0.0152725675429437	3.27953572148353	3.3852200034184	4.39857459931862	3.88983335055269	3.54476387774585
chr17:49998695-49999196	Her2	1.09152506129918	1.63555352244704e-05	4.52708010189223	4.42764186792123	5.26822590257522	4.75800087605871	5.05263451162842
chr2:219400470-219400971	Her2	1.09109784967857	0.0370481986109791	4.21692389940442	3.95253506163447	5.78081138961389	5.78752043963562	5.88565683973165
chr6:13021766-13022267	Her2	1.09108722130171	0.0171121786712665	2.71460894167006	3.48395977198627	3.41810709489648	3.10810286486975	3.10265580395387
chr6:77547124-77547625	Her2	1.0909011409937	0.0159933474573322	2.72509398717789	2.07928346883351	3.56766851360712	3.83772012622968	3.88913296964516
chr9:5440331-5440832	Her2	1.09068149342852	0.00040492137128733	3.74038374093722	4.10743592810243	4.39100100274385	4.70916732499675	4.58058445615313
chr3:174864106-174864607	Her2	1.09045189821313	0.0127562566440333	3.43111296644114	5.18999679271295	4.72341964936747	4.34798904196181	4.38057541676274
chr11:130533735-130534236	Her2	1.09038294265666	0.0388453850810087	3.38576040977407	2.31882434923948	4.72359441217646	4.78009870477472	4.57138794886644
chr2:222888503-222889004	Her2	1.09037602092266	0.035182970794081	3.28281755806033	2.89735575909389	4.36350250288491	4.6112639094943	4.70089547152997
chr16:13777709-13778210	Her2	1.09029189988534	0.035746494122379	2.78967855460035	4.46529286604086	4.03289078048687	2.97014279096884	3.29548100449655
chr3:85767019-85767520	Her2	1.0899464453325	0.0186128408027906	2.78662080657742	2.02354690301764	3.75629578903556	3.60494263957174	4.14353919587437
chr6:150748238-150748739	Her2	1.08967648825726	0.0181732122767709	3.26116129728384	3.2485715686879	3.91390931227086	3.08991321926152	3.14337835951066
chr12:3750644-3751145	Her2	1.08959142143375	0.00049476711819856	3.90697557957897	3.49550167761386	4.98562813705201	4.81737707205817	4.84590783257265
chr2:109469724-109470225	Her2	1.08927502912423	0.000878549222032736	3.64060600737283	3.16885416845266	4.85520408194913	4.52150729970445	4.46843161026637
chr17:50164956-50165457	Her2	1.08921999275237	1.23690720583546e-07	4.29501418384167	4.58444257101198	5.1142002743989	4.74074316168078	4.74256115738787
chr14:66884170-66884671	Her2	1.08910200148855	0.0449768797031343	3.00697279118766	1.96930124657189	4.16810746773259	3.30278367003953	3.38056949885107
chr13:106912791-106913292	Her2	1.0888671170111	0.0139973669566716	3.02497398433935	3.16392422914828	3.84677715478587	3.81340085879127	3.46847018823273
chr14:60416068-60416569	Her2	1.08875952861357	0.0465581238641723	2.53493316379565	1.82090987241688	3.01631154076756	2.85658349387393	2.86845537249488
chr14:36699366-36699867	Her2	1.08834377225013	0.0120684885926959	3.34631759804242	2.36640788663717	4.11310043398845	3.95923007419679	4.23966871822919
chr3:4715540-4716041	Her2	1.08830560790933	0.00361360524489728	3.59188143063051	3.31758445908267	4.6704626690788	5.0496490020627	5.06206965160594
chr8:94927739-94928240	Her2	1.08827646472098	0.0161334416009677	3.18644789446248	3.62998316924531	4.20811359528182	3.46621176268895	3.91461007408816
chr1:155042444-155042945	Her2	1.08805968132584	0.000288098483818445	4.47855853450477	4.84980101764503	5.61310130326979	5.32921176886226	5.58821631159407
chr11:60903916-60904417	Her2	1.0879769969596	1.11413522181151e-06	4.08288116676098	3.99179330182196	4.78383671568319	4.38900644726298	4.76004889089971
chr6:100354952-100355453	Her2	1.08779609288897	0.0438769973110384	3.40365533094241	2.72823770532704	4.36875377973349	3.59097723329699	3.68796147397013
chr8:123660685-123661186	Her2	1.08736318615129	0.00171777848113919	3.46290025006631	4.5344878650921	4.70602198695946	4.47933529730294	4.45079902229688
chr14:77325740-77326241	Her2	1.08726980099882	6.16235266788646e-05	4.30926123755939	4.36185161529823	5.35146301590117	4.52167227998624	4.78678344817784
chr14:34232108-34232609	Her2	1.08719324629027	0.00498300031717464	3.11895283102459	3.12558556014099	3.92710253835462	3.35626130486008	3.09354805800188
chr8:76963395-76963896	Her2	1.08669691308724	0.0461083213818414	2.92808188430369	2.35544032560291	3.76022352988874	3.85644139784458	4.32403148222071
chr7:106448169-106448670	Her2	1.08662976286253	0.00862856259678789	3.40499222878747	3.07131219457042	4.67128152863411	3.92348695864839	4.13893447379229
chr16:55328276-55328777	Her2	1.08627249114748	0.00771086242793038	3.00996614519272	4.49896399788626	3.86351311052641	2.74096019440025	3.11677403817135
chr14:37522256-37522757	Her2	1.08624686619751	0.0498584199036115	2.55115145889509	1.77222504787492	3.97236901841216	3.2372693255729	3.26318510200294
chr17:40144508-40145009	Her2	1.08586953198736	7.48963435765189e-07	3.64117116063642	3.5166390245672	4.21720022437396	3.75683549778359	3.77656450788398
chr1:151597209-151597710	Her2	1.08547076537532	0.000393206089320658	4.30424005532979	4.14370272257591	5.326618917742	4.72926737844915	4.86394347718206
chr2:42789716-42790217	Her2	1.08540465864517	0.00100820823820872	3.98247694208468	4.1641201331835	5.11683628571269	4.19703307114859	4.28779569610203
chr11:75791861-75792362	Her2	1.08527127982202	0.00672290878635371	3.56538372826652	4.00145769200108	4.47349816804164	4.60278301826494	4.40829833477773
chr2:204911421-204911922	Her2	1.08502066806845	0.0109454143577184	2.85373772553374	2.18473269464196	3.28381605524586	3.09931841366623	3.39514556971163
chr17:40416414-40416915	Her2	1.08488630594887	3.58883947963715e-05	3.82595978377367	4.03698406626352	4.1556230238593	3.72154527533541	3.81167086945991
chr17:29121372-29121873	Her2	1.08466631313226	3.37718227499806e-09	4.34336105625173	4.36666187833074	4.97003640131052	4.0916027759884	4.34751662870997
chr17:29115835-29116336	Her2	1.08459833083993	9.51717789642505e-06	4.87936213761173	4.83907056193465	5.21356465657893	4.71454915600627	4.79149798782054
chr5:15766232-15766733	Her2	1.08451422313344	0.0170033746983611	3.19160406262034	2.73155770274145	4.14639801981092	4.29012975369832	4.75438158279335
chr10:95920428-95920929	Her2	1.08447510401161	0.0100435020588962	2.8704541006219	2.74719088453085	3.90280134285461	3.43051989444827	3.56849708230741
chr2:76258713-76259214	Her2	1.08423169286916	0.00319448924403416	3.08161642688845	2.91506913910303	4.15219896463156	3.40772770921368	3.44387986295971
chr17:28497003-28497504	Her2	1.08422087361327	0.000362716940517458	4.35814597360875	4.63472799300512	5.15758383370498	4.77999353098311	4.96243867551273
chr4:147381715-147382216	Her2	1.08419329215229	0.00333362525254451	3.40495942367946	2.94997783928948	4.18306883069189	3.72189389709737	3.78181906534909
chr7:16916688-16917189	Her2	1.08403438445261	0.0032203621788002	4.17541536627812	3.92917087505771	5.35287233008753	4.59705348772173	4.60142961493872
chr11:77967061-77967562	Her2	1.08402411279186	0.0190571024186252	2.86626668899524	2.28562676116945	4.00312841368009	3.69277656991179	3.21904036635821
chr19:58153315-58153816	Her2	1.08390016500644	0.00268617345903022	3.78940482908245	3.65184449247283	4.52504741238094	3.99468974351917	4.24319981794574
chr5:17025426-17025927	Her2	1.08389461109663	0.00717862808217851	3.20919615179473	3.55072671904106	4.45532137954922	3.49734610210859	3.33805166557956
chr8:51120980-51121481	Her2	1.0833111465905	0.0175682295616918	3.01375087033216	2.57785130028217	3.96890403121001	4.29368975959924	4.20738010415374
chr8:139794634-139795135	Her2	1.08329924958283	0.0249143581046839	3.82992318653366	3.98378766253427	4.98192222093382	4.59412655937962	4.96504091226996
chr3:174962691-174963192	Her2	1.08308390182332	0.00121039294187024	2.70325956500296	2.76579493347181	3.68332716047702	3.13510366176015	3.34891760161922
chr17:47960834-47961335	Her2	1.08300303114322	0.000993644627548918	4.13010826444325	3.73013648847903	4.78544722462455	4.07570128704566	4.31534272633013
chr22:25084330-25084831	Her2	1.08287778947801	0.000457832997793533	3.9358261228212	4.40994051269913	4.82984758327351	4.34372696790506	4.29154876852424
chr8:108915487-108915988	Her2	1.08266477712271	0.03118462386372	3.40820590379628	3.68746909596425	4.45318752031514	3.43412964591415	3.44209651732427
chr20:25075142-25075643	Her2	1.08213962718808	0.00197817290775376	3.34492920502092	2.95371226148934	4.41710280988025	3.86411139821926	3.90848386399671
chr11:61377401-61377902	Her2	1.08209132015788	0.00679153618156624	3.37100803485142	4.81096521820406	4.19846865056522	3.40668689067185	3.60932721172411
chr1:154686438-154686939	Her2	1.08167774822304	0.0104423575450035	2.95515419655475	2.75817213434124	3.85015766228157	3.83365643560462	4.13975452758203
chr3:135744426-135744927	Her2	1.08135881382316	0.00431350487037273	3.04754628686011	2.58608779915979	3.69222185036247	3.58157431321806	3.7095480754445
chr6:159712833-159713334	Her2	1.08120150748228	0.00372888342559391	3.68895384812056	3.75382139371258	4.47921707751305	4.24394318094553	4.77218989443438
chr7:99971799-99972300	Her2	1.08115224573783	0.00510560813247474	3.63703707820036	4.10674967122296	4.87187389266198	4.88072614724583	4.898869115932
chr6:106507028-106507529	Her2	1.08108059810245	0.00191463692219402	3.80636839329895	4.38661486168853	4.68023688382097	3.71745540887212	4.11371179079679
chr6:27556364-27556865	Her2	1.08097808976987	0.0396845594055498	2.84612343165926	4.01376668485486	4.04268614423755	2.99442400952704	3.51263545882673
chr20:56733932-56734433	Her2	1.08076624606538	0.0256627045777449	2.65635861145474	3.06325610988858	3.68904363915946	3.60597943694652	3.58601297086263
chr2:131633384-131633885	Her2	1.08050113516824	0.0128612405272418	3.22963210735494	2.90479045257102	4.13427949877425	3.86293625742407	4.84941455950271
chr6:50846771-50847272	Her2	1.08025931025087	0.037162546623252	2.99862503513374	3.29098313648126	4.11643729472913	4.38376018693468	3.70998209270514
chr12:123060279-123060780	Her2	1.08020622488457	7.78758866592021e-06	3.94974497301335	3.91299281151341	4.74677697601333	4.2178879703018	4.27673674051918
chr9:131803997-131804498	Her2	1.08007842661547	0.000955361483001427	2.93371129720699	2.75168115008677	3.68682291385881	3.08513524109461	3.02979634531227
chr10:5492172-5492673	Her2	1.08007677829482	0.00723471057412351	3.81737330364525	4.30361686648327	5.04689603512214	4.46029292368721	5.10620379765383
chr15:40872831-40873332	Her2	1.07973425114534	0.0202563067258414	5.01059561215189	6.28186909827539	6.39186277823605	5.80329209986794	5.71843917740544
chr4:169129689-169130190	Her2	1.07933601960035	0.00532642329184513	3.29487339138877	3.28186728519824	4.21704415511065	4.55357222142881	4.30857855610731
chr12:25491420-25491921	Her2	1.07925352988023	0.0366841754181692	3.3689143699943	3.26792836192732	4.37777042329875	3.38907478509092	3.83509861688909
chr6:34540992-34541493	Her2	1.07902688007991	0.00293193143592376	4.27278402283575	4.55584131131268	5.56367568815746	5.18953444761375	5.4329910668368
chr15:38876154-38876655	Her2	1.07901942880364	0.0196475630248957	3.50190112496651	3.98384529537136	4.47138577497593	4.9937566979171	5.0691669175031
chr17:40289750-40290251	Her2	1.07874920111855	2.1785005644245e-07	4.11709387816165	3.89103859560523	4.7575349285322	3.80483378461105	4.24011644423036
chr17:40421382-40421883	Her2	1.07871405841362	3.49381777826672e-06	3.66069670657122	3.64714435329829	4.07257773138691	3.71594840368572	3.72211963870323
chr11:62242736-62243237	Her2	1.07851202770281	0.024016001935533	3.40183011062876	3.7794005264289	4.73438984217472	4.15780528929876	4.12282781195
chr3:101866628-101867129	Her2	1.07848547217892	0.00928085665147168	3.84647730012949	3.82563964343525	4.49090576313974	4.19385724047249	4.03034436912015
chr19:34730964-34731465	Her2	1.07808176507256	2.32566609982553e-05	4.00496476817968	4.40286970945895	4.86982084875473	4.57869697577203	4.41198701640381
chr6:34555335-34555836	Her2	1.07796904436572	0.0316420328957145	4.68483760122503	5.55074615216802	6.26317957996771	6.06559072721046	5.98454394774005
chr13:33613200-33613701	Her2	1.07784349494715	0.00737390097297933	3.74669730978853	3.69828049047834	4.80805141047871	4.39402547817404	4.2391071482625
chr6:4133729-4134230	Her2	1.07762037790506	0.00704356606232629	5.14956905764357	4.58207848528473	6.43121383440251	5.62315406507677	5.77322641728175
chr7:86851481-86851982	Her2	1.07749635974482	0.00830975171018056	3.28218202072228	3.99532924544772	4.42403972268046	3.52298372567579	3.85966650184247
chr15:80157311-80157812	Her2	1.07744241849837	0.00173335177052961	4.16289830253659	3.80090816434416	5.30418405017792	4.87047900661869	5.06420098329276
chr16:56920709-56921210	Her2	1.07737389437656	0.000351643186523199	3.98800904035074	4.48140899403133	4.78925287025134	3.84683936196283	4.43491242699278
chr9:132201737-132202238	Her2	1.07734459667195	0.0101571047545159	3.56952169717832	3.26183576868341	4.79057738416571	3.81926839629759	3.7880482109301
chr12:121906014-121906515	Her2	1.07727516648771	0.0118846881770442	3.43286458874079	4.85100903315302	4.73947727461922	3.68379506044057	3.87577978883935
chr12:64924036-64924537	Her2	1.07724382720147	0.0211777027471471	3.14246521525325	3.03476805078051	4.43075038779398	3.27384104116583	3.90461354549525
chr22:24822970-24823471	Her2	1.07715112759601	0.0201218704485069	3.38677462202954	2.33941152034628	4.25403911570238	3.7583958099369	3.40402881221308
chr14:69723922-69724423	Her2	1.07713578926984	9.99974804132163e-05	3.52155709170452	3.3107509231647	4.17744445115998	4.57100526042709	4.54465983362689
chr14:38252219-38252720	Her2	1.07696084352998	0.00432168069681234	3.25814243632172	2.91250078071305	3.70120833696241	3.3302999577991	3.52921426619876
chr10:82794362-82794863	Her2	1.07687073095638	0.0118914036465105	2.68717281539235	2.23976633326347	3.736675686537	3.48052936074602	3.14345881692068
chr17:50901537-50902038	Her2	1.07620345658149	1.0410577007568e-05	3.84952438000471	3.94461176196915	4.78339029970867	4.15534495340176	4.42978066860633
chr17:40138027-40138528	Her2	1.0760475361319	1.22628890746693e-07	3.72243789872185	3.48609100852046	4.19723733034883	3.61586979656183	3.81376490095746
chr8:125248657-125249158	Her2	1.07595815814925	0.000464452523988277	3.95209735700568	4.56811555507287	4.94896011182961	4.3206994890418	4.62231241862012
chr16:19680249-19680750	Her2	1.07589375103695	0.000173244145607247	3.65801319931932	4.31445645785543	4.61683169488903	4.05748794461155	4.28725184099979
chr18:14098407-14098908	Her2	1.07572451852672	0.012964593192383	3.14274609225711	4.27794264481627	4.20243588456742	3.6368280574288	4.04058915544897
chr17:82151945-82152446	Her2	1.07559217033729	0.0101990875125373	4.60647347406303	6.18509438811502	5.88506494885506	5.52015859757605	5.49868468374173
chr2:190047249-190047750	Her2	1.07553429346586	0.00812217408659179	3.01295092352294	2.53849209477312	3.77482691267916	3.4413119109584	3.40780046993563
chr5:4232571-4233072	Her2	1.07553083886811	0.015941891828082	3.04518785051575	2.53377746074881	3.43136211166039	3.98561400232019	3.74821110346914
chr5:71011199-71011700	Her2	1.07468323044879	0.0154556345569073	3.06214540512161	2.20348929522888	4.05413584873885	4.11263136552396	3.93988911235356
chr6:106578413-106578914	Her2	1.07465469779004	0.00617749110413584	2.8204363384866	3.28571372451103	3.81577292775929	2.89647473321501	2.91277395901508
chr1:47045537-47046038	Her2	1.07449136149243	0.0179592476347288	2.75865546648567	3.42332753915451	3.98726792690792	4.24628109887808	3.71260966964713
chr8:137205578-137206079	Her2	1.07448817146138	0.0052369995726894	2.75693183091049	2.46504203132606	3.19628044204083	3.69152275140174	3.60709137878443
chr20:2477354-2477855	Her2	1.07419841135517	0.018771648306487	3.43654126643899	3.02958036370557	4.58071980357624	5.21776116646321	4.8716075943971
chr1:190480126-190480627	Her2	1.07374014692526	0.0343765534237427	2.92550194210255	3.31614292723859	3.58122979679221	2.84257532364947	3.16926459353026
chr15:61391849-61392350	Her2	1.07339425429621	0.0128633730019016	2.44368425940835	2.06372358946955	3.67050845830784	3.70178708728716	3.20200492420645
chr3:70028750-70029251	Her2	1.07314872101849	0.0116339421823383	2.73033212220054	2.5570952371528	3.68373345639816	3.35889683204255	3.34090240929837
chr17:66963390-66963891	Her2	1.07310655826926	0.026340763743517	4.23131270145097	3.77999893517769	5.16906230440498	5.21921597963921	6.02925256022335
chr4:68462643-68463144	Her2	1.07295168069962	0.0154900915356375	3.29919764018848	2.43630868945689	4.16724783942887	4.80860278242202	4.35273375014645
chr8:102602254-102602755	Her2	1.07281457181302	0.015189019468569	3.99882323295584	4.5143183001995	4.86810427928485	5.3263633959997	5.70377303790727
chr8:133579466-133579967	Her2	1.07270793851753	0.00618598977823029	3.41082607516155	3.93072024522514	4.35248812186056	4.10696899491617	4.34442289297423
chr20:1241407-1241908	Her2	1.07260128095211	0.00279554787063998	2.78715738213437	2.42815114083116	3.73554090951547	2.9611926056037	2.9821020344015
chr12:70631750-70632251	Her2	1.07255732763697	0.000537132396875015	3.00878272843999	2.55537754724079	3.80129788541258	3.43360870001841	3.52295850459387
chr18:14500454-14500955	Her2	1.07247018123707	0.00328090151526527	2.5818504732267	2.4864320661779	3.73515804133882	3.01031046287027	2.77824975882859
chr1:240654411-240654912	Her2	1.07231073885541	0.00243053759140316	3.43962851157702	3.42569985135382	4.2430990151471	3.8796378226066	4.02393555868676
chr17:46833889-46834390	Her2	1.0722470925297	3.91597941424144e-05	3.53251202294191	3.08636732208525	3.71272206369854	3.58830900744214	3.46975118525989
chr1:31443542-31444043	Her2	1.07223461562584	0.00766304449820119	3.67974227602368	2.61291551406484	4.33073964762	3.64769023738128	3.90482289765609
chr19:23509598-23510099	Her2	1.07215562744702	0.0373566507579361	3.30330246930562	3.50800179006173	4.78554940750893	4.10699054925018	3.97961265063058
chr12:119100762-119101263	Her2	1.0720790535863	0.0131435870525176	2.94195503914372	2.00032464894479	3.7300031860464	3.61019117561887	3.65871025922822
chr9:126642826-126643327	Her2	1.07167396254394	0.0199571973813832	3.43791538894639	3.48479008452391	4.66968314251986	4.81147714269739	5.16807563948219
chr3:183966879-183967380	Her2	1.07112242603311	0.00968714448924762	3.78452486263382	3.78840914537828	4.94406184913765	4.32806647062371	4.49581211909873
chr5:162029464-162029965	Her2	1.07097633284871	0.0101907316062439	3.08882913638359	2.33001566322712	3.77681230027564	4.1165932876012	4.05608407174041
chr3:194278420-194278921	Her2	1.07096844540578	0.00832103995604526	4.12680235050513	5.48815662428072	5.36828833026537	4.82061416337425	4.69427587044286
chr1:58695958-58696459	Her2	1.07091412316453	0.00604873887000619	3.41504566503696	3.32073403257986	4.32610641162729	3.95181736426176	3.95136893068483
chr6:41623385-41623886	Her2	1.07088807467426	0.0105116001097874	2.86329913102766	4.52550464693975	3.96684513544867	3.73141175156469	3.43769488035486
chr1:179748333-179748834	Her2	1.07080622968485	0.0380191061503103	3.23718719701345	3.33708627592004	4.26247156372445	3.57962647112621	3.82483368803722
chr19:35750225-35750726	Her2	1.07079027093277	0.00069630845091752	5.0065138575008	6.34878490848873	6.00359877347491	5.59908818157395	5.7621769471814
chr17:48744554-48745055	Her2	1.07076669419072	0.00706122451301839	3.13439707562078	2.52270956547728	4.10985966420485	3.22581413400988	3.32182133251724
chr8:18235096-18235597	Her2	1.07038345994459	0.0307363992513128	2.5171083784328	1.85983527322115	2.98481348894255	2.7603632890567	3.37088626183702
chr6:25177510-25178011	Her2	1.07030847797986	0.00137150357687371	3.6488506793947	3.78218376536031	4.73317564677536	4.46553943839501	4.15299827456345
chr2:96872963-96873464	Her2	1.07022485841367	0.000663355624044764	4.97185329264892	6.03580548173631	6.01244447493367	5.28636335308864	5.37406339164808
chr1:150624959-150625460	Her2	1.07000761098001	0.000376700470673514	4.04266587264468	5.27504670702394	5.01817839326059	4.43450387960031	4.70035983996537
chr11:60892635-60893136	Her2	1.0699551618894	0.0342690377314439	3.9797189279739	3.71663129112609	5.16903440656642	5.10876682280558	5.64456766385313
chr17:48891414-48891915	Her2	1.06989002874643	6.32074727594541e-05	5.28095370702817	5.60005803955187	5.9290009212822	5.46262670175935	5.26770657001538
chr1:84511273-84511774	Her2	1.06977968308192	0.00610540371269006	3.41376734196514	3.23908775818249	4.49344531887466	4.03607586618113	3.77101625549856
chr5:6636990-6637491	Her2	1.06973377343222	0.00955207244746016	4.09469267456689	5.27588534961129	5.32449860428886	4.64475706564879	4.35004275813945
chr12:49889839-49890340	Her2	1.06944905389232	0.00404988242689486	4.35058837749429	4.39341448986638	5.62721153453084	4.68957807981599	4.64659165866221
chr8:129977109-129977610	Her2	1.06925961579429	0.0300346087021978	3.66998601556492	3.68544934936717	4.79989290906683	4.24701936603257	4.9808959669619
chr11:78027742-78028243	Her2	1.06888213076659	0.000587367691922955	3.84264405500523	4.08328371452759	4.74996712034171	4.03758181983235	3.73227246576331
chr22:39738076-39738577	Her2	1.06887375391154	0.020090401627957	2.79049706767851	2.72794474573898	3.81945449414742	2.63106615355532	2.84262206832459
chr8:46892960-46893461	Her2	1.06883539258391	0.0214937931661492	3.17943897370653	4.20600141853048	3.97073674780554	3.55529841165294	3.87608318936013
chr17:49963200-49963701	Her2	1.06856688152423	0.000152619220225547	3.71775272549972	3.58586718974465	4.53329222179064	4.10670180694146	4.24445072232214
chr10:43532883-43533384	Her2	1.0684929478942	0.0147242221818255	3.08031325161178	2.66211860237968	4.00174754359403	3.56241422137357	4.13525758245271
chr7:64948686-64949187	Her2	1.06842230866759	0.0322280470775698	3.44208284889304	4.12299540311359	4.71925508821091	4.32322771947681	4.50824085659211
chr12:70794090-70794591	Her2	1.06834996198105	0.0173444034567481	2.74248750851389	2.25715680753087	3.79247726141727	3.53613456285067	3.98596091588481
chr6:138230521-138231022	Her2	1.06812288178383	0.0496454923129459	3.72749769574808	3.25447940495756	5.3377930124732	4.43169881059423	4.38305728626918
chr4:137563619-137564120	Her2	1.0680839801054	0.0194768875845429	2.81732588852561	2.28460544508492	3.48840713102525	3.95573191968574	4.19551416290407
chr7:92472993-92473494	Her2	1.06787969032437	0.00422216357328707	3.61660007261343	3.99485537227943	4.8150553446497	3.98254686277343	4.08138840809131
chr14:100062515-100063016	Her2	1.06781055318587	0.000330793862496097	4.06057619181138	4.37644826519229	4.92012724557662	4.94851301187767	5.00198002358598
chr9:99381325-99381826	Her2	1.06755951606302	0.0358945136265132	3.03766187151223	2.97617970444075	3.92901654218935	3.88601661595217	3.86060839591253
chr6:700129-700630	Her2	1.06748626239954	0.00671209641744299	3.38706429518054	3.06768945904945	4.35912949885103	3.80628287669856	3.98508633444947
chr7:106040360-106040861	Her2	1.06733358639653	8.83010820174112e-05	3.92698490367775	3.99162906429427	4.84218106735993	4.48132553038411	4.45006092607599
chr8:103210823-103211324	Her2	1.06729028630559	0.0262706397256019	3.17528010339524	3.07868036451339	4.42509493043582	3.51347448783075	3.99625564604783
chr17:54819660-54820161	Her2	1.06709421804036	0.0267135871484045	2.56542475930869	1.6676577338242	3.27653702383258	3.05928428388322	3.54860549202954
chr14:105530628-105531129	Her2	1.06645243658617	3.63631214820878e-07	4.51133830554907	4.54275739042875	5.28397154144822	4.7312330293979	4.87596068072532
chr17:28729923-28730424	Her2	1.06627508875936	0.00023228498839227	4.95915051381007	5.02638597788996	5.61106742007753	4.90974058415089	5.10278359918362
chr14:75451495-75451996	Her2	1.06574965872844	1.48521797074549e-05	4.38760686631304	4.51590549342737	5.37436644287933	5.34823348853261	4.97913361287148
chr17:68316517-68317018	Her2	1.06554218639965	0.000762696962950111	3.33537431396459	2.9945188240034	4.17575317990037	3.80766621534253	4.36504385970392
chr8:117175060-117175561	Her2	1.06553840213699	0.0101451230749752	3.05493006912354	3.05860964141539	3.66247156540346	3.69823888011645	4.04041740359907
chr4:151566491-151566992	Her2	1.06540084403966	0.0278624235840582	3.19473159458511	2.40058089559666	4.43457570064541	2.97863657399713	3.30645280672269
chr3:107520579-107521080	Her2	1.0652679458108	4.22595970555434e-05	3.95179583574349	3.70107465929842	4.51632178080436	3.86518680981817	4.06544127181956
chr17:29125630-29126131	Her2	1.06523467014615	3.36329334321045e-09	4.13081447227545	4.02168120163609	4.6521017787762	3.95485025807528	4.12592106558753
chr6:106759984-106760485	Her2	1.06520823160129	0.0133345919281146	3.35134537360768	3.36094389104383	4.29282120017124	3.35674919755565	3.41025712348628
chr17:68349779-68350280	Her2	1.06494738946528	0.00534164052094168	3.36984074617167	3.14826814813979	4.14800697687996	4.09096960596753	4.70569922582328
chr17:50197684-50198185	Her2	1.06493584167061	3.75570024753947e-06	4.407631281244	4.42494901688834	5.30267453140393	4.81295827573114	4.8432808198313
chr15:69870017-69870518	Her2	1.06491187747396	0.0110120601410815	3.15544042381627	2.65319421707304	4.20458348833675	4.17996197710517	4.17377278570923
chr8:121433376-121433877	Her2	1.06482518635148	0.0191715572053284	3.09301774910043	2.69988620259467	4.02122475865319	4.54524819688364	4.68833007939945
chr3:50149953-50150454	Her2	1.06475078160596	0.0120665047343223	4.4253344117123	4.76400976455183	5.70324604058851	5.79157353412665	5.65316205858922
chr1:84833145-84833646	Her2	1.06431725309051	0.0267054786067976	3.70661849301465	3.46183316080637	4.90310525421781	4.16525129669368	4.007607898189
chr9:137171224-137171725	Her2	1.06418493811814	3.21822357379136e-05	4.34648930514319	4.73536017495859	5.46868723024822	4.76623492384959	4.99636636135992
chr4:19088497-19088998	Her2	1.06373236543969	0.00485994815236829	2.92088748689794	2.47994691961476	3.53727896788233	3.41150331580275	3.53949104471244
chr1:159895500-159896001	Her2	1.06372918687796	0.000337305557490754	4.04958810181869	3.97967748125005	5.08616149868293	4.78846768325254	4.81938134637024
chr4:165209761-165210262	Her2	1.06355770691825	0.00266864956442454	4.17397744893697	3.72286710942665	5.37923148030386	4.64921139185177	4.37477506882174
chr17:50194644-50195145	Her2	1.06351369609485	0.00016318272454402	4.27057928256907	4.25074145236196	5.27828696260281	4.79299070729427	4.65109332574533
chr7:54328360-54328861	Her2	1.06312221982752	0.00387437969297371	2.81000091215829	2.65175729927954	3.19611394037514	3.01962272395398	3.12797496346092
chr6:21739257-21739758	Her2	1.06310503167926	0.0201675017035019	4.19960855348541	5.19832995354183	5.6205927260716	5.32114753334016	5.41710946725458
chr3:5294347-5294848	Her2	1.06304154981063	0.0182341080736396	2.94081076022714	2.96471399829196	4.04564668613552	3.39037011787764	3.36576645429109
chr8:115603825-115604326	Her2	1.06293223995539	0.0313387188199141	3.5740250187506	5.31271226139868	4.83810355186001	5.42503631589657	5.33278353351681
chr16:55829927-55830428	Her2	1.06290431053226	0.0210671889901042	2.91872784226642	2.54168079433573	3.65202252268771	3.24284489203634	3.00165497895324
chr6:106947332-106947833	Her2	1.06283369944397	0.0111308530816198	2.43799763291364	2.19067481408284	3.37188422811233	2.80459402234263	2.61515110391705
chr8:127396656-127397157	Her2	1.06282707701081	0.00345650736396525	3.43445996083772	4.34051371165872	4.59487108647531	4.25278235212653	4.20969188166587
chr8:95148428-95148929	Her2	1.06282053436095	0.0081033048837523	3.4071390957797	3.25658321273743	4.33956203555443	4.15655040167637	4.76231496135955
chr3:89529751-89530252	Her2	1.06225176752606	0.0320670687086462	2.54027676846197	1.67141354048736	3.36572000437944	3.59291471043984	3.57995842821402
chr8:54091764-54092265	Her2	1.06202003273761	0.00685851650872153	3.50615243493607	3.70825497468872	4.56154477013481	3.93837980568708	4.5124385192642
chr16:19140921-19141422	Her2	1.06179999361592	0.0161325251371822	3.5828445637556	3.63346023849304	4.85660257261626	5.04619566867775	4.71347234354875
chr4:128284271-128284772	Her2	1.06171801728557	0.00919668450681511	4.13680819972649	3.81026786847696	5.3925397344872	5.18737125040276	5.10621888362275
chr18:74051814-74052315	Her2	1.06140704431601	0.0109918887464477	3.29666534799101	2.64423816335398	4.38218611782966	4.15455910610434	3.96913297075245
chr8:126498212-126498713	Her2	1.06138950228514	0.000955022374540499	3.33545778883034	3.59775265812364	4.0656708289971	3.86979981996707	3.90749070302386
chr2:240909567-240910068	Her2	1.06137800405643	0.000702879429734223	3.72745133880193	3.52768033439771	4.69998041260619	4.04270618225172	3.79799067363641
chr1:232020336-232020837	Her2	1.06130488868459	0.0254335227085053	2.57462792296119	2.57954369178193	3.4909367081992	4.1515630975312	3.76918236573172
chr17:47972765-47973266	Her2	1.06108005615209	1.03182615973127e-07	4.32199009135117	4.25720787959341	4.73139766338909	4.14309376621775	4.41092470087418
chr1:6611605-6612106	Her2	1.06081351869954	0.000911629816639083	4.39567770231336	5.18949247207195	5.56032768880071	5.44258602812626	5.36478487611984
chr6:148893372-148893873	Her2	1.06081187870046	0.000545049028929999	2.98152103406139	3.01525343442697	3.49650281760846	2.88369073707485	2.86991960139845
chr17:28229290-28229791	Her2	1.06078387429322	0.00210403080516531	3.98798760712441	3.77003563287501	4.69847407895623	3.98109258445219	4.16247074871662
chr10:51242338-51242839	Her2	1.06077257968565	0.0222419658403663	3.14149859759611	2.61886636999173	4.13413510006221	3.34603656910115	3.48729840512569
chr8:104349766-104350267	Her2	1.0606458398865	0.00228915667436334	3.18675973001121	3.43173818476393	4.003853001861	3.91366652932146	3.84737517548001
chr1:11061616-11062117	Her2	1.06037360237507	0.000300457814705342	4.50719981322065	4.7276864425296	5.47369757163711	5.18726664777169	4.92937244483492
chr10:53356614-53357115	Her2	1.06033613370408	0.0153925112382132	2.91050147025738	2.65659072593683	3.65520098099241	3.26058217264685	3.09848979741555
chr3:9943373-9943874	Her2	1.06023405429318	5.85257184725844e-06	4.51514533380973	4.81375637213693	5.38338626264337	5.03428274633854	5.02501702384418
chr1:41215587-41216088	Her2	1.06016813312102	0.0203694431214083	3.12870222943024	2.70823524872463	4.01604722805862	3.17419121281076	3.45219856788088
chr4:12538056-12538557	Her2	1.05996065163458	0.0298300724055175	2.90919205695185	2.75475850427534	3.48716520826557	3.4529928947503	3.78624760080375
chr17:50190199-50190700	Her2	1.05994300746586	0.00250189361886188	4.07247863622822	4.09306113490882	5.11773231365877	4.65792996077037	4.41801508058578
chr8:67016089-67016590	Her2	1.05985272078865	0.0120485413997078	2.829603645851	3.38560203962207	3.91107527656423	3.1861291722926	3.21855576418222
chr3:141229044-141229545	Her2	1.05944356317302	0.00972274336741127	4.37052033699475	3.88950056851477	5.53120953111876	5.29039023255706	5.27906566141067
chr1:248379141-248379642	Her2	1.05940869400486	0.00171499068867448	2.83483570829307	2.56497307877766	3.47002179416474	3.03098461466749	3.00851100265751
chr17:47974233-47974734	Her2	1.0592960361	1.48638181937506e-08	4.26038033707226	4.02136904544692	4.67736342834019	4.23098515951358	4.34404175222948
chr20:33861423-33861924	Her2	1.05910348918401	3.09749111605284e-05	3.7538629831997	3.96038244139734	4.62972448641413	3.83347714493816	4.55663052660669
chr5:74341128-74341629	Her2	1.0589479517712	0.00397625980759439	3.55708053878255	3.59862327878821	4.45635481707899	4.31136172581383	3.83662703659532
chr11:33708470-33708971	Her2	1.0589196766422	0.00163707102374907	3.97848781471853	4.2096214169971	4.9752318251894	4.40666097662808	4.37326137361354
chr8:39256285-39256786	Her2	1.05866566129864	0.0131276803616096	2.64150092905894	2.26293594315569	3.25361879797882	3.29767432052073	3.2914223490201
chr17:49678931-49679432	Her2	1.05833141229416	9.6155744079875e-08	4.45682207908817	4.19586257700241	5.18290739408085	4.53224783300598	4.69852454431912
chr17:48572590-48573091	Her2	1.05819138518539	0.0299574879459811	4.17823830770819	3.47061320489362	4.9066168270017	4.62027540184141	4.39150641001553
chr8:112627713-112628214	Her2	1.0580708835414	0.0385379965490462	3.13809636427355	3.26017054636704	4.12667955169566	4.1029841238568	4.60776500585735
chr17:46748399-46748900	Her2	1.058008902938	6.8152814169387e-05	2.91439295867743	3.08943589686942	3.68811802520797	3.06037292250515	3.33411578860412
chr8:66019800-66020301	Her2	1.05787816544303	0.0124368716412123	3.46645322432925	4.77498199015329	4.62883572693812	4.35833195596545	4.56858425643096
chr4:124329109-124329610	Her2	1.05772603273844	0.015682959833158	3.07195175197167	2.13828426815392	4.05078261421589	3.69943958470468	3.59712023376408
chr1:145890345-145890846	Her2	1.05753606207829	0.00544151724384076	4.65837069450148	5.63628410199861	5.91769233368171	5.48571316244762	5.68852847652193
chr2:168492393-168492894	Her2	1.05747656855144	0.0101571047545159	3.19545362693541	2.60799136801809	4.32813655885009	4.38202900737583	4.2041063732251
chr6:106890997-106891498	Her2	1.05725127881819	0.0145629323415622	3.3244482112334	3.01277203555877	4.33040830342359	3.26181887466277	3.56186280765331
chr4:111317357-111317858	Her2	1.0571757535096	0.0167180508680291	2.72780182225807	2.15670072846934	2.7839903739532	3.45277502927099	3.6424165384367
chr1:101664650-101665151	Her2	1.05714349037854	0.00115903963903261	3.05835788918896	2.90222714149056	3.427636917153	2.93616964552633	3.15454596134111
chr2:201402651-201403152	Her2	1.05710677948657	0.0146627613615267	3.85102381019135	3.31242190153179	5.02047090790043	4.70699002660651	4.76471324999779
chr5:119421707-119422208	Her2	1.05703398838498	0.00506926477757808	3.39929466773388	4.27984577978499	4.64451441265763	4.08063590266167	3.83965514821236
chr5:91188723-91189224	Her2	1.05675961300775	0.018924336226967	3.58442374121079	3.00282091403563	4.96800319223511	3.4911852626013	3.77214647465555
chr22:45922047-45922548	Her2	1.0565924630257	0.000457220533956492	3.92635000494278	3.78236892255909	4.97117790472202	4.09085508990671	4.37582148004087
chr14:69529425-69529926	Her2	1.05655861996813	0.00557025048925903	3.52291766783247	3.51080563727289	4.68315842409612	4.89352248566071	4.79352913732286
chr8:144000216-144000717	Her2	1.05652624935564	0.00878184028564091	3.94786132489598	4.30972887965035	4.93830028952869	4.84093850502856	5.27872800410815
chr1:37991382-37991883	Her2	1.05633885612434	1.00016373805739e-05	3.78466087687648	4.23702529166025	4.47670358483567	3.82257536494541	3.76854239540072
chr12:25501688-25502189	Her2	1.05615439984996	0.0178876671345172	3.03349653908217	2.9095093112217	3.98568064625544	3.40699045226034	3.79278470278407
chr17:66637423-66637924	Her2	1.05614235939361	0.0352724415434825	3.72156817243747	3.24769038902463	4.86367130277826	3.42111415154246	3.99222489864963
chr15:61746455-61746956	Her2	1.0560952295131	0.0350349927866113	2.59000161679295	2.80763844003283	3.88935166280167	4.12933191615133	3.5712392345049
chr9:136803650-136804151	Her2	1.05578211888415	1.56904666236789e-05	5.15635305641821	5.43526850849624	6.22483013663754	5.7656667810029	5.87820935540101
chr17:40353543-40354044	Her2	1.05571655232725	0.000129668571002355	5.01178800101557	4.58007723059987	5.61737240442848	5.10531755914177	5.50277308807753
chr15:42741247-42741748	Her2	1.05570642388027	0.000186521065351849	3.17805198466395	3.00038050702967	4.17404251372468	3.5803946073699	3.61959797947156
chr2:9963065-9963566	Her2	1.0556552158717	0.0235643412773266	3.20431536910254	4.69710126104993	4.40985224013711	3.39512356784321	3.73562390680403
chr1:164596725-164597226	Her2	1.05536551934697	0.000455741079205281	3.38308539951275	4.02818372828226	4.3995985740353	4.25562414524911	4.53532500714659
chr6:138164101-138164602	Her2	1.05535497744913	0.0438318257403054	3.82438051537118	4.04257544066465	5.24705395177193	4.52958154505791	4.27835924908974
chr12:70274751-70275252	Her2	1.05534513872256	0.00636350867837535	3.33565462140497	3.29634922150145	4.29724616410388	3.51260490122592	3.96764481535986
chr10:132369168-132369669	Her2	1.0552745254993	0.000729497093272718	3.3394244285029	4.18206562734582	4.10025648044133	3.5231919978426	3.7806460233622
chr17:40216861-40217362	Her2	1.05522285916604	3.99938044226741e-09	4.09398452571452	3.97751969572803	4.51756123776176	3.89754358289696	4.15326853477902
chr17:28231191-28231692	Her2	1.05502255097115	0.0383212843997101	3.8894565983849	3.43915464715292	4.66940670784058	3.82374234363278	3.9962413223692
chr7:92936478-92936979	Her2	1.05470845224845	0.0300268099583615	2.69355584727807	2.45991534347503	3.90161764987094	3.84217165748475	3.71121142601214
chr6:106551005-106551506	Her2	1.05450613095005	6.5634698509237e-05	2.96761349610004	3.52704583548582	3.71466643306248	3.00828938545049	3.12520639314081
chr17:40138756-40139257	Her2	1.0543702515102	3.2367314674583e-07	4.54882084961527	4.47967738591498	5.00821053295699	4.37228140515416	4.50987806594138
chr5:13714324-13714825	Her2	1.05430900779801	0.000750141163179193	3.22204492583478	3.0990358207776	3.81280626491068	3.7636411811679	3.61423550095363
chr4:100080822-100081323	Her2	1.05401947327075	0.0260406768500545	3.11080282478342	3.74257978840513	4.32340444653133	3.63687000586352	3.64901399739475
chr17:50544106-50544607	Her2	1.05336400445567	4.32618267920924e-05	4.77346419867549	4.54890517090993	5.7246341698362	5.02012573771248	5.28428955493433
chr16:9811515-9812016	Her2	1.05316951710735	0.0127096826425274	2.76493714443476	2.49793838888531	3.62966367781189	3.49400378216932	3.38879055324727
chr17:68316007-68316508	Her2	1.05279398581841	0.000759452528390064	3.25877808345754	3.23975117268311	4.08478539019593	3.82292736319118	4.18292649859329
chr8:97475464-97475965	Her2	1.05268063530662	0.0374952111662272	3.31353887011314	5.70741238462506	4.32100728163499	3.48235691440992	3.81831661645328
chr20:47978654-47979155	Her2	1.05264121682076	0.014029704944523	3.44581321616956	3.31142413922767	4.65759225760664	4.54343570711287	4.5256728228908
chr7:139545915-139546416	Her2	1.05263582385032	0.00225823620390266	3.20563609745227	3.8273533770686	4.13684422447292	3.94665630134179	3.82241143419165
chr5:154516455-154516956	Her2	1.05254238148079	0.0209301063156821	3.41924470754094	2.94676566343472	4.33044977208891	3.81035790007921	4.28817764435944
chr11:78075419-78075920	Her2	1.05251371799066	0.00164635123447048	3.76010107202258	3.94334590704304	4.72123400479625	4.19044247556482	4.17939245599672
chr10:79345916-79346417	Her2	1.05246754612445	2.14827035497955e-07	4.84634906077911	4.7905124176602	5.49145145724693	5.12670145135811	5.12199499304228
chr6:707482-707983	Her2	1.05229362097453	0.0276588280463478	3.22308788599543	2.86395655013805	4.25577115987905	4.38481622354936	4.74440497829237
chr17:50195265-50195766	Her2	1.05202204708152	0.000190656561338234	4.35527604635116	4.36973247944341	5.3180664880298	4.71959930859904	4.75015399942686
chr1:236837841-236838342	Her2	1.05164233352245	0.00569700653066747	2.88369768619742	3.06842545890997	3.94771350412119	3.80654529773823	3.45958614299247
chr6:16780592-16781093	Her2	1.0514411487072	0.0257718060810313	3.60174807807914	3.87409790873018	4.78963627051995	5.32831712132942	5.02637706687598
chr14:31806223-31806724	Her2	1.05129367816765	0.012435239428243	3.04709253010301	2.40639001897791	4.07335857594627	4.56404643561017	4.41659278976331
chr16:663874-664375	Her2	1.05114297840964	0.0165625910357455	4.54669377892262	4.64860954825679	5.6466575571956	6.28785643736903	6.10982023642916
chr15:74980128-74980629	Her2	1.05073605819125	0.0308080463439133	3.03284997798913	2.38329026259536	4.09717237817268	4.92449536001477	4.63323168874512
chr1:31474447-31474948	Her2	1.0505045167885	0.0306613860184743	3.47746102664952	2.62764827834377	4.53250745345427	4.02474926828716	4.06285312510266
chr3:180252137-180252638	Her2	1.05040096754487	0.0100880069651062	2.91824699378012	2.58608355311363	3.79561543772505	3.29057069216686	3.5017045108792
chr17:49969739-49970240	Her2	1.0503277695903	0.00012415972394703	3.845287138198	4.09570927847214	4.6928845751864	4.14862539391505	4.15062498678935
chr2:131629688-131630189	Her2	1.05010909426168	0.0163973550343843	3.29512279796313	2.93161840162513	4.01885630728855	4.15286869626018	4.95932745855144
chr3:34220359-34220860	Her2	1.04920102133055	0.0108339237047015	3.10506636152121	3.43343849514082	4.29743186853737	4.1107952768463	3.66614165234427
chr5:35226804-35227305	Her2	1.04891362544568	0.0341666179698659	3.70412377379825	4.14159038803145	5.00729937640797	4.73857904996784	5.03797140050854
chr17:50891542-50892043	Her2	1.04884616086223	0.011447977749891	4.52561817697927	5.08712049876032	5.69837815366894	4.80089000528499	4.80177195590616
chr12:115479564-115480065	Her2	1.04870231823113	0.0366239271979934	2.80981871380741	2.15439072700248	3.84311309659941	3.54167399150426	3.39918613327219
chr6:106557259-106557760	Her2	1.04852836661331	0.00735479060560224	3.5969193847947	4.23525614371922	4.1862060166969	3.43035749140464	3.88480558491739
chr2:74558789-74559290	Her2	1.04801133780361	0.0109144250568873	4.64924416460043	4.30100680051368	5.67943987552889	5.91194742031151	5.77738754402142
chr11:77371115-77371616	Her2	1.04773823467346	0.00728094318419113	3.16454656247051	2.64226588789479	4.29154050050928	3.64427741354168	3.69727863695036
chr17:29008512-29009013	Her2	1.04753071716424	0.0378425948543415	3.36743603768696	2.96019119795197	4.27164765478799	3.65024554659894	3.64287914900244
chr8:29343825-29344326	Her2	1.04738275243697	0.0265111544151473	3.65585842204803	3.48921497171234	4.51664616233659	4.87494378357043	4.27237258011674
chr11:67029927-67030428	Her2	1.04722977603397	0.000293934174207765	4.19979454457829	5.06330755339264	5.29324807563992	4.78995077127386	5.05839166960313
chr1:240260502-240261003	Her2	1.04722974040336	0.0113979972912537	2.50188095994498	1.93078580123254	3.3375839744508	3.26944080374734	2.72790759018218
chr1:236512408-236512909	Her2	1.0470644218458	0.0254081739524717	3.53439144301413	3.24627219149133	4.66062983843718	4.3292541925815	4.50017722712569
chr3:135807846-135808347	Her2	1.04692558795021	0.0046785214392846	2.97360763208457	2.63851213257833	3.58449911700596	3.18671308181836	3.2589434307779
chr8:87751435-87751936	Her2	1.04655987910658	0.0403480795461114	3.411877993488	4.89746131931998	4.26109791718465	3.51674236761556	3.97430534275024
chr2:5729416-5729917	Her2	1.04654063884147	0.0400262029194327	2.92655970275776	4.26049281396631	3.92500617662187	3.14306113341953	3.04159324984907
chr8:99341367-99341868	Her2	1.04600261626204	0.00200841888446776	3.07251325698142	4.12459967742407	3.87640142708795	3.07992462637965	3.62822444969706
chr2:129945579-129946080	Her2	1.04582617311988	0.0464105381354004	2.85356389989413	2.40421375386219	3.69527917950746	4.52505335127647	4.63832078520007
chr2:131551906-131552407	Her2	1.04574631404989	0.0187103095995849	2.64539537375222	2.53551351739797	3.17714235997881	3.52119319858174	4.28116920893284
chr10:117263999-117264500	Her2	1.04570201008087	0.0338290733920756	3.40059938998023	2.58092989382643	4.48844489076133	4.2540204213713	4.24779278735196
chr20:63743294-63743795	Her2	1.04550031212667	3.81310720935283e-05	4.63339151823004	4.50144594506342	5.61583394881369	5.24645389424429	5.49259360280115
chr8:102636278-102636779	Her2	1.04540340549397	0.0129821330085289	3.53276268086941	4.55834857595115	4.47175170067267	4.50738215503684	4.83724530729991
chr17:40201127-40201628	Her2	1.04522332095489	5.65132795522251e-07	4.43396882703178	4.57342183234127	4.90760451084694	4.27388043489179	4.45309095920101
chr14:100143873-100144374	Her2	1.0452169701204	0.00086466660291402	4.58158801558111	4.44533764236202	5.43509007877882	5.32736437971593	5.4898259734112
chr1:8707553-8708054	Her2	1.0451264524903	2.99287126542734e-05	4.10910840319288	3.48561665965778	4.82888684711492	4.46183353721949	4.57591324394644
chr6:106867674-106868175	Her2	1.04470924758571	0.00776628903581676	2.97435697478243	2.94134376855334	3.90905256020124	3.11233308354947	3.17087362281545
chr3:11287047-11287548	Her2	1.04462212575294	0.00225823620390266	3.91167378080954	3.96830126516645	4.94049332247682	3.68914884644767	3.77884965353531
chr17:40550015-40550516	Her2	1.04461001100653	0.00162325709180478	4.43936031679433	3.85922712695445	4.99679396310771	5.10174467599939	5.17854953332046
chr6:106896779-106897280	Her2	1.04440632371389	0.00639207896970003	3.11044819813863	3.16313241224586	3.97508415410326	3.20258674400705	3.30394921304272
chr10:124823269-124823770	Her2	1.04431164869128	0.00494124766288628	2.92483772591108	2.87412082574414	3.87584428324686	2.98721234969328	3.04640804165428
chr8:127179291-127179792	Her2	1.04410597865516	0.0116744295194332	3.28763752951415	3.69654955846962	4.20112987152034	4.49768948522688	4.25627945735367
chr8:80750411-80750912	Her2	1.04393820476502	0.0118000438596794	3.90073856524053	3.98023455215476	5.14563931107794	5.05617930421809	5.36465877400105
chr8:116645145-116645646	Her2	1.0439173161976	0.00306941833791307	3.47334405350369	3.60384455560295	4.45475166388653	4.08803474520074	4.26145047940188
chr1:235030099-235030600	Her2	1.04354283544006	0.000298273750199009	3.38851741126093	3.83751253744923	3.99437499644172	3.81360680814513	4.04088624374893
chr8:126491167-126491668	Her2	1.04314383731927	0.00155120937073158	3.02321399574137	2.794279835124	3.63222883085132	3.2436231049839	3.31196047408468
chr17:28947252-28947753	Her2	1.04310796638185	3.21085957298108e-05	4.47804094658208	4.17339069608951	5.1069427018526	4.66404467332959	4.66240980608419
chr17:48890099-48890600	Her2	1.04281047233345	1.98073640884141e-07	4.15757051819354	3.88809667325493	4.82513124084957	4.15434956996187	4.17066635804446
chr22:28795884-28796385	Her2	1.04257195407797	0.0108140387749986	4.51329717523468	4.0585392710246	5.78698162852703	5.51840462065435	5.60758373905148
chr3:144383614-144384115	Her2	1.04207808079561	0.0139958777408908	2.72159418861028	2.43224973053876	3.85445176175965	3.42900069517005	3.62159611046248
chr3:133711126-133711627	Her2	1.04199969444374	0.0129598609556714	3.10136235470368	2.84546236197117	3.9364368203207	3.99661399353977	4.0916755430396
chr17:29743361-29743862	Her2	1.04187485021509	0.000256876714319338	3.27449416756609	2.71778172462054	3.74936005860273	3.21813329603495	3.26345429300551
chr1:225378241-225378742	Her2	1.04114523278231	0.0107819423083687	2.65759963639579	4.30220677683157	3.32105424519009	2.84656564391781	2.65109895380525
chr12:58158677-58159178	Her2	1.04079135481562	0.043596368460058	2.99374294566544	2.63121000361697	4.1885963646799	3.94729601363547	3.90733832783696
chr17:72461713-72462214	Her2	1.04074750527586	0.00222175217958059	4.30192483614515	4.52199433511443	5.3823714432999	4.92039296248663	5.30556939610038
chr6:27897788-27898289	Her2	1.04074023456008	0.0120232708638794	4.16909817018868	5.86839225578231	5.4351200435293	4.20864477135739	4.6657800295384
chr21:36197253-36197754	Her2	1.04059972086104	0.0019061021568567	3.8663788671175	3.63543371553887	5.03335560304517	4.5099290539439	4.9418746718761
chr17:50189636-50190137	Her2	1.04056561680042	0.00474822920984779	4.26022152154217	4.26399773147701	5.37226187456766	5.00015780523276	4.67225754511944
chr8:26428202-26428703	Her2	1.04047343666036	0.0277927462404996	2.58389949941726	2.04408490113452	3.35435990543559	4.23893408779107	3.67447134413327
chr6:53278474-53278975	Her2	1.04047091887988	0.00289250453909752	3.72554190286277	3.49156316891634	4.88328543057476	4.96585092258529	4.87517809691266
chr8:97529804-97530305	Her2	1.04009129586318	0.0267721851187059	3.73457828626121	4.10595581795804	4.41584387389807	3.6575162421164	4.1621466673308
chr4:165204834-165205335	Her2	1.0400588516913	0.000123148615363115	3.66981864362764	3.47063906025385	4.54260847015663	4.00104197994222	3.46672781810522
chr8:117069569-117070070	Her2	1.03971877503541	0.0141385360565574	2.97358572340677	2.80312948980361	3.69710263762167	3.89282525876305	4.0528557314808
chr17:40366926-40367427	Her2	1.03946733380428	1.33964050479773e-06	4.09111305342157	3.74074206593928	4.64744676990123	4.13970365134366	4.45681483331276
chr4:57411243-57411744	Her2	1.03941823944603	0.0149754030552917	2.69509729229253	2.37380567430542	3.49223230451283	2.92115163871815	3.04193633490569
chr6:106898722-106899223	Her2	1.03927015949471	0.0121767013108488	2.58077977759685	2.72318423907959	3.49866504648841	2.78872155195447	2.94279984514498
chr1:156048662-156049163	Her2	1.03907183298645	0.00136286350196872	4.37460190832606	5.38679947159449	5.38327843874062	5.56373030581784	5.17274700070402
chr8:115599257-115599758	Her2	1.03861347878644	0.0461541737267917	3.56841796859223	5.51482033196385	4.93995021323839	5.59153110537279	5.550972210095
chr19:57775925-57776426	Her2	1.0385904792024	0.00114343652906562	3.74350102425501	3.80069681575794	4.56898385690621	4.75640707985971	4.85241795262356
chr11:76659729-76660230	Her2	1.03822988319328	0.00130963579751075	3.82688287629604	4.32944671415937	4.75759587686099	3.99287417437113	4.32062632872406
chr1:242235512-242236013	Her2	1.03810176570681	0.00918423900953444	2.92294707505844	2.58328566954591	3.61819825917551	3.23029669997751	3.26721794373446
chr8:118490838-118491339	Her2	1.03790995044267	0.00321025452044807	3.19016084895207	4.36948547086662	4.13070076300042	3.40436634886883	3.5330537500689
chr1:205005339-205005840	Her2	1.03787534124448	0.0019381609889618	3.15394687457819	3.19650181997618	4.14405889568048	3.86771283755312	3.99906999795571
chr14:104803968-104804469	Her2	1.03777301198808	2.38513543833243e-05	4.67782896778716	4.7350233521714	5.74395796802668	5.00537931189624	5.17562301070891
chr22:36815517-36816018	Her2	1.03712670852946	0.00521932778229243	3.27388095527167	2.98180816644854	3.97821455402243	3.97937744063992	3.47465740369468
chr5:146840653-146841154	Her2	1.036986339666	0.00842581701782442	2.61523365197652	2.28476155298383	3.43467872865371	3.28629488105054	3.22136424937072
chr6:106605658-106606159	Her2	1.03643783059963	0.000131559441959683	2.37248205650203	2.59343467989063	3.28732906811344	2.41999889558329	2.71028557634846
chr9:38022177-38022678	Her2	1.03640711843976	0.000148047586260638	4.53359690380016	4.80820598075003	5.57472794604444	5.245877717203	5.2660695271767
chr11:80728337-80728838	Her2	1.03637498303681	0.0280430727935541	2.61835532473438	2.18749630955087	3.65322876949096	3.97287786360732	3.80042288286355
chr8:109224428-109224929	Her2	1.03631066590984	0.0186649313268258	3.27995672966337	3.53246529188194	4.42387344188189	4.83388217800932	4.12905707493542
chr1:200370605-200371106	Her2	1.03627289892814	0.0201823274786628	3.20703134327284	3.04418994626295	4.42984230543197	4.27951629746235	4.34998969737812
chr2:241885911-241886412	Her2	1.03624457596006	0.00607346585308783	4.65731252872699	4.72764255966736	5.67122645320153	5.59316360851898	5.53530429000398
chr3:79607618-79608119	Her2	1.03618022622647	0.00569602937653921	2.62700113830279	2.00830203656952	3.07768782225062	2.72000699497777	3.08235009647436
chr12:88418470-88418971	Her2	1.03617723108743	0.010615134080197	2.8737885139372	2.12024916879422	3.99468860200073	3.67897057154953	4.03195504008867
chr19:43058448-43058949	Her2	1.03615337852047	0.0338047868008154	2.45836089984754	2.11010099530872	3.18699498186015	3.31629857101154	3.20035934039931
chr2:173844828-173845329	Her2	1.036083824619	0.0320228358297777	2.93657190346473	2.58453892891047	3.83938164826019	4.94197216360174	4.53215051195712
chr2:56810122-56810623	Her2	1.03542486239431	0.0125487046799049	2.83362206363781	2.69652979418402	3.58734865660092	4.43979591438654	3.75495776942954
chr1:231481182-231481683	Her2	1.03537715467159	0.028467496295193	2.91759744783713	2.84751164912078	3.84627766865634	4.35517801705368	4.25768126591918
chr15:92653294-92653795	Her2	1.03451814096939	0.0211054513584529	4.14965362916078	3.83387868325572	5.47783746250972	5.18199999771645	5.236820517248
chr5:35227710-35228211	Her2	1.0343278276723	0.0307076551946169	4.04398661775016	4.76230954998191	5.38940394938468	5.08681309581602	5.39298943745973
chr6:19354132-19354633	Her2	1.03423658114543	0.0444696377210316	2.98863750773486	2.59388088791695	4.06080738709013	3.24214786812723	3.12787875364476
chr3:123451134-123451635	Her2	1.03420578088439	0.04082331964503	3.67734548513874	3.06540275621416	4.65987794934612	5.2206246234139	5.36459518344116
chr12:52240307-52240808	Her2	1.03415700673698	0.020184472851295	4.17658098230795	5.37123237676313	5.56761431478984	5.04525724955592	4.97409987693349
chr14:53957737-53958238	Her2	1.03397039072628	0.034419379242024	4.16875090093986	3.1193699279627	5.28880235854691	5.41649377356649	5.16445573437581
chr20:46807941-46808442	Her2	1.03373376042841	0.0137435692378039	3.58908123759291	3.25682638693046	4.79242743681093	4.52660507001547	4.7843253715698
chr15:39626924-39627425	Her2	1.03373303713306	0.000966853209091082	3.87350085407898	3.21074562456104	4.81694245732854	4.750961036755	4.95883813350806
chr14:105471878-105472379	Her2	1.03373104809918	0.000365987775851248	5.13707562257579	5.32336690539823	6.29621497589297	5.85726241848144	5.8819423871924
chr15:88547940-88548441	Her2	1.03372725812726	0.00155391068235082	3.41833989296385	3.09984382709226	4.13258335127984	3.80433439133661	3.73150243891258
chr9:77277200-77277701	Her2	1.03362965396784	0.00492573556718351	3.35356560790323	2.83311988960929	4.23861868019119	3.7479847110944	4.24360190512417
chr1:151733928-151734429	Her2	1.03350822335414	0.00016325588891546	3.8733194170284	4.1738157552421	4.64107662062776	4.49270914471787	4.76356735841516
chr7:80541793-80542294	Her2	1.03326502324616	0.0175695322652646	2.96952876182972	3.0658747287925	4.1790982516232	4.45034906297016	4.06158338248598
chr20:53756021-53756522	Her2	1.03265468008303	0.00957582406235635	3.75111538644773	4.23135669801918	4.79775703444203	4.57545653951195	4.54920326115323
chr8:114369706-114370207	Her2	1.03251945202984	0.00609131554551846	2.5508935005765	2.16166224659834	3.25703445756331	3.40325441107038	3.32107980942259
chr20:46403195-46403696	Her2	1.0324137538503	0.0296054459371723	4.55035421891254	4.52930941353428	5.89668089686445	5.2587965038071	5.57738841514951
chr12:69575289-69575790	Her2	1.03228291452099	0.00268530338199992	3.64929502667523	3.02140573587291	4.31511157516696	4.46597775729363	4.6678587980893
chr15:61274993-61275494	Her2	1.03212448487318	0.00928565798169471	2.91434279407764	2.50934363535906	4.10930639171829	4.07910894433878	3.91587814547889
chr19:39159583-39160084	Her2	1.03210273584123	0.00111387340355698	4.11698869429474	5.35685223811199	5.25719905546403	4.75790405381729	5.07254598765437
chr4:221719-222220	Her2	1.03209885059437	0.0292657070555191	2.56533933771915	3.70180117780032	2.99505389073736	2.68009660845985	2.78140717334425
chr10:77871052-77871553	Her2	1.03199113383842	0.0183354971317475	4.17110687096325	5.42548197226307	5.13100052530981	5.52281986614196	5.5030209818378
chr3:177638273-177638774	Her2	1.03191221914708	0.0298427226650534	3.34838886929011	3.0743439056012	4.04094905787828	3.90422750388606	3.78821732386814
chr6:138573380-138573881	Her2	1.03166036064459	9.2758534733219e-05	3.69111192925519	3.7185147603826	4.53860028942207	3.93191590505874	3.87522948678269
chr16:11381396-11381897	Her2	1.03152574576015	0.0013921768343466	3.36529186924299	3.48681934183084	4.13512016104	4.45942234847485	4.40562805745168
chr14:38883107-38883608	Her2	1.03151813932307	0.0267469596549499	2.90221456906874	2.20870735039919	3.5169384749004	3.26492205097351	3.64484679451853
chr19:57808313-57808814	Her2	1.03102708181333	0.00544151724384076	4.09571551633827	4.02992958880562	4.95621227038332	5.29610017502899	5.47774999275319
chr1:163766247-163766748	Her2	1.03090268667652	0.00127369114680288	3.24301571692181	3.01840905564502	3.75129230708888	3.9817530668898	3.97905604011673
chr14:35670835-35671336	Her2	1.03088510710472	0.00193855928921247	3.18226600252598	2.4776205529949	3.94301271729775	3.44255246399766	3.64601902545837
chr15:24879495-24879996	Her2	1.03062281972946	0.0454712805148729	2.61852404358985	2.0389257973042	3.63198425434806	3.16963612384636	3.16606891404183
chr3:10006422-10006923	Her2	1.030551284475	0.00765605742188483	4.18590355037203	5.41169591782251	5.28120279497283	4.61752741019281	4.65527220130474
chr14:23355818-23356319	Her2	1.03048249930586	0.00805705504590244	3.77479971673402	4.82104029143425	4.82494217920178	4.21337224345851	4.2578384650783
chr17:48890663-48891164	Her2	1.03047460799321	1.20480802790926e-07	4.32190865629355	4.35808991892038	4.93171470251412	4.33686015974209	4.23187512735467
chr6:106878280-106878781	Her2	1.029842435049	0.0202542390577982	2.87030288185153	3.04244266857316	3.89581534286898	3.13135906448731	3.1978270942709
chr3:46112982-46113483	Her2	1.02957179024378	0.00144211603475141	3.6703042988542	3.85351195033801	4.8452389754774	3.7930264989691	3.87655225700126
chr6:132873851-132874352	Her2	1.02944513112156	0.0116243600311298	2.20994938976034	2.06923016204653	2.83759994530041	2.56098709455619	2.8783578248443
chr7:93226884-93227385	Her2	1.02937300412538	0.00324875116923061	3.50017192934475	2.81600313217587	4.60744119325578	4.61183603537639	4.42367185112495
chr2:131664957-131665458	Her2	1.02927625574818	0.028153836773047	2.97908305344801	2.35670181473437	3.56683950192921	3.90009969959155	4.79074504317461
chr3:4564368-4564869	Her2	1.0289920795132	0.00997342898296941	3.27039050531432	3.16679050435544	4.41521944853971	4.1602488267402	4.33452025225615
chr17:47977348-47977849	Her2	1.02879852995065	1.16210297377144e-07	3.95456151442833	3.76961271858522	4.39042692058213	3.89078745830402	3.91203496890378
chr10:8868153-8868654	Her2	1.02864734497467	0.00666913909483757	2.91325713866437	2.89306897214234	3.51646996911594	3.46517401015954	3.92440071658595
chr11:78067666-78068167	Her2	1.02836936497343	0.0149488287582941	3.86714148970451	4.02537637277602	4.8841199508872	4.53124919340626	4.46243094604378
chr8:95161822-95162323	Her2	1.02827134415458	0.00264172739817678	3.44441015429411	3.63669292452715	4.38667130756081	4.07772842079729	4.60449043772282
chr7:21523733-21524234	Her2	1.02810799801691	0.00416429272469932	2.9572045415778	2.55466808215427	3.70444553550768	3.05425123791285	3.03070769190347
chr8:102858889-102859390	Her2	1.02795609871517	0.00245028060667076	4.53739494926741	4.54120415636211	5.54019244274152	5.01545030023584	5.26638279108036
chr2:132419896-132420397	Her2	1.02760131205938	0.01917179474803	3.2938701498048	2.23821301955999	4.55652659213152	3.85422840903632	3.86116009503977
chr17:47974846-47975347	Her2	1.02753911161446	2.32220444596761e-08	4.02369116891571	3.97165493492862	4.40659995211058	4.03532660564144	4.08593440228739
chr3:141274250-141274751	Her2	1.02736129377406	0.0109409442244903	4.00141630441004	5.37754754292328	5.01487313848919	4.45434206470928	4.90551896436713
chr12:89086057-89086558	Her2	1.02677541964041	0.00225453420070468	3.00615884310384	2.24261416118085	3.66208182076411	3.61964703980245	3.5015678826564
chr6:106551657-106552158	Her2	1.02669828107975	0.00808672347441977	2.58494015428758	3.1517555494527	3.37121693056744	2.52334661244768	2.83309282888932
chr6:106735770-106736271	Her2	1.02663425824616	0.0437462215520065	3.56255834394781	4.33647331386232	4.72140480676464	3.68524448291438	3.46621239112132
chr22:17162651-17163152	Her2	1.02630433442936	0.00661057986817794	3.53730414672559	3.45029950088912	4.40557684225302	3.60961731107948	3.48235240144161
chr3:184010403-184010904	Her2	1.0258862647117	0.00169394761557093	3.74571172960639	3.60402697646298	4.79143223978955	4.42184477561868	4.61886266995575
chr22:46535658-46536159	Her2	1.02557234663795	0.0051735008206336	4.560855754087	4.49463823556647	5.42747768496452	5.55333776557987	5.76176906560887
chr7:38314444-38314945	Her2	1.02550005261801	0.0141014829009224	3.41265462140881	3.07635882133592	4.40545700556837	3.55936313253686	3.8397582480228
chr19:10584481-10584982	Her2	1.02543864513139	0.00165230501165596	3.30423536226155	3.89766566305663	4.32139662796158	4.57734048965105	4.38487254848932
chr13:41903234-41903735	Her2	1.02524802570713	0.0189673093197411	3.13104911173516	2.68815542727884	4.07170822486872	4.5416330341852	4.6181876463322
chr8:115781489-115781990	Her2	1.0251828374023	0.034584363405444	3.30446042244484	5.08573053575015	4.50270440841317	4.6132533503895	4.88202932933186
chr8:115443346-115443847	Her2	1.02505929681068	0.0195188546484759	3.83367516602853	5.36686965813735	5.00824046001053	5.44129595138513	5.37556163592157
chr8:119150358-119150859	Her2	1.02486808096702	0.0254604590944341	3.31241757367516	3.08230618302722	4.58421396860594	3.96950845743522	4.09656685155402
chr1:212090389-212090890	Her2	1.02399935873421	0.0109272521056119	3.43626348363697	3.10903081686796	4.57063686257274	4.53249800831531	4.39306922805785
chr1:38642297-38642798	Her2	1.02391304238324	0.0443412931534268	2.76107862764514	2.28867612381677	3.56924882696626	4.57614329188873	4.01603226854174
chr17:28721910-28722411	Her2	1.02377417750108	0.000285223383110229	5.37831873558949	5.84544581604868	5.95851584141562	5.18876529641335	5.26328982637398
chr8:127922447-127922948	Her2	1.02365887122821	0.00775409119201377	4.34690651851498	4.59359401558428	5.33701669307904	4.81423850776075	5.22970438501905
chr17:40132319-40132820	Her2	1.0236209941281	5.04820687291553e-07	3.72958876217251	3.5008855167967	4.22638113046973	3.46628204964413	3.87368829605167
chr12:57725162-57725663	Her2	1.0235520037559	0.000951708426935761	4.51941087717348	4.7549420309346	4.9848597650089	4.67746958481724	4.65717961369842
chr7:133572807-133573308	Her2	1.02354101090722	0.0111089193437357	3.11475293935055	2.79093276292058	4.17590582748034	3.49393862470724	3.86574653310021
chr6:104186811-104187312	Her2	1.02342498915768	0.0282155723314686	3.3320329195897	4.63159722837287	4.19154349446731	3.7832920418584	3.64340615655299
chr6:138104570-138105071	Her2	1.02295812284417	0.0310481879471801	4.76515898962287	5.54934533185472	6.032635982293	4.86874688836591	4.83026107888248
chr2:125760655-125761156	Her2	1.02291242771747	0.0158603256483808	2.8709156275025	2.22403547266624	3.57840392148518	3.6236628575147	3.65152076341003
chr6:106738001-106738502	Her2	1.02289124987096	0.0392506840952713	3.65957908140419	4.31412506062014	4.71182103420585	3.6328878186807	3.62387483238069
chr8:72393996-72394497	Her2	1.02277189255955	0.0208951672448276	3.62059047613705	4.42556288058198	4.46596431145028	4.69301914519498	4.69494622982764
chr8:54088375-54088876	Her2	1.02276384189039	0.0350441202889758	3.6996150138553	3.5633631685147	4.95262636315011	4.81728677153778	4.89263120096812
chr2:203646927-203647428	Her2	1.02267724146765	0.00848558033768812	3.48330065117745	3.93726403342009	4.51754228024692	4.41618443809263	4.50697362522579
chr6:151682845-151683346	Her2	1.022628206396	0.0230006116840554	3.2642384508589	2.74709624716972	4.02546903091827	4.27984951097037	4.44968783458474
chr1:175524397-175524898	Her2	1.02246334376759	0.0494845352977759	2.91461002236563	3.57011461197908	4.1810125747324	3.8343651015808	3.64819743209205
chr1:164580827-164581328	Her2	1.02244426718453	0.0061981512485798	3.60534543262578	3.84779559398003	4.68981314841048	4.93447735329083	5.07551318911332
chr22:40954250-40954751	Her2	1.02242124746122	0.00389988990184858	3.47316913240312	3.49326385185919	4.51813784368334	4.70761883113001	4.77658657336521
chr14:80565022-80565523	Her2	1.02237533367226	0.0284978551189071	2.86258069138284	2.65868599485564	4.0320557149645	2.75525991976489	2.9869703088153
chr17:29543560-29544061	Her2	1.02232514604594	0.00120457870805769	3.19474687784796	2.84647635537133	3.87153288385803	2.9702935517582	2.99070378677575
chr8:95149003-95149504	Her2	1.02232267014766	0.00412083814513192	3.49414225993005	3.36539273770602	4.48666888523999	4.23800719905614	4.68809498430755
chr16:2899606-2900107	Her2	1.02229931113748	1.05410115018067e-05	3.96173436142312	3.909939687676	4.88640745863255	4.64374399363292	4.80331569108634
chr1:167363677-167364178	Her2	1.02221038445311	0.0136536187438498	3.0610211570266	3.03223192265922	3.64700891630771	4.28605924205693	3.97539944355883
chr6:34534633-34535134	Her2	1.022121333618	0.00764198380190353	4.32434035068935	4.91004361761876	5.54538783108942	5.39617707203669	5.43312004875786
chr11:78002935-78003436	Her2	1.02210478413967	0.00141771868513663	3.11296731530399	2.81336012993642	3.95807871511635	3.82030710976251	3.68693575977423
chr17:49999385-49999886	Her2	1.02176770340922	0.00262961523671678	3.72027947741942	3.47713052909203	4.44015101781516	3.97747020652299	4.10370710969001
chr2:157877993-157878494	Her2	1.0216494645724	0.000902682566011232	4.25691642841882	4.40921162436394	5.1568694657661	4.82301418513017	4.82069087377628
chr4:141900759-141901260	Her2	1.02152367957569	0.0491197243776049	2.93440992487122	2.43706552407938	4.10853067407507	3.20681052323563	3.1869625575769
chr11:63634507-63635008	Her2	1.02152217346036	0.000701596405680939	3.86057353121628	3.41484119177733	4.75338439269994	4.66920640160035	4.74265750041511
chr4:96454609-96455110	Her2	1.02139794137083	0.00472707603039942	3.10063188884597	2.55011238853565	3.68403626623241	3.09721600214286	3.30283406681662
chr1:27150165-27150666	Her2	1.0211569031503	0.0103660072224292	4.29422864421648	4.92557437315656	5.422414916674	5.2711657885345	5.12606958266556
chr20:3202155-3202656	Her2	1.02103692131429	8.96515761547247e-05	4.0757697786242	5.31418675729133	5.09192620698036	4.47520803379445	4.3346149432432
chr17:81987315-81987816	Her2	1.02080866424669	0.00184368624883234	4.0772771424592	4.52092899489936	5.13993492642099	4.1481917158629	4.7218627037419
chr1:84190894-84191395	Her2	1.02078900202719	0.0116631090875348	2.69666457611515	2.356056560999	3.47137434421965	3.30494596401842	3.39328165353509
chr7:38732007-38732508	Her2	1.02069797197262	0.0187669424053727	3.0768486935438	2.96209779914247	4.02544104975508	4.22987828604101	4.59904809973918
chr5:20017670-20018171	Her2	1.02041875193084	0.0461077131616618	2.97251800543797	2.84793647728172	3.65517616016332	2.85108317311254	3.20785953423045
chr20:31913363-31913864	Her2	1.02018561292606	0.00222733086308111	3.14266109906457	3.91450592344858	4.06396692091804	3.4168038474524	3.72158991021305
chr7:138222221-138222722	Her2	1.02001626083849	0.0462761291512671	2.97004825112425	2.31469033765831	3.79091261819634	3.39416702041791	3.99468029204971
chr1:151718600-151719101	Her2	1.01916549869404	0.00593600851459369	3.81345882294703	3.8421397677204	4.70340022004254	4.89372687646833	5.01683404602445
chr19:23513111-23513612	Her2	1.01897439043856	0.0249160362217119	2.86346767845973	2.69794773607563	4.04608791049151	3.4459191619556	3.31152120082822
chr1:107744620-107745121	Her2	1.01891028991565	0.00756089744796304	2.84532417368747	3.16182097730813	3.89371957195153	3.93120888886614	3.78111596547141
chr2:140473821-140474322	Her2	1.01886507504232	0.0269795783995198	2.91342993210339	2.08441242169721	3.97629835346072	4.31829650112351	3.78225872213316
chr2:54938762-54939263	Her2	1.01875286780028	0.0411402877514339	3.39821657979267	3.82323714530286	4.4577520469665	5.17784137815578	5.05934209032085
chr8:100469356-100469857	Her2	1.0187406036628	0.00116264986120808	3.40885435935547	3.67428122186822	4.47136179903005	4.03863413670827	4.22021274711137
chr20:57785648-57786149	Her2	1.01862533891532	0.0277223231881885	3.60220564498594	3.43939944278889	4.59119549978444	3.91148244530535	4.06691750584689
chr1:207856859-207857360	Her2	1.01851967490816	0.00447276749369722	3.86269669531004	3.78339663855506	4.74250282252297	4.81164746502665	5.1334869317851
chr10:15444169-15444670	Her2	1.01849701654331	0.0388453850810087	3.04641990798604	2.60460254163754	3.83747818293797	3.25680588794641	3.1716101350478
chr6:5533293-5533794	Her2	1.01791615336321	0.00318420691077844	2.78558138352571	2.73768940701965	3.67881919098101	2.94250087447114	3.08006834933452
chr15:60448619-60449120	Her2	1.0178608581552	0.0414827291895982	3.43977602001608	2.77686422826828	4.75433369501078	5.09137759077834	4.88659971231869
chr6:106769076-106769577	Her2	1.01726293895016	0.021068016142761	3.25079102339804	3.49173927863216	4.23584359987889	3.24535502115022	3.53283237684307
chr7:112260879-112261380	Her2	1.01710995520634	0.0208911875038809	3.23912716132806	2.50606315050198	4.1729104269542	4.33259709920768	4.52596971766514
chr1:154842499-154843000	Her2	1.01691757376612	0.000115319937313578	3.5358070211522	3.48136615133502	4.21676376443821	3.86298534492647	3.88383620271404
chr20:64040222-64040723	Her2	1.01670599240879	1.53534705073084e-06	5.09776978887486	5.2016311528828	6.0967191516991	5.10792148130595	5.47376773193518
chr22:28797341-28797842	Her2	1.01665746375279	0.00773199557939475	4.31686155042395	3.77968329927173	5.48715088120368	5.31996637330119	5.25413280968185
chr7:140783733-140784234	Her2	1.0165997258917	0.00981873259814283	3.10301204785727	3.45078595255725	4.05136709572309	3.34948355547429	3.83674258886758
chr6:106958844-106959345	Her2	1.01649629162061	0.0236123796145039	3.22608575235303	3.42519286604462	4.08236263281931	3.1605469794962	3.41980127953917
chr1:181311263-181311764	Her2	1.01643854170998	0.0156478175170431	2.98554318661583	3.19822289286304	3.90897981638885	3.31209003947211	3.25671255386615
chr5:895720-896221	Her2	1.0163641380788	0.0310440806641705	3.73237747212556	3.4638817880594	4.82879353894331	5.30126817178672	5.52216767042342
chr4:41129851-41130352	Her2	1.01621673933254	0.0223478177252354	3.55212806596464	2.84258806835154	4.74831503911192	4.77797756854869	4.92295282684142
chr2:39644349-39644850	Her2	1.01601227437272	0.0119547173065626	3.75663219779906	3.84228382396072	4.54115161554017	3.98766755062224	4.03879257945301
chr16:24826594-24827095	Her2	1.01596085674313	0.00145943444253793	3.59414985125706	3.64550047089497	4.39430987644805	4.05175244974402	4.15693791182244
chr8:95098319-95098820	Her2	1.01594174474542	0.00466656266151163	3.59434187571786	3.47826055694148	4.72503569947213	4.45682384623629	4.64276012312493
chr14:74859136-74859637	Her2	1.01569815612777	0.000129555969257102	3.82140452284576	3.56430795752175	4.58474770332854	4.59678885903227	4.66374157165903
chr17:40127751-40128252	Her2	1.01528874690081	2.49546258582921e-07	3.54687205586427	3.49715683064207	4.21952861285226	3.60100580566561	3.80435920688783
chr6:107018401-107018902	Her2	1.01527123343891	0.00736793514448467	2.83508712755047	3.30938928716291	3.58576657371367	2.78919312623252	2.85205787724609
chr16:54283212-54283713	Her2	1.0149926676829	0.0444038879965805	4.24790945723648	5.57713541954939	5.59023280773648	5.23875857072603	5.32255857567511
chr14:32429421-32429922	Her2	1.01496801626514	0.0110493011216373	2.80091243265187	2.03088848770789	3.15582827237402	2.65456056400641	2.66187891303713
chr5:133775882-133776383	Her2	1.01488470804617	0.00471735624896572	2.94346163550279	2.47016575722092	3.98586477911213	3.16099170635787	3.11535835562435
chr8:95157899-95158400	Her2	1.01478586553359	0.00374037181755362	3.95153329355495	3.94785332935784	5.02847776523551	4.83521372767453	5.31112621206102
chr17:29118884-29119385	Her2	1.014736705016	9.11185148766862e-09	4.2530069447345	4.05692571043224	4.81171076021614	4.08198459744027	4.16990749930006
chr2:237485766-237486267	Her2	1.01467321321626	0.0417542607875101	4.53890345459178	3.75429950491817	5.98488024830557	5.71638798190184	5.84862751160749
chr6:106769675-106770176	Her2	1.0145791333965	0.0248907440872557	3.03609697728915	2.97746258188918	3.91337211501357	3.08276585823398	3.24652965329453
chr10:98011241-98011742	Her2	1.01450925239011	0.00679434710983076	2.7825646743069	2.78668309985255	3.51245122570183	2.84634608344527	2.80683935272372
chr17:49285670-49286171	Her2	1.0144476330598	0.0073568487333603	3.11727129692189	2.9783279649841	4.13889586581364	3.3103265488625	3.55717025771305
chr6:158557733-158558234	Her2	1.0143902705546	0.0492080101101658	4.45252588074975	5.58119354786997	5.41172371304453	5.60893028632283	5.88926130909715
chr1:151740833-151741334	Her2	1.01412926023521	0.00889685813043688	3.87418406562053	5.49581277267923	4.9514705203205	4.70190350374215	4.88615234567273
chr18:46030570-46031071	Her2	1.01397804189284	0.00490416507698229	2.79083064502949	3.88300885403111	3.6605766026184	3.23820250799626	3.32353389171136
chr16:54174116-54174617	Her2	1.01391483846837	0.0197858035034562	3.69724036533157	3.76844892833751	4.72041986391657	4.65856189945425	4.81222614647788
chr8:101455833-101456334	Her2	1.01390150908088	0.00427975308093435	3.64118620342938	4.06109015737411	4.76341196525776	4.21831815762827	4.60889730189449
chr9:128482167-128482668	Her2	1.01374724784462	0.021426944279475	2.75461198167363	2.56156426272818	3.58503366832735	4.16414656465141	4.35971364994754
chr16:15600530-15601031	Her2	1.0131976791632	0.00696927519278879	3.43747077979708	3.72267321206342	4.34556934818566	3.71618828836064	3.8389437072594
chr6:105762114-105762615	Her2	1.01313355338939	0.0463974614512905	3.02268276377393	2.80075623629609	3.70738791935489	3.75522359612908	3.4099601548793
chr17:38561787-38562288	Her2	1.01296808804177	0.000490996105456047	4.144318114833	4.14678876761133	4.54999553824117	4.14169634095161	4.31147933887598
chr15:62894262-62894763	Her2	1.01283651674167	0.00485994815236829	3.97745542902549	4.61181440115469	5.0479679405398	4.5666285830804	4.48431155665391
chr2:231363198-231363699	Her2	1.01265998132596	0.000641953026999734	3.83424330182992	4.45087084937304	4.76120278545137	3.77096237969399	4.06753653261799
chr8:29335123-29335624	Her2	1.01257467495546	0.0409690400283484	3.65600227079147	3.47915975901964	4.76417467664189	5.0398707356365	4.43384254111731
chr6:154731527-154732028	Her2	1.01249653856005	0.00076157876741974	4.23476271791459	4.70338381526522	4.84978397235664	4.87817402022546	4.99011096644323
chr20:64036913-64037414	Her2	1.01237524661074	5.49810484084805e-06	4.86514346147037	5.13381962126004	5.84919111813691	5.07074900664243	5.3347437059566
chr17:22704595-22705096	Her2	1.01235601562481	0.0041072250202506	2.94750986405806	2.53634927045103	3.49064965817232	2.45327536607565	2.85619087580635
chr1:113155108-113155609	Her2	1.01213096431036	0.0280486033209435	2.87046193804046	2.53355111366677	3.78776846598989	3.5992865912252	3.57714389948673
chr14:59311512-59312013	Her2	1.01188902529432	0.00160354236848984	3.49958542026527	3.04856689193014	4.49890405887927	4.47608673504833	4.73224788670331
chr1:211539009-211539510	Her2	1.01183358399115	0.0129041352642904	4.00739262790139	4.20093943555861	5.06010172173277	5.10514980326296	5.07695068363492
chr17:40125859-40126360	Her2	1.01179113170142	1.18097397159229e-07	3.99205506715648	3.81296551554179	4.44675133705005	3.9117452510012	4.25749284680987
chr8:72106678-72107179	Her2	1.01177395587344	0.0338483584459987	3.09689724522346	2.66038588964256	3.95088551519079	4.06400204831692	4.33868153546711
chr10:91299872-91300373	Her2	1.01147733719228	0.0211849836286778	3.43556812846913	3.31700178921373	4.27124431082857	4.26356247108351	4.80613182162378
chr17:59390971-59391472	Her2	1.0110822428468	0.000532493997133973	3.63706053888841	4.01548487442613	4.19587703375463	3.80450266584891	4.22534666395689
chr11:67026476-67026977	Her2	1.01088825177282	0.000630613242782053	3.90585165930566	4.85018868450411	4.9418876242708	4.57051944027372	4.85085483028647
chr7:149626915-149627416	Her2	1.01087919603975	0.0257931842879702	4.20571852319782	5.22713284955132	5.47107913102815	4.78415825212792	4.46975008609586
chr1:2591785-2592286	Her2	1.01069230717822	0.000288290126940836	4.6510342175436	4.53781686791074	5.48106089043558	5.17936000986798	5.20757695349667
chr2:86193822-86194323	Her2	1.01035221389972	0.000309797498331412	5.04833763279972	5.8462068862984	6.09933652390635	5.41754645795684	5.32828238320588
chr3:141212052-141212553	Her2	1.01019438882136	0.0412962442340327	3.09391476238721	4.02270855801671	3.68756749471642	3.17303950851092	3.27833370916662
chr8:27869155-27869656	Her2	1.009958068415	0.0107360230878128	3.58215362120839	2.93648702022647	4.39518753556004	4.6241800288212	4.46037213738002
chr15:55201674-55202175	Her2	1.00991741119966	0.0397972438354366	3.31756900705841	2.61201140277419	4.26893655165924	3.8006413157368	4.00505685227017
chr17:60039115-60039616	Her2	1.00985822723619	4.25393133635441e-05	4.07165395799979	4.13542189986116	4.62446410632892	3.90397033180727	4.38212448191415
chr10:82958811-82959312	Her2	1.00946914051661	0.0243396965619794	2.80874702642399	2.31546610354623	3.78005393507698	3.52302370203397	3.48721692983011
chr5:24353574-24354075	Her2	1.00920095747513	0.010627635451865	2.78033655171261	2.57730683792667	3.32539042717607	2.864423823976	2.9173234872566
chr1:219527519-219528020	Her2	1.00917417948102	0.0418309073247608	2.90233225207839	2.56631267274022	3.65048838186531	4.54499054556271	4.04319388885591
chr12:94058988-94059489	Her2	1.00913695940147	0.00479857273318871	3.37893674926962	4.04623833432236	4.54996533272505	4.12870134552723	4.3545275948225
chr1:211392042-211392543	Her2	1.0089868378287	0.0490360182468222	3.12157118653596	2.78153090987008	3.84464463749341	4.15682567839553	4.51877759553059
chr15:89394328-89394829	Her2	1.0088920110051	0.0211387159779612	3.33322056706395	3.66448136157541	4.13940405553787	3.1369421550698	3.47287632478052
chr2:131679654-131680155	Her2	1.00872012756683	0.00499468155711594	3.57534836958622	3.23994165690284	4.13567418411998	3.95525035814118	4.82663020024869
chr22:24265661-24266162	Her2	1.00867448693146	2.64131056259119e-06	3.86964728040806	3.98100761560291	4.73023919551099	3.89405934955668	3.89477411853521
chr22:29934042-29934543	Her2	1.00860704952972	0.00457678745994604	3.25281229446045	2.64314555645193	3.9959227958553	3.60240775961286	3.48718695971728
chr11:6476546-6477047	Her2	1.00831409724045	2.43956946727391e-06	4.67569926073647	4.21699981568352	5.68289486721144	5.4194579101922	5.20798437256278
chr12:64967753-64968254	Her2	1.00811048410619	0.0252368786774799	3.15940935061806	3.85206744077732	4.06790393001427	3.58330812129352	3.57116098089162
chr14:100016209-100016710	Her2	1.00782798740621	0.00544151724384076	3.17471232821683	3.12147944510324	4.06533520520186	4.39901061354088	4.54250873562031
chr2:86190721-86191222	Her2	1.0078024101864	0.000656495302061431	4.0849289393301	5.39360514862177	5.12170470466572	4.86687076742899	4.97558899232694
chr8:29115753-29116254	Her2	1.00768002757512	0.0214937931661492	3.83633026653199	3.7121696971203	4.67895542764968	5.27524215238837	5.07132451630179
chr18:14862382-14862883	Her2	1.0075088942755	0.0310176342192811	2.7141161435808	2.37098389237443	3.5024041551739	3.11103425103831	3.53943534229624
chr20:48225929-48226430	Her2	1.00732923961178	0.0109666333545491	3.17273373557611	2.98921451246777	4.35142013972822	4.1946175005945	4.3529873967816
chr6:106903514-106904015	Her2	1.00732133903694	0.0166406325116933	2.86016047149708	2.8984826122176	3.73621360352814	3.01399731013619	3.30023499313994
chr7:158946304-158946805	Her2	1.00728180769368	0.0143670902762435	3.46556887381107	3.57682383616447	4.13559844623819	3.97557226333447	4.06025628317937
chr8:38064661-38065162	Her2	1.00715539684694	0.0247459716678933	3.8556823836191	4.53807455759695	5.14521076309979	4.8356225987312	4.75222067350626
chr1:175526705-175527206	Her2	1.00694612066674	0.0485792722323038	3.43084004809947	3.50373125930224	4.59441787854037	5.10369068225552	4.90148034614896
chr20:58619847-58620348	Her2	1.00691422357011	0.00931096194992971	3.5397082751799	3.83347233561701	4.62430918278261	3.43532823206488	3.70256282746281
chr7:97953275-97953776	Her2	1.00627997975379	0.00153335520927171	3.70401240861533	3.75529451158198	4.56013934381362	4.58764125337385	4.66903749092585
chr3:14018902-14019403	Her2	1.0061827488644	0.0404052446535357	2.79688937963099	2.38973003692975	3.19012765075676	2.64638770240706	2.72455577957635
chr1:66451249-66451750	Her2	1.00607544823549	0.0396582524198609	3.48039806881991	2.99707335729215	4.53117900785041	4.53350199305276	4.15795396235736
chr4:136979705-136980206	Her2	1.00603055116889	0.0274341406432153	2.99412649116513	2.92820008309753	3.80042147695669	3.7812541186044	3.26385784204258
chr17:38571081-38571582	Her2	1.00602093773811	0.000922443309504363	4.00459173909886	3.93311126762029	4.18444069886951	4.14257611499065	4.20727082857509
chr14:37606584-37607085	Her2	1.00586196004072	0.0122550524167285	3.05077706341007	2.94079980860302	3.85765969985368	4.11373126784144	4.22519183016087
chr12:69553126-69553627	Her2	1.00578101727014	0.00183164570609482	3.34669236196617	3.64967505340285	3.98318006296944	3.86263117663116	4.13629401742168
chr1:2588884-2589385	Her2	1.0056513527005	7.07665855454404e-06	4.97722567092425	4.9847175599428	5.81006234527514	5.33538259763002	5.60652952146124
chr3:188963831-188964332	Her2	1.00558476051324	0.0110084930217507	3.22348761078507	4.37057513594672	4.28458654382427	4.32052651976779	4.438794289889
chr12:6086521-6087022	Her2	1.00538180292924	0.0250272513218722	3.69942894761567	3.26152648896989	4.69208923214767	4.06438852909414	4.63465640255824
chr8:30470301-30470802	Her2	1.0052775254608	0.00552707173919337	3.41416285433214	2.51355895218102	4.38328085133789	4.32573714937884	4.33028985089279
chr10:5500550-5501051	Her2	1.00506148815245	0.00974118684883086	3.92387130891779	5.48732500161588	5.07448813112633	4.66695099130819	4.85089923601224
chr6:11394802-11395303	Her2	1.00497004104241	0.00426674068618119	3.57006614334978	3.0537308921543	4.13441647318359	3.86197181098366	3.68416503192677
chr17:66939636-66940137	Her2	1.00494536923226	0.0150334548839005	3.12101798530123	2.85420243689832	4.11740829283717	3.52492876894246	4.35727479271832
chr6:106504808-106505309	Her2	1.00487885065934	0.00537191306109946	2.97406644631553	3.2253795096206	3.82244577788754	2.96057441286661	3.1410857033991
chr17:28725065-28725566	Her2	1.00475669980373	0.000452881839064075	6.63970731321589	7.05974569861231	7.12963257155039	6.42152212508214	6.50294197592843
chr8:66045816-66046317	Her2	1.00466907346153	0.00402138958222284	3.33437289209616	3.25921591312756	4.03971401660236	3.78970829400875	3.79215513237317
chr14:65274116-65274617	Her2	1.00460435242697	0.0013494963409488	3.38829168439643	2.6942523065833	3.85338530603078	3.73404743589378	3.71388065500205
chr6:137477163-137477664	Her2	1.00446494554129	0.0127725962355887	2.68495281356413	2.47512893970262	3.56447260379219	3.35160674797727	3.7347198336059
chr14:22508201-22508702	Her2	1.00442112174389	0.0379588275201031	3.24660909190503	3.00651172206948	3.91609323256723	4.69924189001942	4.4628510206373
chr8:95099434-95099935	Her2	1.00440190286081	0.0267888465770076	4.46052932425395	4.17468113463313	5.68536376760572	5.2292662448395	5.51294869161616
chr3:141285552-141286053	Her2	1.0041976638871	0.0177291323452308	2.96332703281129	3.20731757523496	4.0850194168014	3.33447525408267	3.44271592540401
chr18:14434252-14434753	Her2	1.00416192841745	0.0375278193204739	2.85311533361625	2.38883333710749	3.81321964093472	4.53440025355072	4.14918543509426
chr8:42278836-42279337	Her2	1.00395883618614	0.000751675484158137	3.57622172896367	3.47480434264522	4.41124627306139	4.45503243967113	4.46156543737374
chr2:24815461-24815962	Her2	1.00367508386988	0.0331124224895885	3.51475950292972	3.75788323929224	4.49648986126582	4.05348638402298	4.20293546825948
chr8:40345109-40345610	Her2	1.00364899245502	0.0224746789619899	2.80124087952688	2.48078856089033	3.51445938723226	4.00947051971314	3.86958669346548
chr16:692591-693092	Her2	1.003430774442	0.00276996525159646	4.85668469706174	5.38913196281605	5.75828505366534	5.39666178032021	5.70983453367206
chr8:133617263-133617764	Her2	1.00337231349539	0.0179632236852495	3.29701319984047	3.63043987972239	4.29091862581742	4.82175482284544	4.56068650905772
chr16:69583260-69583761	Her2	1.0031123599818	0.0204933195566478	3.356129362751	2.86311365306819	4.16165800019325	3.92277232641444	4.52486288859671
chr11:70249340-70249841	Her2	1.00310199445353	0.00842537446914791	3.49703638234016	4.17462175984166	4.31697140306885	4.20541414132987	4.51927114778008
chr10:77124198-77124699	Her2	1.00306587878085	0.0144351164933207	3.10746705618073	2.76112578174547	4.15450386765781	4.4017133994773	4.27549878802893
chr20:63524199-63524700	Her2	1.00302846814601	0.00367147040231663	4.89375726815213	4.58978514044601	5.81042997753719	5.65731846926934	5.6248261080043
chr3:4886370-4886871	Her2	1.00284357313799	0.0266936840634819	3.34364401734176	3.03947244667603	4.26880022898467	4.24387594184393	4.93004680134564
chr6:42431795-42432296	Her2	1.00277929536609	0.000890269645647613	3.32553122567215	3.44673335338567	4.23056942565793	3.78974863483899	3.989581421588
chr8:124966466-124966967	Her2	1.00272657843834	0.015598866621427	3.65887140680729	4.28817311091909	4.78071679769615	4.22198271644733	4.55515433400172
chr8:54089244-54089745	Her2	1.00255152996153	0.00960834855929336	3.35254901926528	3.5187759845547	4.40857095804356	4.21145956604156	4.0832159404238
chr3:195911294-195911795	Her2	1.00254118474087	0.0255804190220065	5.12001306684349	4.88878911831152	6.12246305865918	5.78548015585467	6.04329476495183
chr9:108713722-108714223	Her2	1.00249056442348	0.0221163841752374	3.05570289976702	2.67960812285132	3.97762699641384	3.48066264891068	3.24918436146641
chr6:106889651-106890152	Her2	1.00243953053769	0.0320663311245325	2.85011379128705	2.55394912900711	3.83015348820618	2.77859580540311	2.98844731513047
chr16:58387832-58388333	Her2	1.002327144046	0.0214075878727787	2.9143498057523	2.51164435161613	4.02760748927674	3.08885517647409	3.3693997576057
chr21:46289651-46290152	Her2	1.00191134936879	0.00123247770967237	3.68480405609355	3.99560194936792	4.38097704136973	4.44452542061392	4.57583886339309
chr14:100156536-100157037	Her2	1.00171785336917	0.017720154514237	4.79680600381997	4.87479190256488	5.89997205144124	5.8190250062204	5.77883337466648
chr9:24961750-24962251	Her2	1.00167276733434	0.0225333162127665	2.563935565027	2.33534006525126	2.75443721301318	2.51361200534918	2.41115635245583
chr18:14863082-14863583	Her2	1.00152452933415	0.0201861281053912	2.73550975556957	2.55398611475665	3.56350327697091	3.42947990618358	3.36954144215604
chr10:69976829-69977330	Her2	1.00108657192011	0.0405269413780256	2.72669955990777	2.74048297679052	3.86485190632383	2.60009731838453	3.39878634670641
chr5:162028958-162029459	Her2	1.00101898337062	0.0241773965656963	2.48866094883695	1.61159084896886	3.19137456686201	3.5427597230501	3.30226161875239
chr6:71706947-71707448	Her2	1.00029738069113	0.0338078363660617	3.08619541310372	2.97605461135529	3.82364504888902	4.47567164160754	4.10463444353048
chr10:34401341-34401842	Her2	1.00025981099907	0.0387945879154906	3.21904235835522	3.25988682150716	4.49754187126863	4.46818699747583	4.76026846333663
chr11:75462740-75463241	Her2	1.00021169167292	0.00404877838065339	3.72616997788594	4.62860542107448	4.79398099655052	4.32469119508731	4.23707646581762
chr8:124178991-124179492	Her2	1.00013865344728	0.00236923138522635	3.73390246495482	3.91411628228477	4.83862222605163	4.06078173793448	4.57027519723262
chr8:98333186-98333687	Her2	1.00006578547608	0.0191393193107797	2.70197069207669	2.58151640004162	3.7914577428402	3.33014398989762	3.9805391513653
chr17:46756823-46757324	Her2	1.00005814099814	0.000361824431030477	3.16610267144175	2.79680776202421	4.09152690164381	3.73361330516894	3.71156631695836
chr8:128153734-128154235	Her2	1.0000345440453	0.029261909608653	3.80915118830049	3.59512043157717	5.10742877883997	5.0783284944322	5.18341216958564
