peak_id	target_group	log2FoldChange_vs_all_rest	padj_vs_all_rest	mean_log2normcount_all_rest	mean_log2normcount_Basal	mean_log2normcount_Her2	mean_log2normcount_LumA	mean_log2normcount_LumB
chr8:85651077-85651578	LumA	3.06498016342764	3.36247193086556e-18	2.89641744132914	2.66442089672048	4.22711032263204	5.31454163635701	4.51265590144653
chr17:56406988-56407489	LumA	2.9791817090717	2.48434680142593e-16	2.60193132176681	1.97447736994214	3.28334569763244	4.81071023691373	3.93135301012395
chr8:40206274-40206775	LumA	2.97436132455809	4.8204647454522e-17	3.81930312049338	3.30814156893901	4.55582514471779	6.38566031714154	5.40986485687418
chr10:37414014-37414515	LumA	2.93155882806407	9.42123817760847e-11	2.59269134859539	2.27718373338584	4.99407127360324	5.66580467639415	4.83167772089973
chr15:61271077-61271578	LumA	2.92994228951557	7.77384261408277e-14	2.72710600501559	2.43569334008427	5.26587744578536	5.22068948994599	5.22276428143549
chr8:116016811-116017312	LumA	2.92116395224588	3.27203434423683e-22	2.86402625187949	3.14727250821995	3.45767351722421	4.50775745604177	4.42415687696816
chr10:37197044-37197545	LumA	2.8963864859505	1.11230462053479e-07	2.28148875123307	1.85540047141915	5.59755697638685	5.50331989849719	5.4688143434502
chr5:44651321-44651822	LumA	2.89537499348804	2.3400035888794e-22	2.65540241845042	1.9851684793687	3.3292311362779	4.27333671453975	3.91522431350924
chr6:17106136-17106637	LumA	2.83321057734578	1.25222956107094e-08	3.16938642924693	2.66436369716844	5.57343056043682	6.58349628734458	6.74643167686849
chr1:217805711-217806212	LumA	2.81560053999063	2.94163884929171e-11	3.00410230632559	2.91495408410847	4.36678979461254	5.97845954366096	5.83248056639936
chr20:48226590-48227091	LumA	2.7752951048287	4.15077526883812e-13	3.40868072817707	3.58552801555552	6.37026083324156	5.77711612306737	5.73884759222121
chr1:111054508-111055009	LumA	2.76002833117825	5.21415907959938e-12	2.16577253845992	1.95884271637735	3.67588032783156	4.51042744897189	3.98228198004323
chr3:83567770-83568271	LumA	2.7493007171428	4.38163431048867e-12	2.66413926211611	2.20700841119587	3.22936248883697	5.25247991076069	4.74299137038271
chr10:37413399-37413900	LumA	2.73535816522866	3.47849510708426e-10	2.29061308852037	1.89494329735575	4.16908897660955	4.90059509094733	4.33645967677799
chr15:70276166-70276667	LumA	2.73447776371252	1.11945792119269e-30	3.2300482704085	3.02181680899529	4.22474053512102	5.0492763219495	4.63118306778395
chr10:37416344-37416845	LumA	2.71613192751076	6.39337788528938e-12	3.05873305079759	2.58570770835239	5.20125965498536	5.69119621517958	5.06048459534935
chr4:14290290-14290791	LumA	2.71332027298212	6.42921537391879e-17	2.38957987232946	1.56490046641628	2.79051684172898	4.55350121778376	4.31310278187525
chr10:19341990-19342491	LumA	2.6991991832445	2.60924091152053e-11	2.84470216554493	2.37172628848554	4.21584278243778	5.54940960486627	5.25769941165959
chr10:37195646-37196147	LumA	2.69915468343799	3.58617954284973e-10	2.44082458903683	1.69591532836242	4.93973415430519	5.14752432995998	4.77034567928845
chr10:127329011-127329512	LumA	2.69353390622705	6.25444001010679e-14	3.43390861742168	3.30674632049082	3.44967769002223	5.1345821277807	5.47025204637715
chr1:210518791-210519292	LumA	2.66731251673345	4.8185229865513e-15	2.91600381964269	2.77992104557893	3.69734399758343	4.99593350359844	4.69918815066436
chr1:175671655-175672156	LumA	2.6614833866349	1.33396501442853e-15	3.23274791558351	2.89383317261862	4.1786451662703	5.35743846135876	4.73055931154389
chr20:42533776-42534277	LumA	2.66112092276163	8.53097273571687e-14	3.08331770721021	2.51863224686503	4.03245903631148	5.1904313339262	4.9377140791949
chr7:143432015-143432516	LumA	2.65596483133407	1.6367582079919e-16	2.93198659098362	2.55199787792972	4.39391005287233	5.46486321106941	5.10776938325004
chr7:56180859-56181360	LumA	2.65473260505655	7.14320084244533e-13	2.55193859335018	2.33306231594481	4.19949194991568	4.88459094435688	4.52389658367655
chr10:37196516-37197017	LumA	2.65062306994491	4.81772251369694e-10	2.66366942170424	2.11907906760484	5.35577069563721	5.32203518819717	5.10736372637056
chr10:37152590-37153091	LumA	2.64769958213712	9.3859765882455e-12	2.57934377036342	2.23403094528166	4.4827215699551	4.76013794991366	4.36654629091894
chr15:61392952-61393453	LumA	2.64345349712847	2.15442390153298e-13	2.55524554275465	2.93002178368229	4.95172463479933	4.73231970421445	4.3096935654032
chr9:82073601-82074102	LumA	2.62489862515783	4.07399305351438e-10	2.67223118712149	2.06563653992183	4.16967473135546	5.00430330596177	5.09601107118245
chr10:37412592-37413093	LumA	2.61971407518406	9.00549409355213e-11	2.68667876270682	2.26836416892194	4.6182835509798	5.35590323256967	4.7462080918409
chr1:184855574-184856075	LumA	2.60273414692061	7.3166301128064e-13	3.11674235198142	3.05795459742273	4.81924298304106	5.58690342585953	5.49532783673531
chr8:18325885-18326386	LumA	2.60141721174658	1.5822658177013e-07	2.78787836774584	1.83648556768782	4.7390148574257	5.67452866314885	5.8690941591059
chr9:24373585-24374086	LumA	2.59182398197239	7.7625484359962e-10	2.63903419541471	2.1723689267016	3.88921119583792	5.23603579056219	4.06763127691842
chr1:29944777-29945278	LumA	2.58876691647334	2.60643048626484e-14	2.95562803435507	2.66697656618516	4.49427325012053	5.29026660516906	4.84791310313126
chr9:38436305-38436806	LumA	2.57223068075271	3.64792753817165e-12	3.81765410470471	3.51113067651272	6.1529893539334	6.43115990852782	6.03434488149878
chr13:86956416-86956917	LumA	2.56856005356007	2.45231838676925e-10	2.52067180500351	1.90227737478747	3.99267064273043	4.96253828276472	4.89345448306932
chr10:9065656-9066157	LumA	2.54874538773277	2.3049314909539e-10	2.32416092638532	2.13609716525645	4.37583643041346	4.37754274485208	4.59760862156791
chr5:2696077-2696578	LumA	2.54671364172418	5.22972443354367e-11	3.23606907320537	2.70538305281296	6.32043683476305	6.03303362527617	5.65173452377697
chr10:8067512-8068013	LumA	2.51945232416239	3.96322834869186e-10	2.73588425875276	3.40663599343057	4.72226513734095	5.29457611485731	5.37371516452712
chr10:37161065-37161566	LumA	2.51854309231589	1.62291962355179e-09	2.5034459992858	2.09337396812839	4.83265067819798	5.0836594348323	4.64690448300034
chr2:223182350-223182851	LumA	2.51381748729207	7.60580039548154e-19	2.6859848211119	2.7121899566224	3.2251609402059	4.60522245706465	4.03501714236745
chr6:136364040-136364541	LumA	2.50901824683471	1.17348063571999e-12	3.61318748178188	3.56407230745332	5.0139216256055	5.43381325833886	5.80584793781638
chr1:224304718-224305219	LumA	2.50837292077305	5.17632655129957e-07	3.22134305745514	3.11416293397441	6.64202519435906	6.1278949546965	6.43842365898768
chr1:191364423-191364924	LumA	2.50511875263107	9.70490470786727e-07	2.93262130227855	3.14868302066183	5.01602628988603	5.55510978110234	6.24360919882617
chr10:17449993-17450494	LumA	2.50176629845432	9.90741465553521e-14	3.21989011568342	3.34210881266153	5.13582232089653	5.69968456143584	5.46870412078439
chr15:47440736-47441237	LumA	2.50030754841075	3.1621680738478e-12	2.6367888283226	1.79038707820458	3.80782038310965	4.77409635592175	4.52056061508234
chr14:101148399-101148900	LumA	2.49389371843255	8.70586831857456e-14	2.82855444196326	1.8815898162111	5.08046092273666	5.23422930104657	4.74741058763159
chr1:38441019-38441520	LumA	2.49248606872048	2.1224476156693e-13	2.30389161763462	1.68559490848578	3.33882103165071	4.19034907260473	3.74961688062279
chr6:23993039-23993540	LumA	2.48911634560634	9.17413493228396e-13	2.54787015015646	2.18909090055305	3.35677803661221	5.0637787687498	4.61887418374073
chr14:43589233-43589734	LumA	2.48856913861259	1.20019108351794e-09	2.62641403472015	1.88042082625157	3.9059250603711	5.11637764309218	5.08637253523419
chr9:37797721-37798222	LumA	2.48535073651253	5.19945298946029e-11	3.1102227944726	3.58039999401171	4.31882503288661	5.44747433955656	5.73031487485889
chr15:98752345-98752846	LumA	2.48357729916157	5.00983510102667e-15	3.38096216643931	2.92581272456878	3.53333787512619	5.01120098659251	5.22719128895393
chr4:58665483-58665984	LumA	2.48278690696861	2.58790691824227e-09	2.7497090011544	2.17332493400496	4.20685623465642	5.07892125871549	4.14361074528579
chr10:37417096-37417597	LumA	2.48234753851466	7.87606656010309e-10	3.28244366825532	2.88923965264605	5.32237294480572	5.95245010393332	5.39036049370396
chr4:8796115-8796616	LumA	2.47949473603398	1.81945853009476e-11	3.14262512112045	2.52990049205633	5.54455502797501	5.25808676944772	5.13029517804306
chr11:41228390-41228891	LumA	2.47912946189042	3.62792133470708e-09	2.49655334850296	1.72011867260388	3.4361355103844	5.13710442067881	5.14742328262619
chr10:8076922-8077423	LumA	2.47286121381571	1.25922261365218e-13	2.58956807016842	3.20461209773242	3.87232758666374	4.84827051005129	4.53312214709297
chr5:116418119-116418620	LumA	2.47068991023387	1.13533822028173e-18	3.00621786652469	2.38044770077444	3.99627760901982	5.01943060249162	4.61013677903488
chr10:37418160-37418661	LumA	2.46506253016652	4.08434132812369e-10	3.26726323983387	2.80172106906572	5.2425652118169	5.66922793088087	5.2918440410159
chr8:18323056-18323557	LumA	2.45849194206476	1.75146489479067e-11	2.5581052375041	1.70053711685287	3.52401151480138	4.40358344402948	4.52176213778191
chr8:39244784-39245285	LumA	2.44954939586312	5.94607835975596e-09	2.76372510941853	2.30908588933309	4.17243834507262	4.50397220494137	4.74714369135862
chr9:126617014-126617515	LumA	2.44821044879415	7.75360566618731e-12	3.44037899124145	4.05158284225776	5.56756345353119	5.87269189237301	5.98078680801086
chr5:97203199-97203700	LumA	2.44667056079856	1.36927768101169e-11	2.63930641525033	2.27398272037495	4.51092947525492	4.91153362614683	4.73877206537294
chr1:219531253-219531754	LumA	2.44375334670817	9.4428272081482e-12	2.90537063160033	2.87724598781923	4.56756996999361	5.02295653663043	4.915743035343
chr1:232688381-232688882	LumA	2.44126008087202	1.25350876462223e-09	2.9483672580901	2.62507117966737	4.4187612314353	5.25547981496207	5.53896916987497
chr11:40319947-40320448	LumA	2.43954218505293	5.21415907959938e-12	2.41766680789108	2.06992233832928	3.57921907266337	4.6791217096058	4.5571506316064
chr5:29319-29820	LumA	2.43684053319086	2.71347705227406e-11	3.40786717683133	2.94529196658063	4.29097349066153	5.95094717667646	5.6991458886757
chr15:98748601-98749102	LumA	2.43560479193107	4.9115177102988e-15	3.65794153057434	3.44109106194343	3.82507605531124	5.1813906929188	5.60282146913056
chr8:40517708-40518209	LumA	2.43527648572208	5.75211160217983e-20	2.72523512924396	2.17475574160799	3.0460357412157	4.40503449372664	3.96914887109051
chr13:34852519-34853020	LumA	2.43445497772911	6.99099746781799e-14	2.71909526144441	2.42475398382547	3.61400858780701	4.8419555329565	4.17090627726209
chr1:210516639-210517140	LumA	2.4336775397085	2.65983808659727e-13	2.92580280007478	2.5871814755422	3.43332241130134	4.76218008573302	4.22037256130436
chr9:126617668-126618169	LumA	2.43149649928049	1.81222187189274e-11	3.18463743893589	3.66098051119113	5.02878506547794	5.57367024854048	5.81630365663429
chr5:96455131-96455632	LumA	2.43018460953669	4.66592688612259e-14	2.83436308660482	2.27508619472381	2.89054678811805	5.05337948479901	4.65954695144673
chr15:81484346-81484847	LumA	2.42711508364456	9.81790164261143e-12	2.71954265444525	3.47812779378833	4.37131266097887	4.8091118073111	3.90572028988546
chr20:43775841-43776342	LumA	2.42704697099729	1.54355399899017e-15	2.88969827701621	2.96621504844634	3.19930487898494	4.50795360124386	3.90071046410757
chr7:16884372-16884873	LumA	2.42569705255633	1.7648194565899e-10	2.86820787353387	2.4141259582578	4.28259364886148	5.19614408841391	5.31010961763717
chr16:15475321-15475822	LumA	2.42132732190387	2.38362562692627e-12	3.35295323031036	2.99743419761711	5.35806406290202	5.55227360762367	5.57703726514148
chr2:13985055-13985556	LumA	2.41678771185126	5.35249988190824e-16	2.90435623111902	2.66065694244604	3.32758597219622	4.9022796212769	4.39185130730191
chr10:37411726-37412227	LumA	2.41536236238068	8.83087508919601e-09	2.22935492203514	1.8586044120576	4.06975614659465	4.49466043124571	4.13475237113608
chr9:126674270-126674771	LumA	2.41530048294562	2.62136389744997e-12	3.71530097075315	3.48575636234853	5.6041129106689	5.98468434022346	6.1437696275179
chr10:37380609-37381110	LumA	2.41480131253214	1.38134414759131e-11	3.28189961113273	2.95025312894379	5.12784106730366	5.63464054581223	5.23434641274681
chr5:44541295-44541796	LumA	2.41132803263724	2.16605189623323e-15	2.96782793855151	2.35154278851618	3.36971187540464	4.77120820020255	4.73446586315438
chr10:37378484-37378985	LumA	2.40896377367514	1.57508805566435e-10	3.19781034032711	3.10544623792104	5.2280454614709	5.59824041302957	5.25020312910517
chr10:37200232-37200733	LumA	2.40340416959474	4.23033905474988e-11	2.37583140574745	1.91114739537312	4.2265590945142	4.61180826247496	4.19224054053488
chr10:9066616-9067117	LumA	2.40094600937063	9.57962951096757e-14	2.80671216487709	2.5402160590938	4.27822897296734	4.80901953750761	4.72942234764022
chr13:25599907-25600408	LumA	2.39884848923721	8.40059357872584e-12	2.95662447363409	2.67739106477864	4.71201411713121	5.34243548886175	4.95721746855088
chr19:21854201-21854702	LumA	2.39679702056056	2.49792362605581e-08	3.24241928033133	3.45795662085332	5.53074792870136	5.60683509388119	5.76484838954501
chr20:22961265-22961766	LumA	2.39419098987136	3.35127239955315e-15	3.15750207301721	2.68173671923809	3.95259028172506	5.2322900193108	5.09130069404887
chr10:37204923-37205424	LumA	2.39147046839941	3.23925138217108e-10	2.95189584499307	2.51055381812877	4.90843894258166	5.41222523420947	4.9949517839849
chr16:1573099-1573600	LumA	2.39106103195248	1.45574990138667e-07	3.72762924536794	3.72683945011082	6.30939717542087	6.18545439851166	6.54713456895829
chr3:97200581-97201082	LumA	2.38865528977534	6.63551446503268e-09	2.8090304729602	2.90462368747216	5.34284313728281	5.40756603202646	5.48260958861836
chr10:8068042-8068543	LumA	2.38687904810276	3.45630908411982e-09	3.23336184141065	4.09447684735589	5.17360151384028	5.72203063587419	5.89661937652404
chr10:37408943-37409444	LumA	2.38302854990664	8.16721458433196e-11	2.8990270767734	2.48183118925747	4.78824858502388	5.30221406973091	4.71104577298034
chr1:66388176-66388677	LumA	2.38024462072478	1.23765217660024e-10	3.14698961084045	3.63840839633528	5.70243692536269	5.49288753738342	5.20601484102494
chr13:59196219-59196720	LumA	2.37912258132012	7.55082901066373e-13	2.49574411920657	2.10206165953479	4.32480331290841	4.40566798008217	4.08372382176322
chr8:38477886-38478387	LumA	2.37759233687884	8.84149952345514e-22	2.85700961991904	2.5740820807106	3.20069842827801	4.01857831586558	3.39623209795053
chr5:4383411-4383912	LumA	2.37737961655354	1.89388320293951e-16	2.5675964126534	2.81086842972588	2.66616541615189	4.26630645145886	3.47011027252412
chr1:202400050-202400551	LumA	2.37178399350777	4.00215344958091e-10	2.99199727665476	3.66599821776258	4.67357198013998	5.17487273297429	4.64370487965164
chr8:144688917-144689418	LumA	2.36824134574259	3.02903984074731e-11	3.9873504504115	4.77086723146312	6.10698333329333	6.23440587479916	6.11252630870832
chr8:36777397-36777898	LumA	2.36591431316621	1.93237569121298e-14	2.75862544342871	2.4827546804768	2.24510258709755	3.81926418561356	3.13382753429738
chr15:61561081-61561582	LumA	2.35547714500511	1.06855598457231e-17	2.67539093155809	2.16832733847732	3.51243519757881	4.25589328519359	3.96883663923545
chr10:37419315-37419816	LumA	2.35424422322141	1.11179831449005e-11	3.1029519543475	2.85548037255683	4.53874224773829	5.27565492144682	4.74267021780277
chr10:37379035-37379536	LumA	2.35209267018719	2.50372014713755e-11	3.41342780543404	3.12771473917893	5.36724677828163	5.75222111819196	5.24033275903241
chr10:8910919-8911420	LumA	2.34579413145495	3.6444223689686e-07	2.95459586626641	4.41848789377657	6.15326426854452	5.67772379162176	6.06224980364044
chr10:8950888-8951389	LumA	2.34310997512539	5.28834775983618e-08	3.0457011575882	2.94048404641762	5.76746883673666	5.55168592451688	5.87334747105611
chr10:37408065-37408566	LumA	2.33880314216798	2.17818394867298e-09	2.34905889645755	1.76031041119937	4.22452275225047	4.60217853698815	4.11065613783347
chr1:209545717-209546218	LumA	2.33784471143221	6.46780405871778e-13	3.1407808292801	3.04621379146135	3.67040082123133	5.12159105540589	5.0960726801858
chr2:125365692-125366193	LumA	2.3333478517474	2.66358441260299e-14	2.78529347201506	2.14210552361219	4.77295394282071	4.86261600787285	4.1747593514533
chr8:72174984-72175485	LumA	2.32652521107211	6.50389615327199e-07	3.10750673503811	2.84867778652452	5.05855937234714	4.98668532883307	5.79761275261295
chr8:40405255-40405756	LumA	2.32574429926792	2.67130815342693e-11	2.90517065744216	2.55808651419737	4.5971669567064	4.63226788585541	4.7259916300176
chr12:37510230-37510731	LumA	2.32128735784335	3.09706989415172e-13	2.84446270520904	2.51851818395366	4.09274899291115	4.36650368365466	3.80157801065524
chr2:34581134-34581635	LumA	2.31872945101615	2.26156518303154e-10	2.62341688958402	2.78026886404482	3.78836361204245	4.59642260096864	3.96484814710359
chr8:37616714-37617215	LumA	2.31506985887599	4.73340661714253e-12	3.26909634019857	2.77509600631526	4.95731450649981	4.86513156210636	4.91432420682373
chr20:42480908-42481409	LumA	2.30553801883754	1.26528522826137e-09	2.66763403656925	2.25929989336443	4.3646128365218	4.88013000676795	4.49923996897038
chr4:35770714-35771215	LumA	2.30429224105566	2.02508630861883e-08	2.21805589969743	1.95355755145665	3.83036547299436	4.53171177075419	4.48488112723764
chr20:42571567-42572068	LumA	2.30351925424333	9.75155650731666e-09	3.12933205111293	3.07299418354946	4.63879361929656	5.42560393919506	5.01188327209732
chr8:57578373-57578874	LumA	2.30025406758407	1.84222720949636e-08	3.45442848536846	3.2699193079385	5.99363983439983	5.33934594929896	5.99777710851543
chr18:26772628-26773129	LumA	2.29830553393602	7.7632814502068e-12	2.85671624240495	2.46468078349382	4.36542430072886	4.93144678648243	4.72397573119114
chr1:105199221-105199722	LumA	2.2962775035953	5.82447820432435e-12	2.73036424487885	2.61137257683077	4.84551115784696	4.7913245974838	4.12608411504774
chr20:42719498-42719999	LumA	2.29626492551535	3.95679515603365e-11	2.93205981208592	2.49703376926273	3.42674120861086	4.63150057925295	4.94480687153221
chr2:156072700-156073201	LumA	2.29435169817553	3.55521620437551e-15	2.7343140613449	2.35098626294096	3.40418242034325	4.4201019280192	4.50139495712424
chr22:34071124-34071625	LumA	2.29387954375164	3.91608457006613e-10	2.47349427430549	2.27745132523579	3.94317891691396	4.46810981461382	4.33357211856495
chr16:61395364-61395865	LumA	2.29380119989363	5.50493547990556e-10	2.64012846345851	2.39694664040007	3.94594622724716	4.1921950263925	4.16442980998892
chr6:51330476-51330977	LumA	2.29185859541874	6.36756314199719e-14	2.9696202607341	3.3063889415551	3.9740238163242	5.15117208329106	4.62586595547742
chr5:136712457-136712958	LumA	2.29174535869123	2.9729017078571e-10	2.51478429047321	2.34441630693132	4.29999811514162	4.67764706375275	4.3825750611446
chr16:54161487-54161988	LumA	2.29163910858908	1.86058711832676e-13	3.06382238207274	2.57226721747671	4.26519671959316	4.62868517638451	4.43656834646805
chr18:47524946-47525447	LumA	2.29025383290084	8.39449108415603e-19	2.54851418041611	2.34453791026305	2.54824078549443	3.96775062090546	3.28424225672671
chr2:175536702-175537203	LumA	2.29003552800506	3.15505643709803e-08	3.01414157333128	2.47037762266348	4.8143092411354	5.2909792646276	5.38596913220257
chr8:99978528-99979029	LumA	2.29002271112829	9.46970258735229e-10	2.4970446887371	2.32969138542611	3.80578451307504	4.04081528660796	4.38493496116911
chr10:37203995-37204496	LumA	2.28669458637402	1.40518495185142e-08	2.44835411095404	2.05326326208228	4.34469555492424	4.81902820869148	4.3534543235013
chr8:116175103-116175604	LumA	2.28263946034597	9.07427963825142e-07	3.24230831715979	5.3124653010785	5.88992387521135	5.53360857030918	5.81684913318014
chr2:131548720-131549221	LumA	2.28070195205885	1.11344705156857e-06	2.46644108159021	2.16162070526754	4.08071695209179	5.17084815987112	5.56823291716825
chr10:8073061-8073562	LumA	2.28004281513412	1.47709684292736e-09	2.94853805837938	3.85856154958307	4.65403650989393	5.08596773148997	5.24429690691839
chr8:116114252-116114753	LumA	2.27980075991364	2.63694458995263e-08	2.91353866225144	3.53969719184118	5.35178455432123	5.11776821566478	5.3305337322117
chr18:14465992-14466493	LumA	2.27954713580167	8.89403606218949e-09	2.27074482051595	2.40013402760789	4.39523422348692	4.51481053567454	4.41417274214733
chr5:44505053-44505554	LumA	2.27936644296697	3.1614363017951e-21	3.08348712586119	2.78281350742673	3.13015172958358	4.39778476561541	3.89244103859423
chr1:18462004-18462505	LumA	2.27813489701455	1.14325379943116e-06	2.67073533796294	2.1267656719829	4.87850851271079	5.18675046251154	5.33588008250974
chr1:179005502-179006003	LumA	2.27679220101595	1.06182635695651e-10	3.73990076150347	4.75925609127426	5.24687463816688	5.72802020032291	6.01036703668561
chr1:209537463-209537964	LumA	2.27551048243826	7.12791029841611e-13	3.02325740709708	2.74725393162259	3.57172245212282	4.99284973022866	4.92668358965931
chr4:107267570-107268071	LumA	2.27530435612532	8.01416871405385e-11	2.53381387600504	1.62709139370452	2.85429574344751	4.32069407660399	4.44837092102407
chr17:47521356-47521857	LumA	2.27409172646037	2.87843919355801e-08	2.58651439796555	1.97835319040676	4.22493498375726	4.66572165214782	4.74645135868886
chr3:158651126-158651627	LumA	2.27369114332375	3.64651163071961e-11	3.23562228588845	3.25009373439339	5.6656718230928	5.52031968457989	5.26325332503902
chr8:82877295-82877796	LumA	2.2671733297722	5.54256767391692e-11	3.00524735816435	2.83817183766245	4.55071659757762	5.0214284779475	4.89506587749891
chr4:29371921-29372422	LumA	2.2651905258048	1.58406601719957e-12	2.70615891407465	2.46807005006433	4.17269411475763	4.38693399435616	4.12742883042443
chr2:176847514-176848015	LumA	2.26493018550192	1.15285113026739e-10	2.71950297588673	3.07611379154274	4.64985777295536	4.5181843689356	4.43828247920326
chr5:173563122-173563623	LumA	2.2628388299966	2.15784687261243e-09	2.9762774410614	2.23113442604872	4.07662512758502	5.15351180471664	5.06647088183163
chr11:118057637-118058138	LumA	2.25979997464448	7.54861762107196e-10	3.43323376399896	2.69092300247434	5.04368612528461	5.50229157193127	5.80192556890171
chr10:8064768-8065269	LumA	2.25940662122435	9.10139459164148e-10	2.85950472951563	3.61856570906353	4.57716814081322	5.00227768000685	5.01847311527877
chr6:33991547-33992048	LumA	2.25726556162247	5.34320939638902e-08	3.06780538851424	2.78584214244823	4.67372677871018	5.43409133143335	5.40114887565281
chr8:88441707-88442208	LumA	2.25507389607168	4.01494673233094e-11	2.75160134933605	3.27215720654769	4.66079122924974	4.77561854570694	4.13898237365548
chr11:78606631-78607132	LumA	2.25376568746209	4.55615898015552e-08	3.09204030527899	3.38742675225434	5.49219197483963	5.48926308233098	5.25134180325695
chr1:210480690-210481191	LumA	2.25241821728806	5.30292469005741e-14	3.02342862872219	2.60858515564103	4.62821453989034	4.77189431244382	4.57977693376085
chr1:191153428-191153929	LumA	2.249995908561	1.63281483721632e-07	2.29624467105032	2.24862207285073	3.80253207423402	4.04444577736078	4.86713093819423
chr1:219530725-219531226	LumA	2.24996171448151	2.04090428442272e-10	3.25877520708152	3.18741103053292	4.86225142826254	5.40634654054096	5.304580756649
chr2:122665964-122666465	LumA	2.24916001140307	1.08292514408095e-14	2.71007493678016	2.18264990053709	3.48683756443916	4.57315761073551	3.69569927741915
chr10:37203012-37203513	LumA	2.24455876975806	3.33464789915506e-08	2.47353140166704	2.13795471942988	4.56125178095247	4.79772581228181	4.43297170011843
chr8:18345828-18346329	LumA	2.24416766084477	9.17501258896845e-08	2.79627057725226	2.24468149172689	4.59865707424627	4.5873203778627	4.95745389684105
chr5:71750326-71750827	LumA	2.24399497855155	1.11666741882622e-10	3.55088912965628	2.54213224646343	5.55168645580934	5.81373653297505	5.81226187643776
chr7:19742327-19742828	LumA	2.24215230021151	5.21725156735539e-13	3.05613765188408	2.67738132997863	3.95168781632614	4.6831844193929	4.43431627593313
chr7:138813880-138814381	LumA	2.24188879890599	1.02113521214838e-14	2.79154075751649	2.59222845958229	3.44859868972376	4.84203716090355	4.45025597756887
chr13:83680308-83680809	LumA	2.24110518303509	6.89717758141878e-10	2.74231494258429	2.43144068231784	4.51060351148463	4.90120627057678	4.87420215231338
chr10:37382082-37382583	LumA	2.24082322875164	3.74041518500215e-10	3.02811117725651	2.90484723433488	4.73189400283907	5.25304115567518	4.76127511440943
chr1:116706060-116706561	LumA	2.23779630702156	5.3869642368553e-08	3.08405791473329	3.1720185028345	5.46918613338286	5.14508886655688	5.56627482671084
chr17:15385330-15385831	LumA	2.23692078916632	7.53078521493295e-09	2.90065277309206	2.69365196528662	4.4436967268236	5.09933062290559	4.96692858640125
chr8:74574111-74574612	LumA	2.23679000065502	5.1691486737327e-07	3.32055571693596	3.77842141187483	6.04012848223876	5.70002808638668	6.40580643733363
chr13:85708891-85709392	LumA	2.23627361680222	9.61624327030807e-13	2.57104976634505	2.24869505078489	3.80929867170735	4.36480331857315	4.26886163447255
chr13:42537348-42537849	LumA	2.23487210427735	5.43776452414261e-11	2.73151530836912	1.78230208531825	3.95148276900593	4.82825303759659	4.10035153605768
chr2:136669407-136669908	LumA	2.23459008948616	3.24288497830407e-09	2.97334836723334	2.58038339916692	5.67448446770933	4.69528316291753	4.27265458907324
chr1:208949109-208949610	LumA	2.23266029057006	1.20892059633136e-08	2.505866183865	2.00462574372458	2.66797736640735	4.2685627647273	3.37265416788946
chr22:24063123-24063624	LumA	2.23205755220362	5.41710498188173e-34	3.49964826419422	3.49111930049168	4.00437393286273	5.16686305070352	4.30127490856846
chr10:37382681-37383182	LumA	2.23165457397871	1.53425339678701e-10	2.65666119525338	2.40656958964665	4.23851143037679	4.85511865110874	4.36781932601202
chr15:61682245-61682746	LumA	2.22708553161729	5.71566101164939e-13	2.96417725854786	2.47437958777847	4.36408471520521	4.80044506086653	4.50048023696817
chr8:26428202-26428703	LumA	2.224974547311	5.35249988190824e-16	2.52882053785517	2.04408490113452	3.35435990543559	4.23893408779107	3.67447134413327
chr5:103445642-103446143	LumA	2.22005741453553	1.96313742485258e-11	3.12110185444092	2.94352885127041	4.88532177511938	5.30343834954307	5.01900070744168
chr10:37206098-37206599	LumA	2.21983003304511	5.86487428991297e-10	2.71916997894534	2.28127344821741	4.64930417025243	5.02439171267641	4.54854903717321
chr7:94476855-94477356	LumA	2.21908835449807	8.84687656320785e-07	3.16286433210111	2.90349612297594	5.46945750424883	5.7385993324337	5.99142779988276
chr8:66525847-66526348	LumA	2.21812626549489	1.78178455010455e-07	4.12000459917992	6.12294086825506	6.29238027484155	6.33931452011364	7.01010666970565
chr1:76752873-76753374	LumA	2.21731602357954	2.36475047813872e-08	2.50798231004888	1.8518889486262	3.29905868136109	4.52604424353308	4.25400168067774
chr10:37410396-37410897	LumA	2.21397474379529	1.40740927309574e-08	2.46480941952992	1.9348257498922	4.38185507597303	4.69637110941503	4.10945956110702
chr8:129145703-129146204	LumA	2.21350958040106	7.69612162957519e-08	2.58620400906522	2.28783380423159	3.435713063102	4.72754472371407	4.47644460260304
chr2:197842742-197843243	LumA	2.21238041965607	1.87118221070288e-09	3.26814670823525	3.10722369101245	5.30747635840884	5.51125795680578	5.67697400428055
chr20:23524884-23525385	LumA	2.21229299255118	2.17328153553965e-12	2.6035383716517	2.19244413712026	3.0049989176976	4.49211061074077	4.36571213904932
chr8:37864792-37865293	LumA	2.21157961059351	2.31076667307773e-11	3.87732729628582	3.86985162089806	5.0915414538747	5.76798328638093	5.55976305408745
chr16:6004616-6005117	LumA	2.21000853695342	1.19010654071925e-12	2.49895161754532	2.31913167522029	2.58072668814103	3.88235254328397	2.92443462927075
chr18:14434252-14434753	LumA	2.20789771809816	7.69127544803992e-15	2.80220582152758	2.38883333710749	3.81321964093472	4.53440025355072	4.14918543509426
chr8:86200349-86200850	LumA	2.20731003946645	8.64888695149234e-10	2.65305347255143	2.53774263653466	3.61587186667285	4.71867806951368	4.95636982173073
chr1:223476253-223476754	LumA	2.20714051058791	5.46407411763266e-10	2.96013393091989	2.94696269731092	4.2316302892928	4.96807337915393	4.87830290847901
chr1:160176571-160177072	LumA	2.20697089658866	3.91778247263155e-10	3.72614133207112	3.64021880147089	4.88494282085729	6.0413127031942	5.63379124955288
chr13:61622291-61622792	LumA	2.20478880103302	1.11649219519936e-11	2.89793309398769	2.30999292381841	4.28545021929852	4.82244056843052	4.20305709739321
chr1:209547959-209548460	LumA	2.20457465597824	4.56702400861328e-08	3.29144023838032	3.7903083408832	4.28904229857672	5.0866741566933	5.38691473343031
chr11:42204309-42204810	LumA	2.20336002292813	3.5708117798855e-09	2.87191313128552	2.50462592446974	3.79900279401988	4.72941899921563	4.88101069470192
chr10:37420188-37420689	LumA	2.20333360720628	5.89252373641361e-11	2.58923520892539	2.25758868647184	3.8608872506945	4.61065840407124	4.05745198569492
chr10:37407009-37407510	LumA	2.20323867387583	2.30241023119753e-10	2.58266897337521	2.30096626236015	4.20895828637716	4.69737391449479	4.22042400614832
chr12:25820735-25821236	LumA	2.20239767231324	1.20029793750668e-12	3.59749241600618	3.26046736303735	3.95191252574501	5.41498811972782	5.08723419955384
chr15:72460344-72460845	LumA	2.20232267340056	2.3400035888794e-22	3.1842975698412	2.85982787689707	4.50171913898647	4.85070801445234	4.32664279038923
chr2:232654677-232655178	LumA	2.20174961232745	8.16721458433196e-11	3.95272144352964	5.44865370055112	5.57469182232142	6.16417642321839	6.10081321620383
chr15:87807945-87808446	LumA	2.19951803852767	2.63410902109898e-06	2.65089328719512	4.26997219314128	5.67204604269776	5.12915457470399	5.13322411289853
chr20:39158996-39159497	LumA	2.19663346445425	2.25804224448868e-11	2.82026144112606	2.14913439524812	4.35913465167243	4.82227829061361	4.79543761409729
chr1:20887882-20888383	LumA	2.19661065418428	2.35003099466581e-09	2.43387414176939	1.84645746133424	3.66444087440613	4.34982941628993	4.57091494917249
chr10:37376095-37376596	LumA	2.19504256892464	2.61138107967373e-10	2.71383877569603	2.4257338414284	4.41364084326184	4.79890327838237	4.39565385579625
chr10:37310193-37310694	LumA	2.19501473615196	1.38634447805118e-10	2.82955676507043	2.36915161207004	4.33975871009334	4.74745006805375	4.5039935118455
chr18:65636840-65637341	LumA	2.19454468490411	5.9077644644795e-09	3.02861255189682	2.45196760078878	4.79316851476485	5.12327331895172	4.96555138502103
chr10:37321514-37322015	LumA	2.19446774536888	8.76006248467406e-11	2.80649081184367	2.51761153777254	4.60889372644512	4.9513330016451	4.51463441777583
chr8:115599257-115599758	LumA	2.1926579427278	6.51153330889733e-12	3.51330380380943	5.51482033196385	4.93995021323839	5.59153110537279	5.550972210095
chr1:175279293-175279794	LumA	2.19254198295536	2.76512622605509e-10	2.79913391199645	3.65115986274226	5.08218969529852	5.10192491458133	4.38604489358791
chr5:152991955-152992456	LumA	2.19170596526477	3.74127164909034e-13	2.83866096791277	1.98188442484115	3.94273231459016	4.65888962640199	3.95995242273028
chr13:79052109-79052610	LumA	2.18950888858265	1.91045299938212e-16	3.03780200091444	2.6929076034066	4.08253809246647	4.82625812406584	4.03358132420308
chr14:99986288-99986789	LumA	2.18905737616866	4.54019735722536e-13	3.31596599901047	3.18390039393802	4.71975463345212	5.11752238810518	5.15415349433321
chr1:232020336-232020837	LumA	2.18665185245779	3.84889761220249e-15	2.52732705344015	2.57954369178193	3.4909367081992	4.1515630975312	3.76918236573172
chr18:54425048-54425549	LumA	2.1854025658944	4.5656068759839e-09	2.69526682452886	2.08576143779731	3.94473459208314	4.57908274511308	4.30355540663657
chr3:158680849-158681350	LumA	2.18457553548503	2.25815504612834e-07	3.31939587747112	2.85815271785419	5.46845179308299	5.5697457579004	5.72612523214823
chr2:173833355-173833856	LumA	2.18433712575371	8.63547557109383e-12	2.52344519210689	2.43911893684471	3.10989313980868	4.57150862382003	3.89046568278153
chr1:209537992-209538493	LumA	2.1841500220803	1.03766947780013e-11	3.10409304442411	2.98768451483741	3.71869018227052	4.94059171955973	4.92304898422043
chr15:79203891-79204392	LumA	2.18185134341048	3.54540409334399e-09	2.50305321156323	2.52144726780948	5.22044820197363	4.52644631079392	4.36751333179405
chr4:17753704-17754205	LumA	2.17929051540644	1.02712674823546e-07	3.23470306407049	3.06041196351811	6.16815072289042	5.36282637454334	5.43678564685864
chr2:142253494-142253995	LumA	2.17888165727582	9.06887642476526e-10	2.59912665395919	2.22749410574435	2.26840598464894	4.17587754515597	4.38349141011672
chr15:22875245-22875746	LumA	2.17833894621497	2.41631696015383e-14	3.31193355925457	3.38626195023273	3.49376670884885	4.9908714070961	4.51743632661699
chr16:17315976-17316477	LumA	2.17770923062939	2.37915577237821e-10	3.81179142142915	3.58461400209793	5.51620865069132	6.0748080637877	6.2196794259593
chr1:204758590-204759091	LumA	2.17765421534338	7.68255774691878e-09	3.54981662543443	4.9777611483364	6.34989025428608	5.84358718322738	5.86288084490974
chr9:20778543-20779044	LumA	2.17564921447692	1.43251957089933e-09	2.92224062163578	2.58352621647971	4.71435822395706	5.00440796051157	4.63790229222359
chr11:77356764-77357265	LumA	2.17478175088046	5.1667804823426e-16	2.91163164345861	2.7363567405906	3.92660802371615	4.19018104600647	3.98481419151387
chr8:111781790-111782291	LumA	2.17438536545671	8.42985328216195e-11	3.07475093573284	3.13652144767642	4.72239094084772	5.12610209955584	4.79625296579344
chr18:23985047-23985548	LumA	2.17425874519847	4.88882348950499e-12	2.64626405579956	2.77161774957551	3.00815028560913	4.60328358765903	4.45121649050647
chr1:232103047-232103548	LumA	2.17386169161666	2.14123195049751e-14	2.4869462531114	2.4320886773107	2.22481239393121	3.97264421675295	3.49165082182129
chr8:14539645-14540146	LumA	2.17383908693776	9.43253682374273e-15	2.70027585603095	2.49066356988171	2.19007393876505	4.26996280302176	3.60313579048673
chr1:245802997-245803498	LumA	2.17342243671053	3.72501013047894e-08	3.12674540252936	5.11597748267046	3.45776318462134	5.1751410176077	4.60311392049522
chr8:136331927-136332428	LumA	2.17043527459564	2.89409717057419e-18	2.92765313943732	2.81046924191731	3.16551617180304	4.08831553043468	3.31484616561655
chr11:82355342-82355843	LumA	2.16844570197981	1.12229433557944e-12	2.65654682534597	2.18952384668469	3.82779755830925	4.75491644914095	4.13955793511936
chr21:38414765-38415266	LumA	2.16824840949777	2.38928922583266e-08	2.68834475858535	1.89124748613376	4.6205519395747	4.7675463084056	4.72889791814186
chr8:62613060-62613561	LumA	2.16679447390355	4.07879404546802e-08	2.7870570585523	2.50510759969872	5.12200674930688	4.46515650438628	4.13575349124936
chr10:37300103-37300604	LumA	2.16547473612964	7.25932524648577e-11	3.04320124506929	2.61990466773443	4.67499982889467	5.15074685905819	4.57558549126827
chr15:70272810-70273311	LumA	2.16375596859934	1.55624927338775e-20	3.65391534314482	3.33945394352233	4.23632265717107	5.0439026000465	4.4745797878719
chr8:122020852-122021353	LumA	2.15979666482964	7.53525340079096e-13	2.95477240968661	3.07487751646689	3.50901175181332	4.49836506211352	4.42605182585032
chr11:134023221-134023722	LumA	2.15797324406456	2.85557280970878e-12	3.25019339536944	2.6581079513987	4.36331128742514	4.53812319632505	4.19948760869909
chr10:37377881-37378382	LumA	2.15613133697469	5.15862190721979e-10	2.89922942756408	2.74215323735075	4.6158594682845	4.88599444926608	4.6727519807138
chr3:159031275-159031776	LumA	2.15582517995218	1.01300125045236e-09	3.07551253033984	2.74988332282252	4.79540152619221	4.81570291542798	4.59363547230141
chr4:173029025-173029526	LumA	2.15370106803247	2.84295011693298e-14	3.1366254560922	2.21724681090029	3.80436751356705	4.61780669667782	4.51818204326704
chr3:10549849-10550350	LumA	2.1529377887413	5.36068611379853e-09	3.36236262617741	3.72958573759333	5.86150937156759	5.65828319793812	5.18758358205704
chr13:85971344-85971845	LumA	2.15018026544079	1.1130065133096e-11	2.73259891632661	2.51038632111044	4.03273032506858	4.60384781379252	4.64655980532701
chr20:48227284-48227785	LumA	2.1466443221833	1.11179831449005e-11	2.79794671905963	4.51428007745939	3.74929479524565	4.07637927194165	4.12294651891175
chr14:52373370-52373871	LumA	2.14481895200452	4.20320916661981e-05	2.41413193187412	2.213192774672	4.78002784653793	4.83939859374156	5.44681936895674
chr10:25280070-25280571	LumA	2.14419274498194	4.0903679919114e-09	2.46599584646047	1.97965008566135	3.47962332911127	4.4877534529209	4.69342994645607
chr4:112319824-112320325	LumA	2.14413841284362	2.51391769466051e-12	2.91625350335792	2.7328382413163	4.3985608796537	5.02020342061539	4.78966342135632
chr1:188548095-188548596	LumA	2.14293242665078	1.72243878101599e-07	2.4121622993173	2.27669323025992	3.28768666370291	4.65976278282562	4.38000934382562
chr15:74980128-74980629	LumA	2.14277444621938	2.43118616502822e-13	2.97511852973475	2.38329026259536	4.09717237817268	4.92449536001477	4.63323168874512
chr3:68419929-68420430	LumA	2.14257218502033	4.10491027775339e-13	3.02387055562691	2.54790311192759	3.73686747556729	4.28947759014462	3.84886192295072
chr17:15339227-15339728	LumA	2.14248287335282	4.8204647454522e-17	2.81901680331948	2.64038097780254	3.09130974430281	4.42852978277825	3.77729190545992
chr1:211181985-211182486	LumA	2.14146602823166	1.27244049138085e-08	2.52500157272362	2.8040598726592	3.12474324395887	4.01164651771588	4.2688314810504
chr4:128232670-128233171	LumA	2.13984295599448	3.26473120614442e-09	2.97637384262376	3.0786739608333	5.25482503099466	5.2843922083705	5.32360687250048
chr8:115780681-115781182	LumA	2.13935753266383	4.62254288802576e-06	2.89719973574861	5.51313312779219	4.92589109117824	4.93381612191002	5.29422281596103
chr7:42767643-42768144	LumA	2.1378693288522	5.68860868681151e-11	2.869274470594	2.32792921359229	3.54954297972157	5.00163099278432	4.63633148850408
chr4:35870706-35871207	LumA	2.13647353611958	5.92646252258279e-10	2.57288661485774	1.62927584792738	3.28662555362552	4.39655251714226	4.25826183913911
chr10:37217949-37218450	LumA	2.13452165735159	1.07219835774501e-08	2.57745592691985	2.16244455147969	4.31045067427013	4.84615088803538	4.32881307819246
chr8:127333718-127334219	LumA	2.13435231348444	4.15410448631581e-12	2.94104261801455	3.32824463903033	3.69216097035374	4.56785276374406	4.34960513751904
chr1:209751974-209752475	LumA	2.13042296469729	4.23013806411586e-17	4.12035111134492	4.32747908552619	4.87630187586775	5.89571376017755	5.71866684435792
chr8:18325350-18325851	LumA	2.12917890584548	8.33620395706862e-10	2.60622605210327	1.87401795977829	3.68495116389315	4.52271834385058	4.30055348571139
chr2:172582791-172583292	LumA	2.12819318807972	1.07698580599464e-10	3.29542073401882	3.03790958925701	5.13266293518445	5.29231655372936	5.40289030193538
chr10:37377284-37377785	LumA	2.12812567022912	6.97171197849748e-10	2.80469885789744	2.33922871464787	4.45135159402685	4.86537403515347	4.53410014156201
chr1:13976411-13976912	LumA	2.12803721730513	4.05670627526782e-08	2.29351437411725	2.38176081616862	3.42076091024893	4.21620849413698	3.63767904313342
chr4:147477318-147477819	LumA	2.12763162736472	1.0700330924521e-12	2.79782903369261	2.80340463400946	3.95755815880296	4.39650943074627	3.98087032040614
chr10:92942163-92942664	LumA	2.12699453688401	6.06470418903198e-11	2.97717633354095	2.33510018812742	4.53032984355067	4.88915570721675	5.01340090676724
chr6:158465818-158466319	LumA	2.12354871973357	1.76036017559079e-08	3.33209928958306	3.01233760523509	4.3973307252657	4.89324427442256	5.29865558614937
chr11:104591106-104591607	LumA	2.1221610919436	1.30026003034335e-09	2.74116988935095	2.13674218179564	3.84085747409953	4.72966929297018	4.53671875716452
chr10:116671198-116671699	LumA	2.12111930908455	6.16802727613583e-08	3.53195993692903	2.76347274959072	5.11922984738583	5.80661015361534	5.87103269694159
chr8:114918783-114919284	LumA	2.12104118917049	4.66592688612259e-14	2.90011419731636	2.87327546564112	3.83323794104068	4.65573061057383	4.5389656334036
chr1:184446363-184446864	LumA	2.1208217912558	2.55513503644868e-09	2.88081713914251	2.50879197096341	4.85608899043081	4.98414667050379	5.06217621573873
chr13:85716199-85716700	LumA	2.11772318420592	1.72011489522046e-09	2.88676869379199	2.46138527380462	4.1745102260553	4.46880915664062	4.77879858258751
chr7:65473580-65474081	LumA	2.1174880197048	3.90481058035792e-12	3.32088255055758	2.76729869340162	4.32457797837416	5.02676733366124	5.2580941488951
chr5:44803672-44804173	LumA	2.11733625371144	6.12415519769819e-16	2.76008251950422	2.40352628627785	2.65280508912965	3.89774741025178	3.39979472698763
chr8:38432488-38432989	LumA	2.11431029459647	1.60633771360175e-14	3.41815337692977	3.95171577489678	4.5590091748285	5.19389342801259	4.68355130041928
chr1:175526705-175527206	LumA	2.11372374688968	1.56238166431642e-11	3.38610631352594	3.50373125930224	4.59441787854037	5.10369068225552	4.90148034614896
chr8:115934170-115934671	LumA	2.11004555799126	3.26808248862934e-09	3.14817156688987	3.56443567419113	4.76574744067732	4.9627039994545	5.01043909104819
chr1:217806350-217806851	LumA	2.10894923160387	1.01033312474779e-13	3.01126416459878	2.5172455052834	3.52814719669351	4.94212668294871	4.63241272688379
chr3:54844954-54845455	LumA	2.10885423337267	3.27115062748066e-08	2.7963225762678	1.76858130196433	3.00059173506773	4.42184407600973	4.12871060310715
chr21:18717550-18718051	LumA	2.10703845844499	7.03843987995301e-09	3.14640765497039	2.65486539188116	4.67518871579935	5.26989780446019	5.27586833498539
chr2:173844828-173845329	LumA	2.1058840232127	4.52193436072905e-13	2.86895873165667	2.58453892891047	3.83938164826019	4.94197216360174	4.53215051195712
chr15:49098527-49099028	LumA	2.1054462790095	1.05801158935142e-07	2.49000816817014	2.49423036400789	5.08917584239628	4.66700431180778	4.83173803234309
chr19:23438518-23439019	LumA	2.10525890191529	3.31144746296548e-10	2.9895421928902	2.60015236960428	4.00815766590252	4.36453300295826	4.41478178884152
chr16:30060297-30060798	LumA	2.10490341059166	5.43037265580503e-10	4.58545785740721	5.75738288560037	6.81854537621815	6.78700906215235	6.86352167775483
chr6:151632943-151633444	LumA	2.10448515471299	1.58492554143477e-08	2.85724159969915	2.22634129559618	3.96106596818816	4.5993109844615	5.05305131780834
chr18:63257893-63258394	LumA	2.10153836268221	9.29726821375023e-15	3.48947829828996	3.26828991947434	4.01465996298515	5.57280054776531	5.29638536347463
chr11:18078854-18079355	LumA	2.1011548397703	1.04369987705091e-11	2.64401724218813	1.92731321664419	3.91861587175021	4.6799085305141	4.45511892678885
chr1:112055444-112055945	LumA	2.09940540127104	6.39998286404427e-12	2.77942546220828	2.24055911402578	3.28745512405336	4.39657883755609	4.09753265107745
chr8:125553385-125553886	LumA	2.09642813987289	1.37735892707442e-10	3.68692403135166	3.96248538719866	4.62054812142338	5.74399333627737	5.32648730567178
chr2:76715972-76716473	LumA	2.09633364315354	1.09404924770827e-09	3.09630138081705	2.83729782832028	5.30727981216075	5.3616955890591	5.08063223561922
chr1:14368751-14369252	LumA	2.09439988351973	8.74425575741073e-13	2.6695975193911	2.83947434142367	3.41460377239042	4.13831317945866	3.42340723572604
chr10:37304841-37305342	LumA	2.09411495964509	1.64068672308105e-11	2.77223864210436	2.33223270327595	4.08937981135893	4.70710019666771	4.38098674224974
chr8:116172508-116173009	LumA	2.09215369531946	4.46323088377504e-06	3.16141311630973	4.8905831862838	6.01261584237885	5.50422511301248	5.77019276581585
chr3:189098136-189098637	LumA	2.09160199032787	6.40911205168919e-09	3.16502849354202	3.24601281399748	4.04975999433877	5.5166368023807	5.47586808114406
chr8:136060734-136061235	LumA	2.08999943743289	2.52294787248605e-10	2.52045386600174	2.55000177855669	3.24845402553372	4.14099953709484	3.06330127987161
chr10:125825972-125826473	LumA	2.08822640645932	1.01442482765023e-09	3.48860865462114	3.56170639802102	5.72411692199227	5.54008111019584	5.24394569798924
chr8:118956302-118956803	LumA	2.08760310868186	1.08954436067067e-15	3.45574146344388	3.27487842893177	4.20354376739571	5.39328112586368	4.76301148690858
chr8:56818663-56819164	LumA	2.08687227815007	8.50911235345724e-13	2.54572571002592	2.62371472323565	3.57279569872695	3.77252498076211	3.01601615175718
chr4:140639060-140639561	LumA	2.08568074273189	9.29726821375023e-15	2.96254138065658	2.8679886791366	3.7853624944739	4.64868648495294	4.45003467877308
chr4:158060444-158060945	LumA	2.08562859454105	3.90481058035792e-12	2.53172377727522	1.93379215372235	2.70618593911683	3.69862805560484	3.46764914944219
chr1:209536293-209536794	LumA	2.08504687529028	9.61624327030807e-13	2.88824420293415	2.58881416565404	3.3842775715686	4.45916010213609	4.56607941149148
chr1:77092729-77093230	LumA	2.08476641237851	3.18269614649558e-09	3.27363966190731	2.5319878589297	5.25643921802805	5.38889482306726	5.35174180458326
chr10:8071584-8072085	LumA	2.08427434614153	5.98641041953635e-08	2.97101195976906	4.03113535223058	4.64729529265297	5.22216341591152	5.28979042343841
chr4:39117319-39117820	LumA	2.07878656476026	2.55813640029915e-11	3.10028464291303	2.78869999737956	3.75251258684008	5.14874086140209	4.98376112764748
chr1:11605560-11606061	LumA	2.07864377717084	2.97825950200874e-07	2.46850976161839	2.7594207027234	4.03948978214525	4.11560540750641	4.45735844525244
chr12:46176452-46176953	LumA	2.07843971665661	2.57137845246767e-09	3.21463329988599	2.50958663439321	5.12986997589623	5.331961681878	5.53857327758414
chr7:130308261-130308762	LumA	2.07801707083304	2.93640500415293e-11	3.34188852285646	3.70729264959084	5.08911495215868	5.382270769589	4.76375551577645
chr3:158913894-158914395	LumA	2.07792029140227	1.49584532026857e-10	3.12446700071622	3.00163360735274	5.0832718334237	4.70418811532157	4.4959486986955
chr8:115603825-115604326	LumA	2.0774975931863	8.92560432446414e-12	3.52386135083219	5.31271226139868	4.83810355186001	5.42503631589657	5.33278353351681
chr20:42554845-42555346	LumA	2.07731488218857	6.30238256702906e-15	2.70521654404353	2.16374284605331	3.09774736507839	4.22909931586403	3.93126258446658
chr11:77357288-77357789	LumA	2.07689647579314	3.54708538512498e-12	2.85847818994065	2.54310387214293	4.3594810478647	4.11071777929933	3.91184478646599
chr10:37375382-37375883	LumA	2.07632295936439	3.0450337634305e-10	2.78522486493116	2.58702857454639	4.34470176635042	4.81642943936375	4.25570657046051
chr9:115129042-115129543	LumA	2.07282927924438	1.20029793750668e-12	2.60869598893043	2.17588018519639	4.62826965140077	4.37006499261489	3.52844771213531
chr9:38240024-38240525	LumA	2.07279917290504	8.60303178037486e-10	3.18560478819255	3.96232600499346	5.44490707827331	5.41465060042926	5.14482436871439
chr7:47747984-47748485	LumA	2.07257728363784	6.27196085321958e-11	3.26555186930428	2.73075397990017	4.91914319981109	5.35491686176109	4.94083652002068
chr4:3459837-3460338	LumA	2.07157412649968	1.03624895088189e-14	3.35572364568488	3.03409527177722	3.80151474756293	4.96167478761867	4.9406149084867
chr7:42292096-42292597	LumA	2.07026808258081	1.59836475042173e-11	3.21243386135643	3.24556094599476	5.2732722064778	5.21975610785076	5.19666480961805
chr8:121967025-121967526	LumA	2.06937913513822	7.42951037060663e-06	2.83552631732654	2.4963724833894	3.60915645875399	4.61963105517298	4.81261682280353
chr7:105999078-105999579	LumA	2.0682140798876	3.58158339326579e-14	3.2488271645376	3.10062265760673	4.6013449566142	4.91687814998457	4.88344305091568
chr8:125061157-125061658	LumA	2.0680921898616	4.53267694221907e-10	3.15175502314037	3.47722210811745	5.09596917710296	4.9441307142311	5.12615661175598
chr10:37307969-37308470	LumA	2.06611063744354	4.66617659894141e-10	2.99212200498331	2.71944935444307	4.8675877996556	5.05628257402316	4.65330736105039
chr2:214599280-214599781	LumA	2.06508154220951	5.63469954804534e-13	2.81018606139464	2.42043761249545	3.05500759437226	4.52638027205309	4.14122231006492
chr8:40382574-40383075	LumA	2.06506634666755	3.36215563959054e-13	2.51966618530493	2.26879878305367	3.13696795140426	3.58639465035891	3.72838142330511
chr2:100075611-100076112	LumA	2.06356851109812	1.11179831449005e-11	2.79218380255389	2.1824933072029	3.32287862834641	4.68975364421126	4.81845654944259
chr1:163766958-163767459	LumA	2.06260233967588	8.76240288453539e-07	3.2689042692805	3.08813311319637	5.6053275198012	5.62660164048051	5.7253500905024
chr10:38363371-38363872	LumA	2.06233687790205	7.77167808837717e-06	2.24273573482774	1.78888935437468	3.20011185481037	4.36073122755353	4.25552248858825
chr20:19487501-19488002	LumA	2.06224547887314	1.84430357691574e-09	2.77783482673005	2.70907493280162	3.79244029181405	4.63252227639316	4.82593023620658
chr7:122893677-122894178	LumA	2.06200088403462	3.49600190123174e-11	2.72459980092571	2.37584269972316	3.89199320536371	4.67275472978238	4.60283844507878
chr7:146880165-146880666	LumA	2.0603799676453	4.70030262581341e-11	2.72533005865108	2.33650622107032	3.12950626908631	4.33839219388471	4.08935242859602
chr10:37316143-37316644	LumA	2.06006249929701	7.02974335878089e-10	3.19336081995779	2.55907812165712	4.82994638692813	5.39225335725004	4.65260235149852
chr10:111071489-111071990	LumA	2.059381234171	2.16395417602395e-10	2.88363119489764	2.76979601057066	3.71116105537462	3.96945077720221	3.75970106913958
chr1:47058536-47059037	LumA	2.05810257379618	1.0751314352361e-14	2.66518385719783	2.43259682495244	3.48434203523334	4.14166955432661	3.54328794772394
chr8:17516911-17517412	LumA	2.05547103944099	2.09979067751574e-07	3.0648908784835	2.44817039466098	4.69291007832411	5.01841543327905	5.1939684636737
chr3:21855499-21856000	LumA	2.0554184302427	1.29101479058461e-07	2.62726772169145	2.05488058898085	3.23376706290622	4.35316987620723	4.26089203013385
chr13:31482865-31483366	LumA	2.05503944541029	1.2534679214606e-08	2.76457569961056	1.88063776585555	4.18414577592533	4.72211330454021	4.31276035504167
chr1:204562497-204562998	LumA	2.05353105453866	1.38011115545544e-10	4.13320426715103	4.7631067700578	6.07305172930616	6.0376469774625	6.1924021969953
chr1:215539071-215539572	LumA	2.05349694461412	2.68080127847746e-13	3.31169986422371	3.91526194763646	4.33926727629788	5.07214159236555	4.67554079219141
chr12:2710216-2710717	LumA	2.05309164882958	1.65052819517174e-15	2.64451191008413	2.30340939752337	3.10022835922934	4.11518381019881	3.52013750657598
chr8:37522975-37523476	LumA	2.05307118936545	1.00740260135944e-15	3.43845814621962	3.57444812433049	4.17941685732511	4.87237612730488	4.54049172233214
chr10:37354441-37354942	LumA	2.05302176959537	4.38121905387216e-09	2.77680435903975	2.43140350606904	4.52644691630972	4.88644241643894	4.35681156479214
chr22:26118265-26118766	LumA	2.05277173374706	3.20137416897662e-06	2.54082558795424	1.93877271993474	3.55218304850276	4.35938959158937	4.1912933177637
chr1:159627200-159627701	LumA	2.05241451623965	3.64621542941526e-11	2.88529115684851	2.80440450145608	4.19097826961504	4.04889698788081	4.01207186395248
chr7:158123625-158124126	LumA	2.05195090703299	2.42197183801959e-11	3.00859217465682	2.63756234813374	4.25040738108815	4.17309390164504	3.83357559458897
chr8:115637462-115637963	LumA	2.05179074726218	2.08657475784358e-09	3.49366156858454	4.77141643375877	4.95350257426837	5.50071559333723	5.59064275079193
chr10:37384000-37384501	LumA	2.05159855239574	2.75536763692291e-10	2.88219905932044	2.58471475266998	4.61752947845978	4.74605383521399	4.31418850915272
chr10:37459170-37459671	LumA	2.05072647865744	9.4428272081482e-12	2.64079240708201	2.56215465653747	3.72910657745541	4.57350706839929	3.72373164540399
chr7:144038331-144038832	LumA	2.05051663891175	5.41775533829165e-12	2.58374356728515	2.1993996401333	3.32943003831019	4.36078874646178	3.80395923559522
chr6:7520394-7520895	LumA	2.04979677051658	3.88031589432927e-08	3.27200991815118	3.37800699648953	3.66414691649659	5.24504789563269	5.25382226631724
chr15:98749944-98750445	LumA	2.0494067925995	4.58671473347838e-16	3.95897647723836	3.78850376875013	3.82979018876121	5.01120866236964	5.07147240853764
chr20:2477354-2477855	LumA	2.04829248869654	1.82866660292384e-13	3.38621569979319	3.02958036370557	4.58071980357624	5.21776116646321	4.8716075943971
chr5:173565523-173566024	LumA	2.04721753369025	2.23477343289248e-10	2.91415070898401	2.63180698458374	4.08433825579734	4.86120673954908	4.83955430945933
chr3:119575353-119575854	LumA	2.04706374647862	3.07020627705252e-06	3.32417911605778	2.78680162813433	5.02430675345229	5.10364954514442	5.13876184863023
chr16:20316992-20317493	LumA	2.04566364174854	5.37199231001398e-09	2.76390128970499	2.12915253852777	3.12234327583342	4.8732990535419	4.68501392910934
chr3:8294106-8294607	LumA	2.04563256292563	1.23140489961673e-10	2.93842584948514	2.41791744985148	3.95067603851799	4.86794786044951	4.77055157219111
chr5:113304168-113304669	LumA	2.04347059996617	2.41041214767299e-13	2.82807822759989	2.33171130684668	3.35864070411503	4.82771754508801	4.43285000186205
chr11:37687019-37687520	LumA	2.04345783439566	6.37168741095561e-10	2.73238862549804	2.30309830682658	3.73703842481621	4.74908908060324	4.52300374380178
chr1:38642297-38642798	LumA	2.0421591235243	6.62234206939678e-11	2.69962826133028	2.28867612381677	3.56924882696626	4.57614329188873	4.01603226854174
chr12:131416285-131416786	LumA	2.04130624276309	5.82917758278117e-15	2.94632705041696	2.44739225604098	3.71852744035086	4.04511605291386	3.39361336619282
chr10:37324260-37324761	LumA	2.04039370580768	3.12813360310501e-10	3.0513736525559	2.30738709298449	4.55878240705549	4.99450066704068	4.65272420827345
chr1:217953299-217953800	LumA	2.03932983971431	1.02507352166101e-07	3.02463892477112	3.67646208971885	4.71212225188145	4.84147077272451	4.91500447763221
chr1:244253513-244254014	LumA	2.03910372233555	4.93025829717314e-12	3.38349243994042	3.52159138378714	5.1400736470162	4.87509495704383	4.59924551169162
chr19:34088266-34088767	LumA	2.03775242847774	9.51457174334743e-09	2.35336355047211	1.8983799720409	3.35418688226531	4.39486091199557	4.16735907998557
chr15:61420483-61420984	LumA	2.03772558361424	1.46095745732854e-06	2.36810241663413	1.83373651660627	3.58512567797951	3.96014175210849	3.47695034840248
chr8:54997493-54997994	LumA	2.03631639672412	2.1611068068548e-08	2.91991768696541	3.12933905626131	4.31171651857631	4.27965515859246	3.66730702310863
chr17:51608736-51609237	LumA	2.03618003835063	3.22371534845255e-06	3.13955559918038	2.57101348228266	6.3826717393335	5.33885959610244	5.60963564425733
chr5:4017113-4017614	LumA	2.03597363802611	6.02835043946771e-11	3.09347447221579	2.92205810884093	3.5748312197537	4.86325861783119	4.55750716931737
chr9:81320366-81320867	LumA	2.03589867117425	9.20988668449772e-10	2.78650319668012	2.51963827346916	4.58087902349867	4.92324723890894	4.89729306787723
chr4:140633841-140634342	LumA	2.03525701335331	1.70496386853014e-17	3.49542313406944	3.1377868501972	4.3352584016307	5.14355332591037	5.089043379364
chr14:33117180-33117681	LumA	2.03466276124804	4.58990574342425e-11	2.86324169687164	2.56844346307246	4.05282864125255	4.16384406274099	3.86482134535305
chr10:73676230-73676731	LumA	2.03459833191215	0.00187933809819267	1.78868039027757	0.993968070303787	4.66654377088101	4.20338114759223	4.78827832749924
chr11:84688322-84688823	LumA	2.03411971067408	1.18032693461678e-08	3.18739838350269	2.93953114604491	5.14769938081531	5.1780591742569	5.33541677372589
chr20:32211844-32212345	LumA	2.03381105373356	9.03998357292584e-12	3.85264769150826	3.70274943189924	4.80649771936898	5.70151495974476	5.94488421704586
chr8:115686838-115687339	LumA	2.03254453197657	1.03234700037533e-07	3.00290168295832	3.39535670061053	5.11022919347319	4.87185988671085	5.17037912232671
chr4:115796102-115796603	LumA	2.03206196470485	2.8158709033878e-06	2.18347396190633	1.59469762720545	3.91102174074471	4.27848723832386	4.48243185952951
chr15:39732837-39733338	LumA	2.0319834910876	5.69295453942668e-09	2.67718131897558	2.33933842501492	4.23356556011485	4.75780118913851	4.82304770693607
chr8:29631492-29631993	LumA	2.03020221933523	4.07892027536157e-18	3.35405583300546	3.03498497787125	3.43591169590746	4.67466179580291	4.2163709238109
chr1:219527519-219528020	LumA	2.03011516449458	2.43991032529224e-11	2.84719496046324	2.56631267274022	3.65048838186531	4.54499054556271	4.04319388885591
chr17:56160267-56160768	LumA	2.02889941998847	2.53349181698962e-05	3.15206643801413	3.29438620219116	5.39142191168472	5.24791650409169	4.67853092271417
chr10:37323371-37323872	LumA	2.02889835881788	1.44691890758396e-09	2.92396572626032	2.44165809163893	4.78745912685543	5.01308477230354	4.59790623897427
chr4:157251418-157251919	LumA	2.025471855673	1.15724558947247e-08	2.94764746289607	2.37963021456584	3.38023012315952	4.77359280117908	4.58987127115294
chr5:69208425-69208926	LumA	2.02509121996408	5.82917758278117e-15	3.24926518117879	2.66580683122736	3.85032781688254	5.17979703120542	4.83651813340811
chr18:45781294-45781795	LumA	2.02334611157237	1.77249748806176e-06	3.30063274919942	3.55099509077654	5.21186608483221	5.41680448039818	5.20605827419163
chr15:46573138-46573639	LumA	2.02189066621788	1.94630001564031e-07	2.72135993722818	2.30670207962188	4.4737414274801	4.59123350149927	4.90038172155642
chr8:120279613-120280114	LumA	2.02122712997206	8.79338007773494e-08	2.66339077108211	3.00557506039718	3.99515255283607	4.38357239653058	4.52704334285154
chr1:185101386-185101887	LumA	2.02021324982691	3.87347355143291e-08	2.70670858887709	2.86869430945187	5.07531908684119	4.75557133390592	4.80414168203668
chr20:45423712-45424213	LumA	2.0194351751271	1.68061234206704e-11	3.52942545395757	3.30779322641961	3.77136761154359	5.26534782776365	5.11063879142939
chr9:126616484-126616985	LumA	2.01842431043373	1.55434967366119e-10	3.72364107248786	4.33390416518973	5.6676550759164	5.6303708193658	5.86462975231809
chr13:107818883-107819384	LumA	2.0179438011359	2.05449591808513e-06	3.24695763716758	2.41359859358658	3.39173620392523	5.37367788521882	4.77766469527838
chr10:123205005-123205506	LumA	2.01664510171603	2.37495696178131e-06	3.16870532030257	2.42815942964091	5.43399315549756	5.53280513889869	5.80455138429735
chr14:43673120-43673621	LumA	2.01585710131307	6.19929025482123e-07	2.97508223176216	2.68318999096217	4.47700249414921	4.93416988296867	5.10656222584176
chr2:73673888-73674389	LumA	2.01319672725204	6.91759308141314e-14	2.99963628725698	3.06037411716224	4.28429368310719	4.77167527422319	4.11285094961076
chr4:96785612-96786113	LumA	2.010854550871	3.86168066768033e-07	2.55051608806131	1.94900064793493	4.70468549618632	4.61429376764874	5.00896740270429
chr15:98747988-98748489	LumA	2.01058400755828	4.23013806411586e-17	3.29524965398365	3.13120576753693	3.13888464952748	4.33204549332706	4.31934849927983
chr15:98869102-98869603	LumA	2.00933345511745	7.06956560779619e-15	3.40559870324732	4.41747706496131	4.04268396916281	4.69344131842772	4.09208116845505
chr3:141743229-141743730	LumA	2.00799412120184	3.03274909113459e-11	3.16815650845903	2.87507186919538	3.67749629403443	4.91437836443654	4.84842645583756
chr5:160640-161141	LumA	2.00695093869761	2.17462994509081e-15	3.25128938459539	3.90896847130691	4.9350751814331	4.91730952029992	4.37459551728917
chr6:33990803-33991304	LumA	2.00673251803641	2.57067699471778e-05	3.99510912609891	3.55339626758121	6.6016884204297	6.48889332002745	6.70164222658922
chr16:663874-664375	LumA	2.00652020440827	7.53780845410496e-14	4.49697458954011	4.64860954825679	5.6466575571956	6.28785643736903	6.10982023642916
chr1:245995174-245995675	LumA	2.00602234480928	4.84936696392612e-09	3.58942531362953	3.7506165069208	5.64079725579557	5.51059987453431	5.39567640352026
chr5:162286719-162287220	LumA	2.00576413461599	2.96673476933833e-11	2.52235422031612	1.8576498848162	2.4604254371731	3.98291163992809	3.84228589279287
chr9:115326410-115326911	LumA	2.00542368072617	3.87112090840235e-10	2.94957795094474	2.49118733122257	4.16846452274198	4.7740725392793	4.48666110111315
chr6:4498971-4499472	LumA	2.00451025600316	1.35944596153467e-12	2.68606274843225	2.56115830584427	3.52279622715668	4.26740045760812	4.20224650330523
chr4:140750794-140751295	LumA	2.0026184326932	4.35552932469623e-14	3.14208042151609	2.42344100126172	3.66145600275095	4.92311217782169	4.76273191072961
chr2:223189385-223189886	LumA	2.00194686764806	3.65988397949269e-15	3.12266663870045	2.68862435383575	3.95432019866859	4.69358842479766	4.3588440827419
chr8:37562641-37563142	LumA	2.00128323496919	4.25038885268303e-09	3.97600346077889	3.39512803582027	5.22261050013011	5.71535713886625	5.7120718936161
chr12:70417212-70417713	LumA	2.00073384908882	7.80129393818253e-14	2.78928778452337	2.20611601433104	3.40300891841556	4.43139278742559	4.05457977209019
chr7:55657944-55658445	LumA	2.00043667163792	1.26420784596517e-14	2.61910794848442	2.44191799756006	2.6301380634038	4.27459159404708	3.64317342027512
chr6:168396030-168396531	LumA	1.9990833925525	1.63972765162582e-14	3.15586628982299	3.08806437803562	3.57478180994674	4.76928967550739	4.36372766040621
chr12:114530360-114530861	LumA	1.99899389398208	2.30247662300438e-06	2.58080098950588	2.36606570161503	5.35169933983251	4.79522217449892	4.65272288491186
chr1:216703201-216703702	LumA	1.99779508702711	2.82451647720447e-13	2.90481081990206	2.65248341629906	3.56694155504014	4.37122522562568	4.16066039028371
chr14:100022040-100022541	LumA	1.99601803613247	6.39337788528938e-12	3.33033557898144	2.93822885370594	4.51316883880071	5.29728412690997	5.27398798183789
chr15:63391517-63392018	LumA	1.99587290912922	1.20029793750668e-12	3.58844409231819	2.75707490027283	4.57255396426345	5.5378439638969	5.21089691734239
chr1:191938685-191939186	LumA	1.99535054257533	1.66524646905221e-06	2.55784952084973	2.6652707452473	3.54809821885517	4.16729208413198	4.46377641684532
chr11:11489422-11489923	LumA	1.99525904099721	1.54355399899017e-15	2.85153675424104	2.49767855297636	3.27096398910946	4.21569992981867	3.85858565855027
chr15:70139017-70139518	LumA	1.99520286309221	8.09577550162824e-20	3.46253660897302	3.13212664301274	3.49719181802832	4.84243706367736	4.32734348106839
chr8:88186018-88186519	LumA	1.99405944192162	3.2336966972061e-07	2.73089786113468	2.42718760393435	3.58032949634202	4.6542468267825	4.87553365730109
chr11:18694922-18695423	LumA	1.9938627028338	5.70168123214025e-11	3.38558781721805	3.29012091911857	5.63882462400378	5.15133894857768	5.06943921282049
chr1:178436838-178437339	LumA	1.99358160767136	1.11179831449005e-11	3.22785489576374	3.40014054154151	4.74560308392354	4.9795630638672	4.83440551915749
chr8:30253015-30253516	LumA	1.99297865183287	1.36441537287706e-06	3.56765920002752	2.81854546184879	5.84550317302405	5.88297467442569	5.64927008927433
chr5:98924044-98924545	LumA	1.99062436534332	2.19815625191007e-10	3.66864803570514	3.03913274971152	3.99897332385946	5.61733678707541	5.88928728500696
chr5:35201227-35201728	LumA	1.9904537864953	8.42065818970593e-08	3.19263294115762	4.43549293729535	5.66403608982039	5.38492570530103	5.63985540377015
chr3:140199719-140200220	LumA	1.99045327527177	7.05241495654826e-08	3.23855668703719	3.3028570922168	4.9809409711529	5.36150668623119	5.23521727059751
chr2:72202765-72203266	LumA	1.98987779117014	1.82840310483278e-12	3.25265176904063	2.92474333994766	4.99301998519711	5.07891550999493	4.81642038066301
chr4:140751764-140752265	LumA	1.98772108699699	2.2919100732152e-13	3.13621067356698	2.60722737038962	3.8042190779389	4.83299006245015	4.86526282560584
chr8:39244214-39244715	LumA	1.9865579038644	2.318232718161e-10	2.7070464995189	2.50805377981533	3.6709557598919	3.93442375513146	3.82915895712234
chr8:117251244-117251745	LumA	1.98586510302273	2.42757305988471e-08	2.39693262109372	2.07706959138329	3.80627592429537	3.96033787953512	4.28806993154729
chr12:6412648-6413149	LumA	1.98551686970229	3.35127239955315e-15	3.42939774368866	3.14184021024609	4.23046656749849	5.24590955910326	5.13651165424573
chr1:36490184-36490685	LumA	1.98436975450747	3.84889761220249e-15	3.04979933535341	3.07348750924449	3.90664872932013	4.67535528088867	4.32127026627502
chr11:69517614-69518115	LumA	1.98385507184242	1.4119571601893e-06	3.14613854863257	3.34783106931018	3.98776969328886	5.2022022855434	5.65606643515261
chr15:98750620-98751121	LumA	1.98297787272899	8.23293539253033e-17	3.85002225784623	3.53653622806421	3.6330875556742	4.66854676488772	4.89240452138989
chr10:37302252-37302753	LumA	1.98283520450535	6.24788835695183e-10	2.76780792221428	2.34467946255528	4.15297202642898	4.69847956849081	4.26129506164905
chr22:46492510-46493011	LumA	1.98119296457563	7.40640320712902e-09	3.13251869314036	4.5544401593927	4.57153414007235	5.07662046845523	5.34601422637826
chr9:126677419-126677920	LumA	1.97856416507656	1.77031380629751e-10	3.51101540044653	3.54953970854156	4.96881583080392	5.33083561687602	5.59418664427055
chr10:9178479-9178980	LumA	1.97848881825942	4.81748191110651e-07	2.53182698879762	2.24210491154089	4.19396681967261	4.37424297970266	4.68944057372701
chr5:59403167-59403668	LumA	1.97844028379702	7.79572316909529e-08	3.13013917171204	2.09110302700493	4.42875453105458	4.91703770080845	5.28111164918598
chr10:37406481-37406982	LumA	1.97826663919903	3.0751922983987e-09	2.75671401568172	2.44170203867205	4.14047609799733	4.67006470050198	4.32808077573131
chr20:42556462-42556963	LumA	1.9775098349957	4.43949308800909e-09	2.87427565896745	2.54407526727139	3.31579703929989	4.68654324935472	4.57664703865452
chr15:99177336-99177837	LumA	1.97707042296956	2.76303368421042e-10	2.91072678000746	3.60330251817408	4.75219908978918	4.41999204646385	4.25365463938698
chr6:51286557-51287058	LumA	1.97566143925407	9.54294559765894e-07	2.74803245959134	2.23858019816166	3.94289959403757	4.82317428046704	5.0583467345483
chr1:182263042-182263543	LumA	1.97446189960557	5.10557762280383e-13	3.15368304821792	3.11406612754809	4.53083403853215	4.79357546498287	4.59812721898299
chr6:65767406-65767907	LumA	1.97442182295651	1.56536890969268e-08	2.6682632600327	2.33703336238868	3.83237584453773	4.47026829233996	4.62095506640616
chr22:24391890-24392391	LumA	1.97180046623227	4.84958180771247e-11	3.47015225906611	3.57566937574218	4.97011146815812	5.31621309741745	4.93980353255605
chr2:223050219-223050720	LumA	1.97098166156126	9.57962951096757e-14	3.43263548978269	3.09411583769205	3.79899443903753	4.52890875050966	3.90045682147056
chr20:42569935-42570436	LumA	1.96935056249625	2.44577679885404e-09	3.07539461278201	2.62803897417286	3.80302024097522	4.84569782678205	4.78472342323286
chr6:21409258-21409759	LumA	1.96797972033534	7.71308450605702e-08	3.02817967834469	4.48305647339454	4.62393426990903	5.21496364704593	5.11469482566606
chr8:115601879-115602380	LumA	1.96660725992427	3.29974532005259e-14	3.40690090245994	4.66962476257663	4.44258372852421	5.18116428095212	4.93998960456678
chr12:80504285-80504786	LumA	1.96527972341674	9.07390223391003e-09	2.6006353472078	1.92856339077279	3.22050507122521	4.47398133704595	4.51476856938235
chr10:9109766-9110267	LumA	1.96460230909703	7.14662607035244e-08	2.69863360639093	2.28443235305509	4.2058714508548	4.2678104541354	4.75538277080015
chr8:89203848-89204349	LumA	1.96368822983612	6.93328039120042e-07	2.79637264123043	2.47436376973349	2.80279452640996	4.43744523395221	4.37041110435052
chr8:128143125-128143626	LumA	1.96287495218454	4.13395350087513e-08	3.43921090463497	3.35885999255731	4.47566842828322	5.18448361579492	5.63256057481657
chr11:101032564-101033065	LumA	1.96146233456544	1.29856816018951e-11	2.91734731298609	2.40929340678342	3.39744852905202	4.56373706152445	4.39072384610882
chr14:79325811-79326312	LumA	1.96129659126644	1.08393436173713e-09	3.18900731635513	2.23863678687543	5.10022426991457	4.82668670712423	4.68009612878523
chr1:191163622-191164123	LumA	1.96053130137336	4.01863416932145e-06	2.68387118803297	2.76329274069587	4.75039513079422	4.80720837600173	5.18471109369667
chr21:27785288-27785789	LumA	1.95953392727195	1.81336457845289e-11	2.94336965598096	2.54366230520129	3.61050948149984	4.55948597754584	4.18115292041685
chr12:131410463-131410964	LumA	1.95747323411599	1.93895785734563e-10	2.77342763044475	2.31050765715104	3.48531430402738	3.86490371071815	3.39683106719162
chr4:140639584-140640085	LumA	1.95678809621855	4.16090397117357e-13	2.94623051284246	2.59971965444652	3.7375702767783	4.67081526425456	4.46938027029649
chr8:137141525-137142026	LumA	1.95595256293658	6.20280017597338e-09	2.42981429369055	2.13534173872993	3.45306720941059	3.60265475317866	3.60449752815971
chr11:102991701-102992202	LumA	1.95595248169637	3.04380903982182e-09	3.22354286196267	3.34608369424455	5.04509115919422	4.99862197791324	5.02160487458077
chr6:168389581-168390082	LumA	1.95591467970052	1.37772086855053e-11	3.41472352416109	3.26668286113149	4.1743006526091	5.11202891123646	4.66477875230067
chr10:37465390-37465891	LumA	1.95533846066555	7.15955811334307e-10	2.9744788524307	2.68661297450047	4.22147117522653	4.78195196772568	4.10775066329638
chr2:54938762-54939263	LumA	1.9539158924769	4.11620376778868e-10	3.34555932854817	3.82323714530286	4.4577520469665	5.17784137815578	5.05934209032085
chr7:130598018-130598519	LumA	1.95347254226547	1.2743497414228e-10	3.06908731554722	3.08461311411074	4.73422448515761	4.98604602959955	4.8557532102331
chr3:57802546-57803047	LumA	1.95253746264838	2.68675181831051e-11	3.93941657463621	4.86504799465317	5.65303170203588	5.8261641873498	5.63483023801124
chr1:169209497-169209998	LumA	1.95234954681365	1.43606481332069e-13	2.70820127423967	2.90771620465242	3.33586077928838	3.99532683275612	3.40086642886166
chr8:99977385-99977886	LumA	1.95107310202898	1.4610436685845e-12	2.6503833675677	2.65290693166122	2.84853094122289	3.82996151003837	3.72707970676779
chr10:116135144-116135645	LumA	1.95102687962778	0.00019782108479636	2.58051156099385	2.50404984658572	3.8217461555698	5.10770215308444	5.43080621900018
chr1:26493930-26494431	LumA	1.95093475301715	1.03624895088189e-14	3.56761278351701	3.97906091044837	4.49094350100429	5.19175686336191	4.94936460930473
chr15:38876154-38876655	LumA	1.95063407764083	1.16423353049743e-11	3.46006890490706	3.98384529537136	4.47138577497593	4.9937566979171	5.0691669175031
chr1:203281465-203281966	LumA	1.95036616509296	8.16889393679413e-16	4.28801666952045	4.1921534850251	4.69635175770611	5.9523028752508	5.59905149696666
chr8:28091199-28091700	LumA	1.9503104523541	9.20988668449772e-10	4.07675421094313	3.71633973046035	4.22864291436382	5.90144305884857	5.44015754709362
chr5:136768507-136769008	LumA	1.94962874999238	9.2715153884552e-11	3.52000786983188	2.78448272798039	4.47503948789046	5.29033778634048	5.03016170690941
chr1:221654402-221654903	LumA	1.9493615094626	1.01524263556739e-09	2.85436353882864	2.7653784159557	4.46063397984416	4.59148539245613	4.73582242288377
chr2:219846303-219846804	LumA	1.94910310681522	7.05033274254676e-07	2.86052225760429	2.46029609787553	3.62953882957643	4.63592135672664	4.70607761801825
chr5:44765204-44765705	LumA	1.94868081448241	4.66592688612259e-14	2.89585161609606	2.52251487616144	2.7822243997639	4.16450518419114	3.56228125888053
chr3:189582146-189582647	LumA	1.94825412088865	4.10634820786151e-09	2.68824450078868	3.6546076527498	3.97163483584514	4.57577095103771	4.11788840304024
chr18:56365487-56365988	LumA	1.94753415479693	9.71407365406165e-08	2.5876454230011	2.07805725503836	4.1610477467301	4.54968074228073	4.31445511622544
chr5:14519519-14520020	LumA	1.9463047810637	1.30205349230722e-05	2.72172859618203	2.2987770491797	4.8946268466074	4.8313538448729	5.16793468593082
chr16:1572593-1573094	LumA	1.94566638277607	6.08048072411885e-08	3.74315179741019	3.84494774348313	5.5405178604977	5.42302429784301	5.80096233196852
chr4:68462643-68463144	LumA	1.94561639321523	1.02858592587842e-12	3.25366601132916	2.43630868945689	4.16724783942887	4.80860278242202	4.35273375014645
chr11:126095708-126096209	LumA	1.94519766680493	9.02035007987319e-16	3.29393783779539	2.61830942638517	3.96401396989047	4.67416551999673	4.2896978150459
chr20:47984262-47984763	LumA	1.944800743372	2.08746355289663e-12	3.57690090055461	3.28383308134955	4.26298621255475	4.90981735304935	4.86560761910476
chr13:81506724-81507225	LumA	1.9446720108809	4.48048888237683e-09	2.6528869379873	2.00389173757282	4.02171254286582	4.35877841908255	4.4004720619864
chr8:115600334-115600835	LumA	1.94379268756264	1.0865648487171e-10	3.24248458273722	4.73218433497102	4.30366020912476	5.10760290225556	4.77905980739345
chr4:69342448-69342949	LumA	1.94243889452518	4.34337126584163e-06	3.05534623352625	2.34230673032464	4.91155263433251	4.97382698070082	4.86058837948779
chr8:115659787-115660288	LumA	1.94219751893845	1.63238202462391e-08	3.31862155380486	5.33042826324544	4.73906352539588	5.33957902428448	5.15070154057345
chr11:13067378-13067879	LumA	1.94142642555305	3.6186123717944e-10	3.03892863617085	2.84637518875948	4.28218993804756	4.6515296876682	4.15541563401586
chr4:138915609-138916110	LumA	1.94101650791097	3.53946659102825e-09	3.23213856537467	3.11450282747421	4.70039209927213	5.19674738383276	5.01316550087367
chr22:36806270-36806771	LumA	1.93982070913085	3.24591540379964e-09	3.17895860544743	2.73198177508577	4.7623823156043	4.63410080807579	4.36492519217154
chr1:164904217-164904718	LumA	1.93977558328792	1.00172340021239e-10	2.62847123386851	2.57317470777784	2.94704995925008	3.65859640985468	2.88884083347467
chr4:140752675-140753176	LumA	1.93972421183774	4.31600610859526e-12	3.86723105668411	3.20189152711197	4.77318433917072	5.7348590528406	5.87046258474144
chr8:115412160-115412661	LumA	1.93931288449956	1.45673574108013e-09	3.17928407577706	4.52192763904053	4.31660101585654	5.08365289093887	4.98130786370291
chr4:69500079-69500580	LumA	1.93884421670046	7.32145269792371e-09	2.67021864408493	1.9546565870526	3.38311383242505	3.89516648397834	3.81460768123243
chr2:241764244-241764745	LumA	1.93720281319493	1.12722407402647e-08	4.15141212451037	4.0410756494377	5.93448847261751	5.44568867761691	5.62373819644597
chr11:20115876-20116377	LumA	1.93638753458698	5.51960834806039e-08	3.33343016624921	5.33653059519391	4.89421978029321	5.4333044103493	5.22560911106311
chr2:100056537-100057038	LumA	1.93611885271973	8.87641907305213e-07	3.38432225693988	2.48475623849063	5.24333327203999	5.56055952086619	5.74834701591977
chr12:51085682-51086183	LumA	1.93580400047335	2.06755890619635e-15	4.25796754616375	4.06537005693629	5.62176247595563	5.99073733050183	5.88895661852179
chr3:159030727-159031228	LumA	1.93517168535926	8.76006248467406e-11	2.73456512001902	2.42209448980828	4.1136799076311	4.12577746111529	3.72595916688115
chr10:37384996-37385497	LumA	1.93443688749879	3.5231494942917e-10	3.32706177979586	3.04912942816443	5.16359684604293	5.21823881734239	4.73224373990939
chr21:27024898-27025399	LumA	1.93368880480869	1.23609780903953e-10	2.74783104928701	2.55902396960221	3.20012028708957	4.49911424160767	4.00744623294747
chr15:69483325-69483826	LumA	1.93354598786779	2.2919100732152e-13	3.72409351806819	3.75891107072008	5.33810083221625	5.44425816632738	5.36055347214215
chr5:173487148-173487649	LumA	1.93325928582158	5.50820830406386e-07	3.06297803259781	2.71987897759036	3.98778438587657	5.06531952762952	5.22305577494678
chr8:121967767-121968268	LumA	1.9330302448011	1.52167722490916e-07	2.4990117759607	2.24116071219548	3.07361161893861	4.04893262303937	4.19133380356444
chr1:209525182-209525683	LumA	1.93295981565342	7.49854301574626e-10	2.84902375963095	2.60415745133238	3.65081061984669	4.23002075801599	4.5338260625334
chr8:18328497-18328998	LumA	1.93265546525922	1.62467258344655e-07	2.44058623731697	2.02130564398818	3.94088135900776	4.11754197301565	4.37958551842103
chr5:92042212-92042713	LumA	1.9325711483204	5.22661710414855e-08	2.74813347333766	2.26143654959261	4.49412398179631	4.56124124498059	4.54527482199956
chr15:48483691-48484192	LumA	1.93193315301076	1.80468191180192e-13	2.84781225244919	2.33176067879459	3.58060943862036	4.40058032864571	4.17384024325962
chr15:80439442-80439943	LumA	1.93137857975004	6.07558996473287e-10	2.97783551045408	2.46779880666142	3.65034630553873	4.44717265484857	4.78563470055919
chr10:37226448-37226949	LumA	1.93069626726864	2.97012458140497e-08	2.88086791715163	2.38339843418242	4.79955494550344	4.76342130869699	4.45269968521316
chr7:881459-881960	LumA	1.93052320539708	1.6300746237324e-07	4.73775524053436	4.49973173135345	7.04951604054967	6.86086700736876	7.06652751866021
chr3:13456306-13456807	LumA	1.93045256525162	8.60372732514433e-12	3.36724141231217	3.0418307530495	4.18609647603426	5.02648203748132	5.05737555260211
chr1:209524638-209525139	LumA	1.93029300456809	4.91908025347681e-10	2.65167576965671	2.75001305102076	3.27211227211758	4.02592637219208	4.38097750887344
chr10:37302893-37303394	LumA	1.93011600042848	8.06231557503456e-10	3.18551607386145	2.78320167127705	4.65372002608791	5.04030301257064	4.5732298271862
chr15:88147897-88148398	LumA	1.92968889358635	2.89150719845598e-06	2.95249697785993	2.75648283162645	2.87729766720573	4.74241087262847	4.22127861769742
chr19:21855092-21855593	LumA	1.9294629673242	4.70707370209843e-09	2.77571535479936	2.94478422264577	3.87745751691362	4.41630216059252	4.27170295688587
chr20:47933381-47933882	LumA	1.92909088189483	9.32712979330596e-15	2.76156540147061	2.22838361712371	3.39414146708686	4.21118494944089	3.82210033929387
chr14:99962157-99962658	LumA	1.9285593188208	3.69847260316266e-06	3.3424160276925	2.88718678472527	5.82552697568057	5.53230057151711	5.73807526450117
chr3:8710719-8711220	LumA	1.92798010483534	5.27190314245537e-06	3.37994937521785	2.45604765854759	6.37612973956094	5.67663170041149	5.84365272047577
chr4:108299990-108300491	LumA	1.92402078711578	4.15280824982165e-06	2.60120467757201	1.52658084127748	4.0517646273203	4.53331259620523	4.83247967192353
chr5:139144943-139145444	LumA	1.92385455530117	1.71675963005835e-10	3.09119893718045	2.94258295375542	4.69641064518306	4.94708475341589	4.89537087172305
chr18:14783569-14784070	LumA	1.9234285435674	2.24596849004154e-09	2.59268162829172	2.06132647233469	4.43155270730952	4.21607225357429	4.09053604356516
chr8:38477375-38477876	LumA	1.92247514657774	3.28405137838337e-17	2.8421040053788	2.48136183457515	3.21769190957817	3.71454429746018	3.20382119329891
chr10:37295383-37295884	LumA	1.92130934424556	5.60584328568336e-11	3.10459805677602	2.74854916691153	4.36734972507869	4.7603085045159	4.56605990128249
chr2:64977348-64977849	LumA	1.92067052548881	7.06774288536778e-07	3.70677616831229	3.2676090058168	5.42436934131425	5.83406790161825	6.10488057081459
chr14:95689379-95689880	LumA	1.92038465069951	7.07493239801685e-08	2.41681916037782	1.66009462769878	3.57999281494483	4.41038692394838	4.31085206266928
chr8:125069032-125069533	LumA	1.91943687787519	2.93939706362106e-09	3.50644651481001	3.4797566930243	5.13177948090376	5.35226492970662	5.70856756153915
chr2:171528189-171528690	LumA	1.91879377388304	4.07892027536157e-18	3.22416389916471	3.01325825885985	3.86385994430082	4.68920011192426	4.1362732225276
chr18:14784769-14785270	LumA	1.91795138412388	1.65884224568483e-07	2.41284942737377	2.11192706875922	4.57551267611945	4.19168915901714	4.08416816758675
chr2:211816684-211817185	LumA	1.91709952662593	4.83998933345514e-11	3.06462133450296	2.43579885939848	4.17151050477598	4.90020282127766	4.4961308921002
chr11:82269260-82269761	LumA	1.91578173713158	2.98450530511616e-10	2.56016734898226	2.29324682798545	3.40323949277002	4.02292423047144	3.4809003313188
chr10:37307467-37307968	LumA	1.91518964501674	8.87254051945994e-11	3.0923718708539	2.57275668328538	4.41717136410041	4.97317442287651	4.34378368503456
chr16:31268885-31269386	LumA	1.91513389143322	2.39611088499788e-10	3.27499232342202	3.46394637359528	4.37961416251838	4.86056546813592	4.73754300066565
chr8:130482060-130482561	LumA	1.91506849786196	1.88092576286684e-09	3.07971105791556	3.30581300351394	4.3792828802064	4.58148205865953	4.56662947939588
chr10:37400599-37401100	LumA	1.91431547852212	9.20988668449772e-10	2.85397494327305	2.56217321123081	3.95845562171217	4.55385281076565	4.28306687163591
chr15:83202100-83202601	LumA	1.91419467621341	1.41494491987001e-08	3.21020249584905	2.62719771621863	4.06510435554993	5.09298259449556	5.13134559640218
chr2:72329912-72330413	LumA	1.9136732537164	4.62221689013687e-10	2.80555920548158	2.44977194584136	4.39933674496994	4.52909323751221	4.06358564712267
chr19:35950112-35950613	LumA	1.91310455235781	5.93137296622775e-13	3.44072160111439	3.71306036463461	3.47203977088868	4.69356667697139	4.06170900254543
chr10:2464517-2465018	LumA	1.9130840738095	2.27397148452018e-08	2.58164218705457	2.51785107453265	4.38689097933206	4.2538096316337	4.16126675080064
chr1:189847365-189847866	LumA	1.91126969144285	1.95157229126829e-09	2.94074154899402	2.74275229969909	3.90177778770339	4.46943677672775	4.18816765002833
chr1:179511432-179511933	LumA	1.91080272276443	4.83998933345514e-11	2.59833169965065	2.48699141490958	3.86614093372311	3.84127777855032	3.94480481568275
chr10:101406721-101407222	LumA	1.91040217181395	6.06045729760725e-10	2.97917765534865	2.20992011159359	3.82455906437807	4.78696374516428	4.9184049010139
chr4:140657649-140658150	LumA	1.9086906809371	3.19444447528197e-15	3.28455712766197	3.1865075566916	4.26591725606197	4.93810091943115	4.89122220892698
chr11:15616111-15616612	LumA	1.90774002216769	1.71592180749534e-05	3.50029720882831	3.50516031524071	5.47399175421823	5.56395188072806	5.96129160683678
chr5:58206933-58207434	LumA	1.90705837363659	2.94029976838696e-10	2.94823509248256	2.30694937023952	3.82845085553275	4.61916563376356	4.58192131196292
chr15:95772995-95773496	LumA	1.90677073512169	2.18360829816246e-07	2.49955940374266	2.02472140584794	3.43417173653778	4.19490234344423	4.08938673439531
chr18:73937510-73938011	LumA	1.90586429467192	1.43124686504439e-07	2.89811321975167	2.7660670927719	5.29249497735821	4.77906118569665	4.90524608748916
chr8:67708003-67708504	LumA	1.90550536669755	1.2056288619191e-06	2.73892941203728	2.16270654244391	4.80597193967474	4.63631455333451	4.96303479514074
chr15:91432094-91432595	LumA	1.90523231271876	4.33022340014572e-08	2.67529053020148	2.11075949940699	4.58045975107635	4.37456274950413	4.38973068543417
chr1:92004178-92004679	LumA	1.90402828836404	2.27267870290508e-05	2.18472064428358	2.09848712110195	4.03736114334435	4.34117417228544	4.51009874823141
chr10:37461844-37462345	LumA	1.90284191765114	7.66043932310731e-11	2.81158576744306	2.37567666337697	3.8189826251837	4.57732952702358	3.94233783069823
chr20:23600523-23601024	LumA	1.90280550265785	1.09626325152324e-11	3.13830571002907	2.86691643655929	3.37013619624499	4.82647824289888	4.7472109580672
chr15:98652492-98652993	LumA	1.9020473946902	1.37498781682194e-09	3.80082940364439	3.4935952979354	3.15488934279053	4.8896330309135	4.49394737541721
chr2:129326593-129327094	LumA	1.90125575708898	6.68209502207597e-07	2.56700882281215	2.31536211972558	4.40507103673023	4.41237854049733	4.30973217611208
chr3:159013651-159014152	LumA	1.90076466787002	4.51148562094914e-12	2.62322193018689	2.84797985719613	3.38657643714768	3.97148436348566	3.5995882773026
chr3:55911225-55911726	LumA	1.90028213101235	3.35883931725309e-10	2.53893485347952	2.0083868292455	3.38798038687014	4.22779291052031	3.8613439344877
chr2:65327032-65327533	LumA	1.90011242564548	5.36498694844005e-08	3.5507252951213	3.68758955782819	5.93276055114812	5.57115206186061	6.02863949302731
chr8:95696149-95696650	LumA	1.89953595075293	8.66191892270534e-08	2.821887100043	2.92105697861517	4.09592966224222	4.62289029143108	4.62551027837317
chr10:37305880-37306381	LumA	1.8992539205957	3.62444137266098e-09	2.95608392015428	2.43389519664005	4.0338210823424	4.76123536866252	4.20699751175048
chr10:82466910-82467411	LumA	1.89791610914934	1.5340073266912e-06	2.74448836963255	1.73614447317506	3.88929222896037	4.14055963589115	4.03679012191179
chr8:115520940-115521441	LumA	1.89780460778011	8.40509062538034e-09	3.07137892920176	4.10242160431853	4.58169916692294	4.90451873571848	4.8674944533705
chr11:78155731-78156232	LumA	1.89504230218711	0.000169180457235425	3.45701540286391	2.95084613678885	5.64754685873603	5.90757309685101	6.22471298459874
chr20:48241221-48241722	LumA	1.89428085688431	1.95623999212756e-17	3.21072713949547	2.98724720851198	3.41262117186242	4.4831924905623	4.0532595887643
chr6:132893696-132894197	LumA	1.89267293709575	0.000103195666791732	2.89587875826665	2.56691225974316	5.46324464948838	4.84036380590944	5.44769437008363
chr5:178077595-178078096	LumA	1.89246590245523	6.07312034660597e-08	3.95787443326167	4.36279393875906	6.15583447346164	6.03773794117186	6.40075526360793
chr17:5264077-5264578	LumA	1.89186165071234	1.84430357691574e-09	3.26402621724438	3.94679565630234	5.08042782050216	5.09511342219094	5.08367990743538
chr8:18278151-18278652	LumA	1.89083684981439	6.1127220925516e-07	2.62375049410214	2.12485542318942	4.63790399484212	4.10251440963704	4.50615095250236
chr1:164605539-164606040	LumA	1.89036310127988	5.97884301448981e-06	3.621691186324	3.80011632880083	5.74195159391133	5.77260534401487	5.96812813062363
chr7:115129714-115130215	LumA	1.89000339460878	1.50022940646978e-08	3.38009515349104	2.84975070201983	4.68507232425902	5.28108808226107	5.27347120426606
chr8:117250060-117250561	LumA	1.88885818552462	5.37762455195712e-10	2.61727299139769	2.30171634830175	3.51073901723652	4.25978471342636	4.19072035072462
chr11:129380416-129380917	LumA	1.88802898264332	4.33077055769473e-07	3.38906564934384	4.41986525862956	5.13761092927889	5.06437444790191	4.80550136244052
chr14:37845445-37845946	LumA	1.88717640588464	1.58906943502748e-06	2.88223598088583	2.15277746100712	4.74070363436586	4.90419763805416	5.12914369593407
chr8:126311251-126311752	LumA	1.88554064421642	2.55659791455809e-06	2.94804829559262	2.78155745871553	4.95284957728104	5.12221109303428	5.30632047665646
chr11:38937654-38938155	LumA	1.8853330710021	3.42836294149306e-07	2.88259859933988	2.54863082948363	3.19472286013379	4.67342677312003	4.53584823197819
chr1:241265284-241265785	LumA	1.88474772407913	7.37785967551961e-08	3.14078565868018	2.85039922252346	3.81415585254599	3.9419171649631	4.53787352614925
chr9:37799702-37800203	LumA	1.88416435505625	1.08292514408095e-14	4.85636825456164	5.39057886454092	5.50607640970826	6.40899836674481	6.40329931687447
chr13:23841050-23841551	LumA	1.88300018496752	1.95884022862642e-10	3.04039128416833	2.43803982267878	3.92093462648511	3.98881255907126	4.18865978159445
chr15:61271821-61272322	LumA	1.88242478305838	8.43011711103733e-13	2.58608026914335	2.31810610563739	4.04568880839381	4.04730350053835	3.77889232132356
chr6:151658658-151659159	LumA	1.88227737734097	1.31559328569962e-07	3.12741076403921	2.60704506081386	4.22519369698435	5.05033674518336	5.3982558165745
chr16:15706555-15707056	LumA	1.88212380029213	2.41895737061831e-11	3.50366316456943	3.87604334194963	5.4657936847553	4.85175327297677	4.7255565557319
chr5:56459702-56460203	LumA	1.88191999114753	2.22119482855936e-08	2.87415471210184	3.64453322472463	4.18502399240991	4.50361462459355	4.15067914998193
chr1:172112784-172113285	LumA	1.88088124829799	3.29467631443375e-11	2.7233183388677	2.27144688342213	3.61310387718313	4.30401766988331	4.24283804574028
chr1:204571606-204572107	LumA	1.88054144513462	5.07311435527881e-09	3.5152794657996	4.5088105265939	5.63231171382776	5.40264244987138	5.18405633794139
chr1:18117099-18117600	LumA	1.88049644208126	1.41729043048833e-13	3.05615761059205	2.70742194320143	3.44083120440665	4.26591002623954	3.83268400828534
chr5:145427988-145428489	LumA	1.88040850784296	2.03528314639224e-08	2.85568319790801	2.48610295194458	4.84308547108454	4.78633529089617	4.80752160309819
chr11:78576495-78576996	LumA	1.88032067055183	4.19853087367456e-08	4.41842574899837	3.92486407139807	5.55889235842629	6.07020106017833	5.44376726969513
chr8:38035376-38035877	LumA	1.87808346660815	1.94329281102097e-15	3.50033788667665	3.84472103276459	4.47116442910479	4.54695869269942	4.30479741586165
chr8:99901141-99901642	LumA	1.87720665603111	5.78914575262877e-06	3.21675710165663	3.32787752125028	4.05330757524833	4.9558464522218	5.41617218601013
chr15:69988808-69989309	LumA	1.87640800850101	1.0751314352361e-14	3.30706043023469	2.88398629403526	4.68411936418051	4.86855802817401	4.57378351960242
chr16:54940552-54941053	LumA	1.87601426696921	3.95098455107666e-09	3.57372690089884	3.95047643690978	5.05252856786655	5.36901227569151	5.65274411047697
chr17:63752656-63753157	LumA	1.87565681508275	7.26238284975145e-06	3.67621624100832	3.04359278079563	5.636999416196	5.47597220741905	6.26454601464752
chr15:60448619-60449120	LumA	1.87446170700303	3.49452524021333e-09	3.40032203074275	2.77686422826828	4.75433369501078	5.09137759077834	4.88659971231869
chr3:180992404-180992905	LumA	1.8737854290476	3.52532492867164e-10	3.34688065290918	3.17039669369101	3.84796661823117	4.74425884943599	4.88171285701244
chr10:8066725-8067226	LumA	1.87323224069647	1.48146472576095e-06	3.22637552692567	3.79607805893971	4.92208079617184	5.25534515189519	5.32529742780392
chr8:37865330-37865831	LumA	1.8723896429692	6.6969067535336e-11	2.88683974257593	2.50087247112025	3.51519586069918	4.29498721087011	3.85171298444964
chr12:107765337-107765838	LumA	1.87113815850174	5.65675607167518e-05	3.34380758924794	2.62157913294419	6.8258334659492	5.61494073773009	6.1272811412239
chr14:105668285-105668786	LumA	1.86973382659208	1.01019715774955e-08	3.34746239532253	3.26391892434635	3.90202845677111	4.53852735985358	5.21708692247592
chr15:75131998-75132499	LumA	1.86932749634686	5.21230429282142e-15	3.16800967109291	3.06815256534658	4.12104110184043	4.49867057170051	4.46920305991212
chr7:33313054-33313555	LumA	1.8688747452934	2.15206376103154e-07	2.57956091908476	1.78739405630014	4.08685774559722	4.17485238055429	4.40226688548289
chr6:34146745-34147246	LumA	1.8676096248722	1.03620528887196e-10	3.74029101037173	4.34273010311056	5.28190874041709	5.25847198358751	4.80187635663337
chr10:37209852-37210353	LumA	1.86718627087171	3.71655187394151e-09	2.78969733857811	2.48668140814703	4.32562666209216	4.64088243635844	4.22487606915385
chr5:4414049-4414550	LumA	1.86686131402207	2.68080127847746e-13	2.59956629361755	2.44023313797791	2.35468711904131	3.84189665758943	3.02838748402852
chr8:99888631-99889132	LumA	1.86644594586279	2.51391769466051e-12	3.72008652700116	3.85449904371212	3.8129669877336	4.76151391966085	4.83896319041998
chr5:166598447-166598948	LumA	1.86614165779767	9.02848594986538e-09	2.55030612930842	1.94003385127246	2.88185381114342	4.09262224266692	4.03307509386668
chr10:37306398-37306899	LumA	1.86613667629691	2.90572863908541e-08	2.91122379295928	2.08078656904938	4.22437010990539	4.7804027150999	4.34889951387876
chr14:97534799-97535300	LumA	1.86576207938032	2.49704608653807e-13	2.77553769782067	2.29492844370004	3.08833960967191	4.19753261614371	3.47999056049965
chr22:42461819-42462320	LumA	1.86553086787994	5.97860364539661e-07	3.20290995492316	3.32253448854541	5.18677326675539	5.14816148554964	5.05597623573124
chr10:8062933-8063434	LumA	1.86523537090826	2.11044431961052e-06	3.35487294303114	4.04958642491154	5.2132302902862	5.50199221924031	5.5341968281472
chr10:9186865-9187366	LumA	1.86465503241774	5.85880222238022e-05	2.64891976536534	2.35346593083637	5.35409705203138	4.55171063056786	5.30846921979287
chr1:210383958-210384459	LumA	1.86420672664056	7.66043932310731e-11	3.73931945836769	3.46712211095883	4.94985915756249	5.39043310167657	5.41002571141074
chr3:58096796-58097297	LumA	1.86392451178133	8.15443651483422e-08	3.89591987147028	4.18142059795044	6.27859021743841	5.52680681005294	6.03300324613405
chr8:86242935-86243436	LumA	1.86294079969628	1.97709117864732e-05	2.56326438232534	2.37347297353738	3.78156889885246	4.39292927755728	4.84705181081486
chr2:205200390-205200891	LumA	1.86201517523605	1.84222720949636e-08	2.55724214138099	2.05497983903855	3.6231508945595	4.47165404581223	4.35746054998651
chr1:14080506-14081007	LumA	1.86197772595421	4.9977972955761e-07	2.72356394235294	2.25803979749224	4.31076626389869	4.36583850598536	4.33862040548604
chr8:18217187-18217688	LumA	1.86194073255642	5.97189383200408e-09	2.68729056873386	1.92083007796715	3.69487820834853	4.05832568658078	3.97489034884431
chr10:37374265-37374766	LumA	1.86084841533341	9.8628027278969e-10	2.99431801966436	2.54009892630458	4.59506286938396	4.79297890506974	4.32276925399137
chr2:237503095-237503596	LumA	1.86022603724647	1.40255320147331e-08	4.08402734903133	2.86852864666013	5.95718108544453	5.8776686122166	5.85851827162929
chr1:36330825-36331326	LumA	1.85877216250078	1.28693907475563e-21	3.68133929462821	3.35728427751141	4.46164101220855	5.35963601955461	4.86896972223324
chr9:85291685-85292186	LumA	1.85806780576995	7.88079781988335e-12	2.58865244628831	1.9791991943716	2.62113629068885	3.88261479948961	3.43052486470675
chr10:22115079-22115580	LumA	1.85748075755116	2.14072395730334e-05	2.26583173396315	2.44140483564574	5.12171945093644	3.99334953505605	4.21354898263443
chr8:39683377-39683878	LumA	1.85644067122504	2.65475971254723e-11	2.61703115835688	2.22217446264149	3.25048794806984	3.7839545113604	3.57144207718251
chr10:100831721-100832222	LumA	1.85610212715251	1.0992407811525e-06	3.59371221920134	3.00137432458617	5.77178843044082	5.42896526904007	5.80612780414646
chr10:22183064-22183565	LumA	1.85580918989222	0.000150366644729824	2.59140955397361	2.26189405643822	4.69421250177473	4.6610182133681	4.94903022050045
chr8:115443346-115443847	LumA	1.85558459612757	1.15597465508047e-11	3.79228768307603	5.36686965813735	5.00824046001053	5.44129595138513	5.37556163592157
chr10:9205391-9205892	LumA	1.85543984806731	9.02439669593337e-09	2.72892817048914	2.57417639830184	4.70002164610854	3.95706995789604	3.98859599638294
chr5:44783675-44784176	LumA	1.8547096551155	4.359965621912e-13	2.78906545746687	2.17244994405995	2.53703202307626	3.92042935246811	3.49186261183844
chr9:37798703-37799204	LumA	1.85381027093325	1.23357524439317e-07	4.10423206809428	6.02583015614708	5.75185285910341	6.19416997263748	6.18558657109251
chr15:25450109-25450610	LumA	1.85326722241695	2.26893078567049e-08	2.81212196165644	2.25281920727081	3.63484135243964	4.35584859171322	4.04471223109928
chr5:44805377-44805878	LumA	1.85261851017494	2.48309434517181e-16	3.16654618428877	2.67816114570282	2.95039984116127	4.26344242486762	3.74839865523706
chr16:80543718-80544219	LumA	1.85158050806653	3.63613322985993e-08	3.12592497610132	2.50887203683565	5.50814773716771	4.87553207332042	4.94506390477217
chr15:47047652-47048153	LumA	1.8514679490247	4.32532220626447e-06	3.28802201026577	2.89975707440529	4.97779433188915	5.23217031473457	4.73814301370952
chr1:164579890-164580391	LumA	1.85096337620753	4.72225510613316e-08	3.12593565487095	4.56133957888612	4.58834905184337	4.87044232983425	5.17551424653429
chr2:179114591-179115092	LumA	1.85040880967861	1.48954487700966e-06	2.96234706560234	2.9087162008956	5.13456251962006	4.92369895087699	5.01902948146072
chr9:92988877-92989378	LumA	1.85013562695735	1.55226833383224e-09	3.44372088851401	3.38148126699764	3.93645431628161	5.27179054958688	5.23820447930723
chr8:82619271-82619772	LumA	1.84998596138515	2.41672778651405e-10	2.76282307981692	2.4059165500133	3.37733145848368	4.47841224353705	4.08609106205587
chr8:50826982-50827483	LumA	1.8497529781038	2.23823010080964e-09	2.80471276206249	2.11486868100897	3.21925615335037	3.57527985485876	3.8531589685674
chr1:209534998-209535499	LumA	1.8479415492325	1.00293135585336e-09	3.0341935731318	3.00467196387101	3.51054555644578	4.43034050594636	4.6608242732562
chr8:116647943-116648444	LumA	1.84762030703094	3.80152234663262e-10	3.26151984284875	3.42485963053376	5.08057970944013	4.85666085615057	4.83361546729052
chr6:10314293-10314794	LumA	1.84717148586982	0.000170403270391539	3.91070163163493	4.35269576278477	6.43486169580858	6.23862671703097	6.23626891109055
chr2:724971-725472	LumA	1.84712363744129	4.67088128898023e-09	2.62457732908341	2.4572370865771	3.04589308497366	4.08111301751423	3.96824996802335
chr12:53946383-53946884	LumA	1.84691100028236	3.53179054834008e-11	3.11424760599968	2.95876587923223	4.03997618873055	4.67501107873289	4.67797987943949
chr2:141738756-141739257	LumA	1.84673084481112	1.83052930846493e-06	2.73543182896542	2.04731547742117	4.44432265698784	4.63906796281198	4.73733300106742
chr16:54065253-54065754	LumA	1.84643230747042	1.20786209114603e-14	3.26441045830067	3.191771179555	3.79243239967898	4.37016690969941	4.15607727464454
chr1:30502144-30502645	LumA	1.84604534850752	2.92550307119894e-07	2.58508776666948	2.14148477886538	4.24632214013732	4.30025730811292	4.50476390854919
chr5:71645519-71646020	LumA	1.84527264412358	8.63255524800498e-10	3.2570590784353	2.49635964783069	4.1695016069802	4.95075723192288	4.74158710397391
chr1:38329563-38330064	LumA	1.84452357719627	6.03568764323748e-11	3.01099585797541	3.20572174484156	3.86426028202998	4.4776958344313	3.7747875670694
chr5:178079437-178079938	LumA	1.84431264172175	3.14263570410002e-10	3.31500847157513	3.49549438625459	4.99574906520052	5.11887767643984	5.42102525949687
chr1:221691274-221691775	LumA	1.84417172213683	2.37528550256104e-11	2.89929432734277	2.75905705482681	4.28844818787182	4.2667175507283	4.06625135815927
chr8:86543798-86544299	LumA	1.84405369235037	3.44311425285365e-07	3.09551540124503	3.19231228717642	4.25624322831667	4.87938555264291	4.96821381524936
chr1:79291013-79291514	LumA	1.84327023058959	0.000468610915183742	3.28794473336561	3.94186024687956	5.67508039811271	5.53620590943375	5.55739466824421
chr20:56898523-56899024	LumA	1.84206860911043	1.11026117296102e-06	2.68560385159552	3.16876932435679	4.94561639034416	4.60325306393975	4.45794534035306
chr5:55211149-55211650	LumA	1.84203423197636	0.00013989742513092	3.04955109618345	2.21661819653987	5.41558789913971	4.95142263690567	4.92018793757908
chr4:16119564-16120065	LumA	1.84202842688446	2.85508851250322e-11	3.1675696904089	2.98344258312523	3.40095365497324	4.50908051351364	4.05447610207823
chr14:90169087-90169588	LumA	1.84190661548371	2.68745666184018e-08	2.85164121883462	3.6828956899151	4.15006241617836	4.56771207000847	3.79872968743061
chr8:38036017-38036518	LumA	1.84174196363189	9.1113887137653e-15	3.4370754408289	3.7251879857604	4.31018322693021	4.35531867565672	3.97651531874812
chr16:54170678-54171179	LumA	1.83932399965953	6.59873984557214e-12	2.70557735152195	2.77777670925162	3.65034775204754	3.92455024417195	3.79710621758452
chr10:37149349-37149850	LumA	1.83926842553402	7.6563164926152e-07	2.5797287986343	2.13012268458394	4.36061388678376	4.34648930746991	4.04933016882076
chr2:211833246-211833747	LumA	1.83905050555586	2.11704239316107e-05	2.92436829426219	2.18469280555166	5.69357418099793	5.07891359864239	5.11045379105229
chr15:61683794-61684295	LumA	1.83822991664077	9.89309342697777e-09	2.89481783451339	2.4331705410629	4.4020273101827	4.36895893590681	4.03990576736772
chr16:10083287-10083788	LumA	1.83808628730549	4.29289890992768e-07	3.40193787389546	3.11641493725948	5.54454743245481	5.12015695849174	5.08103164922824
chr10:37228794-37229295	LumA	1.83789169835019	4.74431152094623e-07	2.88940107856431	2.75577809139	5.26365714496658	4.8365999814368	4.58135874501956
chr8:37691936-37692437	LumA	1.83747029851226	2.01528250615837e-10	4.3944148602993	4.52506368148656	5.11362120081494	5.61805649593085	5.56096638370276
chr1:182363754-182364255	LumA	1.83717465703577	2.44743979459314e-08	2.61892997427362	2.75590180316088	3.40879871211799	4.1469265944621	4.31365964078055
chr17:20957810-20958311	LumA	1.83656052892064	3.0073757659299e-12	2.95058067924517	2.23736410270042	3.92451652820389	4.53616154121705	4.42329743992097
chr1:31186516-31187017	LumA	1.83551854425956	1.50949217877228e-10	3.73149471312753	3.74855470444225	4.1163539638608	5.20125303849329	5.59428720376813
chr11:80728337-80728838	LumA	1.83495358797978	3.69605053870499e-10	2.58476928388841	2.18749630955087	3.65322876949096	3.97287786360732	3.80042288286355
chr6:149083940-149084441	LumA	1.83468893212881	7.87628515227328e-09	3.53949497372448	3.80072575912715	4.82069528879693	5.44078959652865	5.53335501300415
chr10:22187601-22188102	LumA	1.83370208328792	5.81349732036465e-07	2.53861115414917	2.51038513634037	3.67782379268403	4.3347659274508	4.52745551668674
chr1:211180189-211180690	LumA	1.8336333386045	0.000582344069761174	2.71988020024412	2.44819099988374	4.03873507770613	4.10679606967386	4.66174407877734
chr4:72210416-72210917	LumA	1.83288159416405	1.33160728068659e-07	2.98021991144062	2.47512174261925	4.51448371451985	4.67141006766703	4.8160670126731
chr11:103093171-103093672	LumA	1.83270514222542	1.14889892684815e-09	3.35468813847816	3.11614768467768	4.5524684621467	5.15524007141609	5.22550936511279
chr5:44762319-44762820	LumA	1.83238983472104	3.31377120816109e-14	3.07530148642447	2.66584661353085	2.97535796685665	4.27770909335324	3.64808654859626
chr10:8046683-8047184	LumA	1.82994300416615	1.45936146517434e-06	3.72804930672135	4.37129208485669	4.26487641740327	5.24562288117151	5.04403789932676
chr8:115933583-115934084	LumA	1.82863655221466	1.28059099323124e-11	3.09050785277531	3.54839155751578	4.26850004228613	4.3287637036742	4.38825827857971
chr1:210481904-210482405	LumA	1.82701725806308	1.82405845082778e-09	3.30835534964639	3.48359173011013	4.22809923113285	4.60286169898649	4.22410047726239
chr4:790585-791086	LumA	1.82616826817122	5.18789578099996e-11	4.48798054436253	4.05615998484687	5.3758923433779	6.05868993157077	6.26565785422071
chr21:19802686-19803187	LumA	1.82588172363296	2.31266805362344e-06	2.49469541318905	1.96426836728525	3.43235113435608	4.37953442667687	4.69963512417021
chr7:42234753-42235254	LumA	1.82577723082163	6.88752223142775e-06	3.51648158404956	3.33254201527349	5.46044270531034	5.57899827702257	5.69097295273649
chr5:44781414-44781915	LumA	1.82487788295923	1.21693164253262e-12	2.59998133031215	2.13836763577308	2.51537842810906	3.74470384041994	3.3621708089777
chr5:58234528-58235029	LumA	1.82438353697033	4.68860860083539e-10	2.87991081595678	2.92409260275043	3.981214003709	4.60897306227975	4.30887267832941
chr7:8408892-8409393	LumA	1.82419640191188	1.37850929619561e-05	2.63624987093532	1.79850075272413	4.73363045711268	4.79683458229215	4.8223951861474
chr2:223183626-223184127	LumA	1.82416303663989	9.22213574587308e-13	2.87917883800015	2.3945143073814	3.09562273472876	4.12910932914927	3.56586287073995
chr14:69331518-69332019	LumA	1.82252327684901	2.83358528767709e-09	3.43897424964825	3.47825700652613	5.09239735523187	5.17096860190869	5.37381192742827
chr14:93860751-93861252	LumA	1.82169103675507	5.55277655418589e-07	2.80777428925326	2.51756858246069	4.31218381004136	4.42926419625528	4.25388258021822
chr8:116927930-116928431	LumA	1.82003590513876	0.000596881110303315	3.69708400442079	5.83113502554672	7.63383433211517	5.94553120201179	6.62912789130597
chr20:48460592-48461093	LumA	1.819551955715	1.4121453946582e-10	3.05216883690748	2.52290246807543	3.50027960877903	4.16711273614759	3.83980443417775
chr8:115653570-115654071	LumA	1.8193142863793	8.68280239326825e-11	3.22449358707251	4.77334125754799	4.02123742336721	4.88051939529949	4.69012444940538
chr8:117402289-117402790	LumA	1.81879585509455	1.83402678773984e-05	3.49152982705474	3.74565951801345	5.75659929634217	5.22955384089338	5.86924287805441
chr5:173317771-173318272	LumA	1.81858692280075	5.39382612216014e-10	3.65488229366073	3.41805503179041	4.19201493754385	5.3190402749168	5.17345910718414
chr1:160156342-160156843	LumA	1.81674147491233	4.81960883954731e-09	3.29369231794984	3.14270528436606	4.82050377370731	5.15985914055761	5.06421060624201
chr2:156804763-156805264	LumA	1.81668606815753	6.14488099113196e-08	3.13007695460508	2.50824778726967	4.63854404685406	4.7223266992724	4.72527489324105
chr5:2592672-2593173	LumA	1.81589150494044	5.0408752433044e-10	2.65310675936915	2.27301534376033	2.83339252364336	3.57765878608306	3.31519870123179
chr9:126667183-126667684	LumA	1.81340726768198	7.40439012310537e-06	3.96382422797873	4.55391359226104	6.89250525875806	5.96327163376411	6.26663920388642
chr6:16780592-16781093	LumA	1.81297477990702	1.41900048425744e-09	3.5552068050516	3.87409790873018	4.78963627051995	5.32831712132942	5.02637706687598
chr17:42740661-42741162	LumA	1.81274223590331	4.77911321700651e-10	3.92736740854682	3.64653800826175	4.52831664515097	5.75807772594339	5.50678778318745
chr9:90430170-90430671	LumA	1.81250203440112	2.39478108235545e-08	2.75258483907743	2.4238814643082	4.19644391582009	4.43341180728148	3.96351563494996
chr2:176816097-176816598	LumA	1.81245838011039	4.24657390774976e-13	3.37438733768164	2.97348984989036	3.99251958045891	4.90848082505485	4.57572378042059
chr16:6005129-6005630	LumA	1.81163385047764	1.23140489961673e-10	2.82254990348746	2.4936725486538	2.73578389117751	3.89210195792051	3.2300547818667
chr1:164245466-164245967	LumA	1.81011030333161	9.02603817872946e-06	2.69190459603298	3.1051336389059	5.32111286095919	4.5590182677163	4.54403881255886
chr6:16991447-16991948	LumA	1.80953438171778	3.35460254535696e-08	2.67715414341692	2.440437629421	4.4474116929457	4.51537943961883	4.37914457748827
chr8:88395487-88395988	LumA	1.80946645013507	1.68184414647824e-07	2.81720130455809	2.54898381167865	3.80629810263178	4.0792832209729	3.86292202604442
chr11:5989111-5989612	LumA	1.80878542121928	3.7379657764923e-07	2.6297074076299	2.026520647858	4.04952772591538	4.19943005418975	3.72479286805808
chr10:9073797-9074298	LumA	1.80854922852095	3.09199578893256e-09	2.80303560289427	2.59952602219137	4.13532734939741	4.24132822996271	4.44954433017203
chr3:156152849-156153350	LumA	1.8064537055875	2.01630093748839e-09	3.16071600758187	2.9354395747059	3.3157385042994	4.80102208381876	4.48250897232622
chr1:48516307-48516808	LumA	1.80495899254802	2.99378894703648e-07	2.53722652271167	2.50153920823207	5.09604917309698	3.70580384820704	3.43488740413657
chr21:21062989-21063490	LumA	1.80457950018072	3.28316317099248e-07	2.9402987669883	2.67363445481958	4.87265019518897	4.97616423696343	4.87182773036504
chr2:129945579-129946080	LumA	1.80349333702431	1.20917195662852e-07	2.79974492819094	2.40421375386219	3.69527917950746	4.52505335127647	4.63832078520007
chr7:99971091-99971592	LumA	1.80325195072911	2.40312975737313e-05	3.88846059191421	4.21548030397959	5.41739699119128	6.08946984644948	6.21247577574903
chr2:131600041-131600542	LumA	1.80281065419896	0.00399687220208678	2.47378671368925	1.54737716741711	4.5233372030297	4.97067757995299	6.16013846292702
chr3:176857461-176857962	LumA	1.80270756179116	6.36311941251456e-11	2.6497351900158	2.74178114649394	4.18853423472813	3.77788572711584	3.44750180242669
chr10:37469548-37470049	LumA	1.80268976460138	9.39781922475303e-09	3.05138759407544	3.16114805225336	4.67341112406828	4.67308138493703	4.37317538338486
chr11:118397781-118398282	LumA	1.80225555401094	4.91061094692051e-10	3.22639589543024	2.97548816234226	4.14718840188034	4.62468260221006	4.38957276993605
chr9:125340743-125341244	LumA	1.80098757826532	3.91778247263155e-10	3.10557225818085	2.78094360459465	4.92589192865978	4.8145713785536	4.83816006206083
chr6:17388775-17389276	LumA	1.80079783220421	6.76608023240872e-07	2.95071988051556	3.4329685453542	4.43787186944642	4.94099504927512	5.45167258106292
chr5:173497632-173498133	LumA	1.80011742827019	5.60102033913691e-10	3.3221133122349	2.91682499474699	3.83929955972616	5.21676484874917	4.96597775790331
chr13:70444397-70444898	LumA	1.80002296253963	1.63865204758961e-08	2.45785755518742	2.13350392623495	3.08125517352028	3.94995791125077	3.66680254288048
chr3:67518238-67518739	LumA	1.79978336691215	1.90901616674027e-06	3.13304508848064	2.88890306750377	4.80861410135899	4.78574738428513	4.79604627454379
chr2:100055725-100056226	LumA	1.79950752065255	2.00998730633927e-08	3.1584444252013	2.26442730575892	4.31924462170617	4.98223364090576	4.91697278433437
chr13:72175739-72176240	LumA	1.79912469809215	0.000228325450134176	2.66039718060367	1.89551204472097	4.42486769077676	4.73990210358242	5.06022134521445
chr8:109224428-109224929	LumA	1.79895819262658	7.57258665120828e-11	3.24019555592739	3.53246529188194	4.42387344188189	4.83388217800932	4.12905707493542
chr8:38393189-38393690	LumA	1.79700829779541	8.92960271100043e-15	3.13173753883128	3.60174472213148	3.86290643584066	4.49041451227496	3.95498783299926
chr5:44775082-44775583	LumA	1.79637364357256	2.09643825808771e-13	3.15564048302505	2.90650088014882	3.18767679004218	4.25408262290015	4.02342509627035
chr10:9060958-9061459	LumA	1.79611052692061	2.67971529391182e-08	2.53652320201785	2.43035346360191	4.36828807401869	4.12461144127283	4.01485671391373
chr11:39589543-39590044	LumA	1.79569630666044	1.50149550757067e-08	2.78251849683098	2.7715657815446	3.24034993059644	4.3384868540898	4.60916773072453
chr3:189437943-189438444	LumA	1.79543296267793	8.02948813641584e-11	3.73406862173814	3.32813181654797	4.57796924586317	5.2308817812667	5.01720741539247
chr12:33600040-33600541	LumA	1.79521078252253	1.30081799221934e-07	2.68229095327406	1.9568696030136	4.03485207054025	4.09799423745709	4.14293598763195
chr5:134969367-134969868	LumA	1.79366154279363	4.36981432120513e-08	2.99942531024254	2.8258161343999	4.87239261040212	4.84969186846704	5.03879795002439
chr1:203914956-203915457	LumA	1.79328161706415	3.10257973732311e-07	2.62504294171309	3.66725543287774	4.57684828544059	4.36948695564546	4.41574174735338
chr9:99659052-99659553	LumA	1.7932139421685	3.57087236888285e-12	2.91871458626165	2.32570468563446	3.64602276268691	4.11033390092825	3.9342711119447
chr6:152036636-152037137	LumA	1.79303987474464	2.32787270246628e-08	3.05542736391134	2.75464235018228	3.73505758963072	4.70874250704103	4.87382738658403
chr9:95282147-95282648	LumA	1.79299987234356	9.63814874636012e-06	3.52410157519346	2.67324410800805	4.73754129607204	5.05150210376974	5.65493877246762
chr20:57159553-57160054	LumA	1.79212538326254	5.9345970689666e-09	3.32426975727343	3.04763790756569	3.9985219735765	4.53641638460747	4.61799400204713
chr12:44853666-44854167	LumA	1.79197173388408	1.08555125398187e-07	2.90277136451723	2.0846413448619	2.89068134585216	4.47676828843077	4.49064043579206
chr1:203280301-203280802	LumA	1.7915357470049	1.79890143462897e-14	4.32007878381593	4.19767863185173	4.72215712688532	5.9426869963304	5.64087845312319
chr2:36805795-36806296	LumA	1.79132641700044	9.50395345577884e-14	3.71771255523774	4.26745435127338	5.02470182190031	5.27067331419888	4.83633303949739
chr8:40457035-40457536	LumA	1.79003909768009	3.9811954115189e-09	2.81770615115634	2.63671122616304	4.01112275387093	3.97909611973222	3.93018744830692
chr1:225749733-225750234	LumA	1.78845141453508	1.40172294287058e-09	3.67439186383223	4.64210599216821	5.65625163158085	5.24216384365539	5.10190885702411
chr13:47091727-47092228	LumA	1.78832843008396	4.121074881364e-09	2.68287299614932	2.12877775250657	3.99444530635125	3.99651365322348	3.68881909635235
chr1:165604579-165605080	LumA	1.786723710188	4.18596176857338e-08	3.1031885596113	3.03938095753669	4.56584978705517	4.79189833715078	4.94212220180378
chr6:74970383-74970884	LumA	1.78608356282846	1.18584179462734e-06	3.01213370891562	2.6919244093876	4.24335737351538	4.75587358067454	4.72928596305073
chr1:244635301-244635802	LumA	1.78348434099548	2.46749887823997e-08	2.88397163925117	3.1688161472987	3.40898632805662	4.21578685857468	3.91657899237612
chr1:234451618-234452119	LumA	1.783213137061	0.000148067382904142	2.93549250699891	2.98085951996886	4.78079511324466	5.08631180208368	5.41493748233022
chr5:74822247-74822748	LumA	1.78285664074743	1.84222720949636e-08	3.16118136284383	2.29789015823082	3.77251044406534	4.86195169521419	4.22322541697027
chr5:44782024-44782525	LumA	1.78243321395091	7.23831669165674e-13	2.84434957028403	2.39739347455609	2.7380390622167	4.03002664986746	3.44975465758667
chr14:61509161-61509662	LumA	1.78167907317309	5.72405879299266e-10	3.82400022017671	3.4709542758231	5.30282655243241	5.2279695418755	5.27713103712039
chr4:105710553-105711054	LumA	1.78122890328639	2.13656530084735e-09	3.3520001792816	3.25022138957931	4.64967038170627	5.07718283161671	4.63549241739692
chr5:27680312-27680813	LumA	1.78091100367418	6.30329650322914e-10	2.57993491543814	2.06511736213876	2.58680000502484	3.62382951892262	3.28627599120137
chr15:61746455-61746956	LumA	1.7808718198387	2.91128574568144e-08	2.55533728893157	2.80763844003283	3.88935166280167	4.12933191615133	3.5712392345049
chr20:48288279-48288780	LumA	1.7807571376402	1.54355399899017e-15	3.28583450980042	3.11440072386268	4.21204188639411	4.7890089281614	4.49764629653965
chr8:133619494-133619995	LumA	1.78032385323618	3.23461061910054e-09	3.14237351098106	3.12151246556861	4.38362157815431	4.7588957238386	4.75838001940991
chr9:80749438-80749939	LumA	1.78013730790533	0.000117576252208422	2.23617589545466	1.67228014719247	4.19590127208236	4.0523695808022	4.70676359322697
chr8:37866020-37866521	LumA	1.77983115680803	1.42744139777805e-09	3.33462199347643	2.58285424674526	3.78105917868423	4.53927033166614	4.30446057423966
chr8:133617263-133617764	LumA	1.77892055922759	1.49107204207501e-11	3.25434552664062	3.63043987972239	4.29091862581742	4.82175482284544	4.56068650905772
chr6:145187499-145188000	LumA	1.77797452641924	0.000103012440446594	3.3353881801778	3.11047846476609	6.49152499136336	5.3451583440745	5.92614876775335
chr8:68691923-68692424	LumA	1.77782304295624	5.71820208673208e-08	2.93592112205026	2.81455735217887	3.27431471992243	4.69762759043254	4.70982461032786
chr2:172582272-172582773	LumA	1.77702762310275	8.57418588977585e-10	3.41562555689236	3.21369025227479	5.03809199897554	5.00314602273418	4.95558423525931
chr10:37322307-37322808	LumA	1.7769860727892	2.52294787248605e-10	3.02449402947208	2.75094846413729	4.53459862462872	4.79055568484934	4.2456139952817
chr8:40407054-40407555	LumA	1.77608617521717	8.1924057543242e-09	2.92839509480912	2.88167371410324	4.23986300480906	4.10501599109454	4.22747266286211
chr1:206866568-206867069	LumA	1.7757933424089	2.48297012543985e-09	3.24479944504362	3.28198741564856	4.84321920318035	4.85572849439493	4.86532187052677
chr8:36834768-36835269	LumA	1.77469664472864	4.90198589633262e-09	2.80411401763536	2.4133175390718	2.78089681572192	3.71544767032301	3.27993965569395
chr7:92074083-92074584	LumA	1.77451705040087	1.20029793750668e-12	3.53890009021167	3.20869697287132	4.2934594462714	4.90563457389307	4.89918717832547
chr12:107764134-107764635	LumA	1.77432612350396	2.9181464560946e-05	3.6785858668749	3.13923377689584	7.16878319427405	5.8976684677577	6.33552529602154
chr8:88959925-88960426	LumA	1.77389180795719	8.59394830614666e-07	2.77851484755774	2.70488888056693	4.36782057971748	4.28391442067781	4.05769038735634
chr1:209544746-209545247	LumA	1.77174381063061	1.59170535482711e-09	3.3892394439225	3.38545210699825	4.16328795822424	5.03749442551411	5.018605095991
chr3:159044506-159045007	LumA	1.77129558998899	2.63829063917195e-09	2.84093436794829	2.64415925262275	4.61311596022188	4.41957388081279	4.18269420331726
chr20:42886014-42886515	LumA	1.77059259155778	3.81798313665698e-08	2.67965873592735	2.39112217565274	2.83181066934297	4.27512905012237	4.03139884633681
chr1:57043910-57044411	LumA	1.77011016314251	5.44031857443176e-07	3.07899013145507	3.02199262480283	4.98793105569289	4.48337537412581	4.39134012136165
chr16:54171525-54172026	LumA	1.76977982344501	3.27229864846563e-10	3.16528425745025	3.29830694962794	4.45184153812626	4.63285159330265	4.51520175550974
chr8:115520437-115520938	LumA	1.76897024989118	5.60360215228068e-07	3.15769728760798	4.30845490609231	4.6893622239367	5.0408277239518	5.10533487366341
chr20:47991017-47991518	LumA	1.76792586448654	9.37858247177278e-10	2.87441665229584	2.49610387309134	3.95570552005894	4.23237648835734	4.17386686316114
chr1:175167810-175168311	LumA	1.76764278391882	3.57087236888285e-12	3.57845357703067	3.60473992013004	4.8721991801254	5.08205842294933	4.85027498814578
chr1:217809076-217809577	LumA	1.76625641178406	5.8338469258811e-07	2.84257240640995	2.4586581906899	3.82092244581641	4.46011754748345	4.76888388355948
chr10:37148395-37148896	LumA	1.76604189956446	6.99096937787444e-07	2.64237936748348	2.0957352627184	4.2223894493077	4.33531953879356	4.20623437000853
chr3:148818045-148818546	LumA	1.76520995386755	8.41772051351845e-08	2.58400495333312	2.41104968063342	3.07836493785358	3.69118765807856	4.16012824049756
chr1:217556838-217557339	LumA	1.76480122688649	1.44836888814338e-07	2.91938787236202	2.77034029271141	3.4703434340693	4.17658304549728	4.55176742774318
chr8:129848018-129848519	LumA	1.76422434386012	2.07267130983154e-08	3.53022034997305	3.90466351044136	4.57724580149635	5.02705964608974	5.14463264077357
chr15:98780181-98780682	LumA	1.76389605528152	7.52916255945048e-12	4.03562214560169	4.08000629024389	4.1207417110957	4.68003851748478	4.74393571424056
chr1:14459441-14459942	LumA	1.76367058359769	2.29669474276481e-05	2.3824631157358	2.84145991087476	4.18197418251906	4.17066824118294	4.05041248973372
chr20:42582197-42582698	LumA	1.76342112108871	8.43583093151684e-08	3.04701132878321	2.55031391829536	3.9061370406959	4.67519961651603	4.71510777885182
chr1:221470169-221470670	LumA	1.76315591884482	5.77594103009158e-07	3.23220002079724	2.41428777242932	4.69832828072144	4.88707595023745	4.71633549553027
chr10:37248650-37249151	LumA	1.76278701988821	3.25649604561956e-09	3.14310609449012	2.8609469346278	4.42852146591734	4.87996609374991	4.43247169152737
chr6:71706947-71707448	LumA	1.76276433446062	4.22024589482336e-09	3.04252971253671	2.97605461135529	3.82364504888902	4.47567164160754	4.10463444353048
chr4:140700961-140701462	LumA	1.76167405750833	1.04635301222943e-11	3.59709308384428	2.88735464279854	4.20226998183753	4.95092913178916	5.04643878089509
chr8:18311298-18311799	LumA	1.7611080365978	5.06024375709461e-08	2.9503053669139	2.18542778108436	3.45404029714645	4.63223072777158	4.7391324127199
chr8:114983700-114984201	LumA	1.76092139160523	1.91079372737323e-09	2.63931208398806	2.40364212784289	3.33109560800758	3.97162892862094	3.79016624884335
chr8:37269384-37269885	LumA	1.75821921893876	5.17357562722872e-08	2.78397487457772	2.3624749709168	4.27908961344041	3.52640201552408	3.6847966580933
chr10:37470071-37470572	LumA	1.75813843802404	1.0542158316962e-07	2.77056288762297	3.00437995487169	4.38807707556596	4.26607998480696	4.14351636377209
chr1:46901127-46901628	LumA	1.7579716799329	7.76178663044451e-05	2.8904072533508	2.85282713682837	5.73437929686378	5.04246970882066	5.20054512160574
chr10:8047492-8047993	LumA	1.75765891302444	7.63659892189252e-06	3.83604683021878	4.31909561336632	4.2193442389876	5.31888637726539	5.26054021512623
chr19:16081067-16081568	LumA	1.75531335995788	1.27902613939893e-10	4.65084256795529	5.23425745265514	5.4310748348453	6.46944047467863	6.50423718518699
chr1:57110426-57110927	LumA	1.75460089494192	1.11952691738136e-06	2.68396845771908	2.2968885281912	4.19574432613842	4.50258344465972	4.13263232789391
chr1:224259898-224260399	LumA	1.75325624247417	2.10798179195857e-05	4.01899435761676	4.2406519779261	5.58800072673176	5.80583520089844	6.00520689445942
chr2:50595765-50596266	LumA	1.75286295643492	5.27558989172774e-09	2.79213727311857	2.9061101731457	3.91635406219346	4.13024516432778	3.66226305239326
chr10:71210425-71210926	LumA	1.7514312866505	5.37762455195712e-10	4.25927503408155	3.98678265984605	5.10796996589496	5.77532319087748	5.30268093026955
chr8:93066145-93066646	LumA	1.75111354127845	1.17012100623717e-10	2.70799044231166	2.53743052913509	3.8174822668359	4.04249211472957	3.95607614503157
chr11:36682696-36683197	LumA	1.75107743222539	0.000532266508795315	2.88671014715362	2.15526325534821	4.17236094487743	4.72390345453347	4.94824011764497
chr2:236742120-236742621	LumA	1.7506850152044	3.9608850685806e-10	3.23494107630053	2.84957507447905	3.90050656507267	5.08710161886907	5.05922717930026
chr4:138918434-138918935	LumA	1.75066271885138	1.15597465508047e-11	3.98835996654316	3.61518150495106	4.84163572186758	5.4457931454489	5.28745388693327
chr17:44022904-44023405	LumA	1.75004736539159	2.31334731155275e-05	3.99374648563726	3.63664692314757	4.0276678084287	6.06964449014551	6.03085989178808
chr1:11387716-11388217	LumA	1.74884075587153	7.05241495654826e-08	2.9269075018701	3.0189455268623	4.62808869051767	4.38088615353559	4.33367434263845
chr8:116595627-116596128	LumA	1.74877320111802	1.96998747731569e-06	3.03878287124977	3.68212909290137	3.99095249437391	4.42325673345002	4.39858995152784
chr1:36750727-36751228	LumA	1.74848317809442	6.38747958576222e-05	2.89063666329919	2.85092360798424	5.52322078112659	4.89603230449679	4.95617294208558
chr4:7832550-7833051	LumA	1.7475466767124	4.68490959360233e-10	3.39333859223762	2.93929094559131	4.12074074998096	4.96688243445127	5.31637355296327
chr1:233736452-233736953	LumA	1.74707344780941	1.03841467282823e-08	2.93959813036162	3.22115326879173	4.07226081761292	4.5100357133216	4.2264664550033
chr5:34865132-34865633	LumA	1.74701643731463	7.27306814467798e-05	3.10968346180116	3.09588043268195	3.72003021556998	4.82104168803145	4.41290668252774
chr6:17390193-17390694	LumA	1.74688303711533	1.45160218232306e-07	3.10295925106458	3.48327349480337	4.22133392532377	5.020883794988	5.08546584022816
chr8:36835376-36835877	LumA	1.74634626019692	8.47060476120638e-12	2.87549128539667	2.74882733118536	2.90147999928151	3.57029912620077	3.13331354372256
chr5:44035510-44036011	LumA	1.74600664253373	9.76875300556856e-07	2.99141956439049	2.64979780522491	4.30409701291295	4.75353786493687	4.64049534151887
chr19:47360780-47361281	LumA	1.7459661540212	7.23322419486078e-10	3.72769698443659	4.29124360079803	4.3844820748957	4.98723522243978	4.98812141917398
chr18:58017181-58017682	LumA	1.74555991612397	5.23800612847875e-08	3.11740273406576	2.54124107362269	5.07491528799852	4.63635449305441	4.56598314132006
chr8:67714473-67714974	LumA	1.74526354700068	1.17371931519441e-07	3.39442510661443	3.02166086190161	4.75307328985254	5.0019684176868	5.16987254647219
chr3:8727011-8727512	LumA	1.74490385674899	1.23502851096304e-07	2.94223389130292	2.47923788902852	4.27439761160602	4.53180328780645	4.65965377997512
chr4:14878600-14879101	LumA	1.74331933428949	4.48936130715063e-11	3.45412270089356	3.39096756587378	4.63066689667537	5.02093549001306	4.97611355352734
chr1:85203701-85204202	LumA	1.7428722308216	1.83283530245976e-06	3.4130194772829	3.64198732065089	5.511006802525	5.35397984655808	5.52517423570834
chr13:25608175-25608676	LumA	1.74260612901371	1.59207911356909e-06	2.76458434120693	2.20544290598157	4.93527311979067	4.51769416500012	4.28606306950619
chr5:155070627-155071128	LumA	1.74119846919375	2.19825331382028e-07	2.66648477488408	1.69980450984665	3.34161099888943	4.33899887183017	4.56758922847747
chr11:129018398-129018899	LumA	1.74104782990808	5.90401131037202e-05	3.16444447290688	2.28770060978556	4.56625887608346	4.96067081728594	5.2665018677433
chr1:210788870-210789371	LumA	1.7409929980415	0.000399180866403655	2.94149576765421	2.49272552409102	4.94265037111449	4.68643920052497	5.05169448523811
chr1:191709171-191709672	LumA	1.7407581690214	2.70676730336642e-08	2.87464470346469	3.4229811433288	4.55916362887787	4.34260335783896	4.48956048883438
chr2:237927952-237928453	LumA	1.74059476439797	5.08466623273701e-09	3.35525881932919	2.85359001297522	3.61149508466237	4.69843324681834	4.92071122682804
chr1:58288310-58288811	LumA	1.74022088969931	0.00107518263586977	2.94832721268479	2.36659788771856	5.50834730968883	5.12548244893627	5.51164469532811
chr15:61747455-61747956	LumA	1.73997096182062	7.11386977480299e-11	2.60976495631619	2.66642797107159	3.955895489506	3.92153594193965	3.66888502474055
chr9:126674809-126675310	LumA	1.7396530926075	2.12454157628666e-10	3.23360704286462	2.99772483553	4.60100256470404	4.88565418674724	5.00084922718485
chr2:168876902-168877403	LumA	1.7396194334862	8.1725282982384e-06	3.08228909386426	3.39235653877908	4.88107458496205	4.86324916461609	5.06969164764363
chr12:122343490-122343991	LumA	1.7394659969553	1.60305610865782e-12	3.17550950530158	3.44352149657593	4.92051428780718	4.65396622729711	4.52291051926541
chr4:29630360-29630861	LumA	1.73802830904277	6.80735310669546e-06	2.67382878975167	1.95917324204047	4.05406316561388	4.30073514700824	4.25620316116291
chr8:114923025-114923526	LumA	1.73768435054299	1.08455084498245e-08	2.87020836407565	2.89066007957858	4.18036574067959	4.42585144309689	4.38674690061042
chr1:77380376-77380877	LumA	1.73633094019202	3.34151274527336e-10	3.11989191675183	2.73562082591919	3.64887345619641	4.60395072677187	4.40264042032382
chr6:21404542-21405043	LumA	1.7358221616546	2.41672778651405e-10	2.78852330654581	3.16758663752134	3.46962559078101	4.46408120507022	4.05099637146668
chr22:25933071-25933572	LumA	1.73527812691862	1.13203520796762e-05	2.5465652149708	2.48985878353427	3.68537527353276	4.10052842687241	4.16104428238207
chr12:101219865-101220366	LumA	1.73401504336733	3.19984951031781e-06	2.72068217059071	2.68623655916076	4.69086741081297	4.20874248296955	3.95962275444735
chr12:115406839-115407340	LumA	1.73357062626294	8.07205717839066e-09	3.22694560826413	2.85769368175089	4.92038149881505	4.93639190118074	4.71457925847786
chr16:19140921-19141422	LumA	1.73272341780358	7.91521121931509e-10	3.55098672966999	3.63346023849304	4.85660257261626	5.04619566867775	4.71347234354875
chr3:106281173-106281674	LumA	1.7321026496912	6.33475669672675e-06	2.77796889515721	2.10895645306697	4.84189571593312	4.19953586780145	4.37045973504278
chr1:20459090-20459591	LumA	1.7311042537583	2.4379535343029e-07	2.97305946266484	2.86620179254564	5.42450647175219	4.32550091071558	4.08632625194806
chr10:104467369-104467870	LumA	1.73077639863722	2.56413620534403e-08	2.74408285490693	2.24176102470903	3.87336009448724	4.17028746653384	4.32738077683806
chr5:44800364-44800865	LumA	1.72936564071726	1.00172340021239e-10	2.79550710062671	2.3554682123506	2.66548059840206	3.83041955091931	3.51909874953631
chr8:115643753-115644254	LumA	1.7271752181407	3.24951297369657e-10	3.6698090554561	5.3521504369202	4.68216832851378	5.23855706023766	5.02384691637987
chr8:108910566-108911067	LumA	1.72681536687515	1.25002792224615e-09	3.15520600481905	3.51645490426352	4.70961419985475	4.25115832407917	3.74878367005138
chr14:61359304-61359805	LumA	1.72636567779216	2.93661548436656e-16	3.1761421942279	3.32769319410133	3.7828369991647	4.66212737219669	4.1250510010834
chr8:37855486-37855987	LumA	1.72526090972547	1.55187771783331e-13	3.72422620399992	3.43023913698191	4.00186510664756	4.72449460655875	4.37176589406589
chr2:79687296-79687797	LumA	1.72475268160876	2.60729919445789e-06	2.48529548673097	2.046058731506	3.67597943017674	3.98767803468992	3.3576130508745
chr7:42400345-42400846	LumA	1.72350412602598	4.72874767450821e-08	2.48212316931504	2.58892542900844	4.19085366762154	4.18891257916771	4.04436742222628
chr3:14912892-14913393	LumA	1.72309269353692	8.40509062538034e-09	3.53906006895474	3.52753800089175	5.06126366049706	5.05994274911492	5.10552837846284
chr6:34252325-34252826	LumA	1.7228636683782	2.13861633673587e-06	3.38317792197147	3.66041184347991	5.66712782238491	5.26656402307747	5.38010611917454
chr1:227893778-227894279	LumA	1.72255533199786	4.99349479554383e-10	3.67336055153848	4.75042100388868	4.75487872606876	5.42505851907525	5.14680746594076
chr12:47243401-47243902	LumA	1.72248559168255	2.1268197223262e-14	2.99328589379093	2.7673965554365	3.33093652831336	4.28502127344196	3.98227157900822
chr11:24457966-24458467	LumA	1.72186627686019	1.54728249423702e-05	3.12855349372923	2.36876890764177	5.29851229723082	5.02301029856858	5.24239823907172
chr8:93176980-93177481	LumA	1.72186574215945	1.08947015639008e-07	3.03926670497745	2.78775703634582	4.60885502541238	4.27789944835136	4.41061797262277
chr8:115692794-115693295	LumA	1.72174512669551	0.00329768230863756	2.59055419923329	3.22317290240246	5.48353576657433	4.73460499477348	5.61004312004303
chr20:46783084-46783585	LumA	1.72143208130678	2.84027559438068e-09	3.40289584110627	3.21107572983731	4.67811599967715	4.88156433678564	4.92884413223326
chr3:186842978-186843479	LumA	1.72124487694926	6.07809044503492e-07	3.80801792557392	3.84771407261915	6.1308587937969	5.65313879641672	5.67735444286489
chr19:7820501-7821002	LumA	1.72054912738298	7.00669170254888e-11	3.48288744355715	3.73384637090507	5.07806895172028	5.07777199612525	5.15329657265389
chr2:169112177-169112678	LumA	1.71996099995355	1.52694866548294e-10	3.27292328699796	3.42375920495916	4.05235995653084	4.50487170565219	4.70862675319557
chr5:174146919-174147420	LumA	1.71978266839818	0.000208129569129517	2.98114075828259	2.28655151544151	4.90912625233039	4.6554636139638	4.99017653670876
chr20:42487691-42488192	LumA	1.7193884561241	7.49002423736105e-07	3.07633160953962	2.67712492583754	4.12657476871112	4.54909663520303	4.70148818980907
chr20:33815637-33816138	LumA	1.71909270900762	6.11380380138726e-11	4.62718183046297	4.44637850056302	5.34136362361476	6.12336329874944	6.21709851336399
chr10:25384562-25385063	LumA	1.71795658107188	7.88441372430541e-07	2.5944270652655	2.60050480444934	3.52979751635045	4.2420797033359	4.28527429775221
chr19:52162537-52163038	LumA	1.71791264620104	1.60829641307908e-13	3.00438327031606	2.971071791291	3.62411685066155	4.15285992390498	3.62191367036035
chr3:159156951-159157452	LumA	1.7173584354703	5.68860868681151e-11	2.83640650216681	3.02664565822539	4.15759520652114	4.18781326268827	3.66676556025499
chr18:36109098-36109599	LumA	1.71559276394371	4.66117698259229e-05	2.92095474320474	3.15542661883417	4.44051173976974	4.91979473146414	4.94845134942884
chr12:95787015-95787516	LumA	1.71551650582922	1.40141144862647e-11	3.84113274712707	4.29617286886868	4.67294049168326	5.25654833021381	4.80797441842721
chr1:76819963-76820464	LumA	1.71501000186104	1.71902362220263e-06	2.96286651508395	3.47077167518072	4.96734592167253	4.6611252181042	4.75461611375812
chr1:187453599-187454100	LumA	1.71481982487174	3.87936439703073e-09	3.00791067698994	2.95538301875693	3.37021103485881	4.32052507904334	3.72148972136481
chr1:36764803-36765304	LumA	1.7147273261776	3.20552390860854e-06	3.18058859210891	3.45558852610677	5.5209644765994	4.76524677505074	4.68272369322391
chr15:87292878-87293379	LumA	1.71466159136409	7.27566362320055e-08	2.64275585386916	2.49533430045913	3.09679673341124	4.07605616888292	3.80988023283348
chr10:113582162-113582663	LumA	1.71419684599647	9.99940101097069e-08	2.81063592864205	2.63125897659154	3.55627082342834	4.10570959418858	4.36649965225701
chr6:72019054-72019555	LumA	1.71340976579812	2.42429025510651e-07	2.80922455745739	2.1338755152007	3.76344974707756	4.18854034750023	3.92423881958464
chr8:38478426-38478927	LumA	1.7132738163254	4.2152551612689e-14	2.71748469957526	2.59080115201897	2.88494076369291	3.56370177461783	3.1550388856724
chr16:1573755-1574256	LumA	1.71301827752257	7.99989335360619e-10	3.28205120193306	3.24658487042861	4.79661744398768	4.76175043623707	4.85557992065809
chr8:29335123-29335624	LumA	1.7127825678835	1.19608561732657e-07	3.62313473615877	3.47915975901964	4.76417467664189	5.0398707356365	4.43384254111731
chr1:233712532-233713033	LumA	1.71248769424348	7.77543582384221e-08	3.1091616330388	3.1302530737503	4.58921975681631	4.55592323891305	3.93842805145086
chr5:73518755-73519256	LumA	1.71228954719103	4.52956792921249e-12	3.43408969665944	3.08911277072736	4.06082819764713	5.08228570790711	5.04647473914644
chr6:37291167-37291668	LumA	1.71098351576523	7.00020158649953e-12	3.16261907830584	3.16895457060149	4.14129494779632	4.49054226016214	4.51605799809192
chr1:244955412-244955913	LumA	1.71026833347761	2.99015514373607e-07	2.81195158333674	2.71686027771836	2.77862512350314	4.07614930105219	4.26414612033965
chr9:5623715-5624216	LumA	1.71012794640675	1.8111993802809e-16	3.70941708854383	3.98039061479728	4.50827980697194	4.96078408838624	4.62149793105812
chr8:29343825-29344326	LumA	1.71007236691667	2.46708242601373e-08	3.62362361232134	3.48921497171234	4.51664616233659	4.87494378357043	4.27237258011674
chr3:158910484-158910985	LumA	1.70971438825987	5.17333079045892e-08	3.18166027745214	3.37906289059678	4.20213019078035	4.89152244333687	4.4328797910027
chr2:122545824-122546325	LumA	1.70851419135847	1.31377930450844e-05	2.94908774327916	2.61240185139197	4.22508070666443	4.43075227199406	3.98977448392057
chr1:145986929-145987430	LumA	1.70812111155496	1.25026299501922e-12	4.24426025829086	4.1302460621417	5.00505543878243	5.97631180660929	5.77716680619111
chr7:120591812-120592313	LumA	1.7073257577023	1.0339261737488e-06	2.95693973774499	2.40981490369908	3.28435286753724	4.2896249163998	4.35181335503271
chr5:56347953-56348454	LumA	1.70703824613466	4.121074881364e-09	3.01149928808525	2.37503228640648	4.0623543876322	4.47727328965642	4.17010947496136
chr3:40689832-40690333	LumA	1.70679669432707	4.47911087926593e-06	3.93381748055152	4.88547913066728	5.27287173754202	5.78767075648957	5.50534380341092
chr4:64954130-64954631	LumA	1.70596192644171	2.39013556697639e-07	2.77227380163724	2.53135162768202	4.73366482874008	4.05940013545257	3.81147676107272
chr12:54682377-54682878	LumA	1.70559560294202	8.13237096098404e-06	3.17660134484877	4.2249257710494	5.40418529770007	4.50671993245138	4.32818485740343
chr6:14541118-14541619	LumA	1.70503030434519	4.28867468577648e-07	3.19371119939783	3.78600592902616	5.37617879960019	4.8328296298347	4.5518007349959
chr10:28262485-28262986	LumA	1.70394172709096	1.51554406242229e-07	3.48837404909284	2.88075170720044	4.90329961296122	5.06798769645221	4.80530926622847
chr2:224906260-224906761	LumA	1.70309420522526	1.61801188491199e-10	3.16520708401154	2.9563098172447	4.06391377448075	4.73759853756842	4.68623987585123
chr1:64564289-64564790	LumA	1.70268089855096	1.25407643884818e-07	3.18992298515836	2.9929055705559	5.03943781623279	4.77087065051927	4.83759930945752
chr1:36754664-36755165	LumA	1.70267062009706	1.0041398303815e-06	2.95409165886292	2.91644561040218	4.92152968982271	4.43331488339971	4.70763776020025
chr5:44813867-44814368	LumA	1.70230507860048	1.20786209114603e-14	2.92931204916991	2.51259502483592	2.82199186255685	3.89006655196649	3.48221517026837
chr11:81113692-81114193	LumA	1.7023007645996	1.20494128619172e-12	2.80330317416798	2.84116795804112	3.09416831955193	3.91770221018123	3.4215368368471
chr14:77110267-77110768	LumA	1.70094824265164	2.79398443386304e-08	3.73898224996678	4.31914277874549	4.70157922391986	5.42674569335985	5.14545068840144
chr10:125623493-125623994	LumA	1.70006466210256	0.000264194602715354	3.42690965507062	2.86892084810056	5.49624200185513	5.58957932395796	5.46431722278655
chr18:46879387-46879888	LumA	1.69985996379602	8.415141102814e-14	2.79075828331208	2.60872914544603	2.67306098079449	3.76743877397107	2.8708114825016
chr1:115954493-115954994	LumA	1.69948290060253	3.68615391887995e-06	3.09333031043781	2.81224717299171	4.5220098986886	4.74596773001638	4.74643600549298
chr18:65791738-65792239	LumA	1.69946428362716	2.05404717839208e-06	2.73064912137708	2.02076828114924	3.59454648189918	4.07541730247447	4.11860089658465
chr5:44801112-44801613	LumA	1.69866657287958	2.50372014713755e-11	2.78749069323983	2.29461143314756	2.6294169819163	3.76758716659097	3.47271053918567
chr4:86422248-86422749	LumA	1.69860173400268	1.08676203244183e-08	2.68707633962871	2.46487217865619	3.41402993020352	4.28106647261284	3.93943869610587
chr10:37005579-37006080	LumA	1.69748835993924	2.36475047813872e-08	2.75697694899847	2.73094970619555	3.90074272115257	4.40327964114807	4.47449430385709
chr8:87068252-87068753	LumA	1.69715875947075	0.000191192109859909	2.74742496903936	2.07007087268642	3.31181091879565	4.56199808855427	4.68338466865786
chr16:62723999-62724500	LumA	1.69702249014594	9.90666577678891e-10	3.11973937282131	2.95096958198334	4.33281266449707	4.61937575244527	4.13696174662299
chr2:176438620-176439121	LumA	1.69664401407748	4.06504787008693e-06	2.44396044426284	2.47522674899371	4.68106175731101	3.8373317966772	3.8597944401958
chr22:28826266-28826767	LumA	1.69627249570633	1.77381767375918e-10	3.36929202982201	3.0295845249217	4.69737145401073	4.75760625401106	4.82583615570156
chr10:37468317-37468818	LumA	1.69564457312508	1.49903893026002e-06	3.06684440362398	3.39808523872449	4.08653217277639	4.64408445840681	4.15466996446171
chr5:44811414-44811915	LumA	1.69529355016526	4.66592688612259e-14	2.98525410807616	2.6912520662193	2.79249828300604	3.96204880124532	3.61902821254261
chr8:74759019-74759520	LumA	1.69524209970263	4.95412485087353e-07	3.28955201318177	3.12272721303221	2.9805808643404	4.35854154107504	4.09376393905705
chr12:131165960-131166461	LumA	1.69506128236764	9.301932983088e-06	3.12919415584401	2.50954102564444	3.78204801438625	4.11347691793562	3.67187931590932
chr20:53865255-53865756	LumA	1.69492580657304	6.84991512277818e-06	5.44487153071017	6.19098533980526	6.92668981260255	7.02612740279405	7.35801415581406
chr15:95652576-95653077	LumA	1.69470471756897	2.16333822546421e-08	2.78574810968142	3.06844599778205	4.5175991426607	4.11622010745578	4.20364717036012
chr6:136580086-136580587	LumA	1.69452248511313	9.23007477897675e-09	3.26819652582284	3.1658638026317	4.48944992717651	4.73689401711152	4.64318026299538
chr10:110882787-110883288	LumA	1.69420000069936	2.55813640029915e-11	3.19697413835192	3.39170609361125	2.95442328689774	4.38850088256406	3.81588267277953
chr3:82217100-82217601	LumA	1.69395871924165	1.7622228124318e-05	2.43417161123492	1.85073125702732	3.38189700123352	3.96874161530703	4.30460507181464
chr14:22508201-22508702	LumA	1.69386258100644	7.01020098610152e-08	3.19807404069373	3.00651172206948	3.91609323256723	4.69924189001942	4.4628510206373
chr12:106235141-106235642	LumA	1.69323766597512	1.10593852617575e-17	3.55168643169451	3.56432478552189	4.36685899063098	4.97996055696613	4.48170146809741
chr2:88206824-88207325	LumA	1.69290869140455	6.04617036034024e-08	3.03662856194455	2.63788095006808	4.31506809794714	4.7042610300013	4.67060824354259
chr11:36563711-36564212	LumA	1.6926189167825	1.43710152607918e-09	3.00415739352426	2.6177615414257	3.02765283858251	4.08705556221664	3.42846709514988
chr7:4831197-4831698	LumA	1.69159392733643	2.16423197560565e-08	3.28728170113384	4.19144286011254	4.57193303779904	5.01447459469647	5.12117339380436
chr14:52568427-52568928	LumA	1.69156366223669	5.55253090702343e-05	3.31714705609215	3.55228717845193	5.57813872343049	5.12081103529781	4.74034987967341
chr1:26404669-26405170	LumA	1.69081360739607	2.12821759539302e-05	2.95218102180773	2.32920899509904	4.5615483855325	4.92372211498681	4.7414232360622
chr16:11293248-11293749	LumA	1.68903829461161	2.8945929264848e-06	3.56277980366973	3.73127092799529	5.72754724739209	5.36868160639256	5.76897085854415
chr4:103932839-103933340	LumA	1.68809152925858	1.88846215117572e-06	2.80016667903044	2.2866193341612	4.52033688885317	4.38910020293164	4.94337269788077
chr1:203088549-203089050	LumA	1.68800117930802	3.99309499667045e-10	3.27103100790742	3.21903052331094	3.80471366898404	4.60510030032692	4.94972279833154
chr19:48062611-48063112	LumA	1.68751277155688	6.59582611082082e-08	2.79441551779114	2.54009551330281	3.84553048306219	4.15723747234432	4.24131085585252
chr5:44762923-44763424	LumA	1.6874230281348	4.89680138703051e-12	3.11345539212563	2.49617795960617	2.74714325540702	4.27638808664037	3.57909579331251
chr2:181688700-181689201	LumA	1.6869229406837	3.72340437467112e-08	2.85289399827624	2.41513818435817	3.33047169613955	4.41837412219598	3.94189019015846
chr19:15975750-15976251	LumA	1.68689391483513	8.46489274735591e-06	2.81800321948204	2.62826231071663	4.09982557664356	4.61185134302547	4.89442629195515
chr8:89203219-89203720	LumA	1.68619262966133	0.000268700285829629	3.30448882373842	2.55750252432686	3.6679375985961	4.98249017558518	4.7714292870757
chr11:44944550-44945051	LumA	1.68571925039411	3.26808248862934e-09	4.12233999568042	3.54806152910971	4.51613628808858	5.74687528301153	5.33525937513681
chr4:157939144-157939645	LumA	1.68554652335236	1.91540931909293e-05	2.46774725535354	1.73181898109764	3.62252881409385	4.14240125357043	4.59553605926154
chr5:2696919-2697420	LumA	1.68540585051655	1.20365519005635e-06	3.1075375482306	3.17938107001735	5.47094291263055	4.90791145687154	4.44647575727635
chr5:31593612-31594113	LumA	1.68528979236183	6.04617036034024e-08	2.80723317647425	2.73860674792344	4.36831264253516	4.0091898534744	3.76613022224095
chr8:62929259-62929760	LumA	1.68491752840573	6.00006111795692e-07	2.79851923931064	2.65964913221128	3.6080100925378	4.53744167100902	4.22765575499419
chr15:70324981-70325482	LumA	1.68424100365217	4.77238278632624e-13	3.51276300567191	4.10402354452722	4.48345154917603	4.85337661584157	4.58620292261579
chr2:45461575-45462076	LumA	1.68398733914801	3.20508960649649e-11	2.96987251429799	2.96578048688969	3.5190663451779	4.1246404574063	4.11987993797496
chr10:110435166-110435667	LumA	1.68352267734022	4.17556855886155e-06	3.30850056386624	3.16052937527721	5.87713028381366	5.07211433014242	5.58603556680217
chr1:76751734-76752235	LumA	1.68316672465739	0.000379002723364296	2.47412405671388	2.12653142976775	3.24264546502806	4.37156743521473	4.14939937211871
chr2:216750765-216751266	LumA	1.68303915794921	0.00149571050750598	3.12836532427928	2.33652597450088	6.22080594605308	5.26127097063771	5.68744774326381
chr15:69407635-69408136	LumA	1.68293315427455	1.65771047887214e-10	3.48351118636113	3.34099303481789	4.54842647526208	4.80148198319686	5.00262036261136
chr13:71682875-71683376	LumA	1.6824398315945	0.000265805532972565	2.69258094875232	1.92722391350939	5.14989236918964	4.58973910434463	4.98444655881874
chr5:113950653-113951154	LumA	1.68220516442796	5.76079031597404e-05	2.98388921397019	2.34728753676763	4.06747517980005	4.71263851354428	4.56281912018199
chr1:165328107-165328608	LumA	1.68144038232497	3.02692122322911e-08	3.47451363143231	3.05372589538109	4.46250693865994	4.8151315745155	4.93224603343111
chr4:117203275-117203776	LumA	1.68141044361605	9.79995126328703e-06	2.72844173874354	2.30271296364796	3.57933062865527	4.44099412559083	4.78616545876019
chr1:175318413-175318914	LumA	1.68132079618096	8.8542465560256e-08	3.92741113320247	5.04780633318038	5.83170294810461	5.48312857580423	5.25572218355482
chr17:15339753-15340254	LumA	1.6806910633169	2.66358441260299e-14	2.82742326421539	2.26525465891711	2.9951730874052	3.98983401065086	3.3263437742834
chr12:52607553-52608054	LumA	1.6806315599825	5.41785489854313e-11	2.93810901986763	2.49979062187601	3.97801280254602	4.37136149735374	3.9981617505128
chr3:189296485-189296986	LumA	1.68038049952344	3.10519145075278e-08	3.13818545554426	2.89051990544411	3.93151490455079	4.7822361526625	4.43226422168977
chr8:38469149-38469650	LumA	1.68013531698743	1.02858592587842e-12	4.34011853502783	4.4630295100997	4.51893961970911	5.24262136556651	4.60134354901364
chr6:38502309-38502810	LumA	1.678441944666	4.0903679919114e-09	2.93324053140249	2.49309042294116	3.67593539733982	4.08673088708043	4.01383355572278
chr8:37489105-37489606	LumA	1.67775868080743	1.03315776937636e-11	2.70803329004495	2.29568213406447	2.58082188269098	3.64291963086311	3.54241862356993
chr15:75015088-75015589	LumA	1.67750757890301	1.0904631978791e-09	3.80342165101198	3.30819568968815	4.19891791648701	4.95218309948523	4.88997196938257
chr8:135296509-135297010	LumA	1.67614508604279	7.70240407186712e-06	3.22378412421899	3.64040058358938	4.17222235453089	4.65233618092908	4.41503635506488
chr1:210729910-210730411	LumA	1.67610364220928	6.287930740328e-05	3.13503021825454	2.75786135307007	5.2678045079454	4.65137516270476	4.95107555788982
chr2:212647445-212647946	LumA	1.67587857614355	1.41828662356345e-07	3.20183685541402	2.40817317562858	3.63989547530003	4.60984749470515	4.02258302348722
chr11:8345073-8345574	LumA	1.67568321281773	2.21053243495363e-05	3.45570239969543	3.09078531910169	4.62531333618894	5.06331631436748	4.94434826743131
chr2:52910279-52910780	LumA	1.67552905253921	3.38733942632398e-06	2.6677589909274	2.74566734146177	4.76709127300341	4.45355701498597	4.33598578971407
chr16:80608298-80608799	LumA	1.67516245658628	1.65360453477744e-10	3.2909141561827	2.92322384770961	4.19598507541713	4.46130450867309	4.53509954601856
chr10:125165298-125165799	LumA	1.6751221054639	5.40638597689025e-12	3.56682197210244	3.11887763029537	4.51399574065117	5.03626377410701	5.03921109592671
chr20:52564587-52565088	LumA	1.67497628851584	6.79715569374983e-07	3.03878185434469	2.8555724438608	4.99996815017446	4.22895128547398	4.06075112759345
chr4:12928251-12928752	LumA	1.67490441225031	4.35169561373946e-08	2.66889749218001	2.34736164989826	3.35838679863974	4.12386643771924	3.33018356491369
chr5:2267883-2268384	LumA	1.67486081715321	1.76005948554264e-06	2.61580449904931	2.38760319738364	4.21832601716882	3.83775392817186	3.17461089054322
chr9:137485292-137485793	LumA	1.67464534227398	7.33074377730675e-06	4.13188203338654	4.21872620111738	5.32284480467286	5.6763183316698	5.84434474429432
chr1:211187427-211187928	LumA	1.67447028381022	0.000145333403617205	2.37927337752599	2.10777301912658	2.85692938398503	3.82081527240539	4.2850490820546
chr1:41685214-41685715	LumA	1.67331222465461	3.60555645253109e-09	3.71082591665043	4.1768766695638	5.42732224048465	5.48232465742009	5.34184977255613
chr8:134690127-134690628	LumA	1.67325846706271	8.40509062538034e-09	3.74194510185107	3.92393257166783	4.86769060321787	5.16768340319956	5.33773072571935
chr5:895720-896221	LumA	1.6732533722513	5.15052263461485e-08	3.69057009264518	3.4638817880594	4.82879353894331	5.30126817178672	5.52216767042342
chr8:117231221-117231722	LumA	1.67324669606185	7.88315777913376e-05	3.16672211442906	2.93966847894191	5.77847642049063	5.14313249532986	5.43277477658609
chr9:117401432-117401933	LumA	1.67309498706326	0.000217288365455611	3.26729653160041	3.39763593323006	5.58173941617038	5.31262139029229	5.14301832129752
chr5:56427034-56427535	LumA	1.67279087270119	6.63918350949634e-15	3.36142393678473	2.90485977044462	4.37151170757758	4.85080222650335	4.42183332887606
chr10:9964748-9965249	LumA	1.67180054586331	3.24413028391865e-06	2.82133600866081	2.76033319104092	5.06087310122254	4.12930385347188	3.91427862811735
chr16:56368457-56368958	LumA	1.67097487113096	8.65742239531196e-07	3.46438108332247	3.26663109692367	5.34813572086609	5.0644021112731	5.47258006104657
chr1:247797766-247798267	LumA	1.6703960291612	1.4114464097642e-09	2.83817238868083	2.71633766180814	3.05238778638998	3.89249719984582	3.58004735417393
chr17:56170046-56170547	LumA	1.66999579875637	0.000152805711272218	3.01193505776505	3.12784485235589	5.79116984417234	4.49518277498145	4.45133708441312
chr1:232018499-232019000	LumA	1.66972159087181	5.97860364539661e-07	3.0426557104173	2.90777344780226	3.46756552862119	4.28566678410438	3.83945970583868
chr9:1453763-1454264	LumA	1.66945108921432	4.30971315384053e-10	3.50529167759519	3.39142347220926	4.00523457319636	5.10846952758128	4.65976852791521
chr10:87007703-87008204	LumA	1.66942036958061	0.00202261554753082	3.07932986954888	2.7050444887338	5.73402536315621	5.36014811231935	5.8322529759487
chr18:2385533-2386034	LumA	1.66921984920122	3.07587493051491e-07	2.66490993477313	2.84835231053713	3.22133529148704	4.21037295037709	3.87436838326323
chr1:154193016-154193517	LumA	1.66779602101925	3.17889096119169e-13	3.70297077334519	3.7402023197935	4.67451797701616	5.14872480059428	5.05529390503909
chr2:56810122-56810623	LumA	1.66772036326083	2.66597581591823e-10	2.78034005642622	2.69652979418402	3.58734865660092	4.43979591438654	3.75495776942954
chr15:69481657-69482158	LumA	1.66770316518289	1.48913173884273e-07	3.37012808456694	3.01521587636123	4.84527054085469	4.914329002821	4.98870244490963
chr12:54607102-54607603	LumA	1.66762561491477	3.26808248862934e-09	3.10041042613829	3.53625290600333	5.36599743122813	4.48814989753858	3.93414939310874
chr7:29482646-29483147	LumA	1.66737556921837	0.000214975346104858	3.13525916685608	2.22276606513553	5.54642006925291	5.04083553386401	5.05533114300305
chr16:8172353-8172854	LumA	1.6661517526828	2.47062278012906e-06	3.10801747889546	2.3470695441296	4.97428753367858	4.19486315362318	3.83895643191838
chr10:102624007-102624508	LumA	1.66614845117499	2.43212232407783e-11	4.04334503605944	4.01859833098051	4.79245464963856	5.58670467365213	5.33053125510231
chr19:40941764-40942265	LumA	1.66543228638513	0.000378630937035155	3.29173452585517	2.91794027075485	3.95732906244986	5.05289459406913	5.73177694678785
chr1:41448767-41449268	LumA	1.66531016998989	1.1022894891167e-07	3.88164906058206	5.31229875983371	6.26317764115543	5.32204432335071	5.23835731649285
chr10:13399693-13400194	LumA	1.66523788226527	0.00542517021435688	3.36479768203864	4.14646340247229	7.22739216594888	5.40346346604257	5.35645197812759
chr11:7281736-7282237	LumA	1.66503675952206	2.32589265815091e-07	2.98741895859679	2.55641286801799	4.11566182233634	4.63273848524407	4.51668106372368
chr8:115608695-115609196	LumA	1.66493727647524	7.87112489108869e-11	3.42104818940668	4.66591612486046	4.23265795919323	4.90515382494194	4.89286199483002
chr12:66532667-66533168	LumA	1.66481011859851	4.06582977472593e-06	2.99466136037932	2.56132344371954	3.60451862084361	4.73676506658182	4.28146083002538
chr20:20039694-20040195	LumA	1.66454389029178	6.39230082498859e-10	3.20194255243795	3.06949541248181	4.23401343834278	4.65008633633153	4.57311719874614
chr4:8721362-8721863	LumA	1.66451975342364	8.12485569687456e-07	2.54852730884761	1.97856333660432	3.82446483725372	3.7100364261254	3.7815035516952
chr2:217366146-217366647	LumA	1.66379725248666	5.21774860880317e-06	3.22595327183181	3.23311972968186	4.69888932673342	5.10716581370615	5.53208351516989
chr8:68692519-68693020	LumA	1.66355713618892	1.33634926993312e-08	2.64737174111792	2.33562297124055	2.87615504418381	4.24495848582822	3.9949261445273
chr5:152912938-152913439	LumA	1.66248783155368	2.91832036986904e-08	2.61833533650287	1.92302828702198	2.91524567573542	3.92882185318808	3.55252995254564
chr3:89694584-89695085	LumA	1.66116956621747	0.000136427726686327	2.6830911176961	2.13719911891934	3.96707726487291	4.50763386814163	5.00741393032437
chr21:31790890-31791391	LumA	1.66062647502394	6.19011672417151e-08	2.77329950132651	2.44596636617929	4.17937247391286	4.00051644714564	3.93914837196518
chr8:115651985-115652486	LumA	1.66030512173167	8.5423318284728e-09	3.24159472204611	4.80932102851178	3.91843092286853	4.74920074824022	4.71502210524235
chr9:92987527-92988028	LumA	1.66002675296108	1.95391058461744e-08	3.73614391862552	3.76477833119314	4.50350583150593	5.35134366164343	5.46569817937162
chr8:116077926-116078427	LumA	1.66002321680382	5.77767339426401e-07	3.08269911212564	3.49160635332457	4.56770854587146	4.77184565398317	4.72203383695142
chr1:203916745-203917246	LumA	1.6598629136902	1.10372119165431e-05	2.99937338169377	4.58638045948402	5.12521052835031	4.53359442785762	4.79366643953849
chr14:77677372-77677873	LumA	1.65970804942342	9.1113887137653e-15	2.98696225350241	2.4050006418066	3.66876042032477	4.25693603633672	4.07747941390203
chr4:140640231-140640732	LumA	1.65940263706632	3.91446326804761e-07	3.16337538728743	2.31500228736416	4.21871816755201	4.80864822317891	4.82315163890181
chr12:119226140-119226641	LumA	1.65870862936347	8.42013603056248e-10	3.11855819488508	2.24298279582953	3.78379312398933	4.0076753630363	3.88222986910475
chr8:37593349-37593850	LumA	1.65863396210006	1.56916157231111e-08	3.89500486471808	3.86056175418175	4.4018312375076	4.96962258058068	4.91521116448647
chr3:106680771-106681272	LumA	1.65806404368724	1.14433815363182e-06	3.17383432609735	2.94262916650335	5.46916381555227	4.7294064508106	4.87596804565117
chr1:163616845-163617346	LumA	1.65740086900049	0.00575644664881658	2.82633566933065	2.54803985069501	4.6920774607362	4.82293481361475	5.00282958806726
chr8:38587040-38587541	LumA	1.65708336564583	2.01955444362685e-10	3.0162371788804	2.94254153708626	3.02764113645669	3.80013369189192	3.25989350585664
chr15:61512250-61512751	LumA	1.65575814679276	1.32884393835867e-09	2.68525228460724	2.37782645238748	4.12289953932264	3.66773341368055	3.09234611499288
chr19:57845982-57846483	LumA	1.65552060050257	3.26473120614442e-09	3.42991962499888	3.19718497634838	3.92712229805642	4.56341323187459	5.0999106768521
chr5:28505116-28505617	LumA	1.65523226045695	1.14426589626048e-06	3.22354134422901	3.22115167332124	4.93709868832653	4.61856213682997	4.6175980094323
chr1:201600683-201601184	LumA	1.65452927141111	1.34297713350162e-06	4.12835642154289	4.48154601363635	5.60390596203163	5.68730719779103	5.54164433974953
chr2:236510416-236510917	LumA	1.65431465419753	4.19710633111618e-06	3.15929159702932	2.38028489073559	4.55979872278312	5.06518466587291	5.3186841712011
chr16:8679111-8679612	LumA	1.65427329295201	4.65881721207821e-05	4.00856916533465	3.74558831034382	4.82635504427906	5.66181230879593	6.08954946661702
chr2:47185488-47185989	LumA	1.65399052169403	5.84002462009509e-09	2.78144293602352	2.91254701362135	3.58036179799421	4.19267881338558	3.81986704502054
chr5:173303206-173303707	LumA	1.65356998352994	7.69592644366599e-07	2.96045121936756	2.74023875162948	4.60214146723367	4.76122068131281	4.87440330762127
chr2:31561005-31561506	LumA	1.65355150899084	0.000885967383181141	3.08665699708594	3.10685083809945	6.34522277136618	4.93687657894075	5.38039257978964
chr15:98036239-98036740	LumA	1.65348738356035	1.57508805566435e-10	2.81438652407281	2.41631462271202	3.25013510329664	3.95731071705013	3.74746261357023
chr17:42231871-42232372	LumA	1.65310586297901	4.24235673397976e-11	3.24994552770259	2.75238275591797	3.57361179199537	4.72890903813511	4.1350606302028
chr8:115661431-115661932	LumA	1.65254759728502	5.09355169952686e-05	3.5856403900204	6.00440362734499	5.05903226938971	5.55837225459044	5.60740099134915
chr12:116391456-116391957	LumA	1.65230037493171	4.79132632326642e-08	3.45770780273118	3.36574477184679	4.71092227431133	5.18070418042049	5.24496278334691
chr1:180347819-180348320	LumA	1.65121130731189	5.31015596789147e-07	2.91352476117463	2.90012175769806	4.15161305732716	4.4318158789229	4.43540347581426
chr8:73191756-73192257	LumA	1.65076772736192	1.82010848398527e-07	3.60169967747044	3.47068643690306	6.31687097340922	5.09079082616926	4.82883608010356
chr9:93090312-93090813	LumA	1.65072560513387	8.543924095289e-11	3.95833671657705	3.81542903360849	4.47201969812882	5.45282231730803	5.46137893878406
chr3:78630476-78630977	LumA	1.65051235439265	3.08337231825343e-06	2.60663736027301	2.10755777590513	3.94159770819912	4.29495255595163	4.12896298498986
chr5:78378636-78379137	LumA	1.65032872232093	2.84027559438068e-09	2.84549112522115	2.29942143002334	3.12880490263225	4.1877891858348	4.11629482114248
chr6:12815206-12815707	LumA	1.65023948351223	1.4922157829383e-07	2.61963374005801	2.21914065935052	3.14483947503889	3.88280345674654	3.73999193459475
chr9:83000683-83001184	LumA	1.65022328709245	2.81663162960727e-08	3.3099494907962	2.69758318693945	4.05904437899634	4.39167724265882	4.58268513312954
chr5:43872706-43873207	LumA	1.64945207133635	2.85285204884746e-07	2.74787585537787	2.23907029064351	4.0896775325283	4.23170848886654	4.17494982348039
chr6:80736095-80736596	LumA	1.64905496130253	0.00618542514734128	2.54825825368363	2.11096573003267	5.17627636198574	4.3793089094408	5.08471378037489
chr7:70727889-70728390	LumA	1.64890882718794	1.51610722191094e-07	3.95576693770212	5.26072314538098	5.22634225073313	5.41891620437797	5.38873271810477
chr2:217092150-217092651	LumA	1.64870470093674	3.25879959148891e-06	3.32006019364049	2.97089721625408	4.35035336083138	4.86875284384522	5.4165503742567
chr20:57986148-57986649	LumA	1.64862243036216	0.000206761370377306	3.08127702685011	3.04951764244568	5.89284830404871	4.93888793462461	4.9957679045303
chr8:125071175-125071676	LumA	1.64829955362295	7.13560242285891e-09	3.58226982346351	3.54317195749237	4.90080359897587	5.06556161919515	5.44868756349376
chr8:40529866-40530367	LumA	1.64739624511598	3.64027111534969e-06	2.94769544217884	2.49414137136654	3.9023808764801	4.34690299682244	4.38437536770471
chr14:43650688-43651189	LumA	1.64625557517674	3.02057388257659e-07	2.8563681041161	2.39374420034528	3.77313534005007	4.37147425188886	4.55986293707124
chr13:77090980-77091481	LumA	1.64569540960977	1.21450615066522e-05	2.84684889021548	2.67849345701957	5.20570797560226	4.35970599441063	4.42013575731045
chr14:80764865-80765366	LumA	1.64559623162854	5.70722787820329e-09	2.77576648197714	2.48425976332007	4.14376487771695	4.13580086389141	3.9028147107105
chr6:82568970-82569471	LumA	1.64533594994214	1.18436540703731e-06	2.82066841993967	2.78715950089507	3.62374080922315	4.3531764311288	4.49387322070432
chr15:79206842-79207343	LumA	1.64508022798973	4.33022340014572e-08	3.07183228178319	2.63310466946305	4.86759844949907	4.13009478627215	4.03969906968262
chr6:33373059-33373560	LumA	1.64374688262498	1.0789403062058e-08	3.89445442337313	4.36892405082501	4.91978939823455	5.49834441142796	5.28835567008136
chr4:28314850-28315351	LumA	1.64366371547635	0.000463708588862296	2.72990526748976	1.68536987990397	3.97287064909704	4.55060337043133	4.89867249802221
chr16:23323604-23324105	LumA	1.64326760529983	5.78233578178597e-08	3.73078362420585	4.94415730562693	4.96368234885898	5.33331234031327	5.19661223687501
chr1:48903191-48903692	LumA	1.64320192503774	3.43283958801563e-08	3.08116046351686	2.64588498621754	5.00512387054791	4.48211504781599	4.368649553235
chr3:8492466-8492967	LumA	1.64211154522116	3.95715414680879e-09	3.41675120543588	3.4397579165539	4.54494261558662	4.87852464181457	5.09076940109393
chr10:37137578-37138079	LumA	1.64199511471709	0.000210881763221119	3.3544585540564	2.88029359753003	3.62172303763167	4.6294441234255	5.2240383038635
chr5:76380874-76381375	LumA	1.64177134712876	5.29550664264412e-10	3.41659151652182	2.60354638327537	4.58941340580856	4.95325508158301	4.5532177397148
chr8:122398930-122399431	LumA	1.64162055772861	8.95733802936826e-06	2.87932568209497	2.85678681168707	3.19649097468001	4.49794322788718	4.05905625919946
chr2:140473821-140474322	LumA	1.64145703601604	3.70455765999899e-08	2.87829803130899	2.08441242169721	3.97629835346072	4.31829650112351	3.78225872213316
chr2:237485164-237485665	LumA	1.63863655849072	4.14143977669476e-05	4.81411399453511	3.71585215175948	6.77912526355581	6.62088739500786	6.92613795359154
chr2:41463183-41463684	LumA	1.63793984301385	7.14662607035244e-08	2.59723047537067	2.11749832741061	2.79625290341994	4.13979515231129	3.57963205638387
chr2:163369068-163369569	LumA	1.63698032974415	0.000420150068169825	3.21069271411751	2.80157212314497	5.5972381573579	5.00934163435035	5.668424414553
chr5:132810590-132811091	LumA	1.63676740473947	7.32537045267624e-09	3.64405461283597	2.81505278804832	5.09653747152692	4.93348015693325	4.67125750037299
chr5:122218682-122219183	LumA	1.63670795352913	1.04753467313995e-06	2.76917648046279	3.24807253073444	4.37796293319479	4.28150216917264	3.60936988831357
chr11:60401695-60402196	LumA	1.63666617722759	1.29038580958102e-05	2.92806369666822	2.67841908676779	3.60547958133994	4.32335882136332	4.30380120464677
chr1:30486857-30487358	LumA	1.6359878175107	0.000149574445826814	2.54079366260755	2.26648472099417	5.48959728553332	4.32708811043012	4.47149485371304
chr3:27367604-27368105	LumA	1.63430307737103	2.73057010304317e-15	3.47937373397349	3.32307215507134	3.56851578191941	4.87704692385483	4.56935650739632
chr5:44816039-44816540	LumA	1.63411441647809	3.77346215267577e-12	2.93792101380578	2.63371570435804	2.75323467025806	3.79997577464295	3.36358046510058
chr1:209375053-209375554	LumA	1.63408470495062	2.25208914312604e-05	3.32963977374724	4.26438303958274	5.18262197878645	4.08157303249712	4.19992483220227
chr4:140745188-140745689	LumA	1.63347406526354	4.92892877305619e-12	3.33713963671619	2.76049836884995	3.94502480734577	4.81770145665154	4.78964409341463
chr2:158188918-158189419	LumA	1.63346319894022	8.57981222856429e-07	3.98504070195246	2.89024402376884	5.25405968790828	5.56203474631694	5.9668408698781
chr1:175480325-175480826	LumA	1.63343052596395	4.50848836816567e-08	3.2707370810013	3.17325153038818	3.79110775456991	4.52286881408515	3.92478424407477
chr7:152671918-152672419	LumA	1.63338010525584	9.36073350165995e-09	3.09554055234312	3.52065196627178	4.4055129587443	4.42994342926275	4.69685641258166
chr6:170329945-170330446	LumA	1.63336404470731	2.64807716836135e-08	3.1180342513135	2.94650227292657	3.49214798240836	4.36780056214283	4.47588271048044
chr1:82095653-82096154	LumA	1.633181990285	1.39589208079979e-10	2.96222058266778	2.84740131285866	3.37075746169773	4.29968975128383	3.60564827945693
chr12:28455197-28455698	LumA	1.63275906260582	0.000399620193323472	2.5648793423533	2.63608714298409	5.25311560137984	4.42487938420725	4.47239210425145
chr11:80382033-80382534	LumA	1.63247730277062	2.49660557178242e-09	2.64737101199401	2.16646367448311	2.97642620398251	3.82511043809275	3.22063672163766
chr11:101125813-101126314	LumA	1.63228015155321	1.70356353256877e-07	3.18653651852486	2.77444275070662	3.04100534479303	4.57202386942449	4.0569528152331
chr12:110983737-110984238	LumA	1.63177783498783	4.94214591898507e-05	2.87202752641747	2.37602688742767	4.75313993881413	4.5494068241287	4.69234358022848
chr10:9034308-9034809	LumA	1.63155591627896	6.14070078074044e-06	2.62487668983728	2.35589005977182	4.07937232998895	4.09080117918494	4.64570993948012
chr6:3762743-3763244	LumA	1.6311230468529	2.34203601419793e-05	3.449733113043	3.25892930569278	5.22377938726134	4.83456183240923	4.86762352968098
chr8:128297580-128298081	LumA	1.63103697618352	3.20552390860854e-06	3.26822205569372	3.89443137998889	4.04281065939527	5.02337255971227	4.79143897070508
chr15:98653740-98654241	LumA	1.6308725070374	7.6427166395807e-08	4.23298728202812	3.74118770502824	3.91735344032034	5.19079588186708	4.8054261183935
chr10:17455092-17455593	LumA	1.63079368226191	6.74712899171268e-07	3.97713277774025	4.55589160577908	5.51516261514379	5.46869011069032	5.37155752001075
chr13:85653766-85654267	LumA	1.63026874519146	2.21720444944959e-08	3.0387550409383	2.68568894146472	3.94925976885455	4.55212888100062	4.04908064022014
chr8:47607078-47607579	LumA	1.62959690404946	7.79535332967397e-07	3.66194566987491	3.14577159010123	4.39886487260141	5.19141407403362	5.29150809976142
chr17:8237785-8238286	LumA	1.62941938167686	6.06083666056724e-11	3.83804157094864	3.60755529907935	4.7988813980515	5.31236044995123	5.06417035789776
chr9:92666697-92667198	LumA	1.62929865349718	6.42310646917941e-11	4.25916210267986	5.13487024800283	5.84767222451615	5.70094890751507	5.68608751521396
chr4:145333116-145333617	LumA	1.62886947662029	4.36545199515961e-05	2.71972754412182	3.58264359507485	4.87695218984278	4.33432823145338	4.38931439139274
chr4:172266981-172267482	LumA	1.62819786360868	2.21026038832088e-06	2.68349490946444	2.15303786385875	4.24629096168689	3.86976586359511	4.05209633523503
chr2:168492393-168492894	LumA	1.62813583410074	8.45541656936899e-10	3.17245919645256	2.60799136801809	4.32813655885009	4.38202900737583	4.2041063732251
chr5:119879346-119879847	LumA	1.62774204684195	0.000743671926586257	2.63031626737405	1.63448268434047	3.68827908031587	4.44677100993204	4.60250561941822
chr17:45897359-45897860	LumA	1.62721801844081	3.67882285354756e-08	4.03532867956845	4.06969630731531	4.31096762096113	5.51476838975066	5.34959226900516
chr8:68733093-68733594	LumA	1.62681851682926	2.51029726304255e-06	2.67122416818448	2.41838571497802	3.03906496538938	4.19806562651313	4.33887722592154
chr8:27865108-27865609	LumA	1.62538278707877	5.31567769555568e-11	2.74283126642163	2.08782639853136	2.60072484389063	3.96625145314662	3.51315024739628
chr2:163174142-163174643	LumA	1.6252669092053	2.47896483478328e-08	3.07750900794411	3.05960264178275	4.71173820356877	4.70433174952122	4.67781543432889
chr8:125068485-125068986	LumA	1.62511917996687	2.69683991627693e-09	3.25887918957396	3.27629269622503	4.71159547531689	4.57316369999129	4.8971544685324
chr3:139923379-139923880	LumA	1.62435164817018	9.67626788564269e-06	2.72033707884174	2.52545059440041	3.85954489801288	4.29801878647689	4.78982104952672
chr4:5115400-5115901	LumA	1.6236689832819	8.10647020308499e-06	3.05910106097169	2.13574901259584	4.77472416238887	4.53096454099844	4.6952893229165
chr13:56706420-56706921	LumA	1.62352532602353	2.23041593747632e-07	2.53785947168178	2.22456835975085	3.68451039969147	4.06690306617321	4.06868630303692
chr11:116398394-116398895	LumA	1.62338226046587	4.5076657444418e-07	3.17518231273456	3.17639456693749	4.85965720126897	4.82944382200096	4.92890914292706
chr1:210151037-210151538	LumA	1.62326985547714	5.23800612847875e-08	2.98763030139579	2.69510004481094	4.18653722227403	4.12197116862618	4.12969542015921
chr1:156694556-156695057	LumA	1.62269057189857	1.71211652071436e-05	4.57422692159406	6.55007305942914	6.37681643943687	6.23219100951904	6.34856451098474
chr8:29115753-29116254	LumA	1.62268005917137	1.1171027910094e-08	3.79335471828103	3.7121696971203	4.67895542764968	5.27524215238837	5.07132451630179
chr1:160201853-160202354	LumA	1.62235383669385	6.41073713550112e-09	4.0345504262323	4.1414277269894	5.04880708298978	5.48524186110277	5.47722841491197
chr4:14867221-14867722	LumA	1.62179777402245	5.19012290875284e-06	3.33526172118308	2.53851988113475	3.78623939472683	4.6751334456626	4.41984106588137
chr7:34490977-34491478	LumA	1.62178871103031	7.26447024761657e-06	3.00737391241913	2.56003002038998	3.32808426984338	4.58458563637872	4.70000496359531
chr9:97179557-97180058	LumA	1.62173427390991	7.58890764024008e-06	2.46464118998383	2.17596789473005	4.61643583194356	3.75964073822116	3.87440175831334
chr7:110394542-110395043	LumA	1.62146508566004	4.24087321928e-07	2.73678720431499	2.23353273345185	3.63876392828469	3.98755546849095	4.08768585795109
chr6:7512279-7512780	LumA	1.62119725043314	2.74044198193153e-08	3.2485893213605	3.41252546215351	4.44266335628652	4.63175089642291	4.65382445703357
chr6:51869702-51870203	LumA	1.6210100239287	1.00550228540431e-07	2.86638224756525	2.46958986205257	4.26363114822808	4.21981584222209	4.18743107447893
chr8:99882612-99883113	LumA	1.62060125035576	8.77388487697878e-10	3.24296416476969	3.42880566546796	3.16915039318627	4.11776054030093	4.34500537269152
chr5:44792926-44793427	LumA	1.62016673797102	8.05470108659032e-10	2.86961978225176	2.45351978404467	2.86328206863694	3.86236872875415	3.5130192539739
chr11:69514551-69515052	LumA	1.61991060608024	5.03692375920602e-06	3.18410264310517	3.23389597263952	4.01964582447904	4.92150282610365	5.41538830960943
chr9:126614590-126615091	LumA	1.6198517980582	1.31881319690021e-07	3.85190139458563	4.86095938567048	5.89531504894723	5.53013410731797	5.65774667689218
chr14:31806223-31806724	LumA	1.61963216427942	2.68643979447437e-09	3.00570688722225	2.40639001897791	4.07335857594627	4.56404643561017	4.41659278976331
chr8:94556691-94557192	LumA	1.61852852095813	4.11494056600109e-05	3.21422925144739	3.02893245669014	4.53299679642065	4.75918307473756	5.24368034165388
chr12:122569885-122570386	LumA	1.61807379246822	3.25410481467676e-09	2.78757484630075	2.41697774868299	3.06879064325192	3.93870921388749	3.76969761543179
chr7:4888136-4888637	LumA	1.61776001693234	3.64491608426297e-07	3.28476278508895	3.08471708890773	4.37396990268033	4.9033881419938	4.77774314439548
chr6:142725823-142726324	LumA	1.61757227251331	2.14323731790967e-05	3.07224632488957	3.03432192119507	4.91032257525276	4.66490358555999	4.45207910025405
chr7:113171381-113171882	LumA	1.61756609870868	1.17416745822325e-05	3.18028715775898	2.685234773031	4.99729943896808	4.86763340751727	5.20988427892338
chr12:115021610-115022111	LumA	1.61718572332368	5.39072981902354e-11	2.75513284602042	2.25055314738996	3.17751186901135	3.8326941911954	3.28522628003665
chr8:33868271-33868772	LumA	1.61616750833492	3.33464789915506e-08	2.79387847082893	2.34581024584014	2.69398515048407	3.7948935550266	3.61971852268014
chr10:90204168-90204669	LumA	1.61559485068929	2.75053439084941e-06	2.63017476696111	2.6222889414706	4.6849922016626	4.14807103984298	3.92709508223713
chr3:168337020-168337521	LumA	1.61550841601408	3.2408232810189e-07	2.89470515379809	2.87122277188749	4.15586859758738	4.19798333670937	4.06070449097983
chr4:56621510-56622011	LumA	1.61529447634216	5.25590738372362e-05	3.07187502801149	2.82896584258764	4.89256664637316	4.29790493637466	4.34697037185623
chr4:28260002-28260503	LumA	1.61517327830623	0.0038623699930431	2.51632278774794	1.52422096708213	3.32342960576661	4.61157465684184	4.75615886360378
chr20:45447426-45447927	LumA	1.6148042703442	4.33012670795317e-11	3.80208800055915	3.38293371764009	4.9499929950796	5.21877516275787	5.24366782390627
chr3:61076748-61077249	LumA	1.61444768986104	5.84818613742272e-07	2.59465772550504	2.11467518701935	3.0148674324904	4.01396576873135	3.81247299052587
chr4:7036781-7037282	LumA	1.61428384622706	6.95046417900715e-10	3.62731196440459	4.94342444212979	5.37568328832512	5.26768801062672	5.22718139582379
chr1:38295504-38296005	LumA	1.61304753964609	9.30903134979856e-07	2.68422094414083	2.33532704276802	3.97511857977451	4.15238799378096	3.81859352194184
chr8:40372549-40373050	LumA	1.61298551895553	3.93569083951856e-07	3.50924975564763	3.31896155820116	4.83041757001922	4.69774450074807	4.8110443364026
chr1:215784930-215785431	LumA	1.61274746365708	9.00549409355213e-11	2.75281540909868	2.59861967739353	2.25840038388645	3.61122576983293	3.14195279072623
chr17:38266560-38267061	LumA	1.61247171382214	1.23108751885409e-06	2.74766219558741	2.30262164804632	3.26132677520059	4.10781042574293	4.4325609152299
chr5:96455760-96456261	LumA	1.61183280160105	9.63138345778666e-11	2.80419419932241	1.97437878050855	2.67955993288816	4.30666282515388	3.853315070087
chr8:94534938-94535439	LumA	1.61174378580512	1.0904631978791e-09	3.04557670889501	3.07329958374763	3.5438410740075	4.19389865423155	4.29144609538739
chr1:215489988-215490489	LumA	1.61113932108228	2.69016669847457e-06	2.8035461258981	2.63903316111559	3.92805428639891	4.45431208415176	4.40806843235284
chr4:6632340-6632841	LumA	1.61105008992711	4.49749814514536e-07	3.68646833911691	4.42306968272807	5.63300147622582	5.42173201113556	5.48737470452122
chr19:40944188-40944689	LumA	1.61088286191345	1.19009111584246e-06	3.0994742871886	2.69502561309004	3.92591432171044	4.65346791330661	4.95418930578036
chr12:66443689-66444190	LumA	1.61056111629348	0.000121605552610222	2.77394230584778	2.6264934459743	4.46446088155399	4.50785268949942	4.74542753487152
chr6:167910575-167911076	LumA	1.60945246361556	4.02155359297825e-07	3.94957143650494	3.46785097206752	4.77183644716055	5.53355723574056	5.73242699211675
chr3:97204578-97205079	LumA	1.60898045421961	0.000142420963128302	2.45286946541345	2.04301572024183	4.1712600038831	4.18254205906293	4.1704846171491
chr5:2568982-2569483	LumA	1.60829405501158	1.73524985390235e-05	2.93311618929704	2.3910384966696	3.23999603213955	4.55142522575306	4.58880343727988
chr4:97117134-97117635	LumA	1.60780408548398	0.000864397647068986	2.1553717269299	1.66142131448153	4.01533703927933	3.83394958984827	4.37372373217414
chr8:52999823-53000324	LumA	1.60778351205405	5.54183087566506e-08	2.69625816865905	2.32980772661007	3.23898425557118	4.11871818429657	3.75509087827932
chr13:46762441-46762942	LumA	1.60751466996222	1.2333644233899e-06	3.45453963103568	3.09067300299671	5.73178563966911	4.93654596028922	5.11511505341917
chr11:100357139-100357640	LumA	1.60715731754882	2.0235869309626e-07	2.66878546573062	2.73358607874525	2.43681239429565	4.17393762689199	3.98783635599775
chr2:46621443-46621944	LumA	1.60712592816433	1.45914139269528e-07	3.22628570100408	3.06464093569151	4.04414184067348	4.50903602251934	4.74328426273873
chr1:34832130-34832631	LumA	1.60672144822397	3.14263570410002e-10	3.07643669568599	3.17776258776865	3.34836952491167	4.41567323347686	3.99501526609064
chr17:64319528-64320029	LumA	1.60643380494832	7.82681195620809e-07	4.09808106366511	3.86617777742009	5.76597496320835	5.59654016603738	6.00191891311162
chr8:115646123-115646624	LumA	1.60637329086813	1.17075390957482e-07	3.40290512202984	4.95473572491749	4.34445087807816	4.98150967163419	4.98991748695624
chr1:233492033-233492534	LumA	1.60494568404914	7.21507567800408e-08	3.1571928611783	3.07949585290707	3.89520644531858	4.56771812033881	4.26604379652086
chr8:69026345-69026846	LumA	1.60431180372881	9.46817450287971e-06	3.5722915414508	4.63496798106163	4.89617557213218	5.2601594481346	5.38593023232355
chr1:208333650-208334151	LumA	1.60379744884177	3.91943061287525e-06	2.93977845908336	2.83754030444578	4.69745289777606	4.19656815087847	3.9869043934258
chr4:168432247-168432748	LumA	1.60321839288618	2.22506279686814e-06	2.79066520309577	2.30834234259139	4.33154596413821	4.04123405022351	4.47511092855612
chr5:44798620-44799121	LumA	1.60307533563322	5.42769875914632e-11	2.77408796861254	2.52326499929203	2.64323879050099	3.76610789657044	3.51283530979391
chr3:41097218-41097719	LumA	1.60294870517707	7.11386977480299e-11	2.91659664487129	2.50321782328385	3.64952703454473	4.12958341805586	4.04102458811753
chr8:37144006-37144507	LumA	1.60290748600843	1.70581647499717e-07	3.85690750907669	3.92952783395022	4.53363085238506	5.19227225622763	5.03007098775112
chr8:115987119-115987620	LumA	1.60272130988097	8.21669627852974e-05	3.39187019558328	5.18149175166987	5.47871858674883	5.16152868612101	5.32789465382702
chr14:68106403-68106904	LumA	1.60250802236893	7.88239965603407e-07	3.51929876489612	3.50649786460791	5.70800610571838	4.93800488290348	5.01008532912457
chr1:210475266-210475767	LumA	1.60241497841254	1.04848203074896e-07	3.07674318043667	3.7296714007273	4.93575976143116	4.2785224366857	4.30214116272647
chr5:173320882-173321383	LumA	1.6018477428766	8.63355148896062e-08	3.1377996989765	2.79202513423367	3.48877557099379	4.50993782387307	4.34855256414739
chr2:74861393-74861894	LumA	1.6011833747689	2.44743979459314e-08	4.00097453853965	3.90159253056818	5.51769027835498	5.48395461399888	5.46897408771482
chr1:80130817-80131318	LumA	1.60048638428378	3.04102900883728e-06	2.80254004371662	2.33450418198283	4.07258376014717	4.41095492645654	4.61385544646629
chr20:48225929-48226430	LumA	1.60042465184419	1.95570419535091e-10	3.1587069724633	2.98921451246777	4.35142013972822	4.1946175005945	4.3529873967816
chr17:29958909-29959410	LumA	1.60015908574237	0.000345889810186915	3.32480879673534	4.86190288807783	6.77392877883689	5.18192736212142	4.83478214834596
chr20:47011861-47012362	LumA	1.60005321664691	5.31529422019767e-05	3.45152176003957	3.45024810786817	5.3502271791602	5.12900633712395	5.36525416271135
chr14:105995228-105995729	LumA	1.6000481691293	1.95646383013509e-06	2.94642700375453	2.27622607313419	4.26810234528533	4.65996179630764	3.91462641542682
chr8:115933070-115933571	LumA	1.60001346751091	4.43307106542687e-09	3.02540308597403	3.36412855449274	4.01768989921873	4.173419348158	4.12679503374714
chr5:44793451-44793952	LumA	1.59956067977552	2.23941725502248e-10	3.02614230251479	2.93507009787313	3.0316584108493	4.10139444473467	3.72237407501808
chr1:167363677-167364178	LumA	1.59947929850051	2.11741661264218e-09	3.02069862426574	3.03223192265922	3.64700891630771	4.28605924205693	3.97539944355883
chr19:53487251-53487752	LumA	1.59833210330118	1.17760691401866e-06	2.66901820719342	2.54493359807444	3.12133866128507	3.73392622281914	3.59477198196062
chr8:38475309-38475810	LumA	1.5982619496024	8.70141053421484e-12	2.69563150951971	2.53284564667263	2.74263167628868	3.23084684380335	2.99355991768952
chr5:168605586-168606087	LumA	1.59804633064397	3.33398400165801e-12	3.46692202806867	2.97510311391821	4.06360235374587	4.63773900678181	4.48343131868353
chr2:141510890-141511391	LumA	1.59803229330809	1.2659208968064e-07	3.16638966157363	2.62751973382596	4.55332970855694	4.68683840908816	4.73333119924541
chr12:54683330-54683831	LumA	1.5980067435865	6.38048561367452e-08	3.28757884387772	3.99909719768893	5.03071272283629	4.46529594102615	4.17414979769766
chr1:177459050-177459551	LumA	1.59752261132357	1.05683118934689e-06	2.84726403597528	2.57522542637919	3.99628565061864	4.10969688562408	4.23366668588556
chr8:38427149-38427650	LumA	1.59730201769861	1.49466553790381e-11	2.87632650606896	2.95222414803757	2.88672437241514	3.66922730012803	3.1765500198162
chr17:48759249-48759750	LumA	1.59705278475719	0.00190341168676666	3.26428666443688	2.64753409421219	5.73247557019781	5.30214580653218	5.18018692015197
chr20:42891647-42892148	LumA	1.59606988866982	0.000149093529721936	3.02779382422812	4.39505172679059	5.28615110509238	4.75600114838881	4.9575385731876
chr21:36596140-36596641	LumA	1.59574001224484	4.0242321327274e-07	2.82644527981487	2.7488717477148	3.83254892863873	4.206732549125	4.43353715478557
chr13:31329426-31329927	LumA	1.59572284399711	2.61424831069445e-09	2.95958176211473	2.43299976870316	4.71663520882334	4.3422528867985	4.04391632752223
chr4:91278629-91279130	LumA	1.59546986756507	1.27282845182457e-06	2.80957196631503	2.40449489896882	4.34128883981055	4.10833064380086	4.1340749090063
chr3:180331180-180331681	LumA	1.5947690064591	9.46575738580868e-08	2.92722989412661	2.78870092159502	3.32635040654392	4.3304784591225	4.10438626581255
chr5:37549413-37549914	LumA	1.59468166697479	5.85686899435979e-05	2.88318366556357	2.37434851918316	4.21405003228022	4.43994433313971	4.6515863277763
chr16:62963843-62964344	LumA	1.59389407697751	2.64985412238483e-06	2.69197834281208	1.9436096288258	3.38818792248783	4.29201322071153	4.34575735184619
chr12:67967101-67967602	LumA	1.59349298237451	2.29291040094175e-06	3.10922865551724	2.33692668175771	5.34184603559881	4.61861684559093	4.7503593505126
chr17:72934969-72935470	LumA	1.59333653136466	2.92550307119894e-07	3.23668421886917	2.8846055347147	4.62508299487297	4.83997786915506	5.19074897104594
chr3:79995898-79996399	LumA	1.59327457179296	8.52893956533883e-05	2.89482964243947	2.01595950472767	3.81258601947805	4.68585650773857	4.82811177218443
chr9:88968602-88969103	LumA	1.59182458466675	3.51864754362159e-08	3.3568138105625	3.16966812180743	4.51323165090133	5.04232205403302	5.08779084215089
chr11:128881247-128881748	LumA	1.59176569557018	9.56731814764268e-05	3.58168058561366	2.98524639946282	5.22951410421725	5.23647934875212	5.14018011422555
chr9:97084020-97084521	LumA	1.59150206531957	1.6300746237324e-07	2.79384652408982	2.2889949057147	3.43945668038644	4.28702595543472	4.12986714732424
chr5:66671968-66672469	LumA	1.59135983415767	0.000101113007144574	2.95303367058672	2.01399417662152	4.58523482014156	4.58382837318893	4.88292822650159
chr11:19760587-19761088	LumA	1.59108194114994	9.49234179178144e-08	3.33389292867315	3.54631601452402	5.23941191712868	4.68885185256986	4.15983960375518
chr8:118956936-118957437	LumA	1.59079803084482	8.84567318484668e-09	3.34352777918679	3.11620059538963	4.42321542066129	4.73543338451228	4.62388676034125
chr15:39619932-39620433	LumA	1.5906870008689	2.91331876862543e-05	2.54819405869611	1.68096477339203	4.45736007634023	4.06503257308715	4.65710121514667
chr2:10336234-10336735	LumA	1.59064776627339	9.2018954622565e-06	3.48931884586255	3.34069821428681	5.68879854189856	5.09884458986166	5.67172086686642
chr1:187010525-187011026	LumA	1.58927046755038	0.000183751236596289	3.16261911128598	3.176903178791	3.37951228812369	4.40747531409866	3.79874407290358
chr1:47045537-47046038	LumA	1.5892690390538	9.72537101141157e-08	2.72438537780759	3.42332753915451	3.98726792690792	4.24628109887808	3.71260966964713
chr1:2307991-2308492	LumA	1.58919678730964	1.64068672308105e-11	3.9377770962821	4.24310003216549	4.92339465861966	5.25952429417234	5.01693878176687
chr3:129512046-129512547	LumA	1.58867552616596	2.10850821993391e-05	3.53921415941416	4.43694471379322	6.12655257296514	5.37566955473971	5.65004758426508
chr1:43830760-43831261	LumA	1.58845439572851	1.96813349657728e-06	3.77408739129714	3.59397746329524	4.09314152626817	5.21124066530111	5.14844177128655
chr18:36099212-36099713	LumA	1.58713661441951	1.30081056819498e-07	3.21228427388488	2.90974278687705	3.80603529519465	4.7183764398466	4.79972727031537
chr7:89686254-89686755	LumA	1.58700372903543	6.43434538604538e-07	3.13973601792795	2.51161035218654	3.92411968756687	4.53253012377257	4.49155162464858
chr18:38764099-38764600	LumA	1.58654579113765	0.000124491179733415	2.61378791104719	1.97087225629486	4.07429246116486	4.19664015991134	4.12596747006108
chr7:143129851-143130352	LumA	1.58605381167467	1.97890141777387e-08	3.22130081487499	3.25922451124043	4.79408220585982	4.49283039031048	4.7462548079493
chr3:68315521-68316022	LumA	1.58561351313066	0.000414538966486642	2.6686601863721	1.83279251098793	2.65385324842863	3.96174633726109	3.35523929238624
chr10:73676732-73677233	LumA	1.58544837863702	0.0170826157955762	2.00871091605384	1.10083586660423	4.43321739685039	4.12999277155323	4.62123559476378
chr18:30588753-30589254	LumA	1.58509941446778	2.10082864109621e-07	2.56141163724576	2.38790454913072	3.45137912063627	3.86203436290159	3.77782807304027
chr6:10314843-10315344	LumA	1.5849028252495	0.000518899663197476	4.04703343582518	4.68565285409275	6.85890435992452	5.95935916060485	6.10800996321885
chr15:70384948-70385449	LumA	1.58433212761497	1.73016112970742e-06	3.25677514940333	3.03171019528491	3.82841832808786	4.3807388141492	4.25189000866341
chr15:39719701-39720202	LumA	1.5840417614342	9.31286767781683e-06	2.68258836607479	1.78507515968367	3.94823663807138	4.21991030593618	4.5802893856033
chr15:71091483-71091984	LumA	1.58393097623535	2.13666272609374e-06	3.67996747473657	3.29586770803635	4.47769728713831	5.05209580933693	5.45496461330569
chr1:38197483-38197984	LumA	1.58335261877981	0.000401556847959617	2.79884001252487	2.81222081058526	3.81569640528421	4.42900007762931	3.8754357713588
chr13:34518841-34519342	LumA	1.58331812835587	4.04838037629285e-06	2.73092861670079	2.05512226778255	3.86254161792338	4.05228703886106	3.35571894988559
chr22:25930029-25930530	LumA	1.58313986106254	7.80745087623834e-05	2.9571644176708	2.32306973124263	4.26073984116226	4.58848095020196	4.50160208027958
chr1:223440295-223440796	LumA	1.5829094510543	1.58297366880909e-07	3.18751983111083	4.07804763631082	4.74059629849179	4.62740891044121	4.36746306172392
chr11:77270895-77271396	LumA	1.58208050445134	1.62971305941964e-07	2.95648296198496	2.54158487502739	3.54584190603725	3.97221566233057	3.79277782937875
chr18:2156191-2156692	LumA	1.58147504561788	0.000212785024759046	2.42532717018275	3.58111868371032	3.91228564201569	3.96567166514512	3.59632179227857
chr2:172953310-172953811	LumA	1.58075113639297	1.06083140853264e-07	3.08308584036002	4.16973650685811	4.44415181050031	4.71433254442553	4.67080169159146
chr14:69001342-69001843	LumA	1.58072502831854	1.15215190157953e-14	3.52605361804697	3.75152756456984	4.41568090654426	4.84369224151674	4.63329433605503
chr17:5262889-5263390	LumA	1.58061846919107	0.000243360627495823	2.98603132276631	3.55781189156117	4.58723457465972	4.81263122509262	4.76516535275538
chr22:34435163-34435664	LumA	1.5805481983098	0.000104497175928343	2.59101454039555	2.23212540137646	4.42462128690054	3.80938817750954	4.01554854436384
chr8:38443582-38444083	LumA	1.5805427980729	5.63469954804534e-13	3.21915472275116	3.02430711135348	3.25632927637469	3.99539782121538	3.51688725284089
chr7:54062408-54062909	LumA	1.58041201280066	0.000604608321978603	2.25864218208995	1.49312447197731	2.50628567987054	3.56738832228172	4.30878698404158
chr2:168474527-168475028	LumA	1.57985456140767	3.80475227469443e-06	3.01892383064664	2.94787333981685	5.04563959216523	4.71737214181967	4.74155541035365
chr10:8048008-8048509	LumA	1.5794947825901	5.37556788961788e-05	4.24327871746353	4.76976733273285	4.69500842123027	5.74574804577025	5.5913615887734
chr15:61878381-61878882	LumA	1.57947966092845	6.37168741095561e-10	3.029640818448	2.31474053739246	3.87092052470332	4.03277849977333	3.36200172987485
chr18:79711670-79712171	LumA	1.57930776391092	2.66241686375757e-08	3.13721539286152	2.80129140725295	4.70828909396954	4.38282875348765	3.97474405722367
chr17:82760399-82760900	LumA	1.57911189593867	7.00817665750262e-09	3.22093221288767	3.25396778556744	3.31088543169196	4.06000076356755	4.48424056578071
chr1:40141056-40141557	LumA	1.57895312767645	6.89826469454204e-06	3.53874269187709	3.48339862936371	5.43142875863928	5.08150312934557	5.10108493056164
chr11:80248481-80248982	LumA	1.5786364358811	2.00435590027685e-06	2.69116610664638	2.14026220553598	3.30945087215845	3.84768045002924	3.62261359569398
chr3:53645119-53645620	LumA	1.57849847899725	7.50095229559077e-07	3.08486050116203	2.50654569014037	3.79378487252939	4.52387513076119	4.13569257100979
chr1:47025604-47026105	LumA	1.57837158557674	5.55837148810606e-09	2.81159239026934	2.92265875202173	3.54991008343256	3.84818896199884	3.62715718111975
chr8:74844168-74844669	LumA	1.57824731799837	5.48410064732375e-11	2.9795657843051	2.89841592348627	2.91759593623986	3.79016006307786	3.41000049228833
chr2:152302064-152302565	LumA	1.57753834182872	0.000613721781669389	2.70880761033052	2.23749050468698	4.63223771578602	4.54276001656654	4.48994064258658
chr8:73164636-73165137	LumA	1.57679113982817	0.000124841560853178	2.90617305546931	2.87539261298153	4.58409691765233	3.97200875841795	4.06968895126153
chr19:10584481-10584982	LumA	1.57676644162127	5.20847045897072e-14	3.27393273081372	3.89766566305663	4.32139662796158	4.57734048965105	4.38487254848932
chr8:117178311-117178812	LumA	1.57453693310642	1.23179044594786e-06	2.95636167856251	2.93398068700377	4.01766616397141	4.24578537151432	4.28888501929805
chr3:5236240-5236741	LumA	1.57435832484268	3.61903330821591e-06	3.09662069027899	2.60021974865235	3.39780156686169	4.66745449413734	4.5684147579853
chr5:168665133-168665634	LumA	1.57425855279918	9.32194585565788e-13	3.2315729424603	3.65497937855669	3.2565250975063	4.32015574673674	3.62596244373822
chr12:68436646-68437147	LumA	1.57383722504515	6.73730976217917e-08	2.861027183875	2.55353951754931	4.16524255919691	4.19404870644714	3.98243114778017
chr3:34284368-34284869	LumA	1.5737342893202	1.90662921921177e-06	2.70963979996432	1.98915834397704	4.32195062936394	4.14415110625677	3.95928547214816
chr1:77783067-77783568	LumA	1.57354138081732	1.52362050076523e-05	3.12224547958018	2.68364174244762	4.33360768403812	4.80627759609557	4.43757796742886
chr15:71099661-71100162	LumA	1.57313952210401	1.00257895208337e-07	3.10499417174784	2.45337722012409	3.96173746686231	4.42764724602086	4.71022218743923
chr2:100074174-100074675	LumA	1.57270508746662	1.99439717865674e-09	3.24083598118058	2.57111128129277	3.65639577781449	4.63043501909905	4.62982374865126
chr8:98690679-98691180	LumA	1.57265003946873	0.000373732050418637	3.7326461151916	3.58273895666265	6.89845723652615	5.67896393260513	6.37185666110123
chr4:788403-788904	LumA	1.57258527204094	2.89586649499472e-09	4.70081370534061	4.12996391626744	5.44083237814958	6.24966816840997	6.39013707336489
chr8:68927288-68927789	LumA	1.57255195983525	2.00774109735867e-06	2.95399755269761	2.78756732180987	3.16916047163863	4.08507778743233	4.50961989691927
chr3:21854700-21855201	LumA	1.57240861860073	9.30903134979856e-07	2.60392469945024	2.12403316761108	2.56065588707615	3.69922586069179	3.71490418869821
chr7:120720947-120721448	LumA	1.57204575753291	4.72791059779229e-06	2.74230004394319	2.33923600666036	2.78777485345951	3.78509309507362	3.59147186510829
chr4:40153767-40154268	LumA	1.57201105570249	3.30414883142269e-05	2.54772472132516	2.10451470319581	3.65680330588541	4.11706546314151	4.38081855620291
chr1:207711778-207712279	LumA	1.5715727084939	5.92646252258279e-10	3.38997325832582	3.16549505453814	3.96902929213611	4.42969378375459	4.32009487123525
chr17:72676343-72676844	LumA	1.57068830768324	3.20254371692482e-06	3.34544174918173	3.23985395205002	5.26529831459285	4.6941025542152	4.96513454890476
chr10:9193078-9193579	LumA	1.56996589998469	7.5594038960825e-08	2.60371437265963	2.36336933528517	3.42442948871721	3.74551064395576	3.4489206251546
chr8:40361223-40361724	LumA	1.56936886278895	8.63512936658834e-10	2.72966673590607	2.4786886566675	3.16589796967225	3.5500793126792	3.658434845604
chr2:237734277-237734778	LumA	1.56909668605935	1.11964974272903e-06	4.74173172747257	4.12555294895031	6.30006059980476	6.40894554586796	6.24316193062363
chr3:14822287-14822788	LumA	1.5684838384572	0.00212968124808468	3.16216399929069	3.82260530904391	6.53918254694852	5.11256078613435	5.16543703236428
chr1:165847453-165847954	LumA	1.56845697919823	1.20476411452372e-08	3.32836825794594	3.64529388419703	4.45408016210129	4.75507802590336	4.63936506394332
chr15:88138466-88138967	LumA	1.56805487186673	6.83101021540777e-07	2.74622958158841	2.49966945118165	3.1250679906562	4.03483371828686	4.0693805341827
chr1:57011613-57012114	LumA	1.56795147418617	1.56236384076796e-05	2.72769946395583	2.94399305990185	4.51877300925698	4.09650562312921	4.05085153020706
chr8:121433376-121433877	LumA	1.56793768317808	1.94572371690865e-07	3.05185529185232	2.69988620259467	4.02122475865319	4.54524819688364	4.68833007939945
chr20:58053894-58054395	LumA	1.56788066253539	6.04617036034024e-08	3.35695765105551	3.86959758161997	4.86199988987021	4.70728133368515	4.50506619681896
chr4:84206055-84206556	LumA	1.56776911567661	0.000224849703520836	3.38149875963267	3.9127904810085	5.43920189987706	5.18316443649693	5.50226786115995
chr10:115881928-115882429	LumA	1.56751355619141	5.45157697342652e-06	3.15827483875314	2.89795991421318	3.82392747817279	4.9039150348768	4.70380618676684
chr8:93160787-93161288	LumA	1.56730703569001	1.53894203908395e-07	2.80470460927607	2.65190889922271	4.53866453142178	4.17803083254612	4.17820654038844
chr20:42574307-42574808	LumA	1.56703466221516	2.34552633268683e-09	3.03625145048357	2.46724618933458	3.70496514287765	4.49571782544145	4.32855991998417
chr1:30460956-30461457	LumA	1.56649489851371	5.12657231669876e-07	3.02943048862801	2.43882049526272	4.47365641800196	4.77843856856767	4.63880863904385
chr2:143617694-143618195	LumA	1.56642029615084	9.60431063782351e-07	2.9273214994674	3.01062431967233	3.02176379190726	4.3717033026078	3.64177781895244
chr2:40737307-40737808	LumA	1.56568828395484	0.000100232184129546	2.52969214514906	1.69956495614915	2.90577408533485	4.32375497187833	3.74229622259387
chr1:119068079-119068580	LumA	1.56497001792758	1.24441285707202e-07	2.88495924648381	3.28564045449601	4.65757534606372	4.1135037945033	3.86837769598886
chr10:69462575-69463076	LumA	1.56487820748785	9.96432612615454e-12	3.76353791972705	3.29231411040251	4.64047676412751	5.27300760207419	5.13932867227202
chr7:139677878-139678379	LumA	1.56426711591147	3.33587507290596e-08	3.34848871228344	3.24064807373696	4.70636905146226	4.64844646262886	4.43461843320304
chr1:117015662-117016163	LumA	1.56365983972627	2.08369402902544e-06	2.89237436043487	3.17352102236148	4.72872972293619	4.52966100588948	4.34489120597356
chr15:39719118-39719619	LumA	1.56309719052573	6.5915694736686e-06	2.53334473236379	1.67992163285999	3.87176087152226	4.12962358906778	4.35410842862648
chr2:239768801-239769302	LumA	1.56300078330944	2.25581244934853e-05	3.37289132135174	3.36787572155151	4.98474225215361	5.01194661743515	4.65393523771793
chr1:217604903-217605404	LumA	1.56287180973079	5.60360215228068e-07	3.10620804436083	3.44397660084155	3.77467726952021	4.56393998509946	4.73122070171252
chr8:136986506-136987007	LumA	1.5627787883617	0.000203157595580233	2.75814817380783	2.53067963241109	4.45841644617688	4.41365752876624	4.85888944193819
chr2:172956101-172956602	LumA	1.56194899935108	2.23497830463278e-06	3.22539283334749	4.87246579968669	5.3836243895988	4.57495124877093	4.55892016860141
chr6:152039983-152040484	LumA	1.56121247327244	7.00457239961204e-07	3.34874798827295	3.38768941090712	4.02024718987011	4.94932452261996	5.24752423987438
chr15:71117598-71118099	LumA	1.56103196535122	3.03773533753467e-09	3.58021535372043	3.38416698158767	3.91276243451549	4.82074175819011	4.95402069036459
chr8:124738266-124738767	LumA	1.56052589778208	0.000430847703063863	3.58200571944729	3.44334804336317	5.98594779388167	5.00210422130681	5.7963140776706
chr1:218650451-218650952	LumA	1.5603825865559	0.00335745064109898	3.09823605026976	2.7437995566086	4.63213336357629	5.01586007667871	5.13835666905383
chr1:189819750-189820251	LumA	1.55998746870243	7.73192307168288e-08	2.71495335625208	2.38620987085241	3.21245903185464	4.09977362335885	4.10346764234913
chr15:71111133-71111634	LumA	1.55976776270701	4.78337669353985e-08	3.80496830250918	3.11739334011981	4.72250260951446	5.23009200389492	5.12453341611499
chr10:50007631-50008132	LumA	1.55937079739978	0.0200912060438458	2.74069338976226	2.05524176421029	5.45825562512866	5.12762288727638	5.71974471911463
chr4:85771933-85772434	LumA	1.55924762588775	3.95098455107666e-09	2.87307749542277	2.1054796947835	3.34505008901177	4.10773662150731	3.85959272859195
chr18:14796448-14796949	LumA	1.55877683699285	4.93600759386597e-07	2.59148376979168	2.90282512971642	4.27307811083903	4.04236684961405	3.98983286618528
chr4:182768818-182769319	LumA	1.55832766478012	1.30081056819498e-07	2.78686785961018	1.94485972220164	2.71910004724334	4.04574104150065	3.72311105773765
chr8:51120980-51121481	LumA	1.55768657575387	3.09411007375168e-07	2.98136788522324	2.57785130028217	3.96890403121001	4.29368975959924	4.20738010415374
chr11:35216240-35216741	LumA	1.55762588207525	3.11096409534685e-11	3.54169458860937	3.97188859292616	4.17529496285529	4.84733522449873	4.48879183240387
chr8:135347610-135348111	LumA	1.5573499043192	7.52969984930434e-05	2.93005381760648	3.26088093643676	5.13334586689988	4.44267933587081	4.35969750533408
chr10:37480354-37480855	LumA	1.55719835100949	4.18596176857338e-08	3.08101152625987	3.10196428978318	4.06040943740278	4.37003724336118	3.98283767256171
chr19:11697393-11697894	LumA	1.55711394553716	1.17844449889781e-08	3.78262300057057	4.26668229953331	5.2838001615952	5.18738287680165	5.37959290891709
chr5:44806640-44807141	LumA	1.55699472014095	4.15920509013023e-11	3.84331344498716	3.41256927225323	3.60163288686284	4.75149516335295	4.31844275293568
chr12:121404715-121405216	LumA	1.55679923001229	2.62959914210337e-05	4.10991994719676	4.24601219118005	6.21020715054714	5.80126706658929	6.08031271278422
chr8:38433654-38434155	LumA	1.55648749104402	1.56173754579109e-11	2.87951424163783	3.12415450353571	2.97773406142058	3.80673572430005	3.29270526918427
chr11:118523616-118524117	LumA	1.55644637011292	9.02723600891811e-09	3.59743099454665	3.6484438534462	4.28793299954581	5.03046879787257	4.97764701069274
chr6:706040-706541	LumA	1.55567731417279	1.44939941704767e-05	3.01220446173424	2.933695351333	5.16996479106589	4.45373523306191	4.55698805097588
chr14:26326313-26326814	LumA	1.55566356170757	9.9014924829885e-08	3.10433430525618	2.72836355480586	4.39941855032502	4.43616588743971	4.52436143866776
chr9:105289256-105289757	LumA	1.55524328304102	2.89111813219315e-07	3.50710090113369	3.3025616853161	4.29280989153913	4.77845902572672	5.11122169599578
chr14:49508065-49508566	LumA	1.55518893386468	7.10389128634135e-07	2.90606890308714	2.62745879200397	4.42325976262832	4.13875476388577	4.25043578961739
chr8:40402579-40403080	LumA	1.55499802268779	7.10308677901987e-08	3.08930117188089	2.79803741800223	4.12199601705876	4.03529867128892	4.23170021405316
chr2:202549205-202549706	LumA	1.5543245756035	2.26893078567049e-08	2.90445161849183	2.84759426930045	3.39591518441223	4.15780753870421	4.02753017253354
chr8:74852604-74853105	LumA	1.55401087491431	5.33067614030386e-10	3.21853166412332	3.44223480150802	3.04289146057632	4.09932020535111	3.80900019193236
chr8:37597689-37598190	LumA	1.55387625653577	2.22637928791789e-05	4.22407779654523	3.74343260339265	5.1183174818458	5.5359423965134	5.50839594952988
chr19:33627441-33627942	LumA	1.553242260682	1.73692038764409e-08	3.12184488605417	3.12596974618535	3.10080383063931	4.32431392724419	4.08604002489172
chr12:88424238-88424739	LumA	1.55307824465448	0.00073508462781431	2.68171204162469	1.9322668148616	4.65256583765322	4.33165383809647	5.15106458809653
chr8:29344382-29344883	LumA	1.55289045181061	2.48276557033879e-07	3.7672957410524	3.7124429229627	4.8028540383178	4.96056423653748	4.52029573756332
chr20:18683237-18683738	LumA	1.5528799625029	6.37168741095561e-10	3.27101830220541	3.12785505027584	4.14591059929733	4.45610919024175	4.40326623563998
chr1:211182632-211183133	LumA	1.55256451004765	7.61862479074489e-07	3.09943590704443	3.2103312609395	3.30466431732413	4.10397325470791	4.21248610917778
chr16:82166170-82166671	LumA	1.54978876703973	3.31717283062348e-08	3.34518566368296	3.56885477309677	5.10600894821284	4.5487144549224	4.03444349861274
chr3:8327803-8328304	LumA	1.54977453655425	5.95059105975207e-05	3.29156281751703	2.5263223792581	4.78449590008394	4.7692791834421	5.29719318436323
chr4:103933351-103933852	LumA	1.54965791673515	6.76268436636854e-08	2.74557338269956	2.44559316332226	4.13209381187296	4.03918129851639	4.32497300479089
chr1:79232723-79233224	LumA	1.54963533006947	4.85538107166386e-08	2.77546703242056	3.25803377947325	3.72272760232258	3.99646521196321	3.85837207008459
chr8:37687894-37688395	LumA	1.54936974019998	8.68280239326825e-11	2.94439905370786	2.58892417981993	2.94474412753763	3.78266224167836	3.58544355838045
chr7:23911972-23912473	LumA	1.54881334754884	3.48398289210881e-10	3.03674068558701	2.62387895291321	3.32393923799788	3.79612793563919	3.33925042313961
chr5:125446905-125447406	LumA	1.54848409198596	2.36621436033405e-06	3.25197011761525	2.22545841220214	4.69210626466664	4.77255221778774	4.37931887325458
chr21:32732538-32733039	LumA	1.54831534922667	3.91178657744526e-07	3.69579761665379	4.73170202780062	5.88078673417768	5.05794882940076	5.33509776354473
chr5:73276304-73276805	LumA	1.54809026146046	1.71673246898885e-08	3.05006974894472	4.13026414981551	4.27505437353137	4.46422169586279	3.75069558658438
chr10:125599827-125600328	LumA	1.54807363022588	1.46042451650417e-08	2.98508986560624	2.86499182347637	4.26461391560769	4.16039310566161	4.04002278907965
chr18:23288958-23289459	LumA	1.54791021215261	2.32304506459032e-05	3.6156218398905	3.66631801194828	5.30869805471802	5.18345357929205	5.25549465983283
chr12:114555285-114555786	LumA	1.54773956858089	0.000747026327595888	3.20925853377136	2.65353522814964	5.84285739137167	5.19993581407235	5.39071808845945
chr6:9463762-9464263	LumA	1.54764512319908	2.10850821993391e-05	2.51897769222992	2.16055112809051	4.20752348847979	4.1948633464682	3.93755671514256
chr13:28431766-28432267	LumA	1.54724845872193	5.89701517106315e-08	3.0676269620464	2.61917236129605	4.23473784836803	4.55412934160812	4.29613764097697
chr15:38458577-38459078	LumA	1.54646347083426	1.03315776937636e-11	3.73196770404183	3.54996144720707	3.93972345528229	4.69170883541763	4.74778961728402
chr14:43649870-43650371	LumA	1.54621114276958	9.95482768811308e-06	2.77106381804811	2.07919826204085	3.62837436921858	4.29546526012487	4.67279279997742
chr1:162000772-162001273	LumA	1.54603806166226	2.65840641642131e-08	3.24335600463503	4.07157928192146	4.88610377200908	4.64433100987263	4.23378025629062
chr8:38792138-38792639	LumA	1.54562820021262	5.23171950066226e-10	4.6073186372811	4.1132539546817	5.40544867020313	5.5632752344988	5.18140367417622
chr8:80403193-80403694	LumA	1.54512571317718	8.62508955705122e-05	2.88980311169784	2.60118655985237	4.13218342709635	4.63964729612954	4.98345427936862
chr11:77358020-77358521	LumA	1.54507847939398	7.44969400561595e-11	2.76144469682388	2.80931114930578	3.57873096115959	3.63583855398767	3.54580449120668
chr15:62327903-62328404	LumA	1.54456049369959	1.07376144557374e-06	3.02449991999943	2.28185979992122	4.63222530774453	4.35759702836549	4.25736563328539
chr2:217082515-217083016	LumA	1.54449205882458	2.18810044959317e-09	3.31842433123316	3.17731496510596	3.70364196540971	4.37047079967568	4.74102325109843
chr10:115710164-115710665	LumA	1.5442241764828	3.24896896068035e-06	2.721101260184	2.13667770358336	3.20166093185751	4.27781063122298	4.55758849105764
chr10:125600702-125601203	LumA	1.54407447455694	5.59841620656009e-07	2.63469592248737	2.62002104159414	4.27241111466498	3.8617116112744	3.76388578333556
chr18:46878588-46879089	LumA	1.54403081008238	8.06850862083852e-11	2.92628251971667	2.51765081422731	2.85130705506442	4.04819147641638	3.34078666731986
chr2:1676961-1677462	LumA	1.54368392169064	5.63924803320922e-08	3.38399223209014	3.44996453465227	4.00403501679845	4.86605410427779	4.64079782555428
chr8:93162807-93163308	LumA	1.54300604782843	1.15783543988843e-07	3.3576841572129	3.26273533663803	5.19824724030162	4.34296866381396	4.27168022432038
chr12:95788002-95788503	LumA	1.54254314789715	1.01117410669006e-08	3.53444897351422	3.17690098594512	3.88990739349409	4.77526484706056	4.33300602796931
chr6:19912519-19913020	LumA	1.54220579639513	1.28865873921711e-08	2.98095121444405	4.01706827457322	3.44064190625491	4.35006074021727	3.89821996310969
chr3:136661197-136661698	LumA	1.54192092530674	1.08521448616096e-08	3.44634520383472	3.23373337385483	5.01692773937634	4.97784438019718	4.95103453177009
chr2:211929719-211930220	LumA	1.54181656961887	6.40376873711713e-07	3.07665163228374	2.37572924745887	4.53706266571276	4.66014273450435	4.6699756810623
chr21:44571594-44572095	LumA	1.54174118192264	6.16375282125747e-07	3.1717972275419	2.99926851700315	4.50217940656	4.32886988402864	4.57322626521835
chr1:34946163-34946664	LumA	1.54139627368529	0.000431000675209232	2.7123998537258	3.02976914873668	4.67896988837649	4.40485232234396	4.5260345118523
chr8:118116622-118117123	LumA	1.54104314498287	1.45673574108013e-09	3.58790475144162	3.66020148089311	4.70379662082467	5.03283004992305	5.12053844704123
chr8:38391868-38392369	LumA	1.54094675109498	2.43199004377066e-15	3.54627579006151	4.00730239224181	4.03713645184881	4.39264434161133	4.00622050672677
chr11:34560497-34560998	LumA	1.54093478461346	5.67754206932834e-08	3.43007514555366	4.18819556729723	4.70685711991704	5.01064660632288	4.89285557436462
chr10:113116204-113116705	LumA	1.54087716118945	1.09049687729971e-06	2.98034694584332	2.51043777663232	3.81034410830905	4.62101551981994	4.4706483714612
chr6:131825250-131825751	LumA	1.5408476180787	0.000200242057115843	2.90030589172549	2.35826246359439	5.01112609758539	4.74983951969903	4.9854560169273
chr8:38794330-38794831	LumA	1.54044143144442	7.5664356000759e-13	4.11996122197269	3.7452614401055	4.46400925559403	5.04921437666615	4.46647524911477
chr2:74866650-74867151	LumA	1.53960268083374	7.5794966546666e-06	4.37577407342733	3.93575127760013	6.573357052259	6.00978549298575	6.42909585308721
chr8:40596951-40597452	LumA	1.53929066226774	0.000488168646517097	2.92387807406569	2.6581599849259	3.44778753467241	4.65957822604458	4.76810106506351
chr17:27431345-27431846	LumA	1.53847373063041	3.06455772800874e-09	3.08813427542575	2.85965090985598	3.97169246084567	4.42963428353268	3.91476885088103
chr4:54593480-54593981	LumA	1.53764633432476	0.000104062100311084	2.80741781190905	2.93945845331424	5.15529882391156	4.18583552007258	4.25574534584608
chr14:63547692-63548193	LumA	1.53718702437075	3.22937048270456e-06	3.63968190756724	3.04231251355791	4.2172305536332	5.1951432198675	5.23024247514877
chr12:33154060-33154561	LumA	1.53658812933271	0.000390202574803516	2.35194897701201	1.55609506086391	4.58255998126998	3.84319672920457	3.37310786507147
chr18:44824314-44824815	LumA	1.53604688921152	3.60285531136896e-11	3.68355045430037	3.58127834140927	4.46828965662901	5.06293378687361	4.86160096867437
chr2:81910828-81911329	LumA	1.53581712320645	0.000298340358815399	2.6634758503786	2.15362874579402	3.93326010077147	3.97475319051717	3.71321318417586
chr6:637945-638446	LumA	1.53569616060641	7.49002423736105e-07	2.75426205250584	2.57270890276486	4.15090079988128	4.09564177913781	4.42875646295163
chr5:158626258-158626759	LumA	1.53558829943696	1.36755917352391e-06	2.8379353638512	2.58253170983845	3.72406992297067	4.19552593888468	3.81124974169042
chr8:38077189-38077690	LumA	1.53537801623698	1.01019715774955e-08	3.03830312977739	2.82066196565823	3.6496639214845	3.81434968166175	3.40637101434357
chr20:48289861-48290362	LumA	1.5350902145649	1.95470627671925e-10	3.31715982901551	2.90753004963098	4.4160299715682	4.47287960495488	4.4468736823051
chr2:64980515-64981016	LumA	1.53501110382136	7.63659892189252e-06	3.49347234683373	3.32766528433371	6.44805177435802	5.12202903702327	5.2931809677169
chr8:87580804-87581305	LumA	1.53465104312493	3.09187178350589e-08	3.03889255256869	2.93674034704602	3.61454717167222	4.31310039842771	4.01663690425726
chr5:134304337-134304838	LumA	1.53439328578924	2.53788634988407e-10	2.68923523784237	2.11718254690282	2.67621186036296	4.00148920233462	4.03050459956972
chr8:40345109-40345610	LumA	1.53401568787262	1.00653008595651e-07	2.76531651276049	2.48078856089033	3.51445938723226	4.00947051971314	3.86958669346548
chr2:225616262-225616763	LumA	1.53390608157553	0.00010835378000549	2.92048105429583	2.5097068228583	2.40653022281006	4.25867537732094	4.78795006325399
chr8:131745477-131745978	LumA	1.53386566904997	6.22737780016254e-09	2.87458236777384	2.83829906983667	2.8192679695664	4.16868094437948	4.09428368961298
chr11:9127270-9127771	LumA	1.53300301865531	4.14143977669476e-05	2.61401735562396	1.63525769504707	3.34126081003247	3.9532414058164	3.93636255650371
chr14:50436936-50437437	LumA	1.53282707060443	9.71404331928554e-09	2.76015864511368	2.58216484117039	3.38231624105328	3.98665705674942	3.78949584400796
chr8:139742947-139743448	LumA	1.53260274447184	3.09608708438586e-05	3.65497469388949	4.61808049436471	5.77250580136226	4.53654062523989	5.02772908995256
chr15:49074025-49074526	LumA	1.53241707465472	0.000431625106262277	2.62777586360101	2.6015849722729	4.96211181269737	4.12261113695494	4.03981063950561
chr4:95123335-95123836	LumA	1.53195577713182	0.00013707556286989	3.07266009479526	2.26870252611656	3.3072064243564	4.2094864504864	4.34018902149119
chr2:141439481-141439982	LumA	1.53149968895489	4.23167578963661e-07	2.88993969146506	2.59726797709215	3.27914809009293	4.31718459166398	3.84622018558538
chr7:148769865-148770366	LumA	1.53129035528161	3.20793040472138e-07	2.66045360618736	2.67945023041697	2.86343988751365	3.66838720335073	3.57297377916124
chr1:224299777-224300278	LumA	1.5312706349833	8.19928091259975e-06	2.87158194098403	2.64836004889947	4.83841219491137	4.24879578824943	4.70648316261639
chr2:41297738-41298239	LumA	1.53126726879808	0.000163373590262152	2.55690294265612	2.9345431890682	2.87391316156657	3.44079116268316	3.41938437285891
chr3:160608827-160609328	LumA	1.53059891420562	1.65198181006392e-05	2.59709392077973	2.49790554910013	5.14781622560299	3.79150773096654	3.73382007288207
chr8:144667297-144667798	LumA	1.53001546664159	1.9757322155799e-09	3.45391044631001	3.72051394742467	4.38829713814613	4.66777821439412	4.76092173310062
chr10:118285787-118286288	LumA	1.52998698229416	6.46993241541329e-09	3.10669837401983	2.71608699910324	3.40690802269094	4.12150881250835	3.81373316210925
chr19:57842368-57842869	LumA	1.52928272270871	2.68872766380492e-08	3.76633982127148	3.36677038366846	4.30685221481791	5.0049744269213	5.32657512241871
chr11:130452892-130453393	LumA	1.52923793340551	1.91755835548509e-05	3.26465485470629	2.55831979460383	3.61098437205643	4.80456088904723	4.49276596898792
chr4:120173260-120173761	LumA	1.52914972494734	3.74179663742792e-05	2.47416923680169	1.78618039161043	2.50770976042034	3.37006146179503	4.31891441529109
chr17:61723086-61723587	LumA	1.5291281387881	0.00164048382536719	2.61071863887538	2.58754151132664	5.12806115542642	4.11667001966777	5.06599468577668
chr8:38214353-38214854	LumA	1.52892598429691	9.36604946519772e-13	2.86630327272656	2.82582042076046	2.94456541275218	3.63390565764197	3.2038005202257
chr21:40382810-40383311	LumA	1.52871543999967	0.00404511891690249	3.14960088274138	2.36956459450826	5.68239803554543	4.53477551782737	5.87600324656547
chr3:189567941-189568442	LumA	1.52854527107298	4.36354027403166e-07	3.38287234317244	3.53179227979342	4.08742385748525	4.69281073901505	4.71806070855457
chr6:151913036-151913537	LumA	1.52844967100021	3.31062968201435e-05	2.64679426000134	2.54782866041232	3.07634412980074	4.20079802745366	4.47712523065162
chr8:120917178-120917679	LumA	1.52813305555925	2.60020181334278e-07	3.21216448514238	3.00912860121075	4.16062958953859	4.47653421739466	4.38025368965951
chr11:49938554-49939055	LumA	1.52813010961633	1.35009609015581e-07	2.82990901573551	2.26037045478621	3.70694350097401	4.19535269950471	3.77581586393007
chr16:52206322-52206823	LumA	1.52786794565665	9.45859951813366e-06	2.85167301881213	2.36232232193092	4.23665916517315	3.8723145544557	4.1345732326727
chr5:71508646-71509147	LumA	1.52740838173805	1.24233401708121e-05	2.8957646682452	2.07221471579421	2.92076208175422	4.47763004172234	4.53005707784257
chr20:47978654-47979155	LumA	1.52696979484632	6.44387956017091e-08	3.42920433921563	3.31142413922767	4.65759225760664	4.54343570711287	4.5256728228908
chr5:56477758-56478259	LumA	1.52660012755082	5.43295060938551e-07	4.47120085957255	4.20705636096564	5.42469171158061	5.7808735919107	5.55729194579637
chr8:37332318-37332819	LumA	1.5264282667613	1.16293131990072e-11	3.12778024321687	3.03231151963229	3.28453557828896	4.19747513216048	3.48669759782014
chr8:115782323-115782824	LumA	1.52608712360783	3.86346535004919e-05	3.12285747085814	4.17415656591817	4.9501332375821	4.61241573228907	5.20903129062038
chr6:10142028-10142529	LumA	1.52598484794537	7.46587573847232e-05	3.10785111527314	4.04266204452831	5.65859412913362	4.66991073095078	4.94380883767811
chr12:107764638-107765139	LumA	1.52586256936892	1.53779245363346e-05	3.96016328624129	3.29923183688601	6.91121491428622	5.65570052819661	6.0914683494067
chr10:118970012-118970513	LumA	1.52576156039343	3.57240953481894e-05	3.33846908924496	4.00683715361083	6.04014910843911	4.9525798117572	5.03671377404033
chr8:117101137-117101638	LumA	1.5255036852342	1.42421685390289e-06	3.21086170307257	3.03538445517669	4.44147529264303	4.74938371666084	4.79607772711431
chr8:86287999-86288500	LumA	1.52536385440592	4.3045473300517e-08	3.16724031222012	2.88444138744245	4.01211845753169	4.23412503347704	4.6320561107198
chr1:30417275-30417776	LumA	1.52501538143312	6.78145489737437e-06	3.11824840452458	3.00798100972834	5.28638360470037	4.72192622571569	5.10079824961829
chr3:124853993-124854494	LumA	1.52501342245326	3.2215604534503e-05	3.45030384016896	4.14372767688721	5.29748723950375	5.17058833469018	5.06247230377727
chr8:41566042-41566543	LumA	1.52460230364965	3.33398400165801e-12	3.15905798806662	2.92144391538765	3.25193977948771	3.96827368418993	3.99222150358796
chr10:43161199-43161700	LumA	1.52437003103213	1.73364778329455e-08	3.46483656296493	3.47967978553202	4.96025559614748	4.9367647667169	4.81471027739106
chr3:148121831-148122332	LumA	1.52427035919296	3.54540409334399e-09	2.74063183327212	2.60366861202699	2.79460836175261	3.45559717756415	3.64139980465727
chr13:41903234-41903735	LumA	1.52415651181058	1.34275470389027e-07	3.09217763793767	2.68815542727884	4.07170822486872	4.5416330341852	4.6181876463322
chr16:15442703-15443204	LumA	1.52399366532257	7.21741924773543e-06	3.87822676346783	3.31953927777965	5.64285860698248	5.48962959929171	5.47429114133104
chr10:37294306-37294807	LumA	1.5236201925912	1.89033952282488e-07	3.10899012256391	2.72083643184698	4.29916467885717	4.57751150874357	4.42866921236424
chr12:90635999-90636500	LumA	1.52292243476095	3.15690613584215e-06	2.79734676747812	2.29182510305998	4.10382689941935	4.15263972042786	3.94384556281837
chr6:148257770-148258271	LumA	1.52205885949738	0.006757994841805	3.12436518803151	3.14468663149915	5.43873579671045	5.32862759551042	5.43857000829642
chr5:90556849-90557350	LumA	1.52203140908075	3.89649964037497e-05	3.00193718244872	2.10665123328712	4.56218005119232	4.57865124003567	4.4057489474678
chr8:38444225-38444726	LumA	1.52197882427656	8.71972053983474e-13	3.37007037152718	3.4143485421766	3.53256043051722	4.15256863063418	3.58781378336042
chr1:195413881-195414382	LumA	1.52181143368798	3.78672902984406e-06	2.95870355322751	2.81719406141366	3.79649073007633	4.49014272882353	4.3413680052811
chr8:99883893-99884394	LumA	1.52156435922583	2.49455770435481e-09	2.91682101869276	2.79062160347634	2.82402126552967	3.67487627320211	3.9081189504535
chr8:38203850-38204351	LumA	1.52152445855243	1.81222187189274e-11	2.90839375560819	2.57928403262973	3.02211904967865	3.32815606895434	3.14976607024019
chr5:100560425-100560926	LumA	1.52134995097173	8.97078907480871e-07	3.04731643421895	2.09537978806477	3.92939246804912	4.32382417449971	4.78333062522005
chr15:72867005-72867506	LumA	1.52090898818213	1.44100721653481e-07	3.36202369036214	3.64693447968139	5.13863868049219	4.61157835951004	4.30084978621562
chr10:106410680-106411181	LumA	1.52090055777342	3.10399815985886e-06	2.67529764680362	2.02678885107056	3.33411299442888	3.95217104184528	3.91540093073708
chr8:54050600-54051101	LumA	1.5208168320258	2.50510798819894e-08	2.97660732359924	2.93254417987997	3.77543087902719	4.46659505722433	4.3258940697046
chr8:29345973-29346474	LumA	1.52055841984658	1.12709336400944e-05	4.11505813245187	4.17433269599918	5.4738888658962	5.58463092481101	5.06820601892763
chr14:100033368-100033869	LumA	1.52048284548346	1.21092739314853e-06	3.57625244407346	3.49395193221784	5.57392588337238	5.09502565252353	5.3419884460214
chr8:17544521-17545022	LumA	1.52046277096812	3.91204879261709e-05	2.83862038416545	1.85984337201139	3.35662595529503	4.04999938708627	4.23469636047294
chr2:57669444-57669945	LumA	1.52039063069871	0.000153629007238628	2.3771979023543	2.71691147518118	3.62185615016601	3.55210536303036	3.95231718920449
chr5:103283073-103283574	LumA	1.52008337757414	1.14372156026096e-05	2.8969464195139	2.08542053019805	3.9611530507515	4.36996558365755	4.30142581984378
chr8:37867754-37868255	LumA	1.51951165320645	7.00817665750262e-09	3.42057807991379	2.7921134951496	3.72883091600273	4.3233869624819	4.07407769367132
chr1:203422012-203422513	LumA	1.51885324345734	1.73625286837012e-10	3.41136653937956	3.67846425672731	4.16768555844014	4.69050449051941	4.46281376758193
chr17:49718138-49718639	LumA	1.51870973976135	2.53458019176247e-07	3.28338453830616	3.04436663620872	4.98880832350932	4.68549908340824	4.78408261875134
chr8:36547960-36548461	LumA	1.518510464373	3.69749081302927e-08	2.78504865268017	2.24439064346063	2.97609369519311	3.15909213690971	2.86511869661143
chr2:73648952-73649453	LumA	1.51819047123537	4.16592368866531e-05	3.00576117713138	2.29812050404477	3.47396801169273	4.42615725851325	4.29099886302148
chr10:83692052-83692553	LumA	1.5181337711659	4.88258678697775e-05	3.06816470308816	2.4131051179133	5.26678088177906	4.65830241192048	4.80770810814144
chr8:74858454-74858955	LumA	1.51760323365493	1.55184461404457e-08	2.84911733549034	3.4745700168759	2.53063707672999	3.53272908033826	2.99793834432359
chr8:38389451-38389952	LumA	1.5170867020786	4.89550702938501e-15	3.4867997425831	3.21675857073543	3.581983575537	4.20629889148413	3.85194701144273
chr8:37688730-37689231	LumA	1.51707754021338	6.61180516216094e-11	3.58626003301909	3.30281319100947	3.93730297098367	4.23242812463256	4.3995733748495
chr20:51734859-51735360	LumA	1.51684019241346	2.04422618311436e-07	4.13144180582127	4.03130766938182	5.73398931167199	5.49588475469315	5.7624822977159
chr20:47993991-47994492	LumA	1.51658896207829	8.16721458433196e-11	3.2277503184099	2.86251882281052	4.03820298543915	4.10398773162964	4.02311186088178
chr1:17906718-17907219	LumA	1.51625425037143	1.00943235787627e-09	2.65991977463111	2.30061934816883	3.29136078079337	3.48349202034502	3.17158040638223
chr8:29343169-29343670	LumA	1.5161182311015	2.01929702369342e-06	4.14942626473582	4.10692955715881	4.94011525646455	5.35895889327319	4.77901534109747
chr5:76413128-76413629	LumA	1.516089020586	1.91034071491067e-06	3.10317015515344	1.95455900269093	4.81437551017742	4.57268884468459	4.46821908606681
chr2:169170418-169170919	LumA	1.51583194114584	1.19515912385174e-08	3.03605608193165	2.5564222882318	3.02921231098245	4.02382530533283	4.01453402982751
chr4:138913266-138913767	LumA	1.51565189813511	3.68615391887995e-06	3.6457360979831	3.51621125942695	5.03503981030922	5.06725255601705	5.13616222348559
chr8:37175090-37175591	LumA	1.51544263897816	9.36073350165995e-09	2.88532470309896	3.01749003872784	3.21580332952121	3.79071737813638	3.53827587149302
chr3:70054076-70054577	LumA	1.51542624097143	1.6155731679749e-06	2.74602029844488	2.98291097666575	3.25569175093102	3.66285223248023	3.40122036180688
chr22:20200784-20201285	LumA	1.51478579007232	9.63699341896874e-08	3.41032612571862	2.54982277406672	4.72462556529597	4.51854688838985	4.28397766287066
chr18:14797095-14797596	LumA	1.51355469209803	2.02140423082651e-06	3.11642727587327	3.13599986547537	5.09740822061941	4.63266735878641	4.57685299336835
chr11:77912554-77913055	LumA	1.51335718878891	1.5787827861167e-06	2.68347707776617	2.65648560365231	3.81332226345682	3.83653644543031	3.71122717095469
chr18:72634370-72634871	LumA	1.51301034932598	1.47559444881961e-06	2.55361615791807	1.97258840397664	2.5411902786265	3.93305466200849	3.59093395410659
chr2:130255658-130256159	LumA	1.51283671846421	4.04273530397464e-07	3.19577491655577	2.88441358892656	4.16388574170089	4.60954111599186	4.67044837435697
chr13:96519347-96519848	LumA	1.5122947046606	8.14906133668273e-06	3.17455209699331	3.16999890333757	5.80379893859991	4.52045147224475	4.11860260507236
chr15:67464094-67464595	LumA	1.5120350111531	2.38846599893616e-10	3.02300312987324	2.6581090298456	4.00974469664552	4.05351509322192	3.9213388404306
chr7:81167950-81168451	LumA	1.51182481729169	1.27282845182457e-06	2.8467489454125	2.79850565178998	3.53079113805517	4.17464957076611	4.44055505705365
chr3:23789308-23789809	LumA	1.51174591512341	3.08503444535959e-07	2.83110916053107	2.56789479668681	4.26396011854941	4.23967919483499	4.12891634009982
chr15:95888143-95888644	LumA	1.51153097177131	2.40187456800925e-06	2.74441286471398	2.63775110706305	3.69991931576294	4.12223034770258	4.12611313704917
chr5:104278373-104278874	LumA	1.51144221353208	6.30642919647354e-08	2.91266898505425	2.38458980774728	3.36861989898242	4.37130405299139	4.03580747420014
chr20:48007188-48007689	LumA	1.51128912027216	2.47940158692452e-10	2.86579936587569	2.54910615468128	3.09498010568803	3.93094964641029	3.55527469231012
chr13:105796197-105796698	LumA	1.51118832810618	0.0030432153740636	3.00495742576608	2.34310562204813	5.13021808642205	5.00216697503589	4.77460423749165
chr4:96332059-96332560	LumA	1.51089407268822	5.48581089564175e-05	2.60148022636789	1.86631675242696	3.80954845284855	3.77715102905491	4.22042719356472
chr8:41465918-41466419	LumA	1.51082882984853	1.50992171121628e-08	3.24774524197779	2.9871451376956	3.16301208568629	4.05326461647219	3.98253458066194
chr8:38039247-38039748	LumA	1.510714308716	1.29143860301849e-12	3.31541569034895	3.53088505286295	3.56318554263015	4.05159974841398	3.6916651687514
chr6:50848054-50848555	LumA	1.51039963789089	6.75953043335099e-05	3.2851094983906	3.49958577370193	5.16458202685089	4.92705188133151	4.31670047261637
chr8:38500139-38500640	LumA	1.51034935519542	8.14958219559391e-11	2.71529593218947	2.67345485970503	2.51760955302855	3.37659216407582	3.02636268649121
chr13:93669950-93670451	LumA	1.51024758484057	7.12906570195599e-07	2.98537984998852	2.78786830186105	3.30475550122722	3.46587754552093	3.45793717513068
chr1:111923358-111923859	LumA	1.51021982549728	3.7272027515078e-08	3.16772848888281	2.57941248829205	3.20397649227524	4.17957876534716	4.05829544761335
chr10:8046067-8046568	LumA	1.51007616383169	2.75851501131456e-05	3.88351669709411	4.75333220583174	4.35399976370303	5.2757635863024	4.97560863534789
chr8:37190144-37190645	LumA	1.50995628107819	3.10519145075278e-08	2.65266126506803	2.22878529782669	2.7967945506297	3.53306810634527	3.40249753622157
chr8:37853891-37854392	LumA	1.50952892243084	1.66620953525636e-11	3.44441141117106	3.19313837000446	3.46366133235042	4.36471089965252	4.0452766878079
chr1:230836260-230836761	LumA	1.50852981811673	6.88637021572024e-08	3.19062247840058	3.87416891662329	4.55955390340619	4.21892734635371	3.85421649085529
chr1:167591777-167592278	LumA	1.50794382593175	9.68533459890006e-08	2.97705019715477	3.27367170832495	3.84712083767301	4.1428116583463	3.93424615383416
chr5:44652674-44653175	LumA	1.50764511115908	5.48255624528897e-06	2.8026318453111	2.25432438877553	3.20635773529812	3.92087418575057	3.79012449734955
chr1:218619605-218620106	LumA	1.50750773455619	8.47731614781081e-08	3.219921001709	4.16223506717471	4.50180524953049	4.44039595789742	4.30370541372167
chr8:38588970-38589471	LumA	1.50737779322916	7.06688638297354e-10	3.03443781699697	2.95526606743801	2.93759926949556	3.81918646051476	3.19434809036548
chr10:72453145-72453646	LumA	1.50731849500494	5.36631636737051e-08	2.92601871108565	2.32376313116404	3.72791473462557	4.20742114497331	4.52440759712704
chr13:107761764-107762265	LumA	1.50714968936076	2.09955350858618e-05	2.85197324463096	2.21703174354909	2.4916284558641	4.07139040423645	3.64044143638714
chr2:237558262-237558763	LumA	1.50687557806164	4.95696803340325e-08	3.91309964915713	3.09049907103603	4.61315006107892	5.22941723784796	5.4246506254567
chr14:98963438-98963939	LumA	1.50676707401018	1.54451014879813e-06	3.14415068548618	4.19027292785279	5.36603307221528	4.47552432749339	3.689113028878
chr1:51032776-51033277	LumA	1.50616163639387	0.00114224882358194	2.84759669088027	2.7992723682595	4.36908924215186	4.65076898555985	4.76534956168128
chr20:56568321-56568822	LumA	1.50606858540743	1.04406035791493e-06	3.01043520483243	3.04707693473652	5.13484594406142	4.27247348616921	4.46254454455089
chr8:57585913-57586414	LumA	1.50525953113698	1.36491013961177e-07	2.78242224377729	2.30795092310547	3.47304990047235	4.17713054514604	4.07599408275575
chr20:42573585-42574086	LumA	1.5051528495062	2.22690818164724e-06	2.95361012954072	2.69707131148768	3.77052750047037	4.37880757805052	4.44480168416822
chr1:197198337-197198838	LumA	1.50498552762285	5.33090441114471e-10	3.97041018486407	4.3378502500964	4.36762472802149	5.06884388705202	4.80768508125665
chr8:106326098-106326599	LumA	1.50492988245953	3.3916566116532e-08	2.78513339198788	2.89963389316856	3.2996418197513	3.66810744612375	3.5800663306275
chr18:4338324-4338825	LumA	1.50455921014766	0.000363287079353041	2.68252111672689	2.29431086835145	4.43484714499759	4.36141061522803	4.16688326002115
chr5:2747308-2747809	LumA	1.50405363477647	7.56114997595984e-07	3.6983039501127	4.49954055264114	4.53074285979886	5.25945203304616	4.26030934196067
chr6:53480652-53481153	LumA	1.50287052476683	7.13560242285891e-09	3.11192846732807	2.94879173783299	3.423794851514	4.5706742012359	4.20254803609857
chr1:29836984-29837485	LumA	1.50266361459887	1.61876588075117e-09	3.01787439909058	2.70883193806334	3.74249583922201	4.14091972307649	3.7503746213726
chr10:123011837-123012338	LumA	1.5020129841329	2.26893078567049e-08	3.79559801732804	3.78007670780057	4.98603924072791	5.16661776197737	5.0768923372053
chr1:14081457-14081958	LumA	1.50122244251692	9.24610861306162e-05	2.5671362976568	2.01356924575008	3.52784031323263	4.12028184034125	4.11452250778675
chr13:43301546-43302047	LumA	1.50056308457659	2.02849296785894e-07	2.59895533335839	2.18229189645919	3.51099960163207	3.93479981746419	3.64115533959268
chr6:131170421-131170922	LumA	1.50029417026931	0.000220835778275625	2.99398429055965	2.93716932441209	4.39603993109282	4.45836411990301	4.9085677928582
chr13:81988500-81989001	LumA	1.50010778031023	0.00021092453273983	3.09217069450919	2.65077098540765	4.79803069261668	4.79970145122501	4.50046013836267
chr8:95193912-95194413	LumA	1.50009431882381	2.69216912248278e-06	3.76972106744702	5.26729953939608	5.11294349784078	5.24476974106907	5.36036134805545
chr10:98527485-98527986	LumA	1.50007460610773	4.18596176857338e-08	2.95255054991521	2.35760843971558	3.01007826351097	3.9294283530643	3.31534243679319
chr1:30345388-30345889	LumA	1.50006690482337	0.00226342960664564	2.85229337912591	2.09723615302342	5.19875715106643	4.64354478099781	5.03677783197107
chr15:70360277-70360778	LumA	1.49999885421563	7.05241495654826e-08	2.96336800674884	2.96580047799576	4.24556167238073	4.01585711946501	3.75869534318412
chr8:29342442-29342943	LumA	1.49955261496248	2.29675474916713e-07	4.13266736292365	4.13597826020674	4.96464138683895	5.24216663288297	4.7163223217197
chr22:49071671-49072172	LumA	1.49951210325879	0.000315650317222848	2.52278157176871	1.78390957330637	4.05562661048305	3.50246193568819	3.10856282122385
chr8:38033644-38034145	LumA	1.49936398118568	1.00852564202773e-06	3.88724075498914	4.56249473659518	5.45299500084529	4.84487950609357	4.67038197752883
chr13:37594508-37595009	LumA	1.49928696454495	1.52083689646916e-05	2.87355311015867	2.54242089661588	3.96078599171896	4.50287788216784	4.38393924702827
chr3:120794083-120794584	LumA	1.49911422742302	2.55813640029915e-11	3.34340395014966	3.17871712384707	3.88937045050607	4.43635718260339	4.31632642093754
chr9:128482167-128482668	LumA	1.49806587045986	3.192198844911e-07	2.71265595081985	2.56156426272818	3.58503366832735	4.16414656465141	4.35971364994754
chr1:160203515-160204016	LumA	1.49776431103708	1.03624895088189e-14	4.07008562839806	4.56038248764043	4.96458997591212	5.34320600905586	5.00983307633712
chr4:3779427-3779928	LumA	1.49709487079944	0.000120756594509724	3.64238023907271	2.72206906455736	5.07721392017899	5.08727315869033	5.45459652243193
chr7:8552541-8553042	LumA	1.49698370812934	6.73308630079819e-06	2.63561616033584	2.27981725176157	3.46957122153665	4.0452534885607	3.95026669907369
chr11:61503338-61503839	LumA	1.49684642672345	2.24596849004154e-09	3.64965578734309	3.55933803203542	5.16118526589457	4.73851232081749	4.63867570267122
chr12:14880996-14881497	LumA	1.49680494015365	2.37164693590965e-05	3.0678309861972	3.75771828369534	3.5811512727663	4.53220462698976	4.38552806132546
chr15:61274993-61275494	LumA	1.49671981665469	7.77984568876123e-09	2.8941329978744	2.50934363535906	4.10930639171829	4.07910894433878	3.91587814547889
chr15:54526886-54527387	LumA	1.49659365339312	0.000162365883523557	2.96565257105075	2.18657104587191	3.57462269922141	3.86485936072098	3.59293810852296
chr14:43464949-43465450	LumA	1.49594483897475	0.00115858659372119	2.28413104635987	1.56105777504974	4.16745368358549	3.94997304487013	4.1861732602081
chr8:38474728-38475229	LumA	1.49588844723594	5.75437865905669e-12	3.01615469456246	2.62670259811578	3.01905225350323	3.65359435351766	3.08460456259567
chr8:99889441-99889942	LumA	1.49579429112328	1.21637883557269e-09	3.20340505300987	3.47566368406444	3.48855742191739	4.16958865557097	4.3158149159255
chr3:50607698-50608199	LumA	1.49562466798633	6.91250834004776e-08	5.00034543690372	5.83638693129331	6.49303048754419	6.42864880930036	6.23902265340139
chr11:232485-232986	LumA	1.49560115528075	2.40993577929498e-09	3.49208873588624	4.64842349588854	4.24265859243439	4.85983894271938	4.41053033928812
chr11:120657272-120657773	LumA	1.49501938381857	0.000462271027840862	3.52867222414608	3.1223116437172	6.45375036208553	5.3194064113654	5.47137958719277
chr3:129969874-129970375	LumA	1.4943856727548	3.35176483658774e-07	3.02556830442237	2.51803810864213	3.58987585828815	4.12298558318998	4.17871309619751
chr19:57845303-57845804	LumA	1.49374665312378	8.07205717839066e-09	3.6193167963363	3.3015122782562	4.31408348566636	4.71574017336897	5.14945083855599
chr5:44761679-44762180	LumA	1.49304058860462	4.67606194785179e-09	2.91464123330965	2.5153647723703	2.68219950007112	4.12416140020817	3.54320865939264
chr1:240436161-240436662	LumA	1.49246368424124	4.69415032310048e-05	3.25191371028293	2.96393345634845	3.79105890443227	4.26188330289801	3.46145583987825
chr1:155149822-155150323	LumA	1.49193906508422	9.27455451486838e-08	3.12804249424634	3.56793823154263	3.84513490693366	4.32723142906326	4.02900471599201
chr13:73730978-73731479	LumA	1.49178363887377	1.41452467989866e-06	2.82084301866681	2.2139705169379	3.4581880873381	4.07414563461817	4.19511625673277
chr6:75203642-75204143	LumA	1.49142344103383	1.18491984605749e-06	4.01729123832938	4.54346271504786	5.22718219703507	5.53533706072941	5.18486344039954
chr3:7119205-7119706	LumA	1.49142106900547	7.82922600748751e-05	2.57337472193459	2.03742894828353	3.31348471535682	3.98310981749252	4.39232386130608
chr1:218490303-218490804	LumA	1.49129111644206	0.0001547146278962	3.6383433042485	3.72245751455327	4.49235071157597	5.27622056277037	5.35659968162781
chr1:212148669-212149170	LumA	1.49116013754011	7.76452274346127e-07	3.70812699703243	4.40579389212998	5.39765803698576	5.08362243933247	5.17987470015779
chr8:37925937-37926438	LumA	1.49047042182248	2.21720444944959e-08	2.88391755710014	2.49998263703049	3.38868028226075	3.66086670082559	3.42184334441303
chr10:37331149-37331650	LumA	1.49024111437421	0.000654678312605805	2.45108045077513	1.90479452602378	3.73575911936852	4.20024815793805	3.810964794678
chr12:113697872-113698373	LumA	1.49009303183637	0.000351034486030563	3.082996756029	2.27278211712608	4.70306235268586	4.43591178435532	4.28342831300812
chr5:7660843-7661344	LumA	1.48988069733788	0.00078416359812973	2.95950216975482	3.23013526692558	5.97256292648137	4.42195482362555	4.79300988296543
chr10:37481450-37481951	LumA	1.48933771358031	5.87490067761171e-07	2.77274367774236	2.64206864435055	3.95505959835583	3.93523953333468	3.51146164094428
chr12:26502829-26503330	LumA	1.48765072089478	3.05211051610649e-07	3.51789280469705	3.30048073249523	5.22454950017935	4.99051860694274	5.05357940413997
chr8:96362965-96363466	LumA	1.48761198668687	9.61804274270423e-05	3.35828776251558	3.82358283736724	4.80979956432504	5.04482191707539	5.18576119564149
chr4:83904928-83905429	LumA	1.48740871560658	3.4243274490864e-07	3.00306468223	2.35068457726867	3.94342325800168	4.44188586553969	4.38811194069363
chr7:148390324-148390825	LumA	1.48694602201005	0.00064459614158053	3.12090228322669	2.63145032822617	6.07347797966098	4.48739886537892	4.83215265300333
chr1:117196615-117197116	LumA	1.48664046033329	1.4680275509446e-05	3.07966097399561	3.57696961937557	5.18861892559486	4.32227500625335	4.58163355293014
chr1:209534448-209534949	LumA	1.48584450452331	1.57085131947422e-08	3.2341801265544	3.25215128583063	3.5966476088325	4.41931062260966	4.52064527085563
chr3:123451134-123451635	LumA	1.48575415883016	1.92111360641981e-05	3.63349233944709	3.06540275621416	4.65987794934612	5.2206246234139	5.36459518344116
chr6:151901619-151902120	LumA	1.4854498076596	0.000149093529721936	3.4059621329321	4.04842749475945	5.48290721933617	5.11540933757159	5.52485688158084
chr8:57066891-57067392	LumA	1.48534663314072	1.75443671564761e-08	3.17405910611858	3.04400902777837	3.21189113276675	4.17942584984931	3.62180207656435
chr7:152564670-152565171	LumA	1.48476579034407	8.37763357838694e-07	3.1465292855274	3.46609711217499	4.37710750159809	4.47959778086479	4.26116357133944
chr19:44861306-44861807	LumA	1.4846696922697	4.88678649400612e-08	3.33065700696555	2.85860386643223	4.17929664238849	4.6240082639398	4.65503237089811
chr11:40885554-40886055	LumA	1.48378300115406	2.22402829052296e-06	2.94905768357733	2.54243945005597	2.7658699262229	4.12434644375564	3.84571765694893
chr9:105549307-105549808	LumA	1.48345635445174	5.78537094051676e-07	2.63851995255269	2.37907552136272	3.23625293361725	3.60517455934598	4.04778061537479
chr7:39883559-39884060	LumA	1.48326669686202	0.000114521823784921	2.57184254577234	2.72250323610585	5.23725843469663	4.06627148456355	3.74289181651204
chr8:38472357-38472858	LumA	1.48275303010189	1.22038117279208e-07	3.77545416015941	4.1375274580217	3.91694256901981	4.59559421342762	4.10496509231133
chr16:30048965-30049466	LumA	1.48271672504736	2.87474410011899e-07	3.76952955843521	3.50662168023343	5.45985629960308	5.18064461442022	5.4448641035347
chr10:10426726-10427227	LumA	1.48263923596115	6.32320578323824e-06	2.62996866601496	2.42107850493931	4.30323101954681	3.95067979572782	3.69217011098605
chr14:21287253-21287754	LumA	1.48251336416852	4.77197125071371e-06	3.0835117797292	2.94986189299053	4.75791004894973	4.53640269289792	4.58417107951324
chr8:40409114-40409615	LumA	1.4822124275719	1.58858190107375e-09	2.94212822953399	2.35539385845834	3.34994314977948	3.96612693878082	3.82394939337871
chr3:4701276-4701777	LumA	1.48079110251649	1.54493521422382e-05	3.10776814967645	3.14676517818676	4.94150443098728	4.57368967615622	4.50999634460532
chr2:123047110-123047611	LumA	1.48015102594006	1.45338949585993e-05	2.79429256057205	2.17262218320213	4.0515125745748	4.30272829517959	4.32113623510248
chr7:143087773-143088274	LumA	1.47959851273282	8.32996219632109e-05	2.579877974294	2.10324325464702	4.05729907582959	3.83085218446405	4.12639877030072
chr8:128139691-128140192	LumA	1.47949830234038	0.000170377457660171	3.60390092591749	3.67323882565124	4.62509426891102	5.28847591591648	5.69536901014216
chr5:7808071-7808572	LumA	1.47943603590574	1.34855319332009e-07	3.18760700811058	2.90251191556089	3.04406585063868	4.29493907136179	3.75240257416064
chr6:15446924-15447425	LumA	1.47943154336038	1.01722979163115e-06	3.79441064963028	3.59516679567362	5.3944092945257	5.39962292313341	5.57297657835546
chr4:158061522-158062023	LumA	1.47932605740253	1.00617000778164e-08	2.98972990172805	2.28089907798491	2.8034326792882	3.7148858824866	3.54193174603274
chr2:53620299-53620800	LumA	1.47848196264939	1.64756939902404e-06	3.028101628173	2.87801642354389	4.55894213614912	4.49820415758342	4.46666199323878
chr8:8740792-8741293	LumA	1.47837830625767	1.03748019459608e-05	2.90190917451615	2.8753704854811	3.78466481499305	4.37674671362308	4.44166952811743
chr8:58119078-58119579	LumA	1.47831931639083	8.99272780488422e-07	3.3237645932167	3.02730486108662	4.46196293516791	4.8287488070013	4.64320279310729
chr17:57216163-57216664	LumA	1.47823988199883	2.02437414474972e-05	3.36491064601002	2.87803506929667	4.58583044373657	4.9308935831248	5.23844497188861
chr6:80708562-80709063	LumA	1.4780230395963	8.58666416312569e-06	2.81088750613488	2.44139682398571	4.98159989021147	4.06785916928385	4.25278998174572
chr6:14722124-14722625	LumA	1.47738884883789	4.13230219571433e-07	3.67824312438165	3.30562345854205	4.7460879156839	5.2280348895464	4.64556121420486
chr8:39255722-39256223	LumA	1.47724528110512	0.000183746801159087	2.63558912024725	2.08878860060944	3.65658811461207	3.59619677317407	3.81424807601321
chr12:30639744-30640245	LumA	1.47708431771028	1.00852564202773e-06	2.78203666349359	2.30502122391784	3.88778934498057	3.85453152054343	3.9276566658059
chr8:86198294-86198795	LumA	1.47646326042052	6.80338278080617e-07	2.79968294885325	2.43271347539008	3.40734148911562	4.14269163597857	4.28580163465434
chr5:107555364-107555865	LumA	1.47491418691475	8.58556300415348e-07	3.05158619073579	3.19642353216989	3.04218541691415	4.38050318700126	4.02436075290202
chr5:116319427-116319928	LumA	1.47453965635002	3.82212397523812e-09	3.09749275295397	3.00004432854573	4.70494134745872	4.20964915897199	3.93616189209642
chr7:40976956-40977457	LumA	1.47416402896805	0.000103494076693509	3.26100664029621	2.72037492414799	4.75709919460981	4.80352502080569	4.61820731488277
chr8:30675610-30676111	LumA	1.47399450095008	0.00811811530253845	3.35383729933837	2.5210841433429	4.10518356162744	5.09484501954324	5.34047977722643
chr1:207027832-207028333	LumA	1.47358427809983	0.000839544563851056	5.00677441925228	5.11030635886831	6.96732850336573	6.18633482247861	6.32117779078248
chr12:14900490-14900991	LumA	1.4735710411878	2.17457035920482e-05	3.48046461230135	3.97011757711959	5.52349131995108	5.22086668434801	5.4487195120621
chr8:57495561-57496062	LumA	1.47357100445634	6.2890719473461e-05	3.03848281223695	2.85958253753867	4.18068755579227	4.484188592519	3.932656788484
chr15:89693542-89694043	LumA	1.473488651249	6.18528681891173e-08	3.20818557381678	3.3957755829368	4.28040912535063	4.66383718114714	4.87630293254579
chr22:36846942-36847443	LumA	1.47323829409452	4.18596176857338e-08	3.0061082028193	2.97824258100126	4.46610659369413	4.07530245222447	3.76331775410909
chr16:22663433-22663934	LumA	1.47201805912891	3.39567042476492e-10	3.62336508463179	3.23139548922256	4.02404149571136	4.62063124752993	4.36529032352261
chr9:34026004-34026505	LumA	1.47197295719889	5.14319894625482e-10	3.07790410648325	2.6848396374635	3.38889177910201	4.01657378072969	3.83339994330647
chr18:55658567-55659068	LumA	1.47173322285496	1.55925022019326e-05	2.83854700339546	2.58264531324167	3.1703943489486	4.43657345956356	3.54805694122622
chr1:79290227-79290728	LumA	1.47168458584137	2.5781724194411e-05	2.73629980555264	2.45230406346785	4.33697169738947	4.02355313613543	3.89779846818463
chr4:37643668-37644169	LumA	1.47139487629927	6.28480088005852e-11	3.67750002547013	2.79835072214379	4.03660895082216	4.81340960757209	4.74962956313987
chr16:65479983-65480484	LumA	1.47056737872715	3.09158946347196e-06	2.96125186348303	2.56919356923268	4.8221281607226	4.42352198908448	3.95798073091415
chr1:15979076-15979577	LumA	1.47010542060769	2.78266601737329e-07	3.28177477423929	2.82768032917101	4.07226095741394	4.55853269735077	4.50904201425263
chr3:61064791-61065292	LumA	1.46940919876904	5.14075063021332e-06	3.17913862227568	2.53767252508304	4.84725792139764	4.43969121026241	4.4611341579515
chr15:86863929-86864430	LumA	1.46926645600723	0.00102619866376432	2.76890004258643	2.62637584603623	3.05802036419887	4.11820753391916	3.96310099417785
chr8:37595867-37596368	LumA	1.46907493260637	7.6884514030924e-08	3.85946138675287	3.85423095823387	4.42818628043088	4.86429607013212	4.81990850613123
chr8:93824959-93825460	LumA	1.46884552610119	5.52495774265845e-09	3.86081286326945	3.8519371553825	5.20062918446372	5.15610043017975	5.23356054642078
chr8:70270472-70270973	LumA	1.46876078667912	0.000144980841282729	3.39636403852739	3.19568342138808	4.26612287740694	4.77804121679342	4.97400084865741
chr16:16856511-16857012	LumA	1.4685357575689	4.16332886683963e-06	2.88862804844926	2.37894930706977	3.65655495875978	4.24661868092041	4.44875435245077
chr1:53915022-53915523	LumA	1.46848040431515	1.34989916163114e-07	3.05760679158716	2.73453899694214	4.02784285378829	4.2416670604501	4.29675040350173
chr6:139856576-139857077	LumA	1.46831042451025	0.000372373170694155	3.26565976734001	3.41459091903079	5.24365021908856	4.96433897498686	5.2943378492995
chr11:130452121-130452622	LumA	1.46808521432764	2.01935019268054e-05	3.49080541153647	2.51336916422058	3.95184134437497	4.88183992794633	4.50963178225707
chr18:36465857-36466358	LumA	1.46790093681224	7.72761762405769e-05	3.62561517753575	3.09169470321983	5.04342612092518	5.15288080852428	5.23243960067998
chr1:148433644-148434145	LumA	1.4675643450189	1.9248523977731e-06	3.6178941738451	5.307423328996	5.04398928464326	4.68911588502184	4.40260776797009
chr8:93285884-93286385	LumA	1.46754543490729	3.45524898189187e-06	2.93879088144016	2.45634882665837	4.22040723731621	4.41745532630493	4.06108723963322
chr8:38122351-38122852	LumA	1.46746714092835	1.11916457266955e-10	3.14358208177387	2.63477596741815	3.46130405331034	4.15697692583442	3.55539224319102
chr17:40576690-40577191	LumA	1.46696772103291	1.25079730089158e-05	3.40760154902756	3.14893502267443	4.58749954570236	4.84613296977469	5.18298966031975
chr14:94450034-94450535	LumA	1.46658375350205	7.97100978869761e-05	3.07945580839972	2.5848637301376	3.82453022492459	4.65046095048655	4.90905067166703
chr1:228250649-228251150	LumA	1.46600202055457	2.98968897627549e-08	2.8545608492909	3.0263605190463	3.41704847610701	3.49793600276845	3.53616691575339
chr15:57263439-57263940	LumA	1.46595855604537	1.85419082754408e-07	3.50040254463111	2.93632139265705	4.74935075882447	4.70326609702098	4.95112580190304
chr8:40207102-40207603	LumA	1.46583977194812	6.26546911354832e-10	3.39444368941656	2.99264205270563	3.44412896557934	4.18817445129885	3.80307262751026
chr3:4715540-4716041	LumA	1.46568246274996	4.94130835997417e-09	3.55473563563607	3.31758445908267	4.6704626690788	5.0496490020627	5.06206965160594
chr17:14736587-14737088	LumA	1.46551168331417	2.44068648197561e-06	3.33361195185979	3.84002013046937	4.42461635825069	4.71658850130322	4.66272854910881
chr2:65044293-65044794	LumA	1.46515422748355	8.06924607485003e-09	3.85753092085267	3.66821289785243	4.98233716238417	5.20733842463916	5.0319866580599
chr17:41422027-41422528	LumA	1.46506834748665	7.72984329204137e-08	3.56386632950181	3.3535785054779	4.32582861388486	5.01106393535344	4.97763638263642
chr14:102724574-102725075	LumA	1.46464459867198	2.69094127610601e-08	3.2659828887664	3.07549824341133	4.92442710535274	4.48383346995269	4.42407495132861
chr19:16045092-16045593	LumA	1.4645464464751	4.59671089653444e-07	3.41083936206422	3.68629954607969	4.84482477807937	4.85514375700828	5.19399822143323
chr20:42476898-42477399	LumA	1.46448222038605	3.24896896068035e-06	3.37390533968827	2.89644993982729	4.24145412627974	4.8312206423065	4.91289635951747
chr18:9427539-9428040	LumA	1.46423802933648	1.06083140853264e-07	3.61126992040283	4.13762324914967	4.3312094211835	4.68085716775337	4.48766759126628
chr6:34552246-34552747	LumA	1.46420916176746	7.34676128675404e-06	4.11808297022263	5.3371573948221	5.605330634549	5.63134327567698	5.47177016383681
chr15:90477561-90478062	LumA	1.46383236973867	8.9754478137155e-07	3.48784751040151	3.46048247681931	5.61900694281096	4.92303159169781	5.07817471544774
chr11:77911516-77912017	LumA	1.4636346871488	1.52941936484309e-05	3.04844855372096	2.62318824501088	4.47795295119321	4.21746606550332	4.13418792481763
chr1:23225791-23226292	LumA	1.46300797950499	4.54103182871753e-07	3.51787264832688	2.89823200057376	3.89967993018108	4.87357611835194	4.03262897931509
chr8:38480409-38480910	LumA	1.46277641061329	5.71924292558375e-11	2.97501877055411	2.90026109698101	3.01480604591232	3.51449431368862	3.26342412607932
chr2:164092112-164092613	LumA	1.46218721186453	5.97023325507287e-05	2.55573149016577	2.14012768963494	3.44332883269191	4.00905861716821	4.32495755086784
chr2:31559497-31559998	LumA	1.46188190453996	0.00037950331164265	2.88291961472883	3.0143174623069	5.35134538108969	4.46455495741464	4.57768342190974
chr7:69774537-69775038	LumA	1.46171981948158	1.13238190366179e-05	2.94338994494255	3.54952013763485	3.78367698341221	4.44047130078621	4.784536738837
chr8:38434218-38434719	LumA	1.46147382540308	9.31879887663817e-10	3.17960736653978	3.17789360458939	3.25200784250679	4.09956241360267	3.73326550021751
chr4:6660283-6660784	LumA	1.46140354215963	0.00168168587049917	3.35301533346027	2.77898518786497	4.7647874730665	4.76600716072366	5.42111178304501
chr1:184757827-184758328	LumA	1.46135142793044	0.00237324729002833	4.1716340339323	3.90912945600752	5.70272925893711	5.64551968693288	5.65275820797214
chr8:29338083-29338584	LumA	1.461259147283	1.06083140853264e-07	4.11941561658013	3.8721648950341	4.7065123863466	4.98612558488451	4.60212004215002
chr14:53957737-53958238	LumA	1.46100183245119	1.31704633010946e-05	4.14255243666698	3.1193699279627	5.28880235854691	5.41649377356649	5.16445573437581
chr8:73891760-73892261	LumA	1.46066576489915	5.5544019456308e-05	3.31801951354477	3.2463693772091	4.98747288165721	4.72214918932337	4.94682321113803
chr22:34704453-34704954	LumA	1.45979382108857	3.79012622432092e-06	2.70774186028129	2.1793454207605	3.24105659669773	3.48654785486822	3.59367286141537
chr15:70276792-70277293	LumA	1.45976318080796	2.45516804457467e-14	3.40961157908444	3.38560370697117	3.9534631961919	4.48000112868281	4.11814151684729
chr8:92998823-92999324	LumA	1.45967503667571	0.00309698454574295	3.02636994278607	2.51368502110527	5.17112676862861	4.74106020887553	5.11392751122632
chr8:34290076-34290577	LumA	1.45955131184013	7.73410625183044e-07	3.1563295749128	2.95153878001527	3.93826032062049	4.29635700854308	3.97395141947639
chr12:41777932-41778433	LumA	1.45947298921787	6.19577867145961e-08	3.29678011605385	3.22403283081148	4.09706665823527	4.3926479719355	4.13625331688083
chr16:27555901-27556402	LumA	1.45937955865157	0.00076878355402875	3.39782210781721	2.82969206396769	5.04674920933998	5.17717645986481	5.52713234140704
chr2:35785540-35786041	LumA	1.45879193514521	2.49648521676268e-05	2.70470128949895	2.83829977599132	4.58911578484846	3.99638421690844	3.44503333837024
chr3:104612617-104613118	LumA	1.45861625108937	0.00112092643385923	3.2466314625169	3.20749870910384	6.34098120263967	5.16118087342659	4.96276051765879
chr4:140692502-140693003	LumA	1.4580922953009	1.56536890969268e-08	3.38085487458613	2.69044538203731	4.28312168271866	4.80858361737591	4.80440440688122
chr2:197510927-197511428	LumA	1.45790710918344	2.15991904983438e-05	3.28067318036319	3.77995368848597	5.68227182788785	4.76711839186741	4.96985735236635
chr1:164472825-164473326	LumA	1.45779680161742	6.43332464738498e-06	2.86382330933923	2.97332195114572	4.36802419625169	4.09721984399912	3.62217792056585
chr12:93874704-93875205	LumA	1.45772276170652	0.000369217164920009	2.61418730420506	2.00074983796101	4.63041854281303	4.14195580380397	4.6144375311171
chr3:134360531-134361032	LumA	1.45730942649347	8.02948813641584e-11	4.09766444185038	4.10747719258499	4.41806521278864	5.48175459291472	5.05019580754121
chr8:86243600-86244101	LumA	1.45710494292684	0.000954955702918004	2.85491989210551	2.76397759898525	4.11067747680866	4.31932701694769	5.05986794482126
chr1:152630631-152631132	LumA	1.45708861964538	1.69213385680365e-05	3.16515135965163	3.38595654438743	4.72096625505568	4.22869040658923	4.46090773969169
chr8:37471194-37471695	LumA	1.45698209631135	7.54431371317936e-08	3.29824643797187	2.48856051393833	3.43999434609919	4.17012957042626	3.99058616357622
chr7:28951300-28951801	LumA	1.45691922700126	4.37776133147509e-05	3.16807270743233	2.88690126875648	5.36066354999273	4.76411755636354	4.76836651593722
chr13:44407734-44408235	LumA	1.45656619326292	3.21730129665018e-06	3.71578119948674	4.82656079143366	5.65306094520138	5.10421119720497	5.28287425777341
chr8:29334375-29334876	LumA	1.45580894189301	4.27403189304847e-06	3.5333685328088	3.28386086242975	4.36551521567067	4.72797043230523	4.1582003277855
chr8:38447490-38447991	LumA	1.45565432668456	5.38845644658227e-11	3.05527748683432	3.11595126786215	2.92162021070636	3.80388545795822	3.02362266294443
chr10:19154445-19154946	LumA	1.45557622213563	0.000767108721788615	2.38884545438194	2.19763483087012	2.65934824058125	3.90723408619819	4.01347369593897
chr15:87520415-87520916	LumA	1.45527601647574	0.000635748902286861	2.55821179385932	2.17528694678512	3.11234428106692	4.11895269317723	4.13445581375813
chr1:246092501-246093002	LumA	1.45527349668783	3.29884788641219e-06	2.5166527006777	2.56731433551171	3.33844455855937	4.04864550362027	3.7734217556223
chr8:38455115-38455616	LumA	1.45519096805232	2.59421802123121e-11	3.13184137940453	3.09641499017436	2.81408951585026	3.94094423423712	3.23727509491221
chr8:74737076-74737577	LumA	1.45494621889973	2.47062278012906e-06	3.26241819908705	2.92442083239157	2.99342368474079	4.50941969740864	4.17560918997095
chr20:33670799-33671300	LumA	1.45401929140318	5.0865381998276e-07	5.13546214748963	5.18920770051951	6.31919325519767	6.54543543848033	6.82241071252344
chr14:63666246-63666747	LumA	1.45390387227808	5.83056500029832e-06	3.09910861043818	2.58168731726564	4.41001014454008	4.46569440648138	4.43301804012655
chr6:33989169-33989670	LumA	1.45378117134948	1.40623101032661e-06	3.93700849366793	3.58357481751695	5.50091374388344	5.3462048057847	5.39575357903334
chr3:155724047-155724548	LumA	1.45272197473584	6.2890719473461e-05	3.09370930403437	3.36522105265264	4.81952800518063	4.25824077951959	4.45935649768189
chr8:109116675-109117176	LumA	1.45270085578845	3.28382020561572e-08	2.70350767768146	3.03014342300309	3.60446225699948	3.710475734747	3.31365634632376
chr17:67990917-67991418	LumA	1.45260995754196	1.40026591877815e-05	3.84295069965133	3.42067992012436	5.50535914982405	5.35117524761344	5.80459951566859
chr8:61784947-61785448	LumA	1.45236507535497	6.85583380573454e-06	3.5484689778943	3.08309407708011	5.01647011584842	4.9397575658162	4.89942209042905
chr4:160458986-160459487	LumA	1.45226945366678	0.000581091744645081	2.74099702626307	2.0515277048726	4.85972977945145	4.37145742310078	4.9246361925988
chr9:116418650-116419151	LumA	1.452179245826	8.85009921771474e-08	2.8980779917821	2.20766215173626	3.51946490157034	3.86826353570108	3.72771142699786
chr10:35034283-35034784	LumA	1.45200158902924	3.06363825138997e-05	2.99331262387232	2.81462626606102	3.48007609140272	4.22381773459251	4.03640247984831
chr19:57808313-57808814	LumA	1.45134910907242	4.07247043542363e-09	4.06434223581647	4.02992958880562	4.95621227038332	5.29610017502899	5.47774999275319
chr1:226698557-226699058	LumA	1.45124034684428	5.265012776062e-05	4.62343823754013	5.8470030737818	6.64707957713488	6.09161440704512	6.60525783057423
chr10:99443378-99443879	LumA	1.45079952972593	0.000157466831796279	3.0876167028685	3.40182067180245	5.51367428887062	4.47808230239762	4.64989621032183
chr2:215981749-215982250	LumA	1.4507184147062	1.33527471332182e-07	3.82545455749071	3.91561263075071	5.23008908989244	5.36228209399656	5.42135445559054
chr14:105994673-105995174	LumA	1.4504175350948	0.000324397574511848	2.77445615411946	2.15085710883484	4.1467514060524	4.44816135001121	3.92572348303223
chr9:106966369-106966870	LumA	1.4499332339531	7.58185434987475e-05	3.1141924247161	2.70592326090044	3.90549541142397	4.2730904384268	4.06390858430409
chr12:60714405-60714906	LumA	1.44968340395741	0.00109115803620703	2.54233679806542	1.70589839654559	3.61529914846541	4.23848057516484	4.00069704564495
chr7:132216798-132217299	LumA	1.44939861462261	9.46575738580868e-08	3.06759105976468	3.52517922365359	4.12076271233502	4.27855079707766	4.20126083054342
chr3:148731488-148731989	LumA	1.44932859597609	0.0001021374694517	2.88179064474127	1.98626601029904	3.28839673441002	4.02849958094621	4.09999544048482
chr15:70385901-70386402	LumA	1.4492896330295	1.9189737589543e-05	3.02112465140166	2.53475173755932	3.36861899244526	4.32589983726969	3.87014008649858
chr3:57203764-57204265	LumA	1.4491378354686	4.14384795413888e-08	2.76349864595985	2.4719231101992	3.4113730104248	4.0310240376805	3.87638495074055
chr10:125626142-125626643	LumA	1.44907105446438	0.000335721798877243	3.48699449536245	3.29129219927195	5.17283197115852	5.10996821712399	4.99628850730063
chr11:34573801-34574302	LumA	1.4478517251114	1.28265316916735e-07	3.10935593360124	3.98849374637191	4.12886840332878	4.45424610429623	4.2949285459783
chr14:37620276-37620777	LumA	1.44766304596883	1.66050646687541e-05	2.86375383505518	2.59910823659639	4.41995657266191	4.41562850367503	4.2341726361309
chr2:20077817-20078318	LumA	1.44757370385355	8.59533348492184e-06	3.54886506661	3.8806033092374	6.02402513628137	4.87815053556088	5.14482158445102
chr16:15854015-15854516	LumA	1.44682232619201	6.07634796412699e-05	2.82953008935949	3.0706653400035	3.36697323541161	4.44348726688051	4.47682540082823
chr10:123377310-123377811	LumA	1.44656660665297	4.27679335601697e-05	3.06473205723969	3.74681565610054	5.66727999254523	4.63997835540618	4.80539224041339
chr4:166012403-166012904	LumA	1.44560489028977	0.000589655048694792	2.92593041417068	2.43220887987967	4.1847945827154	4.08855080184559	4.7398994695512
chr11:18080369-18080870	LumA	1.44555433110126	2.44644988342504e-07	2.81895570529027	2.37815065815936	3.40198000497293	4.27031686147459	3.78903567022832
chr8:37184727-37185228	LumA	1.44546926196474	5.91854676924628e-06	2.8499014841684	2.64646631115525	3.26315883903071	3.96477383243114	3.67076941865696
chr14:44594922-44595423	LumA	1.4452476086453	7.32931584880442e-06	2.75463060403075	2.30133623713267	3.80655278538383	3.89223909584182	3.8859492421553
chr14:91837676-91838177	LumA	1.44501264819006	5.92720290489421e-05	3.79813374635672	3.6796430896446	4.99651049024868	5.32855947563787	4.94684943277439
chr8:68714029-68714530	LumA	1.44493334553455	5.88759946793717e-08	2.99216293799916	2.75335563670299	3.40272827007246	4.23052694080483	4.43515678767022
chr9:92857155-92857656	LumA	1.44492648848387	1.88871533327218e-06	3.02814578913442	3.21573240418858	4.75790126897735	4.30413978869912	4.7926478586911
chr8:71722767-71723268	LumA	1.44442542314346	8.44665267196318e-07	2.83552570495045	2.44773304490041	3.06045447014867	4.16452205285522	4.24328017865975
chr3:57634241-57634742	LumA	1.44439338007266	2.86597207824801e-06	2.74493344739392	2.67269182160883	3.43758679560363	3.93528153699104	4.09920146074781
chr16:10545771-10546272	LumA	1.44424752160441	5.22661710414855e-08	3.32094053127253	3.94228138854537	4.79080173500858	4.43194993693124	4.32611413994831
chr10:127134031-127134532	LumA	1.44397836216997	3.28864505276309e-10	3.28881979729715	3.18411060405484	3.85294546153152	4.2311410690489	4.08859277285799
chr9:120014840-120015341	LumA	1.44373178662505	2.21028328287846e-05	3.23093320585151	3.5385048439124	5.09669545077996	4.26102699144286	4.21094964594737
chr13:79044330-79044831	LumA	1.44349206244465	5.87754232396771e-05	2.51157198233005	2.30551696486385	3.60625011691287	3.37049413183216	3.07796570111908
chr10:125289434-125289935	LumA	1.44320829450593	0.00169392075864504	2.60788786980632	2.38336291828927	4.83164156225619	4.23770365267492	4.23308048858794
chr5:3724735-3725236	LumA	1.44300026677509	5.08817354197922e-07	2.88152226247271	2.90726323328584	3.61415952554787	4.3091351313222	3.68760799432163
chr8:41102954-41103455	LumA	1.4429069031483	1.73016112970742e-06	2.70338380435498	3.53477264605475	2.65755312310412	3.16155929261347	3.08318027107105
chr5:15392785-15393286	LumA	1.4413602337107	0.00117010056284456	2.50134169139202	1.94924206698006	5.11472563742866	4.05878021395199	4.65573526864096
chr14:97831820-97832321	LumA	1.44123889609524	2.43304312838476e-05	2.74386911006308	2.27455257820715	4.60749494306375	3.89265246840689	3.4908980612667
chr21:36584911-36585412	LumA	1.4412308232028	0.00128320750296408	3.09050271679412	2.57852312773303	3.99651453527836	4.7906099979465	5.05314623731713
chr20:50817699-50818200	LumA	1.44087968817217	2.1611068068548e-08	4.55042868946831	4.3968406036997	5.51860885881147	5.80908334005838	5.83670875538198
chr8:117237804-117238305	LumA	1.44067663839205	2.70133642125111e-06	3.00764609463044	2.69549264941873	4.62282724169087	4.35441207603229	4.63310363467013
chr1:33148238-33148739	LumA	1.44066623838304	7.81275181277524e-06	3.28021212704199	3.31850965462325	5.43298233606448	4.65079356524759	4.76754025153352
chr1:36331386-36331887	LumA	1.44053748939916	3.15038564622859e-16	3.7255168061131	3.62648797997902	4.27858688065271	5.01414186767815	4.5340772100899
chr1:186997860-186998361	LumA	1.44036216052999	0.000274581101831802	2.67179534007339	2.15281571363239	3.73173723551122	4.05066868404184	3.5519802828894
chr11:18733729-18734230	LumA	1.44035118158921	2.71734056887431e-08	3.31793950405678	2.91059097464241	4.26854173270253	4.22385254499453	4.13470467644863
chr8:142333831-142334332	LumA	1.43997513873011	2.16493585732959e-05	3.45128838777644	3.79899352245659	5.39356704481989	4.7476788560508	5.12372788778824
chr15:46572575-46573076	LumA	1.43867999224509	6.32913940949905e-08	3.08188677332566	2.79558625823776	4.16850047108755	4.18937537907564	4.22098198279419
chr3:40731824-40732325	LumA	1.43855752054002	6.08225679439833e-07	3.20316411201035	3.89389835277947	4.89692279242184	4.34774664058573	4.21090789838249
chr15:72488413-72488914	LumA	1.43841631821604	1.70838633856491e-07	3.35171027372735	2.81295976105867	4.31360821791016	4.63335725660542	4.31150173486143
chr1:203404528-203405029	LumA	1.43824458546283	2.19641319043364e-07	3.72610153247702	3.92237151934636	5.17966554788128	5.06922516169944	4.63587176997692
chr9:108088638-108089139	LumA	1.43752826224713	8.92475095839638e-05	3.46624136730228	3.20472087957225	5.13691170981976	4.74441656158312	4.57823748218344
chr7:9030802-9031303	LumA	1.43734866433316	0.00066180892771128	2.96625303623748	2.47983163009824	5.36927295238999	4.2625913846765	4.1852219509749
chr8:99531098-99531599	LumA	1.43630399591036	0.000122457345373542	2.62483729622977	2.28413353542503	4.4593033969176	4.21812820565835	4.51387364434405
chr12:60910509-60911010	LumA	1.43615688083064	0.0024432561847179	2.56684595332238	1.83607200841888	4.41333022360941	4.27453946056675	4.85731162755906
chr3:71540039-71540540	LumA	1.43602053977229	3.78837038528127e-06	3.10955907554106	2.96668297036206	4.60655166467754	4.33956930620658	4.84727620094007
chr12:88820697-88821198	LumA	1.43570716293674	4.72536505790446e-06	3.06472285016158	2.62426746224159	4.72028672191919	4.41135821598365	4.75209682320406
chr20:51314805-51315306	LumA	1.43568649121233	1.69714036109578e-08	3.31669353475535	3.65494500885717	5.13543446377551	4.34165433050768	4.23539699783075
chr12:79116653-79117154	LumA	1.43567932367547	2.01549073721605e-06	3.04167894817895	2.39253229006085	3.1709061090145	4.26490998530194	4.24177810846114
chr11:79872157-79872658	LumA	1.43517012737026	4.27974464427284e-06	2.60007372591039	2.4696198486916	2.60930681322113	3.62597727616697	3.3651347673208
chr12:122728084-122728585	LumA	1.43479602733102	8.77948429692975e-07	3.40082109486437	3.33812043359449	4.30058504998135	4.99758243154069	4.62942960302144
chr22:46019261-46019762	LumA	1.43454553705898	1.6426928092552e-05	3.8657441625671	3.87408056085222	5.94574447648649	5.21631411448391	5.59472495447906
chr11:17279812-17280313	LumA	1.43440792603123	2.03516109984913e-06	4.13166536017942	3.9136812855031	4.94841443581206	5.28417567070915	5.16531035694819
chr2:154674830-154675331	LumA	1.43407907457054	0.00233112395519714	2.68094881022734	2.13350110372438	3.19473899573634	4.24882743746978	4.71188360480283
chr1:241588592-241589093	LumA	1.43400859225397	2.27426849992719e-06	3.32743581716568	4.10746640583791	4.94674665056111	4.62229483911688	4.4335729314031
chr1:46128301-46128802	LumA	1.43244023963021	0.000153629007238628	4.69182422063425	6.78393932134119	6.96546114066664	6.19681559250014	6.48059859922695
chr8:86202960-86203461	LumA	1.43233172143413	7.89484117759198e-07	2.70562999648322	2.66681813443531	2.76679585409642	4.0260556566608	3.97462488662048
chr10:107610321-107610822	LumA	1.43227194294602	7.18460568369684e-05	2.95036152805084	2.3954903867064	4.95857443701188	4.46843375380348	4.74571979015547
chr10:26987848-26988349	LumA	1.43202469176464	5.37181042050368e-06	3.38329285291117	3.19713379554938	4.79747305069661	4.77745391051949	5.20530874966378
chr20:42613381-42613882	LumA	1.43144431652081	5.26391944523703e-06	2.82925987145087	2.68870871317416	3.72765922932619	4.19230433469249	4.20573998829382
chr1:203061806-203062307	LumA	1.43120451840666	3.38785566176782e-05	3.09305895555382	3.35182302387807	3.98212143668558	4.49641614698853	4.88459745230971
chr2:42561593-42562094	LumA	1.43119868958122	2.94708362242597e-05	4.18049837444047	4.3560590005243	5.88345001870873	5.70154728259873	5.53771168974452
chr5:61967374-61967875	LumA	1.43087926734035	1.26018025492319e-06	2.96540456362901	2.26325540144419	2.7710023362959	4.19096160576696	3.68925840751984
chr1:156048662-156049163	LumA	1.43066815893176	4.29216684341031e-11	4.34796400310567	5.38679947159449	5.38327843874062	5.56373030581784	5.17274700070402
chr4:106285710-106286211	LumA	1.43058856618901	1.15908387227076e-05	2.76995910872973	1.89079735102293	3.32481526263751	3.92846472003133	4.5764010859488
chr3:124500720-124501221	LumA	1.4303788101132	4.57107282853495e-10	2.91705313216082	2.64049257961916	3.69637474710055	3.83754429809024	3.57256638160078
chr8:38062032-38062533	LumA	1.43026352551686	9.15029271806024e-10	3.5108848558373	3.71826686804008	4.30562866594034	4.23494866009129	4.02443080653134
chr10:76927111-76927612	LumA	1.43020330369	0.00154909649662925	2.48303036407271	2.03376325135578	4.91109238753686	4.17013594171402	4.45835733867407
chr20:52239047-52239548	LumA	1.42917329332258	0.000113100305168089	2.84636983255718	2.09969941779569	4.38911363450913	4.24788574544298	4.3304624013713
chr8:117577224-117577725	LumA	1.42901458049852	0.000474585429510823	2.65343915194855	2.33904419195715	4.38021006177103	3.97295299289941	4.57413400119949
chr11:72083377-72083878	LumA	1.42823207228843	8.27359926894799e-12	4.38108057712038	4.24043244978092	4.95198483139656	5.64093202995849	5.59288769308522
chr21:30443127-30443628	LumA	1.42808106220074	0.00132783948715146	2.85152347623246	2.3505811540368	2.28100978767539	3.85403273454972	4.3825226850963
chr17:20958330-20958831	LumA	1.42782683073354	2.86459523806991e-10	2.98356546532051	2.18850514514849	3.54152160445019	4.23769285023223	3.9418117095747
chr6:94060702-94061203	LumA	1.42684846482572	1.02257771038902e-05	3.10192702470164	2.76157811678156	3.91335916525339	4.10292518520827	3.62368203330134
chr6:161568825-161569326	LumA	1.42681105214968	2.02037962070092e-06	3.00195289037795	2.88859490813306	3.4742639805845	4.18940712765166	3.45227290819317
chr7:143140736-143141237	LumA	1.42656570334951	3.87596891819256e-07	3.05032758689509	2.97552872515666	4.00819192692051	3.82189827194974	3.99697823017538
chr8:143767302-143767803	LumA	1.42646924246659	0.000286935593685069	3.91118708543411	5.61397242044918	4.79655422831341	5.19634529063889	5.30123210198795
chr17:51792489-51792990	LumA	1.42605182774946	4.77197125071371e-06	2.66103974158287	2.06116434701757	2.81914990975962	3.84334581116824	3.56608832148941
chr11:78577075-78577576	LumA	1.42589490385596	4.49889900768686e-10	3.95106739266942	3.83703175679394	4.48901798829503	4.88606107287565	4.38913706536477
chr8:125021165-125021666	LumA	1.42575919283927	4.83430380381992e-09	2.91414090989979	2.87191960860455	3.12897173641905	3.56259722979638	3.65725271488711
chr8:116084977-116085478	LumA	1.42559188174948	1.29180401685365e-05	3.17278610923548	4.27121855897238	5.01726936589296	4.52346579890345	4.95706154565387
chr8:29330222-29330723	LumA	1.42496561392421	4.3045473300517e-08	3.50234744629228	3.07261944325064	3.80939690645297	4.38591265401229	3.77440187057459
chr14:100038497-100038998	LumA	1.42475533177379	1.12003172715953e-07	3.54409360919775	3.42182772135361	5.13801920110484	5.04576246144478	5.07746254007285
chr19:28042434-28042935	LumA	1.42460562037499	0.000770673166453903	2.7924873662256	2.44797073155692	2.952502805267	3.78335439610697	3.92714451978978
chr8:74698532-74699033	LumA	1.42452454083955	3.10649560753503e-06	3.1906441534878	2.98827517018703	3.30436351202673	4.39168521651999	4.26248354750361
chr22:46534691-46535192	LumA	1.42421613273191	1.79293317634757e-06	4.48182859111128	4.27575377667918	5.01120058094616	5.71188676618621	6.24550896985129
chr17:82758858-82759359	LumA	1.42404779359783	5.92766761921521e-12	3.80155078000141	3.90658122476349	4.03838675521087	4.79921564968707	4.90207986642647
chr11:129379161-129379662	LumA	1.42384330989565	0.0002997861862615	3.03450522852689	4.13439108458203	3.19124951314907	4.21206809281635	3.05214818253714
chr6:151898985-151899486	LumA	1.42368137427551	8.10254606675964e-05	2.90212979396023	3.38587094797475	3.71884327095678	4.21884421594557	4.77547648206851
chr5:37433693-37434194	LumA	1.42355811905893	0.000118232981360922	3.06439876002103	2.48921321219881	3.86806881685846	4.44298802711557	4.83475467554198
chr1:37493787-37494288	LumA	1.42339401666887	1.01814694141139e-08	3.23011922118481	3.07716085644137	4.4459637556092	4.51144234956167	4.69080016534615
chr16:20677500-20678001	LumA	1.42311297458636	0.00078260207430777	4.28444962769432	4.03264951427294	6.24421266903577	5.89878281226951	5.78643720520467
chr13:34336152-34336653	LumA	1.42221266922742	0.000272633673722075	3.06711520926809	2.24528050189527	4.62941578432948	4.71494444837648	4.52122499696939
chr8:37686134-37686635	LumA	1.42212655585279	1.30232294913951e-09	3.03349941973901	2.90836935782767	3.05204931993433	3.7564680800491	3.73962034064109
chr3:40161643-40162144	LumA	1.42209060167948	1.320038415927e-06	3.19550614066974	2.25085033414102	3.00294119621795	3.87037591733493	4.06466961782321
chr12:114587282-114587783	LumA	1.42207815685601	9.38319320925608e-05	3.0067534229085	2.25811243873348	4.66964733325987	4.30129884485914	4.29436617808002
chr4:174595491-174595992	LumA	1.42134336536497	3.36386472704377e-05	3.24318538196942	2.66798492882594	3.93280256251109	4.45585445451233	3.72932407861078
chr9:129755554-129756055	LumA	1.42130905969524	3.64938297916759e-05	3.52413730779206	3.4066750090434	4.20766053906512	4.95751236075277	4.88594349853347
chr5:58075749-58076250	LumA	1.42123046106977	6.88445718665533e-06	3.31749699580598	2.66729406156634	4.51307612661701	4.55471260530154	4.74109696222126
chr12:54684222-54684723	LumA	1.42115887790194	4.23792827439016e-07	3.62293589164072	4.77027147183204	5.14236169677976	4.92048126139184	4.32557849719419
chr4:40203292-40203793	LumA	1.42067060182212	3.26808248862934e-09	3.58874975677072	3.35708618601779	4.40279167080742	4.61354887166033	4.7015335508832
chr8:105920955-105921456	LumA	1.41891158002219	3.85156480638226e-07	2.71000997207997	2.61487376542644	2.67203778403739	3.79157244995779	3.45076799057223
chr20:52167587-52168088	LumA	1.41871285909952	2.14072395730334e-05	2.70595744756245	2.31249413094117	4.19073852108803	3.80646321712859	3.96135370879683
chr12:68404287-68404788	LumA	1.41834592211889	3.58292678495226e-10	3.16739324891424	2.66580255929425	3.49909169657749	4.42175838737391	4.02115676376424
chr7:149840596-149841097	LumA	1.41792459855783	1.69943967678479e-09	4.14424120164458	4.55892902569052	5.7857313337207	5.48672557467462	5.18464128579458
chr8:133622935-133623436	LumA	1.41752990067505	3.05211051610649e-07	3.35015612617731	3.47607426353251	4.25356195604392	4.6495285458276	4.66523146939012
chr18:26686939-26687440	LumA	1.41713810497766	0.000829559718451516	3.20193100595081	3.30181123188419	4.6215077971891	4.69361003812993	4.40148813923378
chr10:95332523-95333024	LumA	1.41688498279337	7.51464206316703e-10	3.34658382131307	2.49355745307102	4.54827198622643	4.54634591693851	4.30472000187378
chr19:7808028-7808529	LumA	1.41672162889678	6.51335953556303e-05	3.63020090371729	3.45405860616721	5.93694467095217	5.15447057223104	5.6496996228212
chr6:34544140-34544641	LumA	1.41644356279418	1.17109685669855e-06	4.48244903148511	4.9485669949382	6.18691264440173	5.94463793944367	6.11047908868094
chr1:102836928-102837429	LumA	1.41501789181999	0.000381198877854989	3.33239151194219	4.34548096174718	5.65848658379815	5.0537708611322	5.29545122037181
chr4:59630915-59631416	LumA	1.41472994952319	6.92892920419592e-05	2.65094443813968	2.15848088484816	3.46621440590319	4.06303159741292	3.95222422175552
chr3:84880238-84880739	LumA	1.4146894421435	0.00126471904135757	2.55810670031662	1.78116618022289	3.06871972424761	4.08635581755398	4.07004864253816
chr6:161193451-161193952	LumA	1.41444202907198	5.67189950001286e-08	3.06849548319702	3.32395355675499	3.4599103425579	4.02252302004272	3.65949474830007
chr6:109796553-109797054	LumA	1.41435710026203	8.37641099752788e-06	3.2694025963111	3.17424976903647	5.00674179672705	4.69052297038956	4.26059118987445
chr1:64872357-64872858	LumA	1.41412096219638	7.14010642129599e-07	3.1029235137101	2.3695830702243	4.19706677230322	4.52275835234991	4.52991483769456
chr2:131547678-131548179	LumA	1.41362413820869	5.22589461311252e-05	2.62334745487711	1.97875161421286	3.38756658528997	4.1230432190611	4.62510565303293
chr1:241800685-241801186	LumA	1.41358228455733	0.000180775725899343	2.70989870451	2.74244891636318	2.94119261841559	3.91459424953938	3.78719349249963
chr18:998929-999430	LumA	1.41339577114406	7.24488649774129e-06	2.95437852661407	3.52145884353238	4.16838181609983	4.19072010319747	3.48650428932659
chr8:38452326-38452827	LumA	1.41339426277868	6.68802927803869e-10	3.17033120816269	3.29394641574378	3.06396730830821	3.95389026777371	3.38861176663167
chr3:150689668-150690169	LumA	1.41317675841322	0.00189792497427519	2.98886066791211	2.70469011959375	4.08449151836038	4.70027792583718	4.75937290963463
chr1:47024999-47025500	LumA	1.41314892945293	2.92467897643105e-05	3.20682951159465	2.98333251701347	4.10736723625168	4.32983647734025	3.85377616708206
chr2:176851110-176851611	LumA	1.41204035779324	2.20586644994151e-05	3.1064716478985	2.1907800669472	3.61447637827253	4.35734771259774	3.96976948285265
chr4:29305519-29306020	LumA	1.41167843810702	2.02037962070092e-06	2.68764573689113	2.20960444812353	3.68001809235746	3.65789273449547	3.52469495885971
chr16:65872462-65872963	LumA	1.41140460145388	2.74707678000371e-06	2.91508253495214	2.49261885711232	3.85234612314617	3.99158605009084	3.7265055799684
chr12:96946452-96946953	LumA	1.41130212146775	5.97520562085242e-05	2.80139552379892	2.57568024267649	4.28662266357308	3.91839928017809	4.17469131956275
chr13:21753003-21753504	LumA	1.41121767897964	2.28634780865187e-05	2.63842524392996	1.76340937652827	2.96986343202581	3.72543279836145	2.86875755591516
chr3:174864756-174865257	LumA	1.41099116481466	5.93003341555846e-06	3.28426748781898	4.55551653955917	4.79627110112451	4.65728183744396	4.61311535646597
chr7:100735662-100736163	LumA	1.41098149413103	0.000112036113666973	2.70231419047062	2.64611558864045	3.68894187975092	4.06985517223265	3.85513341155515
chr15:99228710-99229211	LumA	1.41082612475034	4.01494673233094e-11	2.89668590016997	2.58935718920517	3.53520449734895	3.90296920563848	3.22441068954055
chr10:116654163-116654664	LumA	1.41033844947647	0.000116346961429192	2.95611623259825	3.28734688550524	4.51423886336885	4.30142905754082	4.31645062399707
chr8:123661215-123661716	LumA	1.40986149089899	3.81566780996901e-05	4.29338313070406	6.10977260067887	6.27924179224101	5.88435797704942	5.94452314689968
chr8:38446852-38447353	LumA	1.40944886486165	2.61424831069445e-09	3.47396544547655	3.48712449900622	3.570284348848	4.24186749925381	3.70571641739834
chr16:19112101-19112602	LumA	1.40941549423405	3.97761409439074e-10	4.48252001797341	4.14336191956689	5.22452593209034	5.54378053770058	5.45554492971496
chr1:231481182-231481683	LumA	1.40941077550953	1.48032317591439e-05	2.87712983073924	2.84751164912078	3.84627766865634	4.35517801705368	4.25768126591918
chr16:20147782-20148283	LumA	1.40933599063905	8.10647020308499e-06	2.89231192774747	2.55338071356161	3.62214297320435	4.34330501030007	4.57885650008566
chr8:95095513-95096014	LumA	1.40894162888415	3.89117130849557e-06	3.40074930417926	3.46404500837179	5.26806868909232	4.59104577374029	5.20654298582446
chr2:161471676-161472177	LumA	1.40894070784048	0.000773878682633722	2.9877939623906	2.6138434822782	4.47975866527445	4.48697063297377	4.36647199536542
chr6:75061906-75062407	LumA	1.40846063507997	0.000191192109859909	2.69590587319986	2.21744145629834	4.22120930645214	4.28732382074799	4.13445127996669
chr12:122658463-122658964	LumA	1.40784444307006	0.000109860440605244	3.06510307059362	2.72200176254638	4.31843519169322	4.54588771473185	4.37182215059513
chr6:151969979-151970480	LumA	1.40770085634614	5.00527039965968e-05	2.87699441806486	3.09612063597006	3.45642449320053	4.28385864493044	4.63586011057812
chr1:155040210-155040711	LumA	1.40761550368256	3.4251016356333e-06	4.31710008632517	4.73942620320269	6.10442919349722	5.68413700350007	5.97649332564821
chr5:36287917-36288418	LumA	1.40735940728858	4.16229378157481e-05	2.96161400604252	2.04587060888113	3.77981232447987	4.36363866017462	3.99969715413399
chr8:126565088-126565589	LumA	1.40714875464283	3.13812565455966e-06	3.93534182619712	4.42516359869333	5.78034701132622	5.31856607132964	5.5806314401907
chr8:99903826-99904327	LumA	1.40706175189846	1.59764781554885e-06	3.14361541366605	3.12136235512685	3.96970679677021	4.5080626306133	4.7458339007761
chr8:99890822-99891323	LumA	1.40701022643874	2.82582997314035e-09	3.56477085796123	3.76844362035561	3.70091208290445	4.42612990832927	4.59641574015997
chr3:105152900-105153401	LumA	1.40694371874374	0.00301367512734396	2.37407495964541	1.62469869565994	3.78624624831289	4.08645344150116	3.75349766083872
chr2:10895180-10895681	LumA	1.40561887487549	3.24250205349049e-08	3.05934090010509	3.77937157945958	3.67430981799478	4.09226842745951	3.39520450777579
chr13:32257611-32258112	LumA	1.40559116554681	0.000454049776730127	3.02111930189368	2.07440662860534	4.18181065356947	4.60752261731327	4.49094914424057
chr8:68623350-68623851	LumA	1.40533429050834	3.47420243355767e-07	3.21595622519698	3.12387297348506	3.90933541333805	4.56199499108064	4.75539353543205
chr2:131546595-131547096	LumA	1.40525402116907	0.000355668754005624	2.56568183365435	2.19940085856972	3.47505559496178	4.13744164713257	4.75723552192355
chr8:38519436-38519937	LumA	1.40504709560824	3.05818763421823e-09	2.878665368429	2.26992817678242	2.6858807349159	3.365900321828	3.15854629518274
chr15:63855674-63856175	LumA	1.40473850889371	3.24646101639201e-09	2.8351427097739	3.03290188087739	3.54472117210703	3.98548864873696	3.48987763036005
chr5:179069799-179070300	LumA	1.40471196811643	0.000443582801933275	2.89765699730312	2.43429614102053	3.55378672487513	3.58695738450627	3.56166732733207
chr8:133854113-133854614	LumA	1.40408370403413	3.22600041471648e-07	3.13684822904338	3.39946955632378	3.86862238735161	4.43146907336015	4.49819031536705
chr8:116919748-116920249	LumA	1.40401615225976	7.28035029652001e-05	2.72104774850622	3.34532429176279	4.49167965888756	4.17434369518011	4.28322583089136
chr1:151259389-151259890	LumA	1.40353644363116	0.000198452085199974	3.82109213490134	6.31979135012575	6.06203708567689	5.33887173593701	5.41690240019553
chr9:126701604-126702105	LumA	1.40338712859487	4.61276880004631e-08	3.65534019364186	4.04944805874428	4.91160677764327	4.96674470803312	5.31491179350795
chr20:43394209-43394710	LumA	1.40275663970425	0.000140193834962391	2.81936592850484	1.99249589490069	4.26704723851701	4.10320451928743	4.21868751966503
chr5:103425682-103426183	LumA	1.4027160549556	6.77436870893984e-05	3.15939262076131	2.37599943771124	4.35633404412945	4.57051254754645	4.32074299972454
chr13:77050720-77051221	LumA	1.40223284628716	1.90057050807838e-07	3.22212345450526	3.07321095416848	4.15250701523171	4.49119056880482	4.22095017196502
chr8:113246943-113247444	LumA	1.40221851442039	0.00019782108479636	3.20237939306021	3.02803503726718	3.96707042458958	4.49747496123703	4.84994158664225
chr15:55193516-55194017	LumA	1.40200877187628	1.86288806089367e-09	3.28408240650196	2.63202886725274	4.87698187690329	4.39431855200516	4.22835772933883
chr8:86469260-86469761	LumA	1.40186601760706	1.44970213358359e-07	4.085243396228	4.20612840398609	4.68151618701014	5.3737349717708	5.47756465145121
chr10:83691524-83692025	LumA	1.40165107590696	5.69472885684007e-06	2.99285535545535	2.66833085613935	4.61317327992164	4.29723458862382	4.42562013380629
chr15:61528483-61528984	LumA	1.4014057402853	7.06901999954741e-05	2.82188363273686	2.333573621567	3.56517233869001	3.89544871311244	3.61358720481165
chr2:232635288-232635789	LumA	1.40109610880939	3.43811436447059e-07	3.66908267249886	4.56049380007065	4.67356821814055	5.1323542817663	4.99230919482901
chr8:87663868-87664369	LumA	1.40102176374855	1.14605771052522e-05	2.97561850293639	3.16324616298364	4.34395088282977	4.42698474097813	4.27403557519686
chr5:162029464-162029965	LumA	1.40078195140602	8.56204318669516e-07	3.06058122961588	2.33001566322712	3.77681230027564	4.1165932876012	4.05608407174041
chr6:50817198-50817699	LumA	1.40074319501932	0.000510397471268011	3.0771635986763	3.40638755437802	4.66952268506896	4.68391805031692	3.9587239579562
chr7:113870556-113871057	LumA	1.4004972526853	7.33478331674626e-05	2.92638863653486	2.37617410549645	4.65053764982369	4.46592452423391	4.48802804397832
chr8:38585392-38585893	LumA	1.40000547139536	1.19849760095709e-08	3.00688788974674	2.75973138752679	2.57042374009059	3.81041033900212	3.29667212002931
chr2:215049991-215050492	LumA	1.39932306362005	1.91096095945877e-05	2.56919595179193	2.34351743897321	4.34419167330443	3.87203037506949	3.66077891709585
chr12:39911714-39912215	LumA	1.39914357472547	1.93428363496998e-05	3.48789963199964	3.49494152092962	5.37263190437227	4.8939641204036	4.79207184875752
chr3:146837082-146837583	LumA	1.39870502038202	2.83366628806358e-05	2.61491834971814	2.42585839349963	3.26709764398068	3.8168589309628	3.9677598882115
chr18:27480923-27481424	LumA	1.39846878922146	0.000372052529148854	3.00980087712118	2.73367537187543	4.77046983831238	4.40874595078984	4.82451845662788
chr8:37563380-37563881	LumA	1.39802144218695	3.43061653811263e-08	3.62390803844215	3.13564060509199	4.31850287377201	4.56137318975475	4.68641872270128
chr6:53111374-53111875	LumA	1.39780875133929	3.92461745409417e-06	4.13434439302608	4.41453556562639	5.59437705839333	5.30774354048296	5.41936219789765
chr8:37592524-37593025	LumA	1.39723829095479	1.09420987645342e-07	3.56876869065933	3.30317329262383	3.74955581420519	4.26459573150543	4.54991451091885
chr19:21607843-21608344	LumA	1.39714333724799	0.000466048817377793	3.44157912189069	2.96959927779357	5.75042811939995	4.67193820773726	4.96000023781793
chr13:72252724-72253225	LumA	1.39690981143104	9.97792690123876e-06	2.92548212501388	2.52614465707201	4.48909255328676	4.33186979854136	4.12201387914402
chr2:225285190-225285691	LumA	1.39682910850862	0.000191942593105008	2.46042778429715	2.00062677901439	3.22974855145519	3.76088231978551	4.19810031821132
chr3:127113439-127113940	LumA	1.39671809685267	0.00012959554211898	3.22067494533581	3.19031746786319	5.31066930700032	4.69974555711253	4.59172567146748
chr3:185120093-185120594	LumA	1.39670898931424	0.00119455379510899	2.64229531206931	3.31811716228684	4.57195129140999	3.86447906754518	3.82527634656018
chr3:13476675-13477176	LumA	1.39654298354512	1.71791910798479e-08	4.02089987908095	3.87966365373347	5.03810364539708	5.43571361512596	5.57279927961105
chr5:2752855-2753356	LumA	1.39644502360372	0.000105861548776601	4.83291158150912	5.7637346197746	5.92474267443587	6.52280655110686	5.66029849770815
chr1:11352248-11352749	LumA	1.39634639972576	0.000151878989078143	3.30635260328101	4.07240705981937	5.55955821670531	4.77957964353265	4.73314754997219
chr5:2753980-2754481	LumA	1.3956498213803	9.04661726511486e-05	3.58173232637128	4.4377426884211	4.42534345565094	5.14967816516722	4.45666507836408
chr5:2746532-2747033	LumA	1.39560942189974	0.000114944615304292	3.88909754566564	4.47326027799395	4.92786303098343	5.37650837329452	4.70025492493031
chr7:93226884-93227385	LumA	1.39515867358739	2.92006963196114e-09	3.47993939186271	2.81600313217587	4.60744119325578	4.61183603537639	4.42367185112495
chr6:129622207-129622708	LumA	1.39461314302789	7.83254788502916e-05	2.76086357632336	2.72911058985444	4.16055607806891	3.82706513697161	4.50721202720216
chr2:122680427-122680928	LumA	1.39444074578893	4.06173875314807e-06	2.86420139077247	2.34962757728218	3.4237632785654	3.94017926258611	4.02677579246717
chr4:40239314-40239815	LumA	1.3937941602257	0.000112126578932828	3.70223364065708	3.23256706525904	5.07932762524319	5.32537490085085	5.57089951488002
chr1:29860146-29860647	LumA	1.39376990268832	5.57751049056121e-06	2.73604260588806	2.27847614102139	3.30568371519222	3.44730895808243	3.79717759022311
chr1:44642815-44643316	LumA	1.39349460340063	2.15959804471745e-06	4.06409728656089	4.01517769123621	5.71632073373151	5.11886480342398	5.29097068373871
chr8:37868891-37869392	LumA	1.39347894517601	1.57016238660684e-08	3.75048430863945	3.32091644348246	3.99566990404653	4.50341561100451	4.35629237305014
chr11:129621865-129622366	LumA	1.39235386786201	6.51335953556303e-05	3.20930327925082	3.92958187493983	5.38209936395473	4.64761517414917	4.4836904905998
chr8:38463828-38464329	LumA	1.3922937526755	1.12722407402647e-08	3.22770754920681	3.25606331181104	2.68090183758577	4.01008064407581	3.31661563277776
chr8:40209727-40210228	LumA	1.39214331969169	1.41642309274335e-06	2.86520821464135	2.37322402166375	3.08688708597603	3.75923298545592	3.08007411520927
chr8:40355471-40355972	LumA	1.39212625884445	0.000311664663313235	3.08431357450897	3.91916342720231	4.84266483447949	4.4081075906708	4.61133967644279
chr6:17316584-17317085	LumA	1.39202343741383	2.17376486914169e-05	2.90906155209479	2.56003053344547	4.0328063475049	4.44546353675293	4.39978225773593
chr20:43466581-43467082	LumA	1.39173927541581	6.06943181163874e-08	3.76694271770736	3.30522689789283	4.78395114284188	5.1625352600382	5.00528268114986
chr2:82092899-82093400	LumA	1.39141359211326	2.96497278791075e-05	3.10733324275697	2.61459462401153	4.10195130212508	4.55639760583166	4.37541749221082
chr8:37846231-37846732	LumA	1.39111036849383	5.72405879299266e-10	3.13874315256949	3.23757865896857	3.23840535674663	3.83721173581625	3.4395586994931
chr6:707482-707983	LumA	1.39098181921811	2.81009605172764e-05	3.19840676438497	2.86395655013805	4.25577115987905	4.38481622354936	4.74440497829237
chr6:34141089-34141590	LumA	1.39091717955594	7.10389128634135e-07	3.25287823825593	3.36701541925398	3.70704871525415	4.33120794992747	4.01046957301383
chr8:38555920-38556421	LumA	1.39062253907751	1.40185937527517e-10	3.65583800259645	3.85131333589389	3.64017453236315	4.41842734846158	4.05959766576593
chr2:68464618-68465119	LumA	1.3902915222727	6.09871080914195e-11	3.62981847176468	3.92389343684345	4.7176483619438	4.81317588928007	4.37141549732909
chr7:27514904-27515405	LumA	1.39021136255365	5.30296856097776e-07	3.52783095180126	3.83017704611363	4.64551731234695	4.20782156831033	3.9629111842914
chr2:222888503-222889004	LumA	1.39020071325738	0.000153413668628555	3.25174649880261	2.89735575909389	4.36350250288491	4.6112639094943	4.70089547152997
chr6:153149340-153149841	LumA	1.38942376825176	1.86668464486468e-05	3.23953238123206	2.76204544204418	4.28004844737227	4.07968858484828	4.11467078262801
chr14:43673682-43674183	LumA	1.38881913815088	5.75695968580605e-05	2.65422440612203	1.92434133907739	3.72885460435111	4.01144749268223	3.90349830571699
chr10:120886519-120887020	LumA	1.38866465200866	1.12709336400944e-05	2.84733369000346	2.46002310050057	4.47409147681195	4.21642718165995	4.24060923216844
chr8:38426365-38426866	LumA	1.38839132989406	1.70564274658091e-09	3.36896032514093	3.28359626077287	3.40707435660426	4.10746604044179	3.70052633613597
chr13:77144433-77144934	LumA	1.38785991001283	2.70724820814872e-08	3.42907247819365	3.37782924869224	5.04571398639935	4.75074625762863	4.61503884305709
chr1:148452784-148453285	LumA	1.38740141117223	0.00287710783902613	3.13399011617494	4.74488295535981	5.77331708961748	4.1052374308133	4.05140481430064
chr8:125071851-125072352	LumA	1.38732461029955	2.27397148452018e-08	3.3467626882018	3.41532063313622	4.48691906230387	4.53460788057278	4.74378381710139
chr8:97028617-97029118	LumA	1.38731309265219	2.30826546466424e-07	2.72640118243133	2.83145217363961	2.86322895640457	3.74287203809413	3.93688823030233
chr4:142575869-142576370	LumA	1.38707634969068	9.60708419427214e-06	2.76397831873657	2.12595699237955	3.81900415320464	4.14581656594849	4.35514005490237
chr20:21594275-21594776	LumA	1.38678611117587	0.000589176310990554	2.71343765712732	2.15940543900336	3.82694149075824	4.09947727382892	3.88649020301044
chr1:178727825-178728326	LumA	1.38670794692847	1.72837589150798e-06	3.98818696752531	3.26595299791757	4.94590103161217	5.10980948665205	5.16620197027888
chr8:17539437-17539938	LumA	1.3858774843714	0.000233494756267681	3.54472978592017	2.77243709884522	4.56589740908021	4.74241391587442	4.70112809028332
chr1:56628472-56628973	LumA	1.38554004247345	0.000490360836797362	2.70166453551688	2.355003694746	4.27835260754263	4.12771921279841	3.77501431336371
chr8:76843255-76843756	LumA	1.38542130285844	0.000216467074693841	2.97247733931635	2.58552842564382	3.73100700426551	4.30988215228794	4.18226625516767
chr2:138488175-138488676	LumA	1.38509596563261	3.83011725981695e-07	3.12454008069501	3.02337629062258	5.03400164169637	4.42234764731657	4.36631566132534
chr15:79736905-79737406	LumA	1.3850219038889	4.32251774502476e-05	2.77436735501914	2.23538847035509	3.58236799101185	3.71644458158471	3.55214359372449
chr6:98652184-98652685	LumA	1.3846587960028	0.000303987155630008	2.56954783716767	2.2977410344306	2.63258839657247	3.43029297296759	3.35484805170911
chr8:38434982-38435483	LumA	1.38416496646405	1.00613541096534e-08	3.13954865499603	3.3089160789799	3.00878018719061	3.95923892443493	3.47526782818349
chr8:37926535-37927036	LumA	1.38373596791205	8.13834091815674e-10	3.14077730304219	2.98178424978585	3.45295735616747	3.78152742587571	3.72231027872081
chr14:21307353-21307854	LumA	1.38366931454346	5.60333951747306e-08	4.16295016016528	3.87893370316407	5.64582310367647	5.39026804211391	5.42561724455971
chr1:180228480-180228981	LumA	1.38360161528098	4.52956792921249e-12	4.04204720931391	4.71048859981041	4.39020572693212	4.90366087544606	4.54611278828568
chr11:113338106-113338607	LumA	1.38358243012582	0.000183163676164367	2.70217134124014	2.09659078114167	4.16074657574493	4.03896879638817	3.97052272636023
chr9:120568763-120569264	LumA	1.38344764471344	3.56225255275167e-05	3.14415116518839	2.79877160395883	4.30352060389458	4.43402196193019	4.08082091735254
chr9:9384866-9385367	LumA	1.38334503484402	9.19510599138058e-06	2.59109685654502	2.62854778831121	3.59435338687892	3.67626930151548	3.31639598149355
chr8:117806669-117807170	LumA	1.38331080178132	7.68490979112424e-06	2.99704573416929	3.66523432724343	4.59437127504384	4.29073743790205	4.22003962295366
chr4:94994671-94995172	LumA	1.38320313706871	0.00038979785571026	3.16083260354064	3.02137862385347	4.01318383911095	4.10117656718824	4.23479156911876
chr21:35928711-35929212	LumA	1.38282318652561	1.22194409075402e-11	3.35312869798844	3.31619938703801	3.35449007687844	4.45009039291425	3.7158818019224
chr5:44788504-44789005	LumA	1.38264797518388	2.56791703076699e-08	2.94821866627425	2.10025407580093	2.83623849063065	3.9393722064818	3.74750778335639
chr14:23090212-23090713	LumA	1.38254506286107	0.00172573115121828	4.07078175753745	4.1751104819611	6.05848935450409	5.60347555966718	5.54673811344132
chr4:108480725-108481226	LumA	1.38229710557809	0.000465432606453745	3.02173031523552	2.52975664031654	3.76184813048174	4.55378069858856	4.72667933956917
chr18:26688135-26688636	LumA	1.38228472080258	5.83138173480579e-05	3.14017926637263	2.90908406529508	3.84405606330658	4.44099198559123	4.08257464798373
chr2:193677213-193677714	LumA	1.38122898384266	4.34600703496168e-05	2.99181999754316	2.66845236828831	3.45983373031497	4.11302875891135	4.5438719970896
chr8:127357856-127358357	LumA	1.38120203338798	8.57441821171037e-06	2.88013946844511	3.06096054986667	3.94274770399566	3.64409873953261	3.45640649678053
chr20:59929282-59929783	LumA	1.38106101960646	1.53809668393632e-06	3.56798472359016	4.20598944171159	5.17271321296639	4.74220532962547	4.97753259742376
chr6:130230473-130230974	LumA	1.3809005779986	0.00140220073476944	2.90908787791109	2.54990502537421	4.18337435846302	4.40072366038575	4.44006491455952
chr8:74575310-74575811	LumA	1.38049072408204	0.000259312998856369	3.3161601344128	3.38239823302917	4.51077288220392	4.85392651229521	5.21095554080334
chr8:42122212-42122713	LumA	1.38029427072272	7.47716925909448e-10	2.90247822869681	3.10031884502302	2.78002243099773	3.59650532098612	3.33439730773367
chr8:37861238-37861739	LumA	1.37980334815194	9.46575738580868e-08	3.20993399160123	2.48244769603139	3.23127133619312	3.98791866376753	3.74536248165978
chr8:36777980-36778481	LumA	1.37929379046404	1.21970417035607e-06	2.93471915059019	2.63420433318861	2.38906288308904	3.50661833000722	3.02793437517157
chr8:85840120-85840621	LumA	1.37905048539594	0.000104875240662035	3.01580908934996	3.57711749158001	4.67949626486916	4.42925214451066	4.39691591937639
chr2:219400470-219400971	LumA	1.37903438271939	0.000213335137110304	4.18832447994226	3.95253506163447	5.78081138961389	5.78752043963562	5.88565683973165
chr5:58095341-58095842	LumA	1.37889108316296	5.90964808010439e-06	3.23615785047758	3.03509976714346	5.01198187139918	4.41269746400257	4.55417679671726
chr1:223863728-223864229	LumA	1.37876857472564	3.5708117798855e-09	3.40838609372962	3.63383236124811	4.38420519870971	4.43339776629333	4.36399173701192
chr4:57308212-57308713	LumA	1.37863913895435	2.20308780803006e-06	2.86150186906661	2.17042175883046	3.56927066818327	4.24927560346517	3.85011518353626
chr5:7461141-7461642	LumA	1.37860194021873	0.000248670368763796	2.83231343187419	2.14910292564735	4.32182049334988	3.84409468316909	3.9124723326843
chr10:95919400-95919901	LumA	1.37847887190954	7.15474747704564e-06	2.87517114792757	2.90525203192615	4.78463001830742	3.86264665913996	3.88898391773823
chr3:65851174-65851675	LumA	1.3783227206789	3.32273970419218e-07	3.40611523198553	3.22656540785465	3.68309398843076	4.58917272610241	4.71922042421239
chr19:57806580-57807081	LumA	1.37800481010427	1.15664728422182e-05	3.89249969936613	4.13923675410311	5.16223369102185	5.3147219085871	5.51692097372696
chr17:54807245-54807746	LumA	1.37747022945482	2.37164693590965e-05	2.92958267317276	2.59574248073447	4.45239926148878	4.41867321468064	4.14906841323361
chr20:43977234-43977735	LumA	1.37745058821935	1.7557739684967e-05	3.07994024087732	2.32495234828784	4.34286632361522	4.0342973990872	4.06172239590104
chr1:151126004-151126505	LumA	1.37720665896884	2.00429835579659e-07	3.17999805997091	3.44519959425368	3.74246973427898	4.25867625153583	4.40932716218364
chr7:80943242-80943743	LumA	1.37720246960307	2.70549476607518e-05	3.59218333733778	3.35965736590073	5.05616406531861	5.09047717276049	5.1172482136277
chr7:40359477-40359978	LumA	1.37708941585189	9.07427963825142e-07	3.09374388608762	2.80796153077394	3.40499578596834	4.39925351326758	4.27914968532334
chr1:203945539-203946040	LumA	1.37661348880637	3.35218719807788e-07	2.97594147197486	3.1694334784292	3.79115179163259	3.98837755936001	3.65106769147738
chr1:18487016-18487517	LumA	1.37595318970047	3.27163301261702e-05	3.09897660842407	2.87434846720277	5.14711258551861	4.54495850964955	4.70557437421726
chr8:41543766-41544267	LumA	1.37589894094774	3.01100442537673e-09	3.94578186494478	4.36233425715413	4.22432078488742	4.65821482879572	4.58266862818091
chr10:51305746-51306247	LumA	1.37570979635718	1.1476462180754e-09	2.75289325499895	2.47203433087631	3.19296580767565	3.51840934898247	3.1273162413531
chr22:44645004-44645505	LumA	1.37570835818053	0.00350679653614525	3.82182759158243	5.30166979745272	6.12574602125285	5.44845901267616	5.66163354546334
chr12:91542076-91542577	LumA	1.37559989527419	0.000464172973368351	2.63569280607745	2.11176923761525	4.33617253335497	3.92688655697238	4.18178822800956
chr12:115397726-115398227	LumA	1.37547969187411	1.71211652071436e-05	3.30528858085979	2.33666651181887	4.62090626544667	4.69841255997039	4.86634630889506
chr13:96105005-96105506	LumA	1.37450369436808	0.00124373112613631	3.03731835804643	3.44801753799526	5.75744946649144	4.46369687225519	4.9899804704342
chr8:42906535-42907036	LumA	1.37423910013681	1.07219835774501e-08	3.10228395710247	2.89475625073354	3.42472368089933	4.00659684994416	3.73147861038005
chr8:38582676-38583177	LumA	1.37409137910531	9.33834156855654e-07	3.01077854443541	2.71213476412889	3.03999120287551	3.62723617145801	3.2622290313944
chr2:239428354-239428855	LumA	1.37361010480272	1.41694541330752e-07	2.70493429087773	2.10935043831645	2.88672855366207	3.98409602115286	3.29562408898847
chr9:134128205-134128706	LumA	1.37341705730311	2.02006861936852e-10	3.55896857163622	3.66916038624397	4.53168330861398	4.69769757620436	4.43272282323314
chr19:57800670-57801171	LumA	1.37288755127865	3.74830697995803e-05	4.0234450744282	4.47222140569283	5.33913673560189	5.51033736862139	5.68800997559198
chr8:37141175-37141676	LumA	1.37270019705522	4.04412021763463e-07	2.92917208195396	2.3629630708213	3.10915789580098	3.80634766386852	3.38065626353746
chr8:38588392-38588893	LumA	1.37228124332175	3.32273970419218e-07	3.01312015247693	3.09186215077409	3.21722008227915	3.69930577930087	3.29172954724587
chr12:96266887-96267388	LumA	1.37188418931288	4.34199573096411e-07	3.80174581128905	3.55385926904031	4.78500148361994	5.06162914713137	5.46185852301966
chr5:173330447-173330948	LumA	1.3718025662692	1.92896733459128e-05	4.14762200305033	4.1832457604111	5.23373492352893	5.64601397805015	5.60451377578205
chr8:93275184-93275685	LumA	1.3716672419153	3.15749683313867e-06	2.76442161806224	2.42814957436406	3.93912759123573	3.7018666314922	3.76036433849915
chr5:173661809-173662310	LumA	1.37154356600731	1.4540586563391e-07	3.21101684635236	2.60794958570074	4.51761320629638	4.53818035337402	4.70839658878075
chr3:57205308-57205809	LumA	1.37138491573042	4.97031316861506e-07	3.12831862567367	3.55360493306518	4.4305206200249	4.48305397866665	4.47584997748222
chr8:37697576-37698077	LumA	1.37137676112988	1.42405841811107e-05	5.50230046144468	5.77727513282803	6.27130462541267	6.52924866099423	6.48343800484584
chr7:143132942-143133443	LumA	1.37134669259819	1.11026117296102e-06	3.26477017145113	3.20488822653601	4.9681315820843	4.31154307069028	4.201128952698
chr8:29578809-29579310	LumA	1.37131140872622	0.000163252756477073	3.22511242164671	3.69666271913648	3.82861464467574	4.52543474032946	4.32727344176693
chr15:75380938-75381439	LumA	1.37123813060325	6.68099073254921e-15	3.23419303704451	3.16524155379951	3.6837982605598	4.10474333289641	3.98139698331409
chr15:61217128-61217629	LumA	1.37104720608785	3.00620483568481e-07	3.19290220682745	2.72496618337651	4.59365279655873	4.20708574686847	4.22489237570782
chr15:95258645-95259146	LumA	1.37095383094182	3.60637395335108e-07	2.92065991027248	3.09872873058678	3.49273009829544	4.10623118692069	3.82525138623789
chr14:106611179-106611680	LumA	1.37074967421627	2.55659791455809e-06	2.73963539031075	2.26718975785478	3.42883168447519	3.67479177604047	3.3953845430566
chr10:46250478-46250979	LumA	1.37056744376864	5.06571477542956e-09	3.22611131807141	3.41923438772682	3.30730047891873	4.03272895848282	3.65034543637772
chr12:1934746-1935247	LumA	1.37035176684768	8.66581547040506e-09	4.18667547372008	3.99866914883045	4.83756945054174	5.18453476592491	5.32292472759055
chr5:158832072-158832573	LumA	1.3700382067606	7.07195386845613e-05	2.76385464016967	2.16348120138193	3.38265098719172	4.01175332993299	3.52286819483049
chr8:41551042-41551543	LumA	1.36978629089904	1.90363885664551e-09	3.06399010845636	3.44176268533193	2.68179225330409	3.8445917754805	3.60276886253238
chr8:41568476-41568977	LumA	1.3694558184717	1.06020400363304e-11	3.20903513166837	2.96787867508593	3.23458232653225	3.98581038382416	3.81509578761026
chr17:45896830-45897331	LumA	1.36929747230712	1.71211652071436e-05	4.21904582208073	4.41490531895068	4.33240833834136	5.55412477546042	5.30442855036862
chr9:99381325-99381826	LumA	1.36928985782287	0.000148207232856644	3.02353917377975	2.97617970444075	3.92901654218935	3.88601661595217	3.86060839591253
chr2:100414615-100415116	LumA	1.36893670306248	0.00152693219249733	3.74159342908785	3.1831802387384	4.33488181190211	5.25179718549555	5.25822429243396
chr5:42272150-42272651	LumA	1.36834171230248	0.000685230579404705	2.48686450432635	2.0206360483629	3.75655366514349	3.64711871323077	4.0854245852486
chr10:125646196-125646697	LumA	1.36821431551591	0.00339040399329396	2.83577094164186	2.32206134213418	4.14883271709539	4.47471910805568	4.34000650580252
chr8:29336756-29337257	LumA	1.36784642056851	7.77543582384221e-08	4.01284783815752	4.0602423258041	4.69406200609679	5.10484322696497	4.4399846778696
chr7:38732007-38732508	LumA	1.36764627037066	4.29295092882123e-06	3.0501819836042	2.96209779914247	4.02544104975508	4.22987828604101	4.59904809973918
chr18:35925655-35926156	LumA	1.36753324275769	2.57067699471778e-05	2.78563835659032	2.80026975881485	3.94318568616888	3.74176680653632	3.73824348066373
chr5:175328822-175329323	LumA	1.36713582671361	1.10864635999548e-07	2.94248153007154	2.56687680063844	2.86696827056978	4.00713796532581	3.32251024335346
chr3:55248997-55249498	LumA	1.3670571896569	0.00594704853849936	3.27379446080486	3.88413996865978	5.43862350636379	4.72944675952226	4.94964675596446
chr12:48024619-48025120	LumA	1.36615484202275	1.69277183208777e-07	3.37150242080407	3.04061783148421	4.2392398329053	4.67589363028784	4.54527975809796
chr8:70492294-70492795	LumA	1.36613083910654	0.000105102131278613	2.70834605403164	3.06595181033714	4.70055570361963	4.01193628803052	4.06013411892864
chr8:122210261-122210762	LumA	1.36569647220416	8.97078907480871e-07	2.7903856121487	2.77490436832137	3.36968539415439	4.16252576542282	3.91557017206221
chr11:76012718-76013219	LumA	1.36500190967302	5.88543352660562e-09	3.02098199974759	3.04462515947868	3.41130103585606	4.00820425785988	3.31260137509842
chr8:99881623-99882124	LumA	1.36495339774187	4.42849519264545e-07	2.91907400856639	3.21188730269933	3.00770178426158	3.66821208458841	3.70228312392411
chr16:55681527-55682028	LumA	1.36484176031757	3.82969276685724e-05	2.66392722549746	2.8635545690097	4.17609313393225	3.82172396306796	3.68326360632996
chr6:50846771-50847272	LumA	1.36457687595784	0.000219620158752117	2.96597258583951	3.29098313648126	4.11643729472913	4.38376018693468	3.70998209270514
chr8:125063789-125064290	LumA	1.3644273220848	4.06405938328236e-05	3.4002075118875	3.33823963968317	4.68848116866911	4.53551228545469	5.19041378475923
chr3:179288784-179289285	LumA	1.36412109598735	2.70476651560566e-06	3.00718441900809	2.76893869192001	3.29633438446563	4.11590351863867	3.84829779441921
chr19:16003483-16003984	LumA	1.36406163564256	5.83049260130074e-06	2.90180502202526	3.35879716943983	3.22773832942248	4.19976288005474	4.38777585414151
chr11:69518178-69518679	LumA	1.36377202762713	0.000319936109182982	3.48874045855075	3.7345093769698	4.45620968055825	5.04838306550917	5.28765712313673
chr8:37568745-37569246	LumA	1.36339489295469	3.13097199446129e-08	3.22135817055323	2.94331115717134	3.74198105539789	4.04965270570644	3.94002921665265
chr12:115443482-115443983	LumA	1.36336164326186	2.10325179282892e-05	3.31400987526086	3.17135566549974	5.18351871789366	4.81221859398713	4.80065973348089
chr1:107744620-107745121	LumA	1.36300311020212	1.21083574904859e-07	2.82461726027064	3.16182097730813	3.89371957195153	3.93120888886614	3.78111596547141
chr3:16490594-16491095	LumA	1.36272359127814	6.9341516859016e-05	3.29500723723574	2.80944240000039	5.52674189674283	4.48799718566863	4.53347434898083
chr6:151935211-151935712	LumA	1.36241517356564	2.01951712717264e-05	3.07554891723331	3.02962435719118	3.52223265918896	4.36825206496991	4.77350687903935
chr8:37854661-37855162	LumA	1.36235657898792	4.82502628989374e-08	4.16586830892701	3.75376135265646	4.34131408194074	4.9664758472563	4.80456740912153
chr8:62614257-62614758	LumA	1.36211340570139	0.0001406156147563	3.57666003094778	3.30914847065528	5.21213784228111	4.7264907140379	4.17570452103937
chr10:8048980-8049481	LumA	1.36153391737615	0.000379360566507625	3.7475426465841	5.00619665051878	4.68755263589857	5.24239340391606	4.92959381250573
chr3:161454515-161455016	LumA	1.36141216959893	8.76330685533285e-05	2.87183235152588	2.66443612455267	4.21360712724944	4.15969948020957	4.27088527411777
chr7:54186267-54186768	LumA	1.36134158904413	9.67799327439637e-05	3.2040574198331	3.00648338326042	4.44785829870029	4.40631663999369	4.61456625881311
chr18:25302298-25302799	LumA	1.36032318514856	9.48416241286759e-07	2.9558589894364	3.69735114643104	3.61399928468576	4.00753901481482	3.70535466324813
chr20:17932550-17933051	LumA	1.36006092866715	4.69830027261761e-09	3.83508579747034	3.72624091113693	5.22806277824374	5.03172416879054	5.08060760723175
chr8:37894553-37895054	LumA	1.36003078639104	5.26391944523703e-06	3.88560349437527	3.21611856282035	4.34509900657825	4.93426700431738	4.74916766807823
chr8:128153734-128154235	LumA	1.35973666027586	1.73179816623768e-05	3.78702163270763	3.59512043157717	5.10742877883997	5.0783284944322	5.18341216958564
chr8:82937612-82938113	LumA	1.35922278682818	4.62252552800306e-06	2.83015237112448	3.48291094604911	3.24544933281896	3.95629416016178	3.58266381399181
chr8:86377378-86377879	LumA	1.35905906437786	1.14313172380552e-06	3.23351824344364	3.19102625607457	3.39899659346119	4.18451806252464	4.26625701982997
chr3:6709126-6709627	LumA	1.35884951723856	0.00561319484448058	2.67614347696699	2.04576431465978	4.12440786732034	4.52019448392832	4.4898363896972
chr3:193919740-193920241	LumA	1.35797981171367	1.13444415615343e-07	3.69484352627597	3.56542106383151	4.70395516997536	4.58500671670321	4.92529987381715
chr8:117227024-117227525	LumA	1.35796781954428	1.18491984605749e-06	3.3095809134817	3.12640827881967	4.18262570107252	4.57415014009458	4.69360586544926
chr16:31430650-31431151	LumA	1.35762625563464	1.33081785431011e-06	3.7762172526313	4.1837382268582	5.18285394227682	4.97084970471779	5.12394120511792
chr3:4305855-4306356	LumA	1.35754782211903	9.06448149525154e-07	3.629146001911	4.01767590186847	4.66169587723498	5.02197525867355	4.9746140616764
chr18:41909880-41910381	LumA	1.35735808232566	0.000523564861349348	3.2248342210944	3.08477033970688	5.04292813694022	4.67364923074209	4.61130578649025
chr12:271971-272472	LumA	1.35720406208574	4.79755541511017e-07	3.23316675390693	3.04243889545143	3.15702828122658	4.06514814349328	3.62673608170142
chr8:37698145-37698646	LumA	1.35681728500707	0.000125736047237334	5.47070623662081	5.54918319496469	6.53996254846458	6.65373376991789	6.73964881584158
chr14:69529425-69529926	LumA	1.35619164260529	1.80243613681171e-07	3.49214702596681	3.51080563727289	4.68315842409612	4.89352248566071	4.79352913732286
chr20:61702340-61702841	LumA	1.35590712514102	1.68143304401132e-06	2.82669997462643	2.51272239852114	4.14658803498156	3.55456281749108	3.62347067819241
chr4:169129689-169130190	LumA	1.35586696298475	3.57364926626561e-07	3.26254083185445	3.28186728519824	4.21704415511065	4.55357222142881	4.30857855610731
chr6:10418217-10418718	LumA	1.35527520288751	0.00112383557289036	3.98487459203161	6.56690241722156	6.17284723160259	5.70389685741609	5.74423702717041
chr14:43655821-43656322	LumA	1.35505161988703	0.000194293454578664	2.46124197814125	2.14927095702346	3.24368020934751	3.4774352427328	3.37918158353835
chr8:37847584-37848085	LumA	1.3544496644876	1.09009006409143e-09	3.20874388372537	3.30306768152473	3.31415074814749	3.97717167841742	3.48255155921867
chr11:18694072-18694573	LumA	1.35422621083158	3.3916566116532e-08	3.22523548047901	2.99438019800017	4.9154207105488	4.40660351105925	4.18926506122497
chr16:25212518-25213019	LumA	1.35416281943784	1.66377061102284e-05	2.6697752804217	2.57373119834572	3.47543979527864	3.78325307509252	3.59317568550017
chr1:108033485-108033986	LumA	1.35411929532208	8.21976825411309e-05	2.80293697291376	2.85179307764707	4.2712680985201	4.01933249413818	3.9723688772812
chr6:132946476-132946977	LumA	1.35261422393711	0.00322139946216151	2.48617270788681	2.3402721635048	3.72917726370095	4.11250703471634	4.02290724020279
chr5:170133588-170134089	LumA	1.35227518233984	0.000181996881101122	2.77045551638868	2.83483712560215	5.32947639914942	4.23359798815851	4.28895224571397
chr2:41340040-41340541	LumA	1.35195657983727	5.33598727690991e-05	2.54313555206953	2.16988979431728	2.32744306419176	3.3356601090106	3.56350067009382
chr14:70539283-70539784	LumA	1.35194706264645	0.000376910623325912	2.89670553106701	3.12216776720316	4.75325099086233	4.25558275463078	3.97702572005823
chr8:40186774-40187275	LumA	1.35161139842192	4.64105637712508e-06	3.16270166482352	2.86301286966371	3.87094000084169	4.36372708990483	4.32380450039442
chr22:34637742-34638243	LumA	1.35117129720323	0.00048742866901356	2.61722265811715	2.06295919541574	3.20846075785223	3.5131695558372	3.76202254950283
chr4:125796109-125796610	LumA	1.35076261441752	0.000166678560661905	2.80007245437401	2.92757664370957	2.91702906342213	3.90742379118504	3.43334938956908
chr2:30956281-30956782	LumA	1.35066964173127	3.74179663742792e-05	3.1163122582815	3.48412084129449	5.6364495923021	4.3714096839925	4.4164407635801
chr13:82436189-82436690	LumA	1.34983874638707	0.000624696447630462	3.07756139929613	2.57478974313133	5.0193714092813	4.25177538416384	4.46899372909208
chr8:37693182-37693683	LumA	1.34959271788657	6.96717052134534e-05	4.70164894211604	4.39582414119751	5.57442363919227	5.78812694252947	6.23272021128354
chr11:63250121-63250622	LumA	1.34955535736478	0.0264382738656478	2.79071317532391	2.01364706981453	4.44258374493119	4.37848920617502	5.12481415742858
chr3:187780447-187780948	LumA	1.34933193924596	0.00293620272733111	2.76349583183991	2.90202634005023	4.454973484018	4.48586124610214	5.12117694046225
chr21:36608578-36609079	LumA	1.34884672026888	0.00021671844319875	3.21603231544851	2.68380636770706	4.15299181877808	4.52384834549252	4.60046460541264
chr8:40501405-40501906	LumA	1.34882127497186	7.60531866143737e-05	2.66917026910616	1.93424619178027	3.0305661516692	3.66172605006126	3.77333817591608
chr8:115966446-115966947	LumA	1.34859693237261	0.00031859976348982	3.09759892469403	3.96976120049454	4.57614218941214	4.48644404999649	4.32768118635116
chr2:57092945-57093446	LumA	1.34835115124783	0.000527234689767277	3.19062944905283	2.85178760498025	5.49348526290512	4.70838133210514	4.95311516483162
chr1:189719672-189720173	LumA	1.34823403395251	1.10864635999548e-07	2.8473354809652	2.67354219542086	3.04201905618761	3.84394407879783	3.82128615573928
chr1:56713007-56713508	LumA	1.34774369340451	1.35880268278514e-05	2.90216932101694	2.40053311011707	3.51401691502156	3.96457465446953	4.1277085698357
chr10:127328439-127328940	LumA	1.34768000885393	8.71192854347754e-07	2.93930253818632	2.45221968266363	2.94783390154634	3.73559241376073	3.94592862694042
chr3:103388498-103388999	LumA	1.34766103891599	9.57054801942122e-05	2.78389908815367	2.66618669020533	3.24823377682078	3.89110584817755	4.26381779929184
chr14:91749736-91750237	LumA	1.34761709174338	0.000800960315973602	3.55543083293087	4.30142771976729	6.37034501215357	4.94601684716986	4.75926836346583
chr2:214379735-214380236	LumA	1.34711624473298	2.73071363030523e-05	3.38865473473632	3.85851196782798	4.81130165033996	4.81855977937135	5.22271436894999
chr8:38235598-38236099	LumA	1.34708473394642	8.33178862116754e-12	2.99389228924231	2.84599463456542	2.91590540315937	3.5701791090906	3.09231675045836
chr14:49957395-49957896	LumA	1.3470341344494	1.55129857414095e-05	3.97705956414203	4.02523049137944	5.94292783464546	5.13045859952852	5.57596758579532
chr8:69638529-69639030	LumA	1.34701123923833	1.53786349976947e-05	3.15283134441804	3.06603233914017	3.9067181912807	4.37939616996048	4.15705372429285
chr16:52655828-52656329	LumA	1.34687809269639	9.20843312524866e-05	2.9975860868964	2.48914222354732	3.92188749655992	4.12542066452675	4.41593427690614
chr8:99891463-99891964	LumA	1.34687086422189	3.51236926912056e-07	3.68832397272444	4.05606020107297	3.88189979275005	4.5625980312782	4.82869897784997
chr3:2867448-2867949	LumA	1.3468374905094	0.000237521768526854	3.14753312057014	2.90150419457292	3.4980158203907	4.55264879717662	4.13798957208201
chr11:130604476-130604977	LumA	1.34650261863588	3.88180210108717e-05	3.00322390107562	2.78594027905623	3.47106572207396	4.3198548619898	4.69506263452171
chr8:38228551-38229052	LumA	1.34598283251955	3.37211036192828e-12	3.34801466232698	3.00062279316441	3.46584078418	3.9201515955066	3.4359776677845
chr7:80541793-80542294	LumA	1.34567039825335	7.21497581313467e-06	2.93503392711964	3.0658747287925	4.1790982516232	4.45034906297016	4.06158338248598
chr2:142862763-142863264	LumA	1.34506013190303	4.21698626946587e-05	3.62158054635627	3.25203977310693	4.64962179728333	4.90970310754871	4.50161875516745
chr2:232301675-232302176	LumA	1.34466484537595	4.7396428479556e-07	3.69069853065704	2.94160881795924	4.72865591306515	5.06419931926975	4.93343683870207
chr17:42283882-42284383	LumA	1.34362812750714	2.39771203276917e-08	4.09358595899519	5.05640102988962	4.09189026442086	5.20407567604468	4.78906537550991
chr1:211183151-211183652	LumA	1.34320613795983	2.40276998623509e-06	3.19953515074058	3.2126316680492	3.32522986745749	4.12857234575296	4.21430640321301
chr8:38584874-38585375	LumA	1.34244867945709	2.30826546466424e-07	2.69587091835478	2.50374748560727	2.72325059263746	3.34040346795591	2.91291379442073
chr21:28167170-28167671	LumA	1.34225948630042	7.28276087717661e-05	2.99908013223924	2.32799410953893	3.69585062801482	4.06371752157821	4.39075023696413
chr8:127552777-127553278	LumA	1.34188617349211	0.00234876832575843	3.42614305359527	6.29134019234757	5.04600349359041	4.88776833924552	4.63360279508791
chr5:56432931-56433432	LumA	1.34180662322598	7.43981985166281e-12	3.167233335395	2.50772989369973	3.95485509255223	4.267637461304	3.98756334385097
chr1:154686438-154686939	LumA	1.34147701606134	5.03260297299955e-06	2.93973300229143	2.75817213434124	3.85015766228157	3.83365643560462	4.13975452758203
chr8:37146836-37147337	LumA	1.3413925386737	4.12928431212985e-06	3.30703063714806	3.31308153752229	3.46590204333205	4.19392060676414	3.95450192508402
chr1:188371376-188371877	LumA	1.34129974394605	4.44401952326794e-05	2.75573062130127	2.38540994429468	3.11771456615384	4.09906158746578	3.77221748403293
chr1:155075544-155076045	LumA	1.34129030461169	5.86515995315672e-08	4.77062532309171	5.73436015834541	5.97237159431849	5.872283910847	5.74352465684033
chr8:37683688-37684189	LumA	1.34091306702979	1.87812600333438e-07	3.11260601671848	2.552897698385	3.28679913847073	3.7782121319943	4.02571924115603
chr8:18212273-18212774	LumA	1.34089216971795	3.73077208742655e-07	3.48344748102739	2.84593222066872	4.25133917933	4.6479211414381	4.73284857838018
chr11:47441379-47441880	LumA	1.34088731737423	1.84240449733556e-09	3.78153036748807	3.87534777803156	4.00618422118923	4.47798949417417	4.16139031284594
chr18:55738529-55739030	LumA	1.34082183785826	0.000243592381378753	2.8024484734355	2.69918998990152	3.39792349917367	4.17801913347255	3.6075171245351
chr21:37055256-37055757	LumA	1.34054707947513	1.40773410349167e-05	3.19657866224034	2.80530900458472	4.18665438961953	4.27132827088306	4.49381481755108
chr8:125067837-125068338	LumA	1.34038818677151	3.06950665695174e-07	3.32230688402589	3.53325172716905	4.61208649757929	4.44758125610385	4.79408761650589
chr10:1531227-1531728	LumA	1.33992261764856	2.09793551087529e-05	2.87850871955436	2.77290225776503	4.30871555690066	4.03947352529782	3.99355405843843
chr8:37918072-37918573	LumA	1.33984118328207	3.39328085466239e-09	3.23885201125601	3.00409287672049	3.39400423112894	3.88740736217577	3.6582624889323
chr3:101955901-101956402	LumA	1.33969151255562	2.51864333250562e-05	3.11254837032387	2.93975524189737	4.46174257294651	4.38597763546358	4.38993500488576
chr12:43377432-43377933	LumA	1.33960252700666	0.000558383076542986	2.66755630581527	2.25421189102133	3.49151017586412	3.43630085696818	3.69879861455507
chr12:68734893-68735394	LumA	1.33954049073916	5.16365823890678e-05	2.76398811824458	2.49436621000569	3.6364822304209	4.1299297964127	3.90303933846461
chr5:153200724-153201225	LumA	1.33936069146939	5.71821107922965e-06	2.90165794916804	1.83496099122061	2.58643413490681	4.09740268022267	4.11358741389687
chr10:43675601-43676102	LumA	1.33933909707521	1.13174485419062e-05	2.97626455382608	2.96032556032787	3.90700952171479	4.10597112945578	4.47719064953273
chr8:115566165-115566666	LumA	1.33914554486995	1.27593156131128e-05	3.51933381588135	5.01224840135804	5.09032919140671	4.85321968614286	5.01326571124494
chr16:11381396-11381897	LumA	1.33888883136366	1.21742019095777e-09	3.33628350382592	3.48681934183084	4.13512016104	4.45942234847485	4.40562805745168
chr18:54316391-54316892	LumA	1.33881149622311	0.0059544393359905	2.81240316367028	2.11088686797182	4.49910617430004	4.39634157995543	4.4893965767155
chr8:40389957-40390458	LumA	1.33862095598153	2.69081022249832e-06	2.93822188300005	3.10257954907562	3.64962420605404	4.01696969085187	3.91441088557183
chr14:75457606-75458107	LumA	1.33841278279593	1.38157110720145e-11	3.83927926082881	3.76720610447321	4.71494098571999	4.93879002420604	4.80030073590504
chr18:50133269-50133770	LumA	1.33834859474486	7.93857453829438e-06	3.79726973094825	3.75375672627703	4.91585598097231	5.12054545907652	4.9725061321063
chr6:38801235-38801736	LumA	1.33821166564162	0.00017646002622425	2.87618216256294	3.12312264748568	4.60713082980297	4.09569975667583	4.14257165128646
chr4:143205929-143206430	LumA	1.33778018422668	5.18773278109249e-07	2.79365710903332	2.75487501105216	3.77859632624391	3.7502475408826	3.9768189415342
chr3:196806988-196807489	LumA	1.33775881838887	1.19541378034513e-06	3.05929416145046	3.08734155131427	4.40676927927467	4.38587571054093	4.52617286133332
chr1:18488883-18489384	LumA	1.33774052367344	0.000338365991150595	2.94814568042926	2.25067697757797	5.16730690209833	4.25496830297193	4.57545322103694
chr15:69870017-69870518	LumA	1.33766708781838	3.75950940700415e-06	3.13760886244812	2.65319421707304	4.20458348833675	4.17996197710517	4.17377278570923
chr14:37601862-37602363	LumA	1.33765839748544	0.00144271456536792	3.89803570729003	3.37329189893718	5.63751653813498	5.51642807522246	5.81966531235062
chr1:31721035-31721536	LumA	1.3376168261433	5.73336032834452e-10	3.68564633978845	3.37395718920442	4.67947045119695	4.53439529719123	4.25579770589453
chr6:158557733-158558234	LumA	1.33717396331534	0.000276592625305929	4.42600365040073	5.58119354786997	5.41172371304453	5.60893028632283	5.88926130909715
chr4:171444902-171445403	LumA	1.33703118927755	0.00578376128124609	2.34904695185595	2.01311640586367	3.68048102588228	3.86352580254707	4.69931926297402
chr8:37523638-37524139	LumA	1.33693443755232	5.72405879299266e-10	3.21242293479884	3.28098737192467	3.48103905973462	4.2279902781925	3.91778719927449
chr1:183061676-183062177	LumA	1.33692235064659	4.13100251876156e-08	3.52092685877897	3.36498504424956	3.78690559536447	4.60693527213738	3.93173225903933
chr6:105407263-105407764	LumA	1.33675772228228	4.00563423593236e-07	2.9515944648606	2.77550426709657	3.09385224688136	3.7484617320458	3.69145718766791
chr10:124416711-124417212	LumA	1.33618499277255	4.43435004724383e-05	4.6277188351963	5.12775730607508	5.99974543530773	6.08152048211979	5.89481562857711
chr8:38558744-38559245	LumA	1.33616860026851	1.32296016431095e-09	3.27515047120531	3.36310596549369	2.71515103942567	3.96726670268912	3.26407150686149
chr4:40197688-40198189	LumA	1.33611211329092	3.01632891454821e-06	4.14375664882672	3.8910445366759	4.90287517323746	5.43346227414834	5.36159406545188
chr10:56958192-56958693	LumA	1.33559603438014	0.00692861987610076	2.88411460826908	2.28044190703334	4.68197561565751	4.29261491842992	4.52948766772905
chr6:6610823-6611324	LumA	1.33526451314041	4.52573166313287e-07	3.0330958739272	2.84845779600843	3.25291677585392	4.06169890709675	4.1326202827889
chr4:184893419-184893920	LumA	1.33511616272817	0.000965382069623408	2.88940655463674	3.13758125327723	5.11631958888258	4.50569684112366	4.43417145860335
chr11:62272044-62272545	LumA	1.33474220078912	0.000216467074693841	2.5375775949173	2.67567654304721	4.08631421592136	3.62879617295046	3.46393464303215
chr11:40228617-40229118	LumA	1.33472057291096	0.00380074952189341	2.70923765120616	1.99193901149015	3.90625264632457	4.19579188688766	4.1780604262458
chr11:77236116-77236617	LumA	1.33462748514456	0.00223615997080116	2.64890700513358	1.83656096859766	2.82440562556064	3.50853371424538	3.77576199768129
chr8:131922726-131923227	LumA	1.33423073054722	2.95253973543742e-06	3.73194222077199	3.52673021017958	3.79829651117177	4.98000145651825	4.93142015904241
chr3:162458314-162458815	LumA	1.33411444362776	3.08426474641479e-05	2.98470959158913	2.88389776219165	3.8049783369971	4.21697706587317	4.02275673275842
chr15:65359789-65360290	LumA	1.33405170437079	1.10547158125267e-08	2.84128503813979	2.40687256977511	2.83078048430538	3.65933118719739	3.53232114211094
chr3:128435575-128436076	LumA	1.33382931601361	0.000973596138206218	4.3627453477426	4.58723071729847	6.20121689808298	6.02653669597454	6.04626354687381
chr5:137280169-137280670	LumA	1.33374429183095	0.00578427121731182	2.79571228299031	1.4784801703301	2.95075740636972	4.41988363726963	4.36516376275335
chr1:210499966-210500467	LumA	1.33368860264632	0.00990125939493997	2.84037033065098	2.97396013441331	4.74791992165128	4.15423356099191	4.12137848019061
chr1:246489471-246489972	LumA	1.33363583214029	2.21053243495363e-05	3.26560126082327	3.15735214407243	3.25007318591477	4.30571163914496	4.09237025930539
chr13:97491431-97491932	LumA	1.33326571378517	0.00459597327472984	2.86710643978149	2.84183652689991	5.5908002741605	4.37000385991607	4.63670080384454
chr1:77040322-77040823	LumA	1.33301199647957	6.30084923070484e-05	3.5092619922949	3.87792433971761	4.88673638741912	4.80770584682976	4.20264068435179
chr20:42361334-42361835	LumA	1.33295151084488	1.87493694770572e-06	3.09191045131647	2.84820454428426	3.77501543770643	4.03974606565104	4.27207008668174
chr16:28323674-28324175	LumA	1.33293294449281	8.75022528544773e-05	4.01466306073143	3.60654734266063	5.90488667639736	5.44273360966607	5.9789714412054
chr12:75042902-75043403	LumA	1.3323082140523	1.27566143067966e-06	2.71487405130013	1.96693027144467	2.53043520199878	3.40271415837909	3.2177623673343
chr8:115121715-115122216	LumA	1.33178807431767	3.1232936939523e-05	2.9451857166512	3.28283034329552	3.5745668952349	4.18642847965888	4.09808390436652
chr5:77946438-77946939	LumA	1.33165417711615	0.00514399406435557	2.98788563775532	2.82184724222451	5.45489548794931	4.53071461296676	5.08746659583061
chr10:50429145-50429646	LumA	1.3312703276572	6.38751683226273e-07	3.52705296681864	3.724421776158	5.36741301774823	4.79146199715818	4.82964953610693
chr18:14780727-14781228	LumA	1.33120046005703	1.85472334209953e-06	2.78703285561533	2.41353679870769	4.19752228760645	3.86500557588055	3.89224004755371
chr8:37616194-37616695	LumA	1.33073289347685	2.31655464646955e-05	2.67566228356565	2.06989842102536	2.96031607050467	3.56677494180563	3.43374240170376
chr8:144688373-144688874	LumA	1.33047308001919	6.11380380138726e-11	3.95843282339355	4.36080478851607	4.86475508658268	5.13918745948055	4.88610566174206
chr4:40193669-40194170	LumA	1.33045925693216	1.17205839150422e-05	4.29186567062863	3.72285987185254	6.0615014746888	5.70049415802709	5.89288288980121
chr21:38506085-38506586	LumA	1.33025872688074	4.00895364768001e-05	3.82727461328001	3.11611631757594	4.29087458713206	4.61916052226064	4.33406773664304
chr10:93722491-93722992	LumA	1.33010634895043	0.000158331470101867	2.95011600901726	2.90464798859868	5.80691425814396	4.32430623062941	4.23664366380864
chr10:37143413-37143914	LumA	1.32974259044602	2.80464565090365e-05	2.93757527019837	2.34911812673702	3.81060505897286	4.1917055243065	4.31473385871821
chr17:61449606-61450107	LumA	1.32947887748936	5.78644376953312e-06	2.80286700543821	2.34378312883131	3.13275798424186	3.86720436413689	4.07702066126961
chr1:229891130-229891631	LumA	1.32896669189281	7.17762821375656e-05	2.82316054522626	2.74292838958979	4.93743840924176	3.93235875483627	3.9952631110396
chr1:223490997-223491498	LumA	1.32833350145241	2.13416999728346e-06	3.30705646349833	4.60398119000671	4.93819772081322	4.58576843972201	4.15892294806346
chr10:17389075-17389576	LumA	1.32823741429686	6.92033508929144e-05	3.8728240463277	4.40668724505434	5.4507323548733	5.22251021159357	5.23433559121574
chr1:164580827-164581328	LumA	1.32821810217859	1.66949707070673e-07	3.57435000704868	3.84779559398003	4.68981314841048	4.93447735329083	5.07551318911332
chr9:121082368-121082869	LumA	1.32819871315779	7.00421747831701e-06	3.16484402752251	3.03704386770837	4.15884869249209	4.37837496515975	4.87875677576251
chr5:100642419-100642920	LumA	1.3281598129655	1.04505299294437e-08	3.06935932513637	2.85319516423872	3.47453547560723	4.20666289251969	3.72732346895788
chr8:132368060-132368561	LumA	1.32795096949145	0.000452947199902937	3.07807597010977	2.9994825275364	2.99164644096005	3.99732754903878	3.78917848064126
chr8:88461758-88462259	LumA	1.3278324381062	0.00028111618606258	2.61170969777332	2.10578567753237	4.11816314150954	3.86904416858672	3.86560283969407
chr13:47408829-47409330	LumA	1.32740035018867	0.00140528142788028	3.01228979074351	3.18608608398323	4.56906227599659	3.99535033309766	3.65687100273269
chr5:7636681-7637182	LumA	1.32730330171566	2.02476305005728e-06	3.03460342078814	2.88529276281461	4.60071461764406	3.98957249790022	3.75354178611174
chr8:38536014-38536515	LumA	1.32712491596167	9.15900981661298e-09	2.9327065408187	2.49689078848027	2.98967581970423	3.58698672528511	3.18506877228896
chr14:104819660-104820161	LumA	1.32704329369874	2.30242367453686e-09	4.35256602961037	4.33498585155482	5.86786762462708	5.63869659033934	5.55166747737912
chr15:96000963-96001464	LumA	1.32695518693781	0.000116852264744986	2.75677013749242	2.75395184915039	4.43965651438698	4.05957625636995	4.45345730402607
chr20:53756021-53756522	LumA	1.3267112092678	1.13602923826994e-06	3.74252344167455	4.23135669801918	4.79775703444203	4.57545653951195	4.54920326115323
chr1:212077855-212078356	LumA	1.32606330173557	1.62698499955267e-05	3.08144603278888	2.97703147200663	3.46944007808469	4.07486087022144	4.24175089373316
chr8:38500888-38501389	LumA	1.32604345906876	6.49116164787525e-10	3.16350123461552	3.01905566017163	2.94570527844659	3.69084872249491	3.51696565290099
chr17:41540258-41540759	LumA	1.32537521033417	7.08160412751998e-05	4.34675478730931	4.62144066607307	5.33889794182371	5.7155297693427	5.79511663082461
chr11:80747298-80747799	LumA	1.3246403725514	9.31689117745102e-07	2.80782222724639	2.80157373347593	3.68088363579369	3.80798498595001	3.69560533733847
chr8:37564167-37564668	LumA	1.32440911982249	1.0041398303815e-06	3.75759242482176	3.39787262468741	4.53939842219696	4.57409730759849	4.94613103611783
chr14:69358075-69358576	LumA	1.3241935880147	2.666368902912e-07	3.87678210743122	4.77893993640386	5.32300942977606	5.06426120521721	5.23506344328656
chr17:75780471-75780972	LumA	1.32377529802607	0.000115436770065455	5.86986962302178	5.4722325208586	7.84195043520985	7.34439647479439	7.82607345144352
chr3:4713265-4713766	LumA	1.32320016535688	1.53418889220756e-07	3.71219227031919	3.57493722883142	4.99068895567209	5.03284470553232	5.13023039246393
chr11:78377103-78377604	LumA	1.3230166946293	4.8411456567464e-07	3.28887468651884	3.26597945302958	3.97826025262251	4.22139609873422	4.29144163261744
chr22:38554773-38555274	LumA	1.32297385483761	5.73631416303555e-06	2.74080763007578	2.91515188394347	4.27136460185392	4.11584487987328	4.0314382203444
chr10:22049570-22050071	LumA	1.32291181217308	5.59345093785546e-05	2.55997983292789	2.41939328879899	3.55098343823712	3.89017133787142	4.13280995602352
chr4:142596055-142596556	LumA	1.32283057997617	0.000471832432327543	3.48509134294492	2.81698210807199	5.41159356879277	5.00991130338058	5.15818988786236
chr10:78222063-78222564	LumA	1.32279093493106	9.34279029855699e-06	3.34649687660063	3.0190993902625	4.80964301931834	4.32641362612363	4.29498750829228
chr11:111924347-111924848	LumA	1.3227378314331	7.30597030003538e-05	4.91796450535275	4.21593521100283	5.58417829948481	6.12257168987664	5.91688141979623
chr1:151349836-151350337	LumA	1.32253130606059	1.0282651053174e-07	3.92636766279628	4.53836521594447	5.19876029642077	5.19006959232702	5.2221713617997
chr6:672698-673199	LumA	1.32249385956179	1.12939307478179e-05	2.67519792719896	2.12736734047	3.21613559524262	3.72988389259634	4.07420295764233
chr8:74757523-74758024	LumA	1.32239240072451	0.00031859976348982	2.830537579937	2.51945605798882	2.46485735045682	4.07845110606407	4.08689686954686
chr8:38586251-38586752	LumA	1.32193197263338	1.2754831171195e-07	2.68682879130588	2.48855145418896	2.27388201293572	3.30732704741231	2.83234416685208
chr2:237494836-237495337	LumA	1.32182457992744	1.62309525505346e-06	3.76773948020851	2.72806821115096	4.64105247576035	4.92404440419159	5.13224362177221
chr8:38024434-38024935	LumA	1.32168378830222	8.43060485498942e-09	2.84985569378591	2.74457998594233	2.77641368048675	3.45425763619673	3.19450046552265
chr4:95163578-95164079	LumA	1.32156387572507	7.94213088973095e-05	3.23903393408298	2.70643948088879	3.50687830344362	4.17503287185038	4.28653609348408
chr8:127774089-127774590	LumA	1.32148528121169	2.23443456327306e-06	3.10004739524446	3.38251527430346	3.42482771963788	4.39924340316872	4.22766438128462
chr10:22168395-22168896	LumA	1.32123896910166	0.00471417193349138	2.75472945614606	2.06293613404029	4.83333649090443	4.28932994318626	4.70591974599014
chr8:38483428-38483929	LumA	1.32104476728604	1.57085131947422e-08	3.14858338486942	2.88804150888218	3.00947447750847	3.62751618577836	3.41499041050475
chr1:210371506-210372007	LumA	1.32091654238649	6.80899309586371e-06	3.52255031004059	3.87370102892434	4.06574935579662	4.84229774353153	4.87304439810045
chr10:48814870-48815371	LumA	1.32018852921514	0.00010546939368541	2.85983416380278	2.37927510988111	4.09576994074594	4.26666362888508	4.10287855174361
chr3:187626482-187626983	LumA	1.32007235501185	0.000470052171973312	3.04697824844977	3.14355843865882	4.36503490296795	3.89877618337645	4.2971046811324
chr16:1646690-1647191	LumA	1.31922518980841	5.17646392818378e-06	3.45856935823501	3.80626867992408	4.770334539365	4.79525480563634	5.14702908581804
chr8:117102217-117102718	LumA	1.31901175632053	0.000108388697573157	2.76275509279611	2.44113908200414	3.3272447645852	4.12904935531393	3.93782145556609
chr3:50127916-50128417	LumA	1.31868407773581	2.11809201559442e-08	3.7607912182063	3.72908650659997	5.21190493140826	5.12930365988564	4.97289894584891
chr21:36333198-36333699	LumA	1.31854266604683	2.29538467158593e-06	3.63361284571834	3.53466456731792	4.99598421971916	5.01056137456757	5.15288632882467
chr14:100016209-100016710	LumA	1.31834839427097	8.79338007773494e-08	3.14308308405921	3.12147944510324	4.06533520520186	4.39901061354088	4.54250873562031
chr19:46864724-46865225	LumA	1.31760375378581	2.01527382976677e-07	4.61323086471414	4.74484055789477	5.68102194173557	5.92627885802325	5.69667462992254
chr20:48316475-48316976	LumA	1.31756644095809	0.00280632671333677	2.66001074062524	2.01558171265985	3.76606092601916	3.9087569589938	3.87198649997692
chr8:33867732-33868233	LumA	1.31737787372202	2.25835539235485e-05	2.63482229256823	2.05170566594019	2.46436288789039	3.47227623406386	3.17803433197781
chr15:41271351-41271852	LumA	1.3172883485331	2.59169190850346e-08	3.41606618804584	3.38772830319058	4.45248672790839	4.64903205309122	4.58291725902579
chr10:101087940-101088441	LumA	1.31724670274631	1.7610320809353e-06	3.35950915753734	2.63083125577786	4.31991347321064	4.37166091117492	4.43272635094718
chr11:69516907-69517408	LumA	1.31641605289422	8.03656969595472e-05	3.46206063992273	3.70109826034699	4.34570524118965	4.90910557644628	5.37520399935249
chr1:226855143-226855644	LumA	1.31614387999189	0.000311664663313235	2.78051890560596	3.99801206856329	4.61811745105517	4.03383910793334	3.91863167171015
chr8:37908519-37909020	LumA	1.31613438982087	2.8978734950306e-09	3.36715234274113	3.02491361974185	3.40529117535011	4.02767049725848	3.75453243772437
chr17:31635077-31635578	LumA	1.31605300319661	0.000278300294972927	2.52945723637754	2.43898008421005	4.67144957153068	3.83762643269777	4.06991423980058
chr8:69290464-69290965	LumA	1.31526575526825	3.26168338480978e-05	3.09412064052901	2.86724546923446	3.71577007573301	4.00153110814034	4.15398379370479
chr1:201598359-201598860	LumA	1.31492897764944	0.00186636118265209	4.63369779542627	4.22288438161424	6.16680467002566	6.21628736042779	6.22460845449288
chr8:37311119-37311620	LumA	1.31491118083144	3.26737008869843e-05	3.33897328112104	3.24954836255654	3.85579409452097	4.46541869552879	4.05953370695823
chr8:17500535-17501036	LumA	1.31465721189007	0.000254663174101508	3.4406894946427	2.6545951554845	3.41454857278003	4.32999781910988	4.20571268717745
chr1:168640549-168641050	LumA	1.31420731524799	4.18120148575748e-06	3.10021273420646	2.85118657789927	3.88379445983312	4.08920206041455	3.59648687647847
chr8:102602254-102602755	LumA	1.3138956963129	2.14072395730334e-05	3.96178542565566	4.5143183001995	4.86810427928485	5.3263633959997	5.70377303790727
chr3:20870509-20871010	LumA	1.3131071010318	0.00182363607873065	3.2190776402995	2.72225381685329	6.4035342088483	4.5891225380827	4.83075501424077
chr16:30530210-30530711	LumA	1.31301055455144	3.07539878474333e-05	5.11067607997611	5.62811357503343	6.76788776231799	6.50453927025735	6.61490343276744
chr6:80673813-80674314	LumA	1.31238772710719	0.00117896764985934	2.86279561859566	1.96352310479504	4.24638388165956	4.2389349248205	4.33323200597249
chr20:50868038-50868539	LumA	1.31177856742658	8.38656022137534e-08	3.68427678133679	3.28006424947666	4.58564790200537	5.03697834920663	5.06373915043532
chr1:232283305-232283806	LumA	1.31150616772097	0.000124719521311787	2.97034083344198	2.96667653067616	3.86621238146685	4.34921554735418	4.54249669682144
chr2:59243622-59244123	LumA	1.31150506864314	1.00999468155643e-07	2.76148699233467	3.24650087125054	2.50664618623084	3.63802504073663	3.24861616426309
chr9:21049734-21050235	LumA	1.31097123153849	3.85566475370619e-05	2.59530672412331	2.62802431073017	3.34594888439035	3.66258934981866	3.9052665218841
chr8:29353743-29354244	LumA	1.31061256082865	0.000187180865439797	4.14791740404721	4.46641439458184	4.51287209578747	5.26252436293859	4.18474191262479
chr8:86239717-86240218	LumA	1.31055952557157	3.31317747561885e-05	2.78800802579844	2.507179306406	3.43245422588947	4.17718470741167	4.11527515553163
chr8:114614501-114615002	LumA	1.3105301164061	0.0153787815086345	3.35010847313866	3.2685304815476	7.11363992381761	4.94222322733711	5.61534367403003
chr16:5493431-5493932	LumA	1.31034522406845	2.9544735287643e-05	2.76466047638566	2.3979286875474	3.48157423962709	3.71561189829514	3.16305717963274
chr3:6810244-6810745	LumA	1.31012245666404	6.96266759306595e-05	2.9341679157687	2.69131313328675	3.37430294123835	4.02751623107748	4.09727209973848
chr22:46040270-46040771	LumA	1.30986602258546	0.000109903840152339	4.61761202516034	5.54221377037184	5.25739150192668	5.83449742966085	5.56113908298913
chr12:66444627-66445128	LumA	1.30937571684423	2.08290113801934e-05	2.65482468226357	2.46470496264538	3.97899093839325	4.08726802105235	3.87880316293539
chr17:41534870-41535371	LumA	1.30934630123658	9.20843312524866e-05	4.08909203193108	4.50993669450635	5.10140701278178	5.5603976644941	5.83485603989247
chr12:54609993-54610494	LumA	1.30930606168605	0.00139282400888379	3.26994190789358	5.03007061227357	6.30790083384382	4.61025342695114	4.36744935247337
chr18:32495810-32496311	LumA	1.30871928282814	0.00220757787583049	2.88084677076576	2.13483453815195	5.31911237962103	4.28316818244223	4.17731685736922
chr10:24229885-24230386	LumA	1.30865411747045	0.00450928966850016	2.88471530954365	2.83517350633333	4.24054057754181	4.40803664974322	4.57984013462946
chr8:125065449-125065950	LumA	1.30764208754312	1.29247142582349e-06	3.37821141966218	3.68558032336107	4.30980609823248	4.34571181457794	4.7041805414879
chr8:37896166-37896667	LumA	1.3074416595165	8.97078907480871e-07	4.01275203043455	3.39541000532187	4.20873174694033	4.83450586930249	4.41564745917083
chr2:191716170-191716671	LumA	1.30739867424469	5.85686899435979e-05	2.59041753078663	2.5930462533561	3.6682788507468	3.6427719876374	3.49305573646115
chr1:244448725-244449226	LumA	1.30738419820908	4.0968265336799e-08	4.24249868759961	4.36967663738766	4.99248138425643	5.26191512269582	4.93393223208995
chr2:206281624-206282125	LumA	1.30735164350252	1.50788952577263e-05	2.66383342490818	2.47585273150512	2.4593157499126	3.58806440658486	3.16408170829364
chr2:232649187-232649688	LumA	1.30723525904024	1.67752465851757e-07	3.70516104870593	4.37985164951647	4.88335341733403	5.06625284401142	5.03169529750074
chr17:43539336-43539837	LumA	1.30709083638553	2.45768151487352e-06	3.9513486305981	3.63870166597961	4.87160495561007	5.20360852028379	5.4199657812551
chr15:80450282-80450783	LumA	1.30694685497584	1.03431941570828e-05	3.94253813517511	3.09732297367396	4.32437398410845	4.94042870369253	4.92100409874245
chr3:53880044-53880545	LumA	1.30654820142978	4.74750957108337e-06	3.81773606785813	3.54600925405558	3.69543331751688	4.90500644497668	4.6724773625399
chr11:66505210-66505711	LumA	1.30634309175677	1.61713778314246e-08	3.1904083831622	3.06482306641842	3.76554998199131	4.1020277096488	4.38103133940995
chr8:37600690-37601191	LumA	1.30588473357075	2.59528019871865e-05	4.00026297722128	3.44177249453875	4.43781246925934	4.67484556937367	5.07347736388853
chr16:19483996-19484497	LumA	1.30584609678391	0.0177062830745889	3.27526331731984	2.64507071391309	5.90630981953735	4.79077292499068	4.89795847789246
chr7:135777032-135777533	LumA	1.30584550981204	0.0124207498064908	2.3113884811246	2.10372602763486	3.83586399102643	3.91891079577944	4.40280247988108
chr4:76746234-76746735	LumA	1.30569074829816	3.95715414680879e-09	3.50305006144083	3.45301663897713	4.51537388869376	4.65704726585361	4.49642556092233
chr19:16172366-16172867	LumA	1.30548039317382	7.21497581313467e-06	3.56763302688423	4.36180763828016	5.16355498373207	4.81032228292829	5.34446844090201
chr2:216582523-216583024	LumA	1.30533054555228	2.79398443386304e-08	2.9465759339214	2.7517662832123	3.17472562366528	4.2481480332846	4.05110426785402
chr8:58010414-58010915	LumA	1.30442994403538	6.81940579987889e-06	3.36056073537135	3.95773510689935	3.89659199708456	4.38510877438016	4.55609732723364
chr4:60712059-60712560	LumA	1.30430035341299	6.43242283387373e-07	2.77835104358121	2.26148696325457	3.24025360225015	3.93859150730579	3.43412125806428
chr13:32507209-32507710	LumA	1.30384041351579	1.01827492901098e-05	3.62540316523913	3.58854898818654	5.29992152909992	4.73207572058192	4.54957455902727
chr17:43888292-43888793	LumA	1.30341988225081	8.33083941803663e-08	3.37695724817317	2.95015699471665	3.10469576193681	4.21404632649322	4.07743510407138
chr8:114575482-114575983	LumA	1.30340520367961	0.000509786025205756	2.5464726497077	2.55562676316934	2.8415068450344	3.90407065394031	3.70433097214726
chr1:198947396-198947897	LumA	1.30298377229983	0.000233479703553828	2.69286239963376	2.85636061189019	3.98864528819545	4.04530474436416	4.29075910356079
chr10:56231379-56231880	LumA	1.30277728936839	0.000300848555648054	2.95675688531244	2.98797950229807	4.27034628064497	4.27094094389515	4.67202653553536
chr3:128433553-128434054	LumA	1.30277668148512	0.000328336257527895	4.41211322548818	4.5600868092697	6.32067954136769	5.85503755480578	5.99503736094575
chr9:126642826-126643327	LumA	1.30263814914566	6.30084923070484e-05	3.40904028228435	3.48479008452391	4.66968314251986	4.81147714269739	5.16807563948219
chr15:76360341-76360842	LumA	1.30224070034608	2.21775056848721e-06	2.96261479076273	3.0884273972708	4.89818872965949	3.88371013626466	3.55334789169567
chr11:78606126-78606627	LumA	1.30187761226193	3.22600041471648e-07	3.03355781829242	3.12621211901794	3.95891737015572	4.19145752970722	3.83563968786441
chr1:13714150-13714651	LumA	1.30169395982554	0.00117896764985934	2.75115511986094	2.49863071310853	3.46482328075332	4.21110707613883	4.24070176652167
chr1:175671083-175671584	LumA	1.30141889602415	5.28938306458618e-07	3.5728146925937	3.3353336265193	3.83912185367589	4.70005054931875	4.23574487416244
chr8:86468726-86469227	LumA	1.30138506628792	2.86146188044138e-06	3.89928930645492	4.06219935140772	4.54631031934635	5.12744646097067	5.17874268381919
chr7:29236090-29236591	LumA	1.30136802749194	2.77020069368696e-05	3.41107155795148	2.79791480180782	5.26553427635267	4.568188003085	4.39371658306199
chr12:95879268-95879769	LumA	1.30101030948952	5.31311705619639e-06	2.87970497483903	2.29938697665995	3.52002302382462	4.12091151413904	4.12252238868011
chr2:125711811-125712312	LumA	1.30056492686364	0.000601433790674632	3.24411282678539	2.51557925327463	5.18038491977861	4.59194385555142	4.58865769893959
chr1:162792495-162792996	LumA	1.30047043611307	2.60016259670515e-05	3.73772396358451	4.27470395398415	3.95718051205505	4.86377200802874	5.31627789041254
chr13:41894925-41895426	LumA	1.30045311674931	7.94930410651325e-06	2.99918191310989	2.56110575348009	3.76910701889278	4.24803611545281	4.32631951195754
chr3:27364600-27365101	LumA	1.30017226546286	1.41461902883953e-07	3.43468303610771	3.04592540550051	3.94755185355681	4.55540337545777	4.54556869794477
chr16:27233452-27233953	LumA	1.29931372401078	1.50203977674471e-06	4.11815883847294	3.76913952277048	4.92052042105484	5.22740471063178	5.33162750221423
chr2:64753332-64753833	LumA	1.29916223154805	1.09845681785356e-10	4.21915594596733	4.42058730258229	5.02499125138645	5.40413970580452	5.32178184667243
chr8:37141704-37142205	LumA	1.2987800882885	2.511949374465e-06	2.95868090745297	2.88447918644245	3.1597972899032	3.84213586364941	3.4076216246848
chr8:86326121-86326622	LumA	1.29811998013386	1.00291863900715e-06	3.03454624375393	2.85987985346871	3.41473182092798	4.08347263576997	3.84026371086388
chr8:37588196-37588697	LumA	1.29800878300749	1.47239147887973e-08	3.64567054501919	3.29944291828466	3.65793926388037	4.1635487504425	4.13756352072424
chr5:173702391-173702892	LumA	1.29779301263987	3.28351572476828e-06	3.88476014693856	3.50657175221309	5.27564553755853	5.24558410060624	5.1136898257172
chr8:38334816-38335317	LumA	1.29711526484839	2.05130383795905e-09	3.03628244518745	2.84057611194587	2.81244815271958	3.72844694907079	3.19411515339949
chr2:74558789-74559290	LumA	1.29709309349123	5.4889175119592e-06	4.61979582924491	4.30100680051368	5.67943987552889	5.91194742031151	5.77738754402142
chr2:31514907-31515408	LumA	1.29694842540968	0.00131387233227658	3.19779229635563	3.3291805297936	6.06076820803797	4.72384205525857	5.03773712180007
chr11:35983184-35983685	LumA	1.29683173333587	1.02786551232109e-05	3.11637766436662	3.16966572261675	3.53806144419942	4.35727253949305	4.53950144384446
chr12:82408836-82409337	LumA	1.29668500013138	0.0021744187889035	3.72231216635242	2.87957131038993	5.6966599258367	4.93671786434056	5.51683615735955
chr12:96452291-96452792	LumA	1.29663840862	0.00172208965867205	3.01437708477357	2.51398505245395	4.29247141420347	4.3975883118443	4.67892817927574
chr9:18732877-18733378	LumA	1.29638220879456	2.60237930242012e-08	3.11225114092994	2.96684021451763	3.22318664294769	3.82902006661882	3.45327138674145
chr5:170189274-170189775	LumA	1.29615022666883	0.000306055123280333	2.92231468288102	2.54637127055066	5.32186845326066	4.07164121279652	4.02596271424399
chr7:14431679-14432180	LumA	1.29583659106183	3.59011176072127e-05	2.68466756377361	2.25679460957323	3.71115740318412	4.06585935205884	3.79457024562629
chr20:57756932-57757433	LumA	1.29562486832062	0.00111475106106098	3.19415413384646	2.90386327302104	5.1555437030533	4.5730426375727	4.60300602319019
chr9:126699906-126700407	LumA	1.29562089293599	1.54912086076205e-06	3.51388375715149	3.99045800422991	4.85297510146867	4.83695068506625	5.21312018590862
chr5:105953596-105954097	LumA	1.29553751507474	0.00509479649048386	2.60686921685119	2.05089374481339	4.44223024897966	4.14209151684765	4.46427725615818
chr1:155179615-155180116	LumA	1.29527451475417	9.15650269997169e-07	5.37233409317839	6.05446426276892	6.15403147087309	6.43128780622386	6.31959637606176
chr3:158970382-158970883	LumA	1.29516488163289	1.03431941570828e-05	2.79103028256506	2.71024278172692	3.83879537834348	4.02541492995378	3.84115452556757
chr11:93935769-93936270	LumA	1.2949401059846	0.00106721545287708	3.42042227977768	3.65324857308391	5.28140796241952	4.64608107596256	4.85878094117165
chr6:10193211-10193712	LumA	1.29487464228418	0.000996173464587824	2.54793366241157	2.73291640269852	4.18115684368267	3.62816718938066	3.57221593737819
chr4:14874971-14875472	LumA	1.2943633535851	0.00169139164079042	3.38244776006199	2.73499323301157	4.53443351165449	4.88408408901263	4.9289720033177
chr6:11045319-11045820	LumA	1.29398100686324	4.08344332779421e-05	3.43188273135741	3.38711106657415	3.52627750652816	4.74870574406469	4.53861462880987
chr19:34920694-34921195	LumA	1.29396847382334	0.000771674088009188	3.06700143782385	2.9057188319275	3.81663664608574	4.06774729273293	4.01997873588148
chr2:131596475-131596976	LumA	1.29372879481044	0.00165007732581917	2.72492435757206	2.13251574728593	3.64357791694461	4.09205974195523	4.62896859700129
chr16:31217128-31217629	LumA	1.29366589838995	5.43327504901248e-08	3.62275443243461	4.43277801521549	4.04924751605837	4.43428559692939	3.96470074319346
chr11:78154839-78155340	LumA	1.29361569075713	3.45635692538279e-05	3.24213790665161	2.76433354213507	3.93817843194396	4.31906646795759	4.32081060638288
chr4:35966592-35967093	LumA	1.29340389073531	0.000596403946923564	3.12116005795533	1.88884481508757	3.52797332962239	4.44520452648357	4.22014701072172
chr8:71679493-71679994	LumA	1.29331411977557	9.43010335088937e-05	2.8497222579112	2.56178324747769	3.42157146866408	3.9884382281185	4.32592437453298
chr11:81096467-81096968	LumA	1.29328966799242	5.84818613742272e-07	2.96285167563713	2.89616810259517	3.45466359658578	3.65120037160361	3.38515610251286
chr6:10417591-10418092	LumA	1.29308754800128	0.00226443452413963	4.08314235251583	6.63685312792368	6.23444383947567	5.73927535398219	5.75690117689896
chr12:28459463-28459964	LumA	1.29275021856782	2.66935721420734e-05	2.94901066468451	2.67462323476064	4.23615718149168	3.96729617770886	4.00827373132008
chr8:102646656-102647157	LumA	1.2920186479191	9.06448149525154e-07	3.68721085043584	3.7940118659783	4.71796321623372	5.02585920856405	5.13489756136487
chr8:28147111-28147612	LumA	1.29187124912951	0.000499239846104457	3.30797902257988	2.5982106804767	4.56397946338068	4.6011876041599	4.84037599512592
chr8:99903225-99903726	LumA	1.29178263563123	4.4614199561395e-06	2.89168851821738	2.81620216990056	3.69089568256698	4.12599018976453	4.23347575739951
chr4:45078135-45078636	LumA	1.29144143771795	9.88869333220841e-05	2.99678535118271	2.40764543335082	3.44924243885363	4.42454583157026	3.81851902735869
chr11:58935957-58936458	LumA	1.29095114451899	0.000114033170884241	2.69930145787647	2.44568091491442	2.97541063978997	3.85009649117098	3.30191296879659
chr9:4859426-4859927	LumA	1.29089950065778	6.9037958450679e-07	3.27619017011229	3.15158352844411	4.11210099122305	4.51580121608811	4.16346805567218
chr16:54174116-54174617	LumA	1.29054282665384	2.08649610101801e-05	3.6816103572443	3.76844892833751	4.72041986391657	4.65856189945425	4.81222614647788
chr20:20454102-20454603	LumA	1.29054151916813	4.64414582900561e-06	3.55537353572259	2.96006774862356	3.94294900195523	4.57182099787042	4.50750001805104
chr22:46466679-46467180	LumA	1.29014274700384	7.00173727058796e-06	3.47249062432783	3.33665632708219	4.98593625227646	4.81886857162448	4.94056644300869
chr12:90808507-90809008	LumA	1.29009073612249	0.000394821626774412	3.02362871413296	2.15266916624274	4.75032607933012	4.05973949016172	4.51411771606653
chr12:33233873-33234374	LumA	1.29007212488629	0.0242518242798483	2.49190850764007	2.15580329624225	4.18866633232506	4.21736480088569	3.17877822374175
chr6:155491289-155491790	LumA	1.29003018733901	0.00105171238020232	2.70949294312388	2.01905215123142	4.09708778937415	3.853463193192	3.62323375992915
chr11:120285171-120285672	LumA	1.28999127931367	0.000344194507439442	3.27080644770789	2.72556550564081	5.80780381375382	4.58205702606459	4.93279830156118
chr4:152931341-152931842	LumA	1.28984131341118	3.67747199182421e-05	3.42870494731782	2.78508534933825	4.34820684840191	4.60242723322194	4.62791603337808
chr8:95117896-95118397	LumA	1.28960904283038	2.02375969660498e-08	3.72618876633987	3.99531341590692	4.58014342671179	4.70508879481424	4.8219537797147
chr8:53092821-53093322	LumA	1.2895784090765	4.77270371229904e-07	2.80880245528618	2.65839025626234	2.89859450545031	3.48605588677179	3.17540457288367
chr9:90054121-90054622	LumA	1.2890651183474	3.68948040536147e-05	3.63365071079026	4.02650157179821	5.4948019194843	4.93074642793642	4.61339998166336
chr14:98249378-98249879	LumA	1.28830147041867	0.000731025473217202	2.99253295036617	2.05063465631915	4.68297666023307	4.3917972284328	4.04024925994361
chr14:105673403-105673904	LumA	1.28828273370708	0.00042406349819539	2.87464244839353	2.60542269783625	3.8013716687577	4.31013708173921	4.4954362161052
chr8:115781489-115781990	LumA	1.2880897228447	0.000192639287049893	3.27764494736124	5.08573053575015	4.50270440841317	4.6132533503895	4.88202932933186
chr1:215638880-215639381	LumA	1.28727858324833	9.11020782766178e-07	3.18074826920624	3.04947557659777	2.99778693512853	4.16478295121965	3.86177197976373
chr2:149004158-149004659	LumA	1.28723889292915	0.000400686785830319	2.78152575124849	2.13624054038421	3.27000587791004	4.23281786225949	3.99496499563936
chr4:78081519-78082020	LumA	1.28720842741179	0.00010722103844429	3.18355072490489	3.86912025532162	4.19450608759618	4.47576459496523	4.49056948023655
chr4:6625149-6625650	LumA	1.28703361194929	0.000178478166232926	3.63346683991426	3.22593477914253	5.13477677820926	4.95570725790968	5.09390766472377
chr19:57809063-57809564	LumA	1.28697537460646	3.32995457765484e-07	3.7395801329219	3.59101180672066	4.50673286176201	4.79503900947923	4.98157728448161
chr16:30467705-30468206	LumA	1.28697419850381	5.3248006501282e-07	3.02178593545451	3.69142257943423	3.71955977608896	4.30244272540157	4.32052740098142
chr8:37914345-37914846	LumA	1.28661171628226	4.26818457117931e-09	3.2501778872433	2.86940317724448	3.07805505291621	3.83969922192783	3.7177694869914
chr13:92984121-92984622	LumA	1.2859377255066	8.62508955705122e-05	2.89161798921843	2.5650708912167	3.26173412875238	3.94636400960503	4.12758824145398
chr20:17061136-17061637	LumA	1.28586989296491	0.00171774597294259	2.80227005503583	2.17336407630128	3.82669345470757	3.79162051099243	4.34299083469078
chr8:38055673-38056174	LumA	1.28553923499288	1.56678707400554e-08	3.05894786796156	3.37287118525473	3.38026448427328	3.6014355533534	3.32364586754131
chr1:164597755-164598256	LumA	1.2853891581865	5.37167234333845e-06	3.66277541581358	5.15523696569318	5.08193476259251	4.91538485666002	5.05563913597447
chr12:53803638-53804139	LumA	1.28527393107064	0.000102948120544617	3.33156523221014	4.14638607124239	5.10231251745825	4.85176180942173	5.04917679334395
chr17:28541417-28541918	LumA	1.28520597717385	0.00033182059142443	4.16055432863916	4.14645290233826	6.56247570446798	5.57629499108984	5.66758353539517
chr11:67670662-67671163	LumA	1.28423178193139	0.000430049381724199	4.2292986821517	4.995525987363	6.79513468119343	5.3711700139897	5.70456473039201
chr10:92894043-92894544	LumA	1.28338221101287	4.41273895257674e-06	3.01820603754504	2.43885443647317	3.69840036381698	4.12284830650037	4.14583166469578
chr8:38020145-38020646	LumA	1.28318275121754	5.93893713191025e-08	2.87132092570325	2.67291609080528	2.86004087628152	3.43718190958215	3.2369088899717
chr2:65471805-65472306	LumA	1.28317213436936	1.34540422313924e-05	3.12004827515909	3.07474307598333	4.93579378566839	4.1424400148251	4.27394350467596
chr3:15904895-15905396	LumA	1.28269343242308	0.000734109877837128	2.86895060779962	2.45463952391879	4.80847852662167	4.18577308498604	4.23619295023595
chr13:38684660-38685161	LumA	1.28263870863071	0.000392093405714948	2.5823235107075	2.2094306879817	3.46057392038412	3.80579941748137	3.85583918091159
chr14:48688302-48688803	LumA	1.28204903977106	1.10372119165431e-05	2.74094736319135	2.33769546533911	2.94557865071423	3.69886603072151	3.79079833907059
chr12:24451899-24452400	LumA	1.28199784540195	0.000191788919837858	2.76038759708159	2.12465221940654	2.8657680240849	3.93613667929789	3.89074451716142
chr11:21553709-21554210	LumA	1.28184410460591	6.80897856170611e-06	3.34871980867052	2.71046407262438	4.26713004451592	4.72706430081339	4.33472446151024
chr4:3790099-3790600	LumA	1.28138201268999	5.82857224512992e-07	3.70498848029913	3.07559861225235	5.1778997548251	4.88139291254985	4.65914499351397
chr10:124913150-124913651	LumA	1.28083863475378	3.1898947048035e-05	3.93840315165112	3.67484051148392	4.97813692203578	5.26235185222927	5.27993154928797
chr8:37693708-37694209	LumA	1.28060166628636	1.9189737589543e-05	5.01291689552122	4.6872248119578	5.74927754317284	6.00746818517988	6.26550481413266
chr17:44019404-44019905	LumA	1.28046701847014	6.6642595736291e-05	3.60968087772054	3.16495079531997	3.38131312527867	4.75177400436216	4.76886447920706
chr8:38543988-38544489	LumA	1.28044763502748	6.19011672417151e-08	3.09592632657888	3.07929186756858	3.078581606027	3.6987383613232	3.28213480262555
chr20:43117940-43118441	LumA	1.28044624945928	3.73171350959148e-05	2.65947166284852	1.98486176387957	3.59027606689152	3.96338748784846	3.73263128635325
chr8:127179291-127179792	LumA	1.28034904339513	9.43829335150631e-06	3.25732094181192	3.69654955846962	4.20112987152034	4.49768948522688	4.25627945735367
chr2:171571965-171572466	LumA	1.28009257277357	0.00109827116475562	3.2628546889311	2.61288779802334	4.09166021704726	4.61633899306731	4.38049651480199
chr15:97979658-97980159	LumA	1.27981851404369	1.21307154180349e-07	3.70587807581093	3.53227552599703	3.8674321975766	4.36349885570713	3.95955373989258
chr8:117089355-117089856	LumA	1.27979694375676	0.00204622859482188	3.0428673378474	2.88072190364895	4.71447206515783	4.50720604485424	4.77277547309935
chr6:34551564-34552065	LumA	1.27974356407571	3.261672347195e-05	4.02844157225346	4.68530148523451	5.46575719123028	5.43984870126705	5.24877385306145
chr2:236874739-236875240	LumA	1.27953072237868	0.000156288603148651	3.4817934730567	2.71105638934139	4.90173309895167	4.70653052460267	5.29239553531744
chr19:57800160-57800661	LumA	1.27946964688679	3.68319439804792e-05	3.60709874153968	4.05632030679798	4.79058471977741	4.90722330576357	5.03612720278074
chr5:87956989-87957490	LumA	1.27930989711407	2.9544735287643e-05	2.59318682505871	1.83491782333536	3.04879670224266	3.89415357518109	3.6431851515059
chr14:76444473-76444974	LumA	1.27880016759091	0.000107809990950181	2.87956250005696	2.28822255028951	3.24732401929592	4.08670626834463	4.04543206919828
chr8:93278575-93279076	LumA	1.27879861391597	0.00102174516287234	2.98396946731942	2.60556853185398	4.16178297444875	4.08268605212237	4.08875719041711
chr8:37907792-37908293	LumA	1.27864444114906	1.23415572344391e-07	2.92325796922282	2.38387606916912	2.9882567091115	3.63565775178202	3.43565436034442
chr5:173323377-173323878	LumA	1.27863366424535	6.30462580094912e-06	3.98344865276657	3.40183311528167	4.01398851730034	4.98047317037076	4.84317855292624
chr2:99944404-99944905	LumA	1.27845770804066	7.25769091150628e-05	2.97179788289608	2.62254851364741	3.15290138271903	4.2156506388342	4.22310147692487
chr17:68387318-68387819	LumA	1.27809708753519	7.44552965342066e-05	4.20944306472363	4.82208112026214	5.67775630816406	5.54484002963466	5.77274195128119
chr8:38456348-38456849	LumA	1.27808411081591	4.121074881364e-09	3.25519407402169	3.17530367469537	3.27346903710425	3.86434866885206	3.45342532569269
chr5:10017947-10018448	LumA	1.27804662611856	5.03915894448562e-05	3.23740462521217	2.54814534485773	3.68448074470382	4.30638549536767	4.41795245442101
chr7:123619994-123620495	LumA	1.2779284225692	0.0013936709083161	3.02707756700031	2.985201717617	4.99993460963674	4.43544184995182	5.25775852191385
chr15:80197346-80197847	LumA	1.27779323505655	7.77877402804756e-06	3.2886468850422	2.84239564498109	4.2339749009462	4.48975406533375	4.79663329907394
chr6:78512324-78512825	LumA	1.27776730538219	0.00431922694465383	2.64668889060707	2.34789168698241	3.8618012083917	4.16670286585513	4.71525555017243
chr6:124999766-125000267	LumA	1.27760070397862	0.000153413668628555	3.51732791194957	3.77645684538494	5.07286518579072	4.8400294853201	4.32819751968743
chr11:60369760-60370261	LumA	1.27747947220886	8.79521047071026e-07	3.38091271072867	2.48667435260857	4.49861232425477	4.67858916328476	4.46991541714848
chr14:21910101-21910602	LumA	1.27732965880512	0.00281558443848688	2.7886531610323	2.12764562797294	4.86458064827837	3.92170768090926	3.8300840471119
chr4:16141762-16142263	LumA	1.27696592420729	7.55435030168731e-05	3.93242221755113	4.67385560386341	4.96111203502582	5.1809151095715	5.0238115036804
chr18:36118341-36118842	LumA	1.27664462619784	2.48568017590567e-06	3.00920683322893	3.14782310772579	3.44172117680946	4.28829265686643	4.42879202305889
chr21:13426630-13427131	LumA	1.27640001468433	0.000318682985562651	2.89426366788962	2.84423323190496	3.90672794533658	3.90079914779025	4.04045332656686
chr6:127847046-127847547	LumA	1.27631936703322	0.000510660257187955	2.67127921075232	2.19991526749176	4.29705122419411	3.95079076676002	3.90224155605755
chr5:56244654-56245155	LumA	1.27628903147579	1.86361799462702e-06	3.05771755144127	2.20266031456265	3.98167963060278	4.31194873614594	4.14674221897117
chr15:71092154-71092655	LumA	1.27572183478803	1.23382391002494e-07	3.62333602361632	3.32261676834331	4.29818577781379	4.70603763545109	4.72352502462523
chr2:138787709-138788210	LumA	1.27530504006975	5.08698892854076e-06	2.97859241396352	2.6811481779089	4.05824260616545	4.10135875878682	4.13463808255694
chr7:80924704-80925205	LumA	1.27523879605003	0.000499862718265703	3.71766364680354	3.60163961992064	5.29682143735686	5.12316333864845	4.76546957262219
chr8:115804180-115804681	LumA	1.27520079894681	0.0315440968690827	3.12888139981656	4.51685986139489	4.25852140496879	4.89647475647637	5.11060447223134
chr8:38080139-38080640	LumA	1.27497998497958	5.77594103009158e-07	3.23214519576206	3.0741156917739	3.49913188214772	3.83506908423686	3.48834023164958
chr21:42391225-42391726	LumA	1.27483752805858	4.65603133289808e-06	3.75833035179562	4.3813267231486	4.09645192704549	5.0978926830608	5.06446656346247
chr19:45742239-45742740	LumA	1.27440427407219	1.35668367062348e-05	3.61958664023048	3.526844497278	4.54752868988857	4.95898234307906	5.03048097785614
chr10:22110427-22110928	LumA	1.2737773211423	0.00247939603335975	3.0292984340885	4.87046062836107	5.54889546107387	4.4128112955557	4.5224767695144
chr1:42467190-42467691	LumA	1.27368320965208	0.000105268966669734	3.3150846315491	2.68144215753318	3.81288735193952	4.39980868356386	4.17417947950954
chr1:184625595-184626096	LumA	1.27346497379822	5.7202757328763e-07	4.13372787075107	5.10095984890855	4.63354242611054	5.4354194353912	5.1204152209116
chr8:38457640-38458141	LumA	1.27299011123429	4.16101463257411e-08	3.11059454086883	3.09684955036018	2.91696027156803	3.73805053000495	3.24385084073586
chr11:130429949-130430450	LumA	1.27297074550811	2.03458748450391e-05	3.92061781534886	3.55239737426798	4.17340713014854	5.0029914495218	4.64011525980632
chr8:125064930-125065431	LumA	1.27291586171206	4.0276887654954e-07	3.25610032420337	3.54246514124097	4.16285022572191	4.22277243937882	4.58278394881501
chr14:39884113-39884614	LumA	1.27285398928227	0.000368079823188166	3.19609450489602	3.06167868059882	4.20177517204242	4.27261622702563	4.0253403916731
chr1:156704108-156704609	LumA	1.27282188554873	2.58548997962766e-05	4.53113053455616	6.11136614981454	5.74182868152279	5.9603508386248	5.88166146311368
chr5:136494750-136495251	LumA	1.27278591705349	0.00376618993301432	2.61910146580799	1.24340951593423	3.71633795352347	3.92386421499825	3.8296805099783
chr16:82316731-82317232	LumA	1.27252668458976	0.000661977599908698	3.22045089737541	2.85595232406107	5.73524529506923	4.71278507935765	4.94417838254537
chr1:39174908-39175409	LumA	1.27207420785123	2.61797923264486e-06	4.15734631285618	4.43450982998542	4.4528757170903	5.24145277839326	5.16947991464891
chr4:105924305-105924806	LumA	1.27205929509368	0.00120666345927657	3.63268657546644	2.4974100010766	4.45849326213504	5.10849996673877	5.10721219075126
chr8:38313763-38314264	LumA	1.2720557148733	1.59183292439181e-06	2.77950425905703	2.24460718182645	2.66107100450529	3.43481342302716	2.9181088003559
chr5:96454316-96454817	LumA	1.2718795615508	3.86917845916351e-06	2.81050021434888	2.32564078645237	2.4672228510517	4.04156120835666	3.48993367736263
chr3:155782532-155783033	LumA	1.27151257112839	0.00106652847985141	3.01538390733909	4.25421078239828	5.02951043963231	4.41739886760257	4.70440456704337
chr4:151021501-151022002	LumA	1.27072839675786	1.29801427250068e-06	3.36561907015139	2.8758059083033	4.44327730741552	4.49515344513651	4.81336558507816
chr4:82552289-82552790	LumA	1.27057579362933	1.49770077381813e-05	3.1412116806955	2.42074712228719	4.26393781424991	4.5762552317809	4.46682033023404
chr11:60825721-60826222	LumA	1.27048744320407	7.79779849287514e-05	3.50956948188368	3.62230497885963	5.78082961594773	4.76233713893335	4.98150935568906
chr4:40199315-40199816	LumA	1.27044619170774	1.7389525539473e-05	4.0822707972215	3.71813765656552	5.03521866298448	5.07429042022943	5.16592531274942
chr9:36599271-36599772	LumA	1.27044370204393	1.75461563164017e-05	3.04081417530077	3.38422627357101	2.83160944419676	3.89964752759122	4.01016461032879
chr8:27626054-27626555	LumA	1.27027877806303	0.000174918763149332	3.23280572092636	3.47983425665832	4.49368160753386	4.5479846463153	3.93148237344829
chr8:37159137-37159638	LumA	1.27005228215043	1.33527471332182e-07	3.33329188486828	3.2582150686136	3.09109806984955	4.0310722777776	3.71706332557123
chr1:179078551-179079052	LumA	1.26995886225542	4.81294570482185e-09	4.49014999996889	5.42874438911889	5.58403018488495	5.58664974943957	5.42260186316604
chr1:150669176-150669677	LumA	1.26982215663107	7.91245590987039e-05	3.86306299366344	3.65736599614783	4.59327512921733	4.93326538526566	4.9568216771939
chr14:103210201-103210702	LumA	1.26968357086544	7.42448625524071e-05	3.64048703425359	3.38659747874759	4.09725605319707	5.03469833534896	4.58969130705682
chr2:45991104-45991605	LumA	1.26966857540128	0.000106633825231852	4.25178505792816	4.48636185008915	5.93590369746881	5.63745989240183	5.64166152832247
chr19:40938867-40939368	LumA	1.26917728363415	0.000865483906535179	3.18486013055338	2.98462291662236	3.89847706271815	4.34636075119936	5.02143063998799
chr3:186867663-186868164	LumA	1.26913640642375	0.000430895359800309	3.17659500205703	3.68317412425726	3.99152227278978	4.42414325493195	4.01316369026485
chr1:37536511-37537012	LumA	1.2691160598717	3.75366470723991e-05	3.45811829514802	3.31123177084385	4.5263865518483	4.69982336773635	4.59887656581696
chr18:48157134-48157635	LumA	1.26905367087011	7.66941775511182e-06	3.65874473798483	4.31623610795422	4.83180468530259	4.91256554038011	4.68229276375256
chr22:29794750-29795251	LumA	1.2690527619124	2.1896863577333e-05	3.70480939915573	4.45148002434637	5.60487534553069	5.01399825892919	5.12320618161823
chr6:45588740-45589241	LumA	1.26889600138971	2.57703614162194e-05	3.56140527416644	3.89969920861277	4.74774034656169	4.66503601942767	4.95646551593241
chr3:50149953-50150454	LumA	1.26826109741475	2.06447338462308e-05	4.39811147557323	4.76400976455183	5.70324604058851	5.79157353412665	5.65316205858922
chr8:120182312-120182813	LumA	1.26810503090229	0.000214344874093167	2.92793087549881	3.53621569542969	4.89640604415718	4.20135849540057	4.34135449332695
chr2:179339937-179340438	LumA	1.26710990995516	7.91245590987039e-05	3.4810430233634	3.90043822538626	4.5377706052244	4.734604976585	4.87718286154237
chr5:37254468-37254969	LumA	1.26646058673754	0.0180281132057237	3.44288348011426	2.6641956908568	4.25325502392482	4.78407305076118	5.30822917277828
chr1:176744094-176744595	LumA	1.26625577389493	0.00213520970139488	2.9799386954554	2.49645767641261	4.34599354361998	4.51759779993326	4.42012446332944
chr2:194326068-194326569	LumA	1.26594124900918	0.00037755759930137	2.9489772030678	2.60470561791227	4.75498517945611	4.35653520856945	4.59484975941645
chr5:2741843-2742344	LumA	1.26593517421326	0.0004956786490907	3.32452378221535	3.67674331576322	3.47462863998073	4.64066982768681	3.59311660775585
chr1:247678010-247678511	LumA	1.26583995781585	0.000132491626547969	2.98250723903525	2.83578432209412	3.98140929391312	4.27443107940905	3.7461687098157
chr8:37992895-37993396	LumA	1.265633083233	4.13371550445754e-09	3.20351749676352	3.20003032663498	3.22178872628397	3.79555717840169	3.61924204966706
chr8:38462745-38463246	LumA	1.26511069194364	1.14308404061119e-07	3.32391065927947	3.48279904339394	3.05027622406397	3.98093424795483	3.71971036252914
chr8:86181307-86181808	LumA	1.26483335526921	3.20488204974157e-05	2.89457115712564	3.39459336477436	3.7596413330724	3.99855851212271	4.22555628483521
chr8:37740169-37740670	LumA	1.26443778701037	1.06521751792192e-09	3.3298522899976	3.25842522956395	3.30279860258496	4.12923775771021	3.86378628486389
chr2:88206310-88206811	LumA	1.26429931365361	5.60193596061641e-06	3.12823483171776	2.88113333040985	4.26554487050167	4.42839306518361	4.36488646056353
chr5:2676119-2676620	LumA	1.26422120360507	7.15409953403022e-05	2.92903757968697	2.64606396143052	4.59769199936745	4.17182496761093	4.0675632239214
chr11:87924045-87924546	LumA	1.26386416052452	0.00131775825358626	2.83181210977875	2.30422436671638	2.60100089744855	3.9182404081221	4.21382064789403
chr10:124417439-124417940	LumA	1.26379171913059	5.42324799707147e-07	4.69505671538387	5.77557159451843	5.56504012370682	5.87646724802802	5.57143587698661
chr3:158915591-158916092	LumA	1.26345005325733	8.7191780180826e-05	3.47691254879139	3.42800706140161	4.92885740327588	4.42963003223982	4.39444524275505
chr19:57811358-57811859	LumA	1.26267554198804	2.45243381627586e-05	4.18113569629233	3.7407307642327	5.17833746989411	5.38174855407049	5.49458499524515
chr7:99985349-99985850	LumA	1.26223944306927	2.84978919262933e-05	3.35757952039739	3.94057174142286	4.57851292996826	4.49366453642293	4.78515526558735
chr1:234958918-234959419	LumA	1.26204838159656	0.000233008540835292	5.61542192948661	5.39518578654945	6.7977875216743	6.90992936005481	7.02269813864692
chr8:37560570-37561071	LumA	1.26203163225099	1.34352006500386e-05	3.43984920226029	2.81283348364496	3.94004436834066	4.28973539127937	4.20695582016832
chr11:75289822-75290323	LumA	1.26183812469721	2.08745637478969e-08	3.83852315153255	3.78325938997778	4.7078055474866	5.02469687057243	4.95744043106934
chr19:23404608-23405109	LumA	1.26167023444396	0.00173226289881505	3.711983850918	4.41536860831822	6.46103126036991	4.97929545466843	5.1728084529741
chr8:86197467-86197968	LumA	1.26143840216389	8.81331308055828e-06	2.91421022164777	2.7551510946089	3.07059015257841	4.03358115564325	3.95493492560792
chr11:57504471-57504972	LumA	1.26041751606647	9.81353972679102e-06	3.22654200106419	3.64413049118024	3.87042585725354	4.18022998207641	3.96082990604282
chr1:155077249-155077750	LumA	1.26033054669439	1.97997536139116e-05	5.09903634029878	5.50321902333307	6.45565774166867	6.28686791676085	6.27957333691974
chr8:38424379-38424880	LumA	1.2599094988713	3.15275076588343e-08	3.59333343046018	3.55973021322282	3.49557066643828	4.38108581018961	3.82025205503619
chr2:217365550-217366051	LumA	1.25974438868936	2.0917147520785e-05	3.19826926561518	3.13547512192317	4.48161587350561	4.51456627902308	4.61795156743733
chr18:36115339-36115840	LumA	1.25937099707091	9.17405500752943e-06	2.97142503620582	3.13231701473483	3.45391473461577	4.202408385788	4.36064385624476
chr8:80402550-80403051	LumA	1.25925256578592	0.000560801094217207	3.33980966090729	3.08423550815646	4.44115755997576	4.76357119540397	5.18426548971714
chr15:99253561-99254062	LumA	1.25921927927227	1.48575984489947e-09	4.45379703851914	4.23783561593936	4.40405463811273	5.2330838469696	4.65394048484825
chr20:48078244-48078745	LumA	1.25921044766832	9.30903134979856e-07	3.0373309987093	2.7371829318909	3.74034356352402	3.75991465972867	3.8912325668698
chr20:51653988-51654489	LumA	1.25908371769298	2.98041198127746e-05	3.34435511997828	3.49803096673721	5.25079014507769	4.54025917717679	4.55874771519058
chr3:26756813-26757314	LumA	1.25898916022958	0.00060509625171402	2.93618603840974	2.41880878966846	2.98608592216154	3.94428288703298	3.77472678509095
chr5:24764-25265	LumA	1.25892277560037	2.23041593747632e-07	3.5255360513175	3.19016399870168	3.76143120603505	4.66981581005457	4.06278749549524
chr5:3501380-3501881	LumA	1.25812958840392	0.00133555872812221	2.757736775339	2.29496683744775	4.93935602987899	4.01055375842084	3.33793687673291
chr8:37916789-37917290	LumA	1.25804092584544	1.97523865448438e-09	4.04653916499631	4.11532541231084	4.19526955741586	4.63647956620369	4.33734522389637
chr21:38071288-38071789	LumA	1.25745611096241	0.00280632671333677	2.75202101056137	2.5727970869246	5.5773143495042	4.21311938556072	4.37320561126677
chr4:116675190-116675691	LumA	1.25734399227435	0.000473264914591982	2.55974568223907	2.09585646635983	3.10658118627435	3.74687449742009	3.51688658348552
chr6:33713762-33714263	LumA	1.25724797742279	0.00046566190061231	4.36371904353476	4.36257514885191	6.06351859386301	5.72994173424378	5.96524381194284
chr10:78800405-78800906	LumA	1.25717285560427	0.000153545698323735	3.38627582629322	3.06753501676266	4.45934445872588	4.57685783793848	4.34601385602602
chr1:91958955-91959456	LumA	1.25711435575263	0.0042325101490407	2.91962069513972	2.6404398357054	5.03244668204242	4.36549724555414	5.06357900639394
chr19:38401101-38401602	LumA	1.25704278660208	2.82244272399996e-08	4.58694215233061	4.77363457750417	5.10711148061025	5.70143890666423	5.3381605574738
chr1:31510260-31510761	LumA	1.25684612334996	0.00176937311929954	4.0423827981686	3.27562987417708	5.65580170901045	5.4949499102861	5.52021059619202
chr2:200537539-200538040	LumA	1.25680576926934	0.00020012646341228	2.93207002398911	2.32198345388578	3.89503537608664	4.26817318327337	4.67267978474781
chr5:90562221-90562722	LumA	1.25666862433059	0.00441912046491962	3.93856583349621	2.8087151088863	4.99518304625882	5.45288454650465	5.4922933521607
chr8:38224612-38225113	LumA	1.25649466168068	5.35434936995015e-10	3.13166065246672	3.085130335844	3.12041620353224	3.67301739241164	3.19992760676955
chr6:139298908-139299409	LumA	1.25632763457101	0.000219620158752117	3.21097536717835	3.4519327744006	4.46138192603961	4.29994533280113	4.33512787227912
chr8:37740671-37741172	LumA	1.25611013323968	3.16509712417713e-10	3.08480634795987	2.80954865938008	3.1239259389283	3.75232364583981	3.37457190013151
chr8:102957983-102958484	LumA	1.25566731026322	0.000858453915370921	3.03612227570102	3.21035294963693	4.05929106685975	3.90842536624588	3.96638406602336
chr20:38042517-38043018	LumA	1.25529949364213	4.34484659877465e-08	3.2648928964303	2.96781146624464	3.47649067278045	4.16587674327272	4.34460517445371
chr11:102636100-102636601	LumA	1.25503541543507	0.00242359496635668	2.94027436027229	2.2485317357486	4.1987325161455	4.12683290518767	4.29105316880327
chr3:37179086-37179587	LumA	1.25502940387803	0.00047625808760099	3.56954496329645	3.24087155503032	3.52232763369092	4.82631679766065	5.03175094863014
chr8:72106678-72107179	LumA	1.25501900687895	0.000234680831118576	3.07618919487193	2.66038588964256	3.95088551519079	4.06400204831692	4.33868153546711
chr10:77124198-77124699	LumA	1.25490445248404	1.08212191347385e-05	3.07703028808489	2.76112578174547	4.15450386765781	4.4017133994773	4.27549878802893
chr3:129509728-129510229	LumA	1.25453315776922	5.37468457937264e-05	3.7175643978322	3.93162183317425	4.96358081212596	5.03499837284403	5.62899081933238
chr8:38425481-38425982	LumA	1.2543230413674	7.30607400636258e-08	3.60126561614853	3.59364824105227	3.32976794012092	4.351710639757	3.81646295596667
chr8:38070097-38070598	LumA	1.25420786899929	2.05866031897744e-07	3.28367650958943	3.27833714070545	3.51650870436086	3.85919038716191	3.69518171054997
chr17:20956728-20957229	LumA	1.25417182855744	4.90021085340238e-06	3.33202397411618	2.56731742978241	4.07806376881121	4.22996489367424	4.22665048502249
chr14:75518161-75518662	LumA	1.25389614068309	2.19641319043364e-07	3.32658302789363	3.28348396551966	4.86819368028579	4.32148475696301	4.33211903414181
chr12:69426781-69427282	LumA	1.25349463155349	0.00251127897318575	2.54865172998512	1.86248749153595	4.21119092723281	3.88450669971926	4.41008035565009
chr9:128021546-128022047	LumA	1.25323390653361	7.03356605766392e-08	3.89289802466867	3.65492737228011	4.89864150275415	5.09907384191325	5.41947760702557
chr2:210928010-210928511	LumA	1.2531557860164	0.000745194140036372	2.82402751577826	2.22953237483221	2.95336790975038	3.96212609957089	4.50431406555277
chr1:45517195-45517696	LumA	1.25309670039958	2.99224699694072e-07	4.05032375481965	4.79042445401634	4.70183556102346	5.16972410434941	5.01864058983653
chr3:195605822-195606323	LumA	1.25295896178732	0.000608894047217828	2.51221622327405	2.40099415003624	4.29629074756007	3.4409125970842	3.64644873779741
chr10:9108786-9109287	LumA	1.25245527876849	0.000163373590262152	2.83046482139499	3.00507397621887	3.91863765562261	3.94521071865846	4.32597080559636
chr18:48558118-48558619	LumA	1.25233671296554	9.56333317294193e-05	3.0323674020217	4.62439979693444	4.33091130653824	4.26393152417093	3.85870593740881
chr4:691458-691959	LumA	1.25207818226817	1.87303470299943e-06	4.04913002393761	4.4201431043687	5.3389543157378	5.29568234425619	5.36990561708815
chr3:172132779-172133280	LumA	1.25152774389501	0.00011292170888027	4.33926900164711	4.34934012989029	5.96365433133828	5.38449777853095	5.66781487564983
chr13:31090049-31090550	LumA	1.25133843896851	0.000404828400357853	3.56374985076741	3.80178707020391	5.03525580045988	4.87955741749704	4.78773344980418
chr18:36126217-36126718	LumA	1.25127157578235	2.05404717839208e-06	3.78403826642652	3.86226869214825	3.70905561184885	5.06154338097366	4.96629606340593
chr4:140699412-140699913	LumA	1.25119099260887	1.31704633010946e-05	3.18227606269563	2.81001232614936	3.98326650034362	4.4428076458957	4.52511965633407
chr8:37875477-37875978	LumA	1.2511874312966	3.72142139911587e-07	3.49478031859823	3.18652500082943	3.68516363694363	4.10944245224626	3.85716689266089
chr1:212164709-212165210	LumA	1.25113333972499	1.31909017744376e-06	3.17134990629637	3.05411577554941	3.91068738543536	4.31863062756334	4.17805809006182
chr8:38045956-38046457	LumA	1.25111442342485	3.01277400874726e-08	2.91620380314493	2.88486721971137	3.33680054264036	3.60027374595918	3.19334262535636
chr12:125505550-125506051	LumA	1.25078330168617	0.000185622538982921	2.56793990976223	2.16176788271825	4.50272485672479	3.42479873715796	3.37990975598023
chr3:31615434-31615935	LumA	1.25065819439661	0.000423565357314589	3.37106191817498	2.63098574266492	5.37276419114829	4.51243248412389	4.69275239742131
chr6:146536239-146536740	LumA	1.25062786079027	1.71400834771776e-06	2.91385574427063	3.0490081902974	2.93495481015017	4.02635933033975	3.6099653668369
chr17:28469506-28470007	LumA	1.25039584310252	0.00103754142083688	3.86960331636856	4.38214706506924	5.86041869142448	5.30497363981155	5.44134223880496
chr16:54164715-54165216	LumA	1.25036137804992	0.000109860440605244	3.27701148419639	3.29556151706222	4.87267011172263	4.53061675128172	4.75315790457443
chr8:116584058-116584559	LumA	1.25000312325842	0.000442557501921468	3.04144889595849	3.94249241669876	4.2152237105899	4.28108732184011	4.46315667539585
chr12:120727194-120727695	LumA	1.2498735607087	7.66535593114895e-10	4.39152211003481	3.93896441203647	5.21856933302822	5.53126121080383	5.32268600462881
chr17:57214379-57214880	LumA	1.2493615766467	0.000289360088888601	3.07121119091284	2.53114745527954	4.26680091996958	4.43099282102624	4.64327994723622
chr8:37994404-37994905	LumA	1.24932831621119	2.45809828566277e-10	3.0990509030901	2.91730746488082	3.2610018260946	3.63732047041062	3.19997834481511
chr14:96148585-96149086	LumA	1.24904859962121	3.25882625623733e-05	3.31186937199032	3.30839140931888	4.15643798502622	4.52127107002636	4.76003498138661
chr21:28550153-28550654	LumA	1.24893772616514	0.0175902541125962	2.73543431805493	2.49029880738749	4.52329553884581	4.3356453817433	4.38993795593161
chr15:58360379-58360880	LumA	1.2489225950892	8.48171592872395e-06	3.16598126548346	3.41126475232757	4.19952145467696	4.44246496670409	4.44719687492217
chr20:45423180-45423681	LumA	1.2488430331535	4.76741149498836e-09	3.61397703803339	3.27432240356621	3.82960572909035	4.61873432624605	4.64754061266364
chr13:55653360-55653861	LumA	1.24835883137878	0.00105102784468342	2.98676468277556	2.40415476650418	4.91426860671385	4.01334433926934	3.88462988120245
chr14:80588036-80588537	LumA	1.24809800499247	0.000426717733500222	3.35485415896241	2.73664301152089	5.12750903143653	4.5903749715977	4.70150447372708
chr4:157999680-158000181	LumA	1.24804102825559	0.00140920103797325	3.40825567726969	2.2850867226477	4.24655587334087	4.42261652028282	4.42855039663649
chr6:53278474-53278975	LumA	1.24797177254625	2.97202689301854e-07	3.70076055001995	3.49156316891634	4.88328543057476	4.96585092258529	4.87517809691266
chr8:66018768-66019269	LumA	1.24789178473431	0.000245654371417175	3.89366981858638	4.67794831887439	5.54011258871422	5.01219903031582	5.24847770855548
chr11:130533735-130534236	LumA	1.2478895002544	0.00128252785301579	3.35893375529452	2.31882434923948	4.72359441217646	4.78009870477472	4.57138794886644
chr6:120141609-120142110	LumA	1.24770654084569	0.00124194829408006	3.25982914365258	3.10408661684548	3.34703323261803	4.43031372493117	4.96220678100785
chr8:37910729-37911230	LumA	1.24757158981499	3.54659819231065e-07	2.79987915430374	2.18436406702481	3.03106945246665	3.46236830391363	3.22512388927307
chr11:17440474-17440975	LumA	1.24704564278125	2.8312387595943e-06	3.6594799844054	3.15023165746166	5.14643978409554	4.9438061653778	4.79148285536528
chr8:37589792-37590293	LumA	1.24697216490855	3.34520975275427e-06	3.63086888960247	2.82545230072979	3.81957571941448	4.31538758311672	4.27564429605204
chr6:36153427-36153928	LumA	1.24692235362935	0.000206967045006497	3.40749972033426	4.71127930013613	5.80995294246999	4.71271343611906	4.90003735805822
chr18:74948752-74949253	LumA	1.24679443168646	0.00136129875801165	2.76704205276482	2.49835398434023	3.63129028836797	4.00501077947973	3.95833489858528
chr3:42883320-42883821	LumA	1.24676748533532	8.80245173261727e-06	3.51020963509671	3.22769773005578	4.58964690190537	4.73554886223675	4.75678825011845
chr6:130828061-130828562	LumA	1.24674146635985	0.000633161817095481	3.0655254487554	2.15865470706477	4.0349618981337	4.292278318219	4.51407131718208
chr8:117145635-117146136	LumA	1.24656601928014	0.00582834090340992	2.74607578086613	4.05357676586416	5.60309662064262	4.23724810779504	4.2973913635144
chr11:37666896-37667397	LumA	1.2463912032629	0.000264781500427515	2.63222499835718	1.67742431531544	3.80229086950097	3.86811353323331	3.80437714342326
chr15:61217736-61218237	LumA	1.24621669202211	0.000156274371334161	2.97003828215157	2.46463192135201	4.30658811305418	3.99595219015509	3.96848833848071
chr8:95084490-95084991	LumA	1.24556732137587	1.48271857877677e-05	3.30723118752268	3.89757545538473	4.7846589437118	4.3262721681185	4.71083359125113
chr6:100174633-100175134	LumA	1.24498809002551	0.00105693516611542	3.39580184551833	3.01175961547933	4.87252883297532	4.70051469826225	4.65886932366977
chr3:185524536-185525037	LumA	1.24479219661697	0.000298486322279924	3.24992651763584	2.93325205853787	4.21874381761789	4.4666233538049	4.64560423154498
chr8:74739646-74740147	LumA	1.2447808159682	0.000157466831796279	2.82965438230799	2.50708679758596	2.93609437615184	4.07898760209685	3.82374186795052
chr2:136178934-136179435	LumA	1.24469973508987	0.00315296446509633	3.26166392546483	4.50138731408095	5.17848919929359	4.74926913314379	4.82400381408534
chr8:29347002-29347503	LumA	1.24425573648037	0.000141579541471231	4.63970812134599	4.79204005957403	5.54281727030302	5.78028052864266	5.19834555380372
chr8:37876473-37876974	LumA	1.24372593730625	4.11843887852642e-08	3.75165750466519	3.35910072022975	3.70748794069638	4.52641365545827	4.19701783527565
chr8:40375386-40375887	LumA	1.24363475570928	3.02222557854243e-05	3.12755533545341	2.61883524242051	4.03850666506965	3.86629215367775	4.22818685563895
chr8:18211699-18212200	LumA	1.24270302375529	5.31326021833815e-06	3.22312382124346	2.40217722018837	3.88668194338232	4.28682162038198	4.26048719605964
chr8:122273333-122273834	LumA	1.24257704003992	1.0968098884073e-06	3.00083437413381	2.69657777104447	3.76303432086351	4.12869270375622	3.98150111415716
chr3:128427567-128428068	LumA	1.24247973512335	6.49970609723005e-05	3.96095726102713	3.59138678838923	4.86505108296104	5.25027342849182	5.33069469537662
chr11:61565721-61566222	LumA	1.2421664471188	2.77637022434522e-06	3.80999138716928	3.58613330791588	4.86159590076954	4.66447837169871	4.40617609639189
chr7:8215931-8216432	LumA	1.24173043808186	9.67657490713085e-06	3.62325171597707	3.83527485186562	5.16933003161037	4.89523098020813	4.5239250104374
chr10:8052279-8052780	LumA	1.24145507115862	0.00297476325163246	3.78629357025669	4.57916105062211	4.74157240071701	5.22919483097945	5.25452601083665
chr16:14076578-14077079	LumA	1.2412197473233	2.11044431961052e-06	3.03563453701581	2.63640228322647	3.43507915765939	4.22356951237307	4.50501064418285
chr19:57775925-57776426	LumA	1.24114982240683	3.37505356565799e-08	3.71985245102059	3.80069681575794	4.56898385690621	4.75640707985971	4.85241795262356
chr10:245908-246409	LumA	1.24114588049123	7.24488649774129e-06	3.11614979784907	3.22583730125589	3.34705507209873	4.09775519727468	3.6495391363541
chr10:74643515-74644016	LumA	1.24087179595614	0.000638751882858608	2.89153229264908	2.59939810981859	5.21544925215161	4.2267647250316	4.32416330925898
chr1:195459952-195460453	LumA	1.2408210457538	0.000214894095090723	2.61245138356817	2.51680581947989	3.09288107638072	3.7057585991428	3.84913103337119
chr8:115936446-115936947	LumA	1.24075085098005	3.82584344520313e-05	3.27566892923554	3.64464746030466	4.6469397656183	4.44913667840681	4.55846630913273
chr3:50598198-50598699	LumA	1.24073826340119	1.41183120282082e-08	3.8981479203306	3.79448715609453	5.05312755142556	4.91936772979556	4.98147869653663
chr2:41143420-41143921	LumA	1.24031254029286	0.000265805532972565	3.07400885021538	2.57206975037162	4.09716516029317	4.30929024966131	4.35279991527521
chr1:175537137-175537638	LumA	1.24017756105848	0.000135305674416216	3.1731759037568	3.00273797147155	4.29886738224433	4.32429493449319	4.01072958470096
chr5:67219587-67220088	LumA	1.23993745502955	6.26413346957234e-11	3.50708446786357	2.89088887569439	3.37655494218753	4.66259493438594	4.5257255304926
chr9:1791966-1792467	LumA	1.23988749777582	0.000312418680677916	2.79040409786588	2.65787188788456	3.42466899671858	3.95769976220597	3.49645853172766
chr8:96356142-96356643	LumA	1.23962172293504	3.49768867094782e-07	3.6227663710311	3.75579760698268	4.25246807854034	4.65039107696848	4.69489782706493
chr1:11362715-11363216	LumA	1.23916716914401	0.000136091818421715	3.49890295512248	4.16918571972064	4.93646485709563	4.52685344096582	4.30288623895913
chr8:38457128-38457629	LumA	1.23916068229715	1.2609999668059e-08	3.49209390389936	3.29912899629238	3.23570640294117	4.10149245631944	3.73981655250524
chr1:197781048-197781549	LumA	1.23864900606509	4.05822590098564e-07	3.24507232401599	3.52173896810242	3.63883078590901	3.83683034383149	3.73287552238214
chr8:42294952-42295453	LumA	1.23837145635688	1.46893747318409e-08	3.35678720427887	3.25793835950364	4.21287115815958	4.54900463501577	4.38455525143903
chr8:38523586-38524087	LumA	1.23806679904123	3.65151049448383e-07	3.37585761112414	3.29004581199075	3.18358168866167	4.06545026946083	3.57149868969424
chr19:36059488-36059989	LumA	1.23803582568293	1.49036519191617e-05	4.13836955634484	5.04476379168746	4.56344691603653	5.21133683885438	4.65554356465912
chr8:95086719-95087220	LumA	1.23767657083437	0.0004272625715759	3.76036503227994	5.12175227628889	5.81354822062187	4.62746135082185	5.26243690076757
chr8:37299972-37300473	LumA	1.23757745495813	1.54291247516527e-07	3.17908577355451	3.14799931440063	3.37735770395335	3.85351619952683	3.53726116257688
chr19:53775471-53775972	LumA	1.23751754715202	0.00958664175530217	2.84202886775023	2.3504495760683	3.99387352584149	3.63905899654179	4.1873056664501
chr8:71721933-71722434	LumA	1.23744882981254	0.00856137677182948	2.83393957740784	2.26730393405412	3.68476492305948	4.5188739941373	4.65134252489944
chr18:61622844-61623345	LumA	1.23694091383849	0.00235136216019848	2.71972838177764	2.48569595113394	3.5580068656798	4.09411117113493	3.61892670963379
chr20:42628793-42629294	LumA	1.23674513247175	0.00115977457344431	2.57768933762712	2.20602513806048	3.42131840469073	3.89974555417252	3.92044945600778
chr1:46839604-46840105	LumA	1.23656218561137	0.000425824074865029	2.64430307501634	2.12122736102395	4.41483845200538	3.7052918987723	3.70841125224971
chr6:151820942-151821443	LumA	1.23639896607205	0.00467739106931851	3.20402156679482	2.8040695776341	3.70566412044347	4.45791537397532	4.92196488559255
chr8:117159491-117159992	LumA	1.23596306231389	0.000284276273398366	2.77238215668294	2.43272300830368	3.31925316041161	3.85847697265129	3.96924945510132
chr4:124132806-124133307	LumA	1.23519491919348	0.000126334148822135	2.74398828156213	2.36044685707893	4.38434068840292	4.06690379566639	3.90945425249193
chr11:69513992-69514493	LumA	1.23499199615086	0.000123830489870707	3.13029085705451	3.31776710356399	3.8462069307065	4.44969215389293	4.80463074401013
chr1:204998645-204999146	LumA	1.23480427845974	1.3423058308e-05	3.01891319754326	3.15314928759858	3.84122437570755	4.06575445700249	4.22862194530609
chr7:105980886-105981387	LumA	1.23442580311723	2.13005982027259e-06	3.19650991290063	3.05812552374212	3.71131061419765	4.01844044932876	4.02072382342296
chr8:37902523-37903024	LumA	1.2342742664205	1.09484235919848e-05	4.72978731116783	4.34587258608156	5.21482473161093	5.51772166124682	5.29587458047165
chr9:85217158-85217659	LumA	1.234141381601	6.7350275846648e-07	2.98672058963452	2.56835091302846	3.39614854407111	4.19314931800982	3.69051599160122
chr7:70268038-70268539	LumA	1.23395700683068	0.000716494159776766	2.97535323261664	2.81674650661281	3.75257153244164	4.23153190046556	4.15680714087129
chr3:103609435-103609936	LumA	1.23352097901885	3.82896996151504e-05	2.95040703939415	2.2389061622587	3.00739421455081	4.10947410346582	4.08436657546349
chr1:151561544-151562045	LumA	1.23324437167603	2.55333895086039e-06	4.02503432428504	4.68230511572231	5.1392866957983	5.0882713548086	5.17418818882856
chr8:140197989-140198490	LumA	1.233138927578	2.47464037638653e-05	3.78869734502235	3.84415479309924	5.64746143927685	4.82051714161904	4.98347101606389
chr3:117715298-117715799	LumA	1.23300469528894	0.00747814535140636	2.87122137363336	2.29390826596653	4.32448057991514	4.15080277142826	4.06745247218031
chr13:37969541-37970042	LumA	1.23273295482466	0.000634255753837183	3.08799389350135	3.09660405016894	4.82937084569307	4.28302747161656	4.05035343361237
chr11:78062745-78063246	LumA	1.23250109476335	0.000797890412515654	3.909708884368	4.61747619889824	5.3077718440106	5.14726044261738	5.02717387477788
chr18:14449342-14449843	LumA	1.232278248664	1.37850929619561e-05	3.17879513293177	3.06532122591577	3.62175969433651	4.20471853068698	3.98466396831111
chr3:8448061-8448562	LumA	1.23220326359045	3.4858021321814e-05	3.25331955931336	2.59169216861378	4.65670908706263	4.20789880428582	4.49840716402371
chr15:52675581-52676082	LumA	1.23219543595001	0.000302154740485266	3.10383090730582	2.81260042007634	4.39749601244466	4.23437296789195	4.24578318476125
chr8:38580628-38581129	LumA	1.2316612495002	7.58947283933203e-06	2.86171767363817	3.11553156198966	2.50164903647905	3.69356080294229	2.91277988612455
chr17:40651991-40652492	LumA	1.23156277230778	4.26170728895202e-06	3.22834001345656	2.59370222362272	4.26425189501749	4.39577963345119	4.57039231273869
chr15:40714186-40714687	LumA	1.23138862504409	6.84266276712221e-05	2.57671245732445	2.16181039066841	3.88880868543427	3.64465647501001	4.10608533824622
chr8:86175092-86175593	LumA	1.23133987214202	4.04593622324709e-07	3.18918683824103	3.26241341706263	3.59377093396004	4.2850755633095	4.13222965607023
chr10:101094462-101094963	LumA	1.23112917564916	1.24050987418485e-07	4.02748804564981	3.6077043606115	5.17831409666465	4.94582198569309	4.92793421105865
chr3:31157849-31158350	LumA	1.23092467228104	0.000111477996275793	3.26418333196409	3.77491976130842	5.23718197292906	4.26666383951277	4.15690517249498
chr9:13095005-13095506	LumA	1.23075294501203	8.36963278809846e-06	3.00758856147163	3.39767207363192	3.96964325890605	4.23184133898516	4.25887080134706
chr6:4115791-4116292	LumA	1.23029143035016	3.55550150527034e-06	3.0355424584956	2.5800462327649	3.46369716242656	3.98830226660428	3.94766102165093
chr8:38015216-38015717	LumA	1.23023334509907	1.0786447233857e-05	3.08930988022146	2.47700887753682	3.08990511137706	3.42255404622402	3.26729559993716
chr8:37777119-37777620	LumA	1.23014805319627	1.54291247516527e-07	3.0239375702511	2.72665271558367	2.88187115412212	3.59714668137953	3.27649123654063
chr8:86185909-86186410	LumA	1.22957682617748	2.60974404067012e-05	3.17506956795811	3.00250268741246	3.72270204016853	4.28267055868705	4.39167391242144
chr2:168826025-168826526	LumA	1.22944080289552	1.22397162957545e-07	3.10180054938447	2.23814171811517	3.18525782226417	3.97886447969298	4.0919118091759
chr15:41771715-41772216	LumA	1.22889458733349	4.05818057939035e-08	4.32246366112289	4.09219669739026	5.20679246651612	5.10384527449249	5.21576724871659
chr3:17967984-17968485	LumA	1.22867900089763	8.7191780180826e-05	2.7474326444769	2.53363737729935	3.18927971356884	3.80805810038419	3.55243946235885
chr3:51071967-51072468	LumA	1.22846095140997	0.000185606026255097	2.76788105539179	2.05074452921516	2.79658372196411	3.7991567287654	3.74132313080632
chr5:159416420-159416921	LumA	1.22835063776857	0.0021816257966482	3.02276715769693	2.09826666319202	3.79252395480146	4.30298263389906	3.82380607487694
chr8:38490636-38491137	LumA	1.22751122536475	2.5644089954331e-08	3.02535567080106	3.01215006982415	2.95036415806121	3.54371831028987	3.24649533872104
chr16:29592920-29593421	LumA	1.22736702722945	3.41850142429081e-06	3.53819935839334	3.5248108564151	4.54678705180753	4.51016449205671	4.51840654608769
chr7:54484324-54484825	LumA	1.22725981733454	0.000718961456425837	2.9373941226356	2.77983315029097	5.02052249851013	4.09957941227714	4.24284716769965
chr6:3459585-3460086	LumA	1.22722171780523	1.85951917094137e-06	3.72092220662559	3.24020629185679	5.41890296632259	4.68732598228661	4.90205703650222
chr4:84101658-84102159	LumA	1.2267624783169	2.86783386411246e-05	2.58771953283345	2.06163104243572	2.95792024503287	3.66149315237045	3.69859034755825
chr2:156344779-156345280	LumA	1.2267540865847	5.37735169459836e-08	3.59746930723292	3.38972890969773	4.09428702403972	4.56585527770591	4.36177081153629
chr12:118152121-118152622	LumA	1.22595612485942	2.15481582845635e-10	3.76019929319935	3.39514839816954	4.83201506244532	4.82696919636282	4.15559658215723
chr1:61330023-61330524	LumA	1.22564268473978	1.64348124452327e-07	3.33924395945	3.04635290432052	4.92929514063655	4.35645189792578	4.20928063987893
chr2:4942312-4942813	LumA	1.2254635314877	0.000836633420110397	2.66568864398494	2.26528849661112	3.45243530981597	4.03242197440949	2.97031764184377
chr4:95071833-95072334	LumA	1.22536566759213	0.000905493610428492	2.91608885141642	2.42637263413075	2.76158486083082	3.60438096878194	3.72873338688669
chr17:68379684-68380185	LumA	1.22515975481963	0.00220757787583049	3.88772061582835	3.41536564338203	5.388444102596	5.30433977398212	5.69651278355217
chr5:174057515-174058016	LumA	1.2251565537148	0.00133329977282001	2.88218896398873	2.46714588690292	4.87615090257405	4.15122126251957	4.07044872351408
chr17:40579442-40579943	LumA	1.22498933816569	0.000747339310847927	3.59126147022605	3.4686757871382	4.86817919899584	4.96419884981491	5.33607044527167
chr8:38110494-38110995	LumA	1.2248803753126	1.69477664218085e-08	2.86998909309217	2.5264699578488	2.88314654348185	3.11113526192379	3.13135489927108
chr1:175170207-175170708	LumA	1.22476518500989	0.000173364623561449	3.94156971009084	3.57272368974314	5.38520647392276	5.28081325816139	5.12123960012745
chr8:74687850-74688351	LumA	1.22473782906829	0.000287287410285284	3.0776069047939	2.52374603197389	3.3681465487468	4.23229211038493	4.1290447337809
chr8:37150485-37150986	LumA	1.22422113410997	2.90732864816775e-05	3.09566428740784	3.10101742564117	2.83181161601194	4.10258288265271	3.68803256886625
chr17:57821606-57822107	LumA	1.2237245469842	1.21009801506199e-05	3.22920467469773	3.18424879161938	4.62894801820131	4.28976348795683	4.60485762109153
chr8:41619621-41620122	LumA	1.22372011535183	2.18810044959317e-09	3.40182233268074	3.30554656301194	3.43050181222334	3.84503762817375	3.84581899875343
chr7:21323393-21323894	LumA	1.22313952472805	0.000252418010081483	2.7856147439651	2.02001387371803	2.85161103907778	4.1536681454717	3.3782019575479
chr10:78775987-78776488	LumA	1.22303944977968	6.54071193784174e-05	3.63074075223472	3.67794405580834	5.27147007159412	4.79443420953057	4.90477857692642
chr1:38855192-38855693	LumA	1.22302241319324	4.81037357915837e-11	3.29493104989557	3.54306555313718	3.09406000084253	3.81717914115289	3.48034580975318
chr7:17664226-17664727	LumA	1.22295495712525	0.00158032310852094	3.09657586686579	3.02014299046993	4.16300881927165	4.43765393711894	4.18087692390213
chr8:113350824-113351325	LumA	1.22283607170973	0.000165123211911605	2.84545606771105	2.67114003516007	3.27116287861403	3.8768857312796	3.92459344214478
chr8:41571378-41571879	LumA	1.22256089932595	1.26392470956405e-09	3.05857472572215	3.05242754737173	3.14248397293344	3.62977466925533	3.5282749634252
chr4:787822-788323	LumA	1.22225181080421	9.70441947372328e-08	4.48333996590386	3.92269108216781	5.10425427425336	5.65013814036829	5.88864807832432
chr12:5635426-5635927	LumA	1.22216921360135	0.000484710841384184	2.62521847570852	2.1817493881408	2.88137710073413	3.93914473069724	3.66582563149175
chr8:113347152-113347653	LumA	1.22209418854838	5.77015777773668e-05	2.833428841565	2.59816343793527	3.23122924774915	3.65593596209588	3.96039577168556
chr8:133579466-133579967	LumA	1.2220273926209	1.14971818747433e-05	3.40521292259851	3.93072024522514	4.35248812186056	4.10696899491617	4.34442289297423
chr4:108715311-108715812	LumA	1.22194337154686	0.000209816198685618	3.03292346745665	2.46034428020137	3.43305318984687	4.16646530382488	4.38992237945334
chr6:109856405-109856906	LumA	1.22151421426424	0.000114169587113329	3.19404027542392	3.02840666530288	5.08159822410294	4.39955604682966	4.3844402846453
chr10:80135398-80135899	LumA	1.22119408582434	5.42324799707147e-07	2.91357923593333	3.2913511683042	2.86650700731742	3.56350956530015	3.31712160645052
chr1:227086556-227087057	LumA	1.22091730064643	1.8679778224944e-06	2.92986568142388	2.98646109767047	4.11221415230223	3.98252919652404	3.92928243108752
chr1:201282122-201282623	LumA	1.2205568658103	0.00604745469619291	3.99353383521304	4.22956675273137	5.26666535351211	5.68029334107041	5.68808030764598
chr3:176791265-176791766	LumA	1.22053297858262	1.03339092337884e-06	2.85848932111703	3.1775406507944	3.36322583962305	3.36165246569388	3.00979870237855
chr2:219392689-219393190	LumA	1.22037783602473	2.31860568994585e-06	4.33388567418002	5.32124969442021	4.81828296016758	5.3977047348092	5.34397765285057
chr12:93731431-93731932	LumA	1.21991513225353	0.000242499776131936	3.08911363163403	2.19807068364783	4.7789744754099	3.88608717101346	4.35179952053775
chr14:33538806-33539307	LumA	1.21975533619583	8.05345598681548e-05	2.99436584526084	2.17738477217575	2.89905867670157	4.16497996385283	3.70098241815846
chr1:203308740-203309241	LumA	1.21947402826762	0.000295164035753668	5.87321003649607	5.43393843472126	5.39746495010931	6.82888918471702	6.28544956206784
chr1:109199102-109199603	LumA	1.21944065306147	3.48372970825392e-10	3.8473301274064	3.8714665456531	4.09585060043695	4.82621409113279	4.84035671051953
chr6:158944357-158944858	LumA	1.2188801658471	5.66628896805596e-08	3.123544367184	2.99217854699079	4.28311799993444	3.89678124735085	3.80632160250338
chr8:37595361-37595862	LumA	1.21878286081097	5.46151181123678e-05	3.85274648249653	4.38735346520613	4.38217353984925	4.82280263902617	4.5999895656579
chr10:34401341-34401842	LumA	1.21865738767275	0.000495704893159208	3.19728238713527	3.25988682150716	4.49754187126863	4.46818699747583	4.76026846333663
chr8:72393996-72394497	LumA	1.21860104177574	0.000112772040287593	3.59473878659029	4.42556288058198	4.46596431145028	4.69301914519498	4.69494622982764
chr14:94615238-94615739	LumA	1.21840418356994	9.1792032118047e-05	3.83985471706222	4.49101601168655	4.07566865493481	5.09241435902116	5.03535355079888
chr9:117302482-117302983	LumA	1.21817982497973	0.0080578028316135	3.3007097542412	2.31611415507736	4.30956163033503	4.46217640118814	4.67711522435643
chr18:26687629-26688130	LumA	1.21813834381289	0.0205597650782391	2.75275777150434	2.48824474769874	3.89725616307663	4.17425406454418	3.97555527255887
chr20:48812006-48812507	LumA	1.21808725962401	0.022494786804643	2.6484195874633	2.24999176911791	3.91099951154255	4.08345234772163	4.59981302798806
chr8:99881053-99881554	LumA	1.2180020474142	5.29053712087069e-07	3.38719184858108	3.71064340828048	3.43765653692402	4.10652158259781	4.17852846036871
chr7:42093585-42094086	LumA	1.21782792409551	0.00189293986929292	3.41304593546967	3.1829021306977	5.06298119126684	4.81274567121827	4.74001735123375
chr1:223664642-223665143	LumA	1.21777201939827	0.00162184486177512	3.98775356128976	3.83748597210232	5.29736779118116	5.24898245998414	5.05080812401337
chr5:71752773-71753274	LumA	1.21776033178569	0.0024572483209827	3.26044708990032	2.08926283673394	4.78026267350557	4.82277955936866	4.80377326271684
chr18:39564677-39565178	LumA	1.21765134957614	0.000622049040354388	2.57679002654145	2.33175101179216	2.48582567101053	3.43716864993323	3.5148053579774
chr9:106603292-106603793	LumA	1.21764280569386	0.000764777583545553	2.62825712655207	2.57958138828181	4.07313809914202	3.46443237820548	3.28714302763423
chr19:34725364-34725865	LumA	1.21748691004722	3.63228044841571e-05	2.925807552649	2.86384861776502	4.21913403201185	4.17112364117054	3.72711937011466
chr5:155146170-155146671	LumA	1.21745356880771	9.62005031289814e-05	2.78902789747601	2.1864565939033	2.87415921991726	3.88721916207586	3.82970990196313
chr3:43624850-43625351	LumA	1.2174419246079	0.000457353276270688	3.8283431230112	5.78296172357759	5.39703755622722	5.26928006794716	5.25842814449965
chr8:37877592-37878093	LumA	1.21743957610745	2.61391818993342e-07	3.40533612844224	3.02063498003643	3.38336070321139	4.1128375247461	3.80762887834594
chr8:38336658-38337159	LumA	1.21730818431685	1.09140143510511e-07	3.01236128353043	2.8745149030965	2.84490167974312	3.76728924168371	2.83618266572544
chr18:48123987-48124488	LumA	1.2171926177838	1.00965865626307e-05	3.64163594436193	4.96522952295347	4.12860167265455	4.71369446114153	4.59736639170646
chr1:96509263-96509764	LumA	1.21718418932831	0.000346782293988545	2.71753407972451	2.71905769650286	3.4341983783127	3.79856316296249	3.40100143797307
chr22:33543567-33544068	LumA	1.2171415122915	1.3821526607573e-05	3.59036027887287	3.04802270487351	4.81800293702231	4.5282882732671	4.55868970752695
chr8:88897021-88897522	LumA	1.21680836899502	0.000487894657475173	2.89692748392111	2.68092626962733	3.96313226110649	4.15050463185792	3.89780302089024
chr1:195414463-195414964	LumA	1.21619936673044	4.99552645600182e-05	2.88678172993478	2.60850968152371	3.43161443414787	4.13691358544626	3.79911306971065
chr8:117175632-117176133	LumA	1.21612477732073	0.000940016922424702	3.21358446115371	3.78797856658512	4.40555167644363	4.25250736730137	4.37016521322184
chr18:36123921-36124422	LumA	1.21579615058394	8.23924967228594e-06	2.90423677752633	3.05538360497129	2.94585866307969	3.98459609137965	4.17561750827571
chr8:92721958-92722459	LumA	1.21536392593799	0.00130134104721624	2.61526612242966	2.52309652694877	3.67124214256639	3.80935266643997	4.00116205783753
chr2:21391625-21392126	LumA	1.21528318803926	0.00278374301366075	2.79801632612085	2.5629156698622	3.38887224396445	4.13064081211986	3.73689753543053
chr5:116724927-116725428	LumA	1.21526740047967	1.83363657749852e-05	2.78090713865553	1.83478699662673	2.49037662168595	3.88152408089878	3.78259649113027
chr7:42233594-42234095	LumA	1.21481509715573	0.000512983381553964	3.25510402856633	2.91174504597964	4.44953759937592	4.54644651050649	4.16235029627304
chr8:37111524-37112025	LumA	1.21460556864667	0.00025846775574475	2.94006918275784	2.53879541007909	3.69018817651322	3.88230421664752	3.73647730223568
chr14:91590876-91591377	LumA	1.21459100133096	2.48306188075062e-05	2.81132318573397	2.51964660837939	3.31083409084137	4.07743637127582	3.91553412394864
chr8:74043802-74044303	LumA	1.21454277218415	0.000342798037124021	3.4256519127804	3.13903884265607	4.37184236491666	4.68799897065582	4.39152423409848
chr8:124496979-124497480	LumA	1.21438257808027	1.75848325437667e-06	3.34967059193033	3.84292129642695	4.15102971592616	4.42981878167184	4.73149402672087
chr8:67705007-67705508	LumA	1.21436307053448	0.00012297526512556	3.24658885021217	3.10006895266088	5.00994395053782	4.43954962163048	4.61348744460938
chr2:74561536-74562037	LumA	1.21421879069305	1.44718115441933e-07	3.46363807532752	3.4784060208285	4.34856295299738	4.65893801263827	4.71663818976308
chr15:79762890-79763391	LumA	1.21395489974755	0.00231158114234513	2.93971719865112	2.46462302796203	3.90884581855633	4.05129141066695	3.6839057543783
chr6:167891842-167892343	LumA	1.21384251266992	7.37124203138287e-06	3.3999560312577	3.17832041641518	3.64873972953497	4.3164623716892	4.63627145292837
chr11:17485451-17485952	LumA	1.21365461885048	4.19710633111618e-06	3.10606624066104	2.37996875040171	4.35999700072464	4.16533346109987	4.03320632152652
chr8:96354939-96355440	LumA	1.2135777362402	7.50447927659255e-05	3.77000820323392	3.6863889813601	4.58971185426495	5.01754620400981	4.91272337603376
chr8:38453068-38453569	LumA	1.21345809460153	4.02950895897448e-08	3.38494429795993	3.42686773780783	2.90768270845288	3.9295363061048	3.48533206101144
chr22:21108354-21108855	LumA	1.21303342923865	0.0160725570508024	2.85798807839823	2.90446216482369	5.18909752328144	4.19194475337011	4.36599621806665
chr8:143874960-143875461	LumA	1.212933760525	5.91097945980315e-06	4.65214233927445	5.30672485947281	5.78099520533438	5.71129675169083	5.8939187074713
chr8:67729280-67729781	LumA	1.21277124521527	0.00229500041866772	2.82853283920716	2.17773723368332	3.61617395095905	4.19252414548668	4.09664318614108
chr8:38532047-38532548	LumA	1.21271883156681	2.29538467158593e-06	3.74195043779001	3.87248223351309	3.74715663159539	4.61755489024446	3.97810181954228
chr2:175778076-175778577	LumA	1.21269692836266	0.000272511046314725	2.75809754983195	2.5170965768467	2.97884035162361	3.83208627959504	3.38996665400731
chr5:117645383-117645884	LumA	1.21269418962776	0.00123044586393669	2.76225127432463	2.25627244580836	3.99727151087904	3.96542091350737	3.7120172442487
chr10:128008021-128008522	LumA	1.21255914242509	6.23831737392342e-05	3.9443458672492	3.63182762729067	4.70967815740943	4.95366128194265	4.64804547211847
chr8:124568069-124568570	LumA	1.21242526147091	0.000443183345632411	3.86487753363196	5.92652576471759	5.23069484892902	5.11770109688872	4.85432181396385
chr10:77871052-77871553	LumA	1.21240107732469	0.000100232184129546	4.13552029805523	5.42548197226307	5.13100052530981	5.52281986614196	5.5030209818378
chr8:37877076-37877577	LumA	1.2122179194525	3.8741303924689e-07	3.41426050587788	2.93070565639115	3.23925413435964	4.10035191212908	3.88739284160087
chr4:95003644-95004145	LumA	1.21215248410567	0.00164899943869495	2.8166483479201	2.21336636097783	2.29780534066408	3.60263630901858	3.37154029052519
chr19:16845548-16846049	LumA	1.21171729348756	1.31622780964484e-07	3.3939413073565	3.65434951377886	3.51713199201341	4.35645967535999	4.24739231933726
chr8:80750411-80750912	LumA	1.21136615006165	3.77914416368788e-05	3.88238191124212	3.98023455215476	5.14563931107794	5.05617930421809	5.36465877400105
chr8:41555430-41555931	LumA	1.21125749532967	1.54542773545511e-08	2.9297293296872	2.98577455806777	2.83124260994827	3.61166938121281	3.56793574741769
chr8:37586466-37586967	LumA	1.21107937212602	8.51606863079119e-07	3.05476071073707	2.74091488061814	2.95400237435739	3.76993539796314	3.61960234575561
chr22:36815517-36816018	LumA	1.2105906796285	4.17638369620708e-06	3.26108698330689	2.98180816644854	3.97821455402243	3.97937744063992	3.47465740369468
chr22:28794813-28795314	LumA	1.2105560383334	0.000162151375412062	4.80828758031493	4.45761971283631	6.26506974115888	6.00232637566922	6.0246781820056
chr1:166552787-166553288	LumA	1.21050278978067	7.12032643054874e-05	2.92685365165207	2.6519628510846	4.02949489889367	3.88700924913432	3.79164346853092
chr8:74742683-74743184	LumA	1.21047294218986	0.000169247251622962	2.71347970282059	2.54301200930795	2.82289087582288	3.78561780737462	3.35536926121772
chr10:37140202-37140703	LumA	1.2103867190056	0.000283962756084106	2.59086463449525	2.17422035423192	3.14823590673298	3.60928145390679	3.8212491707757
chr7:40920772-40921273	LumA	1.21019484786714	2.45202173956081e-06	2.89245807309584	3.02098523887526	3.64191757135182	3.84135638575064	3.00067397135301
chr1:40917904-40918405	LumA	1.20954470768349	0.000216104544044798	3.95411985217948	5.12729780946858	5.10274313610304	5.2794632195128	5.22451007778365
chr5:66633138-66633639	LumA	1.2093128731121	0.00109808894059244	3.35639566320351	2.68284850013072	4.57069063733344	4.92800586393165	4.79677412616818
chr8:41832099-41832600	LumA	1.20922138266134	1.0215865737579e-09	3.48535120682428	3.3468787123065	3.39241963314527	4.03046178907024	3.63400772377828
chr13:36267864-36268365	LumA	1.20883718731709	0.00417036259225047	2.72550090978098	1.8880825711544	4.10415133519427	3.85167416990885	3.75661301347686
chr8:99819228-99819729	LumA	1.20831941324912	0.000718509992329127	2.86510834280922	2.51583963693403	3.68095740243783	4.01839456967509	4.28169556085812
chr8:38183519-38184020	LumA	1.20803308724666	9.76723586441821e-10	3.48761586725842	3.52797486825451	3.50451774339572	4.15538040122549	3.65406598000487
chr1:206233122-206233623	LumA	1.20791550346475	0.00267033304017704	2.41742257602674	4.06039224726079	3.42195787648514	3.5041123511376	3.55727791270563
chr8:37741725-37742226	LumA	1.20784412059003	1.36078211229838e-09	3.18761081402868	2.9373147241115	3.35004020556181	3.77585664235881	3.53602991032315
chr14:37620843-37621344	LumA	1.2078415507415	0.00023117448175193	3.22757789809797	3.21846248653862	4.66025753528369	4.62783541332316	4.48267644742238
chr20:14821272-14821773	LumA	1.20778878966107	0.000715083300099698	3.43663328654144	3.96590693801249	4.34205782336422	4.72942875843962	4.58565162522553
chr4:139458282-139458783	LumA	1.20778083610465	5.13241440579416e-05	4.31490491797677	4.31061527640717	6.16342598412633	5.55832160999499	5.90160899667617
chr7:99971799-99972300	LumA	1.20764235385143	1.16226986171333e-05	3.61428979581343	4.10674967122296	4.87187389266198	4.88072614724583	4.898869115932
chr8:38394495-38394996	LumA	1.20761255459573	3.08331570929755e-09	3.54307200730021	3.42941997688431	3.60319476558807	4.20388500644	3.93896618208157
chr17:62888751-62889252	LumA	1.20756214592019	0.00086658065720629	2.96622491606639	2.59405916004946	4.30231624069561	4.22040104158334	4.83359805857937
chr8:37334497-37334998	LumA	1.2075416524995	9.18795541679817e-07	3.28478955877098	3.09958233777968	3.62291901176221	4.14505100182532	3.78012245386608
chr8:37137357-37137858	LumA	1.20737579236363	3.0226140940515e-05	2.84061220415357	3.01167826236242	2.8126445774901	3.74426174274357	3.62186072305869
chr8:139094228-139094729	LumA	1.20716054112883	0.000827095316968079	2.88739675693111	2.82027823025807	3.18648195887894	3.79252955058087	3.70063044691435
chr1:150655765-150656266	LumA	1.20705011070587	5.15049063513205e-05	3.77583540508551	3.58506120711762	5.10608805786478	4.64053295506033	4.60746050855976
chr13:71670294-71670795	LumA	1.20702495450006	0.000138443661194412	2.59935268700999	2.08484887016735	3.28546468181506	3.72632508172107	3.85349510485704
chr16:28923342-28923843	LumA	1.2067289402257	0.000607802369178173	4.99812948551664	5.23563068433554	6.78207827724338	6.2425044285682	6.41895956943801
chr14:55577195-55577696	LumA	1.20666101247331	5.55420608504608e-05	3.36527210397012	3.4425996548223	4.43369143322887	4.69738636374374	4.43119502205926
chr1:175524397-175524898	LumA	1.20643197407464	2.80434651552493e-05	2.90782665453659	3.57011461197908	4.1810125747324	3.8343651015808	3.64819743209205
chr8:38418540-38419041	LumA	1.20624855621917	2.16423197560565e-08	3.56875348832047	3.46359693098372	3.36158731548635	4.33478258753657	3.79725882444716
chr9:25523807-25524308	LumA	1.20592062247203	0.00191954681442092	2.70755265803021	2.49441983667951	3.89857459192388	4.048206167857	4.42655457132092
chr15:76313793-76314294	LumA	1.20585621875976	0.00125145741386839	4.36802090804529	4.10981953732634	7.1576699368817	5.32615545920988	5.55089584946992
chr1:155189369-155189870	LumA	1.20569980114823	0.0117886485459887	2.29574572542582	2.29560612529349	3.81845599422283	3.37730654900552	3.17284065375997
chr1:225650002-225650503	LumA	1.2053654595429	3.72878597122362e-05	4.36808324732302	5.12134825445182	5.1762403559085	5.43131405340701	5.31920593057341
chr14:37625537-37626038	LumA	1.20488851363156	7.56278663206558e-05	2.86556452536712	3.59685173390374	4.03104049150317	4.11918338229907	4.18335391660408
chr4:105932931-105933432	LumA	1.20459578569	0.0007474437079956	2.7646710648687	1.84974880505922	4.41314602905458	3.83788168962228	4.48590800342952
chr12:67992570-67993071	LumA	1.20457789217484	0.00233247257980449	3.07075210532449	2.09174246322743	4.34816809667945	4.47399075781533	4.55833371505693
chr3:8206961-8207462	LumA	1.20450895846397	5.11180561681678e-05	2.99723254752121	2.61722699069143	3.31254588690358	4.14155639876744	3.61132313006646
chr8:38422452-38422953	LumA	1.20434861470895	1.18407676913018e-07	3.59750025593873	3.65830121369729	3.3669185126073	4.25862114611776	3.79710318337911
chr8:58118299-58118800	LumA	1.20426966237231	8.98324640803195e-05	3.18917198703311	3.12370676722635	3.86839994197328	4.39157664356878	4.14327641702696
chr1:115780602-115781103	LumA	1.20418841334827	0.000392021839986851	2.77463105796454	2.29630113364771	3.58361593337681	3.98082207258268	3.89094093073757
chr8:40376442-40376943	LumA	1.20402569382447	5.35285950766314e-06	3.17509828437715	2.97005431467822	3.71207307895514	4.01722570125042	3.90610908224885
chr11:6475302-6475803	LumA	1.20376851881304	1.0542158316962e-07	5.17812504867035	4.88980005344681	6.46956869475933	6.21575382603166	5.89497333829981
chr6:151974955-151975456	LumA	1.20333899484014	0.000596798390348326	2.76045971364331	2.66762099640791	2.9219311518704	3.93772657359144	4.45967053244199
chr8:86470053-86470554	LumA	1.20281546896176	1.89276314410625e-06	4.077505079544	4.11719984112566	4.52713005988231	5.07616194060797	5.24350714831921
chr14:99975453-99975954	LumA	1.20280183016716	1.40946256203454e-09	3.75068304779564	3.26899193580406	4.27937066140459	4.72358943625839	4.40670773637822
chr5:66887137-66887638	LumA	1.20247034402835	2.09565270981682e-05	3.32094055686691	2.43723462979349	3.99434718127104	4.5246103273052	4.37482631670544
chr11:27367880-27368381	LumA	1.20234659428298	0.000107042237253809	3.91384973566765	3.46672585058886	4.09055746170047	4.86759128935544	5.05480487688479
chr3:180582061-180582562	LumA	1.202283494781	0.00168160880678997	2.66687966910758	2.10745275504218	3.87862095104649	3.95711330158699	4.50842777966625
chr10:58086664-58087165	LumA	1.20222552470176	0.000159008680063203	2.91003769349974	2.26786789677621	3.90077583670898	4.03431925190712	3.73049677789581
chr10:95920428-95920929	LumA	1.20211064875971	8.03656969595472e-05	2.87374773208362	2.74719088453085	3.90280134285461	3.43051989444827	3.56849708230741
chr8:37935305-37935806	LumA	1.20209103921508	1.69883431731222e-05	3.21698608489152	2.84815606400712	4.4248804243317	3.74361934623764	3.82186972197523
chr8:132392991-132393492	LumA	1.20151556371948	0.000682682772554376	3.274203130617	3.25115487642054	2.93342895457273	4.05503567281288	3.36795129886216
chr5:132686109-132686610	LumA	1.20136448593282	2.00474079055183e-07	3.21146129791071	2.96392308665751	3.65392922148182	4.26731576847377	3.79513223193772
chr8:99878095-99878596	LumA	1.20126369300901	5.23961044600214e-07	3.58462905366044	3.81423852006489	3.77848583685238	4.15736765279981	4.63577887204302
chr1:204567567-204568068	LumA	1.20117433638732	4.72791059779229e-06	3.79272303261246	5.01677894103774	5.17737113390828	4.99360911194413	5.05044105158664
chr11:77578896-77579397	LumA	1.20088394020893	0.0010175271917623	2.50826004813115	1.79063896902847	3.05106651951615	3.4463021769975	3.43021715468893
chr8:116090184-116090685	LumA	1.1995371499674	5.58549184570496e-05	2.89877546183021	4.16220412944471	3.99320757117224	3.99071032962511	3.79260500079055
chr1:247516467-247516968	LumA	1.1994406463083	0.00751863674037523	2.86315882886951	2.74242534956878	2.93275346633676	3.94847579435599	3.25967195450932
chr1:84190894-84191395	LumA	1.1992827225365	3.51548890550409e-05	2.69039259282546	2.356056560999	3.47137434421965	3.30494596401842	3.39328165353509
chr17:47673504-47674005	LumA	1.19915210778789	5.32074153905651e-06	3.4640978619693	3.44454488389003	4.42308179651309	4.42984012353934	4.5448909555923
chr16:19292655-19293156	LumA	1.19894445944259	2.49194683667134e-05	3.20247945070696	2.82773897512534	3.93080822911057	4.23665246860815	4.14119387140017
chr2:163367825-163368326	LumA	1.19872024262144	0.0264229870560478	3.07673032637982	2.69566394097226	4.87728630123069	4.61796835477241	5.26208031339817
chr5:11193705-11194206	LumA	1.19860813668919	0.000258306050602589	2.83384498972305	2.21769410627642	3.54820204589989	3.90569488635097	3.80633189871922
chr13:70248096-70248597	LumA	1.19844975368234	0.000211504916156113	3.11017266882516	2.31496914246702	4.20275312943588	4.08748387290242	4.15378367745319
chr5:55352-55853	LumA	1.19834853134001	6.02704675099032e-07	3.54422280079991	3.57623374002744	3.74567394971427	4.53710333188948	4.08239866390182
chr7:135520658-135521159	LumA	1.19832924509406	0.00811806029986095	3.16895982289791	3.27217544183763	6.20192294979552	4.64927234382783	5.38932817122277
chr8:71370146-71370647	LumA	1.19821728469591	0.00295267582417234	2.79266279052257	2.65395357366547	3.96265322934811	3.85801223780999	4.42523676034087
chr8:37137916-37138417	LumA	1.19775546682682	8.82301859650817e-06	2.98092443059069	2.78019615602648	2.90410272547335	3.70777629806048	3.57858981363435
chr13:110814795-110815296	LumA	1.19698989407097	5.10001353726813e-06	3.71823029610079	3.7706941368259	4.29326231500816	4.76059926780623	4.73973178090822
chr2:225223307-225223808	LumA	1.19688436268077	0.00951111437107334	2.66740651946329	1.93394771043444	3.1710869050343	4.03925959593499	3.95342649836125
chr7:118621801-118622302	LumA	1.19685506824786	0.00878581631126694	2.63421787574956	2.32655103670221	4.65512921865792	3.67943009870068	4.62932314907995
chr11:70248302-70248803	LumA	1.196714194939	0.000814182818186104	3.81918594684002	5.14905247672423	5.53010543085798	5.25784149490078	5.25325048805695
chr10:43538256-43538757	LumA	1.19658262742957	0.00853017158834485	3.10391662045862	3.02476485974016	5.26381718446018	4.64352591699549	4.94652809620128
chr8:100104563-100105064	LumA	1.19652821100636	0.00561319484448058	3.39631101426392	3.01669856398105	5.47793340352106	4.89354777039209	5.04199754206336
chr5:2756828-2757329	LumA	1.19644263247407	0.00486239388412016	4.25136526755068	5.82484630170354	5.74375297596675	5.8306365188935	4.82642776465514
chr8:37917462-37917963	LumA	1.19629467466749	8.26297821886225e-08	3.35288637815329	3.03276076080204	3.47489232003683	3.83395193284557	3.80116282863985
chr4:65502066-65502567	LumA	1.1959705237303	0.0154585273885666	2.61466320674689	2.10755580813884	3.75572077247026	3.86504227242207	3.51958453790947
chr8:116806485-116806986	LumA	1.19596003123699	0.00409035336094804	3.66204743772956	4.69773082793641	4.94471178875147	4.75057533911689	4.98805365860258
chr10:86539474-86539975	LumA	1.19590373460894	1.30391511939866e-06	3.88786566228308	4.91487201623155	5.09512538287177	4.89310941861199	4.79668040051869
chr1:184581522-184582023	LumA	1.19543302807593	0.00241145587814948	2.73563200781724	2.28852756028617	3.38408205796426	4.06189322552063	4.02427065490245
chr8:57606519-57607020	LumA	1.19503288921321	0.000397633427718137	2.70188445770192	2.54171694876059	4.16078585225188	3.73817451318357	3.78036479628961
chr14:72501588-72502089	LumA	1.19493209540651	0.000379123325383866	3.04087591135768	4.14713076267254	5.03092838598373	4.03329067458615	4.09020520682072
chr17:27483918-27484419	LumA	1.19469108173322	1.56250516288642e-05	3.48430443378072	3.61534569064747	4.60797934926969	4.45056150302292	4.10938716254042
chr5:56302291-56302792	LumA	1.19461790080479	3.27118235943105e-06	3.06175489449581	2.41533795659514	3.04327242236005	4.13363307705705	3.90426379443568
chr8:141897026-141897527	LumA	1.19409965847507	0.0322130370860406	3.1556062655031	2.95056232875174	4.63877148249063	4.45555584090528	4.20199601314053
chr8:38169026-38169527	LumA	1.19402147574173	1.00922025076515e-09	3.08654676467253	2.64690971535138	3.07901216518035	3.59328991654848	3.19768381274271
chr6:53172614-53173115	LumA	1.19398592313953	2.91832036986904e-08	3.8826638320054	3.63338377853693	4.41503972220058	4.81208153861188	4.66363731852418
chr8:132677402-132677903	LumA	1.193925990598	1.96979707660611e-09	3.67028374952769	3.44034010114473	4.13150505624603	4.79157503718806	4.81361079344567
chr8:38416083-38416584	LumA	1.19380748092883	3.78861481845027e-07	3.32031233357094	3.33370495751016	3.24424987175826	4.04175639033937	3.50654376808
chr8:66711040-66711541	LumA	1.19378393402403	2.40618629734151e-05	3.97070156201635	4.0414402768533	4.00363606454406	5.09208879649193	5.33989261637257
chr18:21327006-21327507	LumA	1.19356054706696	0.000820809662523308	3.41837777160177	3.90849558146553	4.95830244476616	4.58582079763863	4.66149976050777
chr17:47676469-47676970	LumA	1.19351719777346	0.000829559718451516	3.47516982805856	3.30432175452811	4.71243812761265	4.67025054942168	4.72471598901581
chr8:53668199-53668700	LumA	1.19337592059706	5.61160165920587e-05	2.854469365339	2.76235944774209	3.50022878905351	3.68430178410675	3.52430270060906
chr17:16170611-16171112	LumA	1.19066192398574	0.00078064971187483	3.10604676281367	2.53727848071211	4.83881655775029	4.40417606238229	4.44598910978661
chr8:26459220-26459721	LumA	1.18976167205571	5.97860364539661e-07	3.20384987055303	2.82726835576066	3.63049006845887	4.16637355640632	3.79905310466914
chr3:64264236-64264737	LumA	1.18974391066744	0.000692691685166243	3.61071000285263	2.69498782802712	4.89604525122452	5.03819236926772	5.13509926725966
chr6:34555335-34555836	LumA	1.18973469483639	0.00124101830005148	4.66547895910212	5.55074615216802	6.26317957996771	6.06559072721046	5.98454394774005
chr3:5074486-5074987	LumA	1.18958394285571	0.000603997845465171	3.16803232406128	3.08759460483731	4.53991575300922	4.4415905253332	4.75496655418147
chr12:96262659-96263160	LumA	1.18942999929995	2.5876175930659e-05	3.44724649382632	3.08725647398751	4.49950730211001	4.62421869021996	5.10332549607902
chr11:62224401-62224902	LumA	1.18936783119085	0.006757994841805	2.41994127888142	2.36960362070012	4.97006311586722	3.62041098010882	3.56729573554606
chr18:50140137-50140638	LumA	1.18933000922516	0.000545829444269476	3.18080398595717	3.17493887280363	4.73341539136774	4.51708862083939	4.37293832870251
chr5:2690223-2690724	LumA	1.18918460572716	0.000471409136105267	2.6479557462608	2.79500424095049	4.36204764276656	3.97054022725285	3.3459557028102
chr8:38050187-38050688	LumA	1.18918369364331	8.52161474719039e-09	3.14196467344867	3.1205992354516	3.60836244635576	3.72617693231225	3.47595662612281
chr8:116319566-116320067	LumA	1.18911105556286	7.64842449061086e-05	3.44094992003632	4.16536186152764	4.92977033374591	4.524444774316	4.74675740399607
chr2:241001332-241001833	LumA	1.1890664507651	4.3750992365517e-07	4.12100563626754	3.88848838000095	5.17988764322677	5.19391058425659	4.96739917344242
chr13:36285865-36286366	LumA	1.18886248528467	4.21414843351705e-05	3.30611303034474	3.27638166095721	4.57161631594135	4.23134117088406	3.74860565719683
chr5:15411823-15412324	LumA	1.18870711325161	0.000550232394998108	2.9584444496859	2.4228443697933	4.22630028603253	4.1104826566012	4.41991739919623
chr6:122694673-122695174	LumA	1.18851077553346	0.000889432276497359	2.86531524780951	3.44589595227987	5.34945145072083	3.75050143714675	3.96669519475171
chr4:57796713-57797214	LumA	1.18844837886129	0.000263844547600193	2.65823803305615	1.95350957760776	2.68222200604143	3.70088424344851	3.33820035771844
chr4:140730929-140731430	LumA	1.18835098798869	7.68007234874316e-06	3.70124181439519	3.36085595089585	4.24880342192242	4.8970853530763	5.03304761857692
chr8:37878566-37879067	LumA	1.18834471102826	9.21393076259448e-07	3.7980440130871	3.38017932474567	3.72512584947663	4.54751935824742	4.13725961071872
chr8:8292427-8292928	LumA	1.18802619195522	1.03956664886606e-09	3.28153930677175	3.27168017204417	3.57732103529974	3.95869564239731	3.54413367141498
chr1:148435927-148436428	LumA	1.18798159305286	4.37964021051814e-06	3.49509419958725	4.13482491244429	4.20726658255861	4.25076690390697	3.86807553555525
chr19:29905296-29905797	LumA	1.18758997155387	0.0188490240871172	2.66334027357109	2.22449510588574	2.86615297317713	4.18526334528704	4.01591254269696
chr18:21019805-21020306	LumA	1.18723744587373	0.00080194121355569	2.66105347099244	2.23735942627289	3.28217411483212	3.5846143313145	3.54787474363377
chr6:114545038-114545539	LumA	1.18719564376849	0.000309007428529274	3.03184904187392	2.77415731267867	4.35294149429427	4.25248205116271	4.06723379898908
chr6:167099831-167100332	LumA	1.18703336273498	1.06890126799384e-06	3.14638635262494	3.14143697536586	3.08702707788642	3.80120810921527	3.64993819128972
chr14:75543742-75544243	LumA	1.18702835719039	0.000293454623772157	3.61998255679795	3.56040346461389	4.89642112163843	4.91668613350739	4.98316046725927
chr8:133624932-133625433	LumA	1.18660372343935	0.0103078389590247	2.88531383974373	3.253256484045	4.128920964457	4.26101470242798	4.16732837655735
chr14:93136016-93136517	LumA	1.18656827094292	0.00078133139147872	4.3151274828045	4.11817754195693	5.81331257312556	5.73396843465185	5.5353408935756
chr8:37317925-37318426	LumA	1.18625118455676	2.01132359208115e-07	3.0259615129675	2.92675355812063	2.82330592541104	3.58778158254148	3.43102367529123
chr1:204001413-204001914	LumA	1.1861280133847	0.00156678404082473	3.18091829214325	4.51308330601733	4.73665784129142	4.11995451165897	4.37155200153461
chr22:40954250-40954751	LumA	1.18598893899921	2.15959804471745e-06	3.44545482037986	3.49326385185919	4.51813784368334	4.70761883113001	4.77658657336521
chr8:18496898-18497399	LumA	1.18569036131146	0.000209458519305894	3.25438316853253	2.68715809999402	4.12585717751344	4.31495262243225	4.32235594153059
chr8:38270379-38270880	LumA	1.18567481952994	3.09199578893256e-09	4.08607007646598	4.10499247141065	4.26808989181666	4.663663602246	4.2491005261388
chr4:140740834-140741335	LumA	1.18535763128901	8.52893956533883e-05	3.43204985549267	2.81963451955928	4.25065758271886	4.70833946002945	4.72880852986906
chr8:131699667-131700168	LumA	1.18534932304197	0.00125375575418384	3.02061283872115	2.67864172243086	3.16032958954049	4.15805761078682	4.47880766668152
chr12:68407542-68408043	LumA	1.1847795225353	2.0233150042748e-05	3.40953897910868	2.5640162196734	3.70985852488946	4.5403118485033	4.20682536539304
chr6:5316892-5317393	LumA	1.18473236313555	7.812938503706e-05	3.36038912078414	3.13074464861024	4.81041239945551	4.62723659156609	4.72499591606875
chr14:65183756-65184257	LumA	1.18465491038363	0.000792736206159728	3.56362216852201	2.94508905341992	4.96695569699488	4.66642122214912	4.76650106883736
chr8:38387299-38387800	LumA	1.1840498638525	3.95254764478309e-09	4.68431450086478	4.50783777751689	4.48713228247419	5.20819360339	4.79084353915727
chr6:7007930-7008431	LumA	1.18370309722433	0.00107381971512921	3.34868039637952	5.33226886732987	4.94872648672496	4.7036141694007	4.49950752017728
chr15:72167495-72167996	LumA	1.18344328339662	2.67971529391182e-08	4.09499505237822	4.58664701906657	5.40433346971811	5.10963897613102	4.83758180300491
chr3:69916472-69916973	LumA	1.18305043394982	0.000556587195874613	2.62340544482816	2.14379347346393	3.22390837358665	3.78277356896849	3.85468606212727
chr6:151656349-151656850	LumA	1.18280191205867	0.00462622588558166	2.69159464742063	2.14624250585162	3.48855186619486	3.88536450340982	4.10234770334089
chr12:13193089-13193590	LumA	1.18260545633707	0.00330600556317878	3.76661143832579	3.54317169556571	5.5580002528707	5.36144284808839	5.44033353089224
chr20:19941952-19942453	LumA	1.18238489271167	1.93218601273182e-06	3.83438693149919	4.30997405753669	4.89968979504446	5.08863516157266	4.86716838020497
chr8:74666630-74667131	LumA	1.1820781133139	6.75702445791186e-05	3.21836925305094	2.91961173546389	3.07909703214865	4.14343134445181	4.08834921077723
chr8:42281294-42281795	LumA	1.1816923089304	1.39787820437663e-07	3.88269793497973	3.75020046257416	4.9708877088875	5.01940360181384	4.97358201785756
chr11:73193230-73193731	LumA	1.18169177252297	0.00108601992938516	4.64402549028247	5.60729942626627	6.87722741712613	5.96615745250968	6.04383969983784
chr5:128290065-128290566	LumA	1.18153583612354	0.00202943148434094	3.47667974148183	3.39307527161012	5.44319691221828	4.73512870144867	4.06905524510359
chr5:34842428-34842929	LumA	1.18148431629702	0.00543852263329223	3.94369498041149	3.80699457389269	5.12105202547319	5.58461520633148	5.7300990594154
chr1:187185330-187185831	LumA	1.18134098284794	6.31013583447146e-07	2.95184863100338	3.38201874376107	3.20781604678579	3.64706730644072	3.4099607784077
chr2:205895380-205895881	LumA	1.18091749270533	0.000628907990911405	3.2758256480049	2.84539205419459	4.6273552624369	4.58924033868457	4.86656443727504
chr7:99981056-99981557	LumA	1.18076407966324	0.00223705144792385	3.89531044552602	4.03538631204936	5.30421848110237	5.2507843032675	5.35693283330413
chr19:4515417-4515918	LumA	1.18055294720533	1.52067818550232e-10	3.53515506205088	3.45005708416242	3.58044302772114	4.14996797800622	3.90956037714938
chr8:38233293-38233794	LumA	1.18031864591018	3.04379447417644e-10	3.62164105425387	3.6115965344592	3.49697746811939	4.10329103334694	3.49752918429485
chr2:100771042-100771543	LumA	1.17964501590498	0.00116999003236357	3.50153204532165	3.44033258788277	4.26439132655318	4.83345117863134	3.75552631159019
chr2:120372450-120372951	LumA	1.17957403209774	5.25810927500217e-05	3.46167178397759	3.10354364847952	5.35461475023123	4.72566081748309	4.78220546111891
chr8:129979873-129980374	LumA	1.17935776679035	4.13395350087513e-08	3.29959296610909	3.57377278517472	3.44900018080166	4.10190954159167	4.09896739629368
chr1:215607373-215607874	LumA	1.17912639950257	9.1343435487782e-05	3.22400295807803	3.4863569274382	3.9144641049887	4.37805010556158	4.0653270195114
chr6:3499571-3500072	LumA	1.17911753058571	4.97344826336376e-05	4.03434947805626	4.64767990827288	5.76814189291341	5.24941438904344	5.21859519352222
chr2:131558986-131559487	LumA	1.17908187130411	0.00144812659919941	2.80165154953011	2.38810195214629	3.24736594659446	4.0032345303835	4.55441925328502
chr10:128738269-128738770	LumA	1.17901687993872	0.00216898206128691	2.83773741754744	1.934502946127	2.93486880908092	3.55710983211366	2.9154300733551
chr2:99938158-99938659	LumA	1.17874375851117	6.77187588555472e-05	3.21752000732029	2.37727361889389	3.49246141120772	4.25123866108395	4.3979863039784
chr8:124171978-124172479	LumA	1.17866298803047	0.00761433108828878	3.06126783214606	3.49277249061472	5.58635808658717	4.34528466001265	4.71126801398606
chr15:91278868-91279369	LumA	1.17835043508235	0.000871738225600527	2.80293999233426	2.18043616915426	3.60921462192094	3.46999653031951	3.27976235122999
chr2:16881116-16881617	LumA	1.17823710068322	0.000198084070031567	3.15012783721174	3.06885898071368	3.78686991096141	3.98148892161859	3.86720738233293
chr1:184390908-184391409	LumA	1.17820710756001	0.000722148521775632	3.7809517112067	3.77173308950242	4.17572676947899	4.92563740395015	4.75222902624654
chr3:198160664-198161165	LumA	1.17792068350375	0.0499260825340808	2.14374753657485	4.69998619789267	4.40864349682038	3.31497805796792	2.81861202453734
chr13:93326336-93326837	LumA	1.17777051476529	0.000364491872413898	3.09576982182007	2.67945478201719	3.06417786901224	3.98407570838679	4.30422048335876
chr11:74663250-74663751	LumA	1.17757542808619	0.00350566123839899	2.89098171621201	2.48802872598951	3.70958245449027	4.02401621815031	3.7194672461995
chr5:178122975-178123476	LumA	1.17735043420641	0.000100453027882239	4.50922240921659	5.74949633310519	6.07214144843991	5.90507107116552	6.02912569234757
chr10:77856227-77856728	LumA	1.17724172458214	0.00014824791355113	4.43093341315105	4.44333648270709	5.82879286130688	5.72410489201122	5.70088277433501
chr19:57799642-57800143	LumA	1.17721031870226	0.000480378838420493	3.77861265787864	4.58178267317654	4.78368666841817	5.05000957183316	5.26520152287927
chr5:44573573-44574074	LumA	1.17719215057534	0.000569134380453516	2.65639273451964	2.3318483136642	3.42951461737178	3.85384248388343	3.92992387830885
chr18:36097590-36098091	LumA	1.17686061104589	0.000278396496496848	3.37855171367801	3.31122698181455	3.97505015110605	4.76900417916419	4.89127076277979
chr1:30193904-30194405	LumA	1.17664996760654	0.000419460012372728	2.93376496435577	2.68681966686674	4.12279062660263	4.0239304094049	3.9340611711004
chr1:221142258-221142759	LumA	1.17631232106563	6.68924074534919e-05	2.85493127255495	3.00448897857693	4.28292517071989	3.75170576123466	3.66831562540852
chr15:40803033-40803534	LumA	1.17593508634356	0.000213258859529964	4.24682417515359	3.8187251676111	5.76596364746313	5.52660386982258	5.6193939636907
chr10:8058439-8058940	LumA	1.17569375488359	0.00184381706970908	4.31959229299302	5.56582485862812	5.96585379435949	5.80894201403669	5.89485731796281
chr14:69723922-69724423	LumA	1.17552957434398	8.1924057543242e-09	3.49138834213605	3.3107509231647	4.17744445115998	4.57100526042709	4.54465983362689
chr6:168531204-168531705	LumA	1.17548999017928	2.06285279565718e-05	2.89556745622567	2.63587270775283	3.20614216504833	4.04041622501669	3.86750568146344
chr8:37863092-37863593	LumA	1.17534054883845	0.000659390007248594	3.74632009778583	3.01888446198516	3.95226375327791	4.62172969429726	4.24600340207444
chr11:18078179-18078680	LumA	1.17427154150322	0.00055023322184839	2.62574775241813	2.07395502568836	3.21206293871498	3.7692952116096	3.84014468136723
chr14:37598891-37599392	LumA	1.17406377562108	0.00428450160170946	4.61329954659585	4.40372017879793	6.96050425787702	6.11457509555879	6.2855264599163
chr16:77998340-77998841	LumA	1.17367445941077	0.00157387921760528	3.05478660350335	2.48420031235457	5.39241275260901	3.63074711812803	4.70786211439292
chr1:46831414-46831915	LumA	1.17358983484978	0.000100150164293082	2.7827283189736	2.45005036422655	4.31431992761332	3.60954091066582	3.70169931402362
chr14:75430996-75431497	LumA	1.17311745255417	9.26554524537665e-08	4.35576840941387	5.35918494221157	5.50615706221142	5.41999760605195	5.10446176470513
chr8:38227719-38228220	LumA	1.17294700711509	1.70162110014837e-07	3.09193999896716	2.71973146791541	3.02055903493029	3.44078722048227	2.9802804390598
chr6:53341730-53342231	LumA	1.17269986887915	5.45699077336635e-06	3.47638301601178	3.31757469702806	3.90256376596633	4.44445907140017	4.37045079262211
chr8:86240667-86241168	LumA	1.17250279265877	0.000149392455240874	2.59280283151474	2.28208905217984	3.47826248848393	3.70284370829381	3.66950897046369
chr8:38491230-38491731	LumA	1.17239110844602	2.86028910052674e-07	2.92654716686694	2.87671707722509	2.92862465097197	3.36716329724716	3.24361050679297
chr17:5974441-5974942	LumA	1.17207278387114	0.0188511970871857	2.45653762444196	1.88479257224456	4.89739179270319	3.68883941973974	3.24848643968936
chr7:30036337-30036838	LumA	1.17204611541513	3.45618775506146e-06	3.33296861280815	3.02513598249013	4.50655764989991	4.36346622892845	4.21793335843057
chr17:2013183-2013684	LumA	1.17173194711913	2.5522177041729e-05	3.69761922158543	5.41722421505729	4.74911154403574	4.99058112508645	4.79337442367205
chr3:57039394-57039895	LumA	1.17165735407039	3.22003622185053e-07	3.35785506047554	3.05295283710883	3.72381675959155	4.24824169824504	4.18563901045531
chr4:158165859-158166360	LumA	1.17067206124138	0.00045366339379856	3.76970434467493	2.99212342725813	3.92311859812792	4.8043735255388	4.53089755336754
chr15:29136558-29137059	LumA	1.17065006709646	1.08591651549001e-05	3.08414392363529	2.98265604735884	3.32771363436066	3.49536200530334	3.63291723597022
chr3:34220359-34220860	LumA	1.17059801723956	8.20346473208323e-05	3.09217979847554	3.43343849514082	4.29743186853737	4.1107952768463	3.66614165234427
chr9:92989493-92989994	LumA	1.17055307997169	0.00578376128124609	3.62024924998871	3.13017955816809	3.41724094353597	4.98308507532794	4.99034656470921
chr17:14631640-14632141	LumA	1.17028181427902	0.011578161341335	2.6848688681239	1.94742412736331	3.02206707440869	4.00059709689644	3.65359560910636
chr8:99878790-99879291	LumA	1.17028162709723	1.58379705757247e-05	3.37084795044193	4.28017339897247	3.32383717291398	4.18688867081165	4.24239526749263
chr8:38374902-38375403	LumA	1.16996403632759	8.95238734629274e-07	3.01067915734006	2.68039924565872	3.04850976249493	3.48915792578966	3.09131793594354
chr15:85353341-85353842	LumA	1.16984161409179	2.73071363030523e-05	3.33704687652349	2.76612001081107	3.25106251627414	3.70181989115887	3.65058389163249
chr8:80381771-80382272	LumA	1.16971712332832	1.48465399708307e-05	3.33587100629111	3.30929113758997	4.08602832809137	4.49543430227406	4.44961494285204
chr8:42503462-42503963	LumA	1.16952214660886	0.00046795561656679	4.30545916419999	4.66576825962883	5.5241790175541	5.55661662091128	5.59980128462832
chr8:38494140-38494641	LumA	1.16935359619972	9.71284270410634e-07	3.0078063784488	2.72033939081931	2.77186643149373	3.53099770130746	2.98445776722208
chr9:112352135-112352636	LumA	1.1691310620098	0.000950751192317801	3.58701893017361	2.9585759862799	4.33561846600725	4.89199616380614	4.9915192006625
chr8:37846746-37847247	LumA	1.16860028639825	2.49848058939357e-07	3.53804466464687	3.63762738361801	3.76911431646038	3.96003255927477	3.85230080512832
chr14:73559629-73560130	LumA	1.16854880671238	0.000206761370377306	3.43214269777927	3.22013559253599	4.64397572506023	4.74093039762593	4.78667704048183
chr3:86269335-86269836	LumA	1.16841021660673	0.000879272151555593	3.04193317193615	2.59753378996659	3.05081002891972	3.90633712832515	3.97032819652231
chr8:38017465-38017966	LumA	1.16832128607029	3.62860395205592e-07	2.74862423337324	2.34124319127451	2.67788930299957	3.13512984295409	2.89831122184139
chr2:131563945-131564446	LumA	1.16822704378044	0.0042325101490407	2.89727627670309	2.3288024746838	3.66798347472583	4.11712420105051	5.14567258949236
chr8:55347425-55347926	LumA	1.16797008521658	0.00191616057643168	2.93897864668761	2.31553146618674	2.87571126411487	3.74629517312584	3.47859347110892
chr2:21418345-21418846	LumA	1.16786125260026	0.00795199295196674	2.75335054090219	2.17520049594901	3.435904848134	3.99599992223235	3.9916766793779
chr8:38025536-38026037	LumA	1.16729894372756	1.64958132360206e-08	3.37201687187922	3.24582969760826	3.61076853216366	3.77566217138566	3.66136563345699
chr6:50826089-50826590	LumA	1.16724683629684	0.00697151862533727	3.39405820209157	3.21320275784181	4.74957690992004	4.82313228650408	4.16895157583942
chr8:76935755-76936256	LumA	1.16721915424874	9.88194727284468e-05	2.74804152429542	2.59918746123918	2.79211766063985	3.6491079920583	3.55985858621303
chr16:2225799-2226300	LumA	1.16721844538	1.90662921921177e-06	4.44630463335342	4.52587855732615	5.77974264051009	5.50921822395403	5.67539041535106
chr2:11541586-11542087	LumA	1.1672031152521	0.00372668660148592	3.98809697537114	4.62639995941145	4.39676346611099	5.39240928617627	5.45775541156201
chr1:184628447-184628948	LumA	1.16683507233253	4.84554532418403e-06	3.73690188113928	3.66616754155797	4.55092798263888	4.88278060691599	4.80303249644864
chr20:17357754-17358255	LumA	1.16606470629448	0.00194540600997618	2.82547566097773	2.42038199037148	4.96109238327333	4.12789876511121	4.04695181353827
chr8:38098430-38098931	LumA	1.16572373156361	1.77153811592178e-07	2.9880500406935	2.66417235643663	3.216152847844	3.33173674355631	3.17750298579221
chr17:10727546-10728047	LumA	1.16555818597843	0.00626695866196355	3.52264325209896	2.87051121283132	4.20352684860619	4.86437341852557	4.77371475440016
chr4:57462310-57462811	LumA	1.16546888694253	0.000124781135577808	2.88520359566445	1.7399023869338	3.46592919363455	3.88487170068612	3.74112814443902
chr8:41547144-41547645	LumA	1.16532243127202	1.14918428204773e-08	3.12544820664764	3.16074843117511	2.99872093876368	3.56249080170596	3.61384748524355
chr1:21243488-21243989	LumA	1.16507137892109	1.31201050461812e-06	3.65438923342058	3.6410244833565	4.39878405387593	4.68220865237431	4.52311379291263
chr13:113868703-113869204	LumA	1.16503050851223	0.000161462879935693	2.88880314048814	2.47369526329047	2.45803148535127	3.69723523536106	3.26162532168062
chr8:68808657-68809158	LumA	1.16487621700845	0.00479479926633245	2.88208664016361	2.33655594965999	3.7190699791114	4.03060276603691	4.17480121550235
chr17:80548529-80549030	LumA	1.16485576073392	0.000359118702222421	3.95860676692842	4.22224072749552	5.73898698935673	4.97587325143461	5.31928476465993
chr4:158168469-158168970	LumA	1.16478026292449	0.000612699670594081	4.07735908697361	3.70237838723529	4.27682023506965	5.17412649966686	5.0583613130891
chr15:41204724-41205225	LumA	1.1647505852315	0.00117719090537028	3.11434413208679	3.19154991214534	4.54250136642822	4.36797793534139	4.66324402173584
chr14:94614636-94615137	LumA	1.16464355053103	0.000355682076296217	3.63661359339827	3.98219945206041	3.8921278467425	4.92804229344139	4.94570397010807
chr8:37558549-37559050	LumA	1.164546002317	2.69016669847457e-06	3.85600043341467	3.43990241634888	4.20661286568173	4.53624421200561	4.65945674783946
chr5:138451967-138452468	LumA	1.16413171306966	1.43480305761553e-09	3.99639002512487	3.88428875075135	4.13073781351196	4.90952761796908	4.66615447282006
chr2:179439895-179440396	LumA	1.16332052697951	6.99983216915644e-05	3.11536316574696	3.16821352489512	3.98440677246943	4.25693114740207	4.33789169959038
chr6:77547124-77547625	LumA	1.16252181339005	0.000495941840169348	2.69729308094479	2.07928346883351	3.56766851360712	3.83772012622968	3.88913296964516
chr8:95301494-95301995	LumA	1.16246427920288	8.13032556317579e-05	3.4463034085275	3.36916894548121	4.74287273808916	4.45364489519808	4.49580608522477
chr2:41456914-41457415	LumA	1.16224090026606	0.000938304825132514	2.7295851073008	2.74272571096147	2.98300643628329	3.8191474499847	3.76544140899905
chr1:169506791-169507292	LumA	1.1622262680261	8.82726591248803e-05	3.68180040376444	3.44065880521179	4.68468025490844	4.71595529340542	5.03283405753489
chr1:176000187-176000688	LumA	1.16208351670611	9.65700473705488e-05	3.50765075612181	3.53341619371695	5.30798363430293	4.40847366493778	4.58353469379018
chr7:20553900-20554401	LumA	1.16199209786022	0.000403441998986893	3.09386264676073	2.74863628787866	3.48177379836042	4.31731838074874	4.22277636422655
chr17:40555530-40556031	LumA	1.16193460538939	2.58495539578902e-06	4.09620600870668	3.75628153998484	4.94934100870813	5.12427582654542	5.24921836853016
chr9:114607927-114608428	LumA	1.1615642315962	1.18499373821382e-09	3.93222873778918	4.09034787813214	4.49483040368396	4.8110023151824	4.53792686839273
chr22:49857516-49858017	LumA	1.16073217631975	4.05822590098564e-07	4.13783634989694	3.78972866958264	4.99103541438726	5.13377858023426	5.31089551888346
chr2:74572671-74573172	LumA	1.16057900888323	6.23628602824214e-05	3.25474495477424	3.36336470017398	4.55713637235873	4.42612288923591	4.5114466631203
chr18:36125527-36126028	LumA	1.16024497912563	2.18286341031299e-06	3.01947556208875	3.06356941656668	3.23644246340539	4.07520995471027	4.01478860026166
chr8:37471696-37472197	LumA	1.15995417655369	9.65700473705488e-05	3.49852732988385	2.663776829047	3.69083290465729	4.31977043912359	4.04026783637934
chr11:37484247-37484748	LumA	1.15987338686276	0.00185416177308901	2.61560562212019	2.16444191104273	2.74500612810466	3.7006776569151	4.01853146488187
chr5:34234437-34234938	LumA	1.15918208724333	0.00755648174218801	2.84564813127628	2.30724467843627	5.00594597634015	4.2820394795217	4.26214212178012
chr10:29108332-29108833	LumA	1.15902130587287	6.32283193072447e-05	3.4533569504233	3.71947669941728	4.96420618150659	4.73234481538611	4.75398224714706
chr5:77861531-77862032	LumA	1.15893375583322	0.0016285630337657	3.04959741421389	2.6607720150662	3.32843165545496	4.13366844359232	4.77621449796053
chr3:148734875-148735376	LumA	1.15883380204632	0.00453952494409667	3.54873502441433	2.82687198312464	4.59232406189107	4.79035953056409	5.1756949968882
chr17:74137403-74137904	LumA	1.15853974055467	0.0318000153101527	2.62670246157593	1.93591426335323	3.90423101517294	3.79340015540437	4.14528599036412
chr7:99974281-99974782	LumA	1.15780777120069	0.00122561965893199	3.6963054993619	4.85188984547171	5.26919034633288	5.07544427838543	5.06156918392025
chr8:133624156-133624657	LumA	1.15769894848969	0.00196362945332917	3.44902971354702	3.69446660750815	4.7258956645168	4.65983837195183	4.80428614631816
chr6:74696687-74697188	LumA	1.15748808072718	0.000405509069188651	2.65309766392941	2.74835683223606	3.92103914117817	3.70615229700775	3.74390258007041
chr8:140361620-140362121	LumA	1.15738326836993	0.000856748078406742	3.47573797236767	3.77806087435894	4.0768579807859	4.12911135225892	4.40148656537759
chr8:125072908-125073409	LumA	1.15711201530377	2.96719715036376e-06	3.16859757858438	3.46592751412577	4.1002946036777	4.11607579388435	4.49120671540698
chr22:46040959-46041460	LumA	1.1570142232829	0.00158080519418756	4.67920834962777	5.65877763707691	5.09909788876632	5.71473733115526	5.41783974819741
chr22:46531567-46532068	LumA	1.15648626854511	9.86971921901617e-06	4.39903496546256	4.29501905705377	5.07337388364385	5.23031222581325	5.69062323945644
chr3:128347809-128348310	LumA	1.15623538326892	0.00504052248951078	3.59692332341369	3.02982239674064	5.52742390865113	4.8859355389754	5.13354273125739
chr6:53319981-53320482	LumA	1.15600149442733	1.37758564684725e-06	3.75571619150104	3.69640890341655	4.57538870627274	4.9108610933467	4.99277991699329
chr3:88429065-88429566	LumA	1.15598849680104	0.000202203261370448	2.60343255034389	2.86325508086658	3.1969336790484	3.19761193131861	3.32451506487095
chr8:54986082-54986583	LumA	1.15598784380509	3.95611478915787e-05	3.19002580359599	3.0902932323132	3.41632615713605	3.61493650651098	3.5481895359214
chr6:90669799-90670300	LumA	1.15594689798951	0.0198569650624594	2.55594290972654	2.01904281847209	3.09737426623142	3.92603811705952	4.66592205377992
chr4:118990241-118990742	LumA	1.15588663991935	5.55131348357557e-05	3.3887848530125	3.46282174943972	4.50423201275778	4.51341337618168	4.87694477833449
chr11:21723588-21724089	LumA	1.15544003914841	0.00505116861476466	3.0054468974374	2.24432750976965	3.55307631583364	4.38172198781192	4.28403098599579
chr4:82526080-82526581	LumA	1.15515716356786	0.00053398759879697	3.20744131396762	2.88832376176232	4.55596884659207	4.41935526998529	4.68385786202549
chr1:207710530-207711031	LumA	1.15513017891402	3.08337231825343e-06	3.40986286493455	3.17751685563097	3.84007066035805	4.42202337709852	4.40977558752505
chr1:20181594-20182095	LumA	1.1547622376052	0.011675100915108	3.8190039593485	3.13480384004862	4.07370732087234	4.95038737877393	4.84037111184044
chr14:29078570-29079071	LumA	1.15471431527558	8.19856967577251e-05	2.9500176505986	2.50324064290769	3.18472905080878	4.11782480414431	3.88139700084026
chr8:137381699-137382200	LumA	1.15470486622223	0.00184859686280406	2.78198489393225	3.02477301967838	3.01338296771887	3.74425700028516	3.23816266065462
chr15:63378869-63379370	LumA	1.15466015075982	0.000357882920315602	4.31236898656271	3.51367513309866	4.95555566555342	5.42485744156885	5.30307441611106
chr15:65366380-65366881	LumA	1.15444169985146	8.61305620277402e-06	3.10023803436036	2.7810837191888	3.17487437667253	3.67881169616971	3.86394440864385
chr12:66590181-66590682	LumA	1.15443026361758	0.0049747348710563	3.14263355095576	2.61492518734189	4.73300734755658	4.35199262650633	4.31075006355095
chr8:124514274-124514775	LumA	1.1539604626999	0.000905261430914219	3.13081153410753	3.18747428520427	4.58155862429101	4.41077045495479	5.00010000941442
chr1:207856859-207857360	LumA	1.15361268460487	5.82517292557509e-06	3.84356685950757	3.78339663855506	4.74250282252297	4.81164746502665	5.1334869317851
chr2:11558832-11559333	LumA	1.15360980151789	0.0143865912767834	3.18199920906611	3.66292825993383	4.25465828425263	4.80725955676204	5.20049173393131
chr11:48085591-48086092	LumA	1.15345888326203	0.000306845659363856	3.85402073926326	3.70938611955965	5.19739873744053	4.98315099856598	5.21396210251183
chr2:223679599-223680100	LumA	1.15339606928944	0.00114560674363637	2.92619798688524	2.56977714284081	4.54929747875547	4.17792551692706	4.38091701285142
chr14:49957969-49958470	LumA	1.15280822965885	1.33083989614112e-05	3.69020608564653	4.33810948176839	5.42089830664972	4.90362961060818	4.84815445456437
chr1:94252220-94252721	LumA	1.15267767010656	0.00791498232781533	3.37393438292315	3.17126690994708	5.08192259520756	4.92406213287532	4.83384332775131
chr17:56118474-56118975	LumA	1.15265564496037	0.00184209795832098	2.78397497994893	1.82166515915491	4.06359107807646	3.81630652870041	3.62159359874826
chr1:205564514-205565015	LumA	1.15263231453395	0.00159084666407168	3.83685452767601	5.1777594331251	5.70508777825473	5.11393030847789	4.82125450483277
chr6:34540077-34540578	LumA	1.1526020088232	5.51975003943374e-06	3.89000106847355	4.34967974092664	4.98475541920465	5.09724376421007	5.11382381916139
chr12:75859224-75859725	LumA	1.15248983387799	0.000557406051444421	3.35391966488598	2.84075351112964	3.62133419402862	4.10049237167475	4.34601406762848
chr17:80134214-80134715	LumA	1.15242087934941	4.80556018725184e-07	3.60872337903221	3.7494722053671	4.02591351886351	4.71087761011672	4.93289289514109
chr21:39320826-39321327	LumA	1.15234449553425	7.48589783834541e-05	3.1650144721922	3.64897495762331	4.59094464780862	4.409323075827	4.76041886865315
chr12:17619323-17619824	LumA	1.15230301420905	0.000390648320627071	3.11673520679913	2.55875293746232	4.04849641302181	3.7638778560914	3.90144844056335
chr17:63257797-63258298	LumA	1.15223465270317	0.000297993970843847	2.70767987275069	2.70553828389081	3.6960164073818	3.76721445454897	4.27996861351544
chr2:6108861-6109362	LumA	1.15221213852115	0.00345817448937774	2.97784989660049	2.94180305637727	5.00353543845574	4.16457243858647	3.98312247968776
chr2:177394113-177394614	LumA	1.15211040977771	0.0011111105092188	4.4178140853986	3.88593328186367	5.96023963502949	5.66311586749981	5.69454255385345
chr20:53336830-53337331	LumA	1.15210450888138	0.00218629791836153	3.88509223483487	2.99977964096748	4.39074625004733	4.71280055199188	4.47700655150399
chr16:28586380-28586881	LumA	1.15177073283553	1.39269651827663e-05	3.30735882429264	3.78638195379903	5.17766164696073	4.46614746859321	4.28115599155923
chr2:5741233-5741734	LumA	1.15139005341569	0.0122988723792728	3.14438188004568	4.89352524540141	5.68381440190538	4.32556824523843	3.94915805294814
chr18:36111474-36111975	LumA	1.15097064400289	6.30462580094912e-06	2.97892461285787	3.00929863159829	3.46651283946439	4.17777587498201	4.1699712147026
chr14:44991436-44991937	LumA	1.15094903853924	0.00027225090066453	2.90787138362691	2.47208586295944	4.66307917089204	4.05835319207854	4.24051907693354
chr6:40708558-40709059	LumA	1.15069351884395	0.000397688755334791	3.10466036479707	2.79324352262486	4.23093914216715	4.35300929744643	4.73913411186195
chr5:98982532-98983033	LumA	1.15058465920352	6.22723801720932e-06	3.04804563152094	2.47025786714655	3.61814564830381	4.17860954788456	4.30745330390612
chr17:49385464-49385965	LumA	1.15022024249317	0.000195105041737157	3.34315451756	4.21943209119382	4.77218977840911	4.52745160486104	4.29335224713767
chr4:102496949-102497450	LumA	1.15004621250573	0.000184504168558237	3.86983445127802	5.22060673850478	5.58738196480584	4.83886758698488	4.61725475438758
chr3:31445660-31446161	LumA	1.14998004151981	0.0088448124648703	3.20489707375682	4.87742265590648	6.00204136853605	4.444328625967	4.74884602320046
chr8:71599769-71600270	LumA	1.14997353247523	0.00680655688667737	2.65554331543558	3.54939673995666	4.44343161858721	4.13422101200179	4.43456087517474
chr15:83651466-83651967	LumA	1.14961710872915	0.00355790547620391	2.98305106178775	2.39691085720397	4.69677308043532	3.93566889765831	4.33727601906911
chr1:218128467-218128968	LumA	1.14930227970052	7.52211488192387e-05	2.78882826970829	3.66216233453622	2.80365748140807	3.78924698487249	3.57755022499163
chr8:99894661-99895162	LumA	1.14918474646338	2.52891436548111e-08	3.90061865787014	4.26776991141247	4.1307429980221	4.63942248355809	4.69222913175751
chr5:44691127-44691628	LumA	1.1491025815086	0.00057268835080047	3.03219993265304	2.70233495971965	3.29764802733407	3.75728713583371	3.49116839384927
chr8:36794962-36795463	LumA	1.14900964898228	6.57462814246644e-06	3.12404863803058	3.48880555311609	3.37584098036712	3.49849681883179	3.37219495932063
chr8:37913494-37913995	LumA	1.14877751537854	5.37699467960801e-07	3.26730841004302	3.07295810442968	3.246487002004	3.7433675999096	3.65582747773873
chr15:53748281-53748782	LumA	1.14847605325525	0.00377793964630374	2.53496552677106	1.52558044950716	2.05860987472014	3.43832678013592	3.52745724655364
chr8:38338512-38339013	LumA	1.14830086843536	6.33579699533684e-05	2.91999788914736	2.44881563364023	2.80476740948186	3.58192421976868	2.91722965408819
chr1:46837498-46837999	LumA	1.14807155263939	0.00238819047922291	2.53441666593574	2.21851813739466	4.61979585287307	3.71466482213731	3.58411656978757
chr19:16074055-16074556	LumA	1.1480261951764	3.44272119711666e-05	5.11049041235104	5.95544878135946	6.22398724786191	6.26475841309275	6.62679105810778
chr8:38042810-38043311	LumA	1.14779948623962	4.12430720634658e-05	3.55752485138256	3.66954441031459	3.8308438674341	4.31866400508776	4.03318709946185
chr5:105616542-105617043	LumA	1.14750191475534	0.00709669636083613	2.66305265962523	1.82837844861933	3.44921805509238	4.06728128399865	4.50141753495438
chr17:41009855-41010356	LumA	1.14729703441454	0.000523564861349348	2.90830913457934	2.37236958051815	3.62464491118389	4.04646725818157	4.16339106734838
chr3:49015702-49016203	LumA	1.14693064902955	1.18053260814562e-05	5.4857687803498	5.85689717794658	7.34285506220005	6.61339433776875	6.33268964844602
chr15:99102061-99102562	LumA	1.14690370247991	0.000167769118461552	3.59416349431672	5.19632996457484	3.74299996536795	4.40836489562904	3.75621624855586
chr8:115590050-115590551	LumA	1.14675916766383	0.000147005915147249	3.15416175132223	4.11454984826209	3.92593616911876	4.34480403782295	4.11856522254832
chr8:54074728-54075229	LumA	1.1466744572377	9.41598281577648e-05	3.35896763621303	3.58922952746533	4.51354447000575	4.16509170847671	4.58924525302295
chr20:56736212-56736713	LumA	1.14653142960469	0.000527234689767277	3.08287780571707	3.24631310729263	4.60597273974935	4.28773847769078	4.30183014080056
chr22:28963563-28964064	LumA	1.14647222565577	0.000643531262104275	4.15057152887493	3.43494709659227	4.8291306841486	4.93142184510187	5.23557901266032
chr8:95191937-95192438	LumA	1.14638162730783	0.00015268022399661	3.8458029826816	5.00976246928636	5.37061417390667	4.98877604870422	5.27549267761478
chr12:14881954-14882455	LumA	1.14630196868747	0.000787776039512085	3.26520126786489	3.94170832070735	4.0483280808175	4.41234218854535	4.44797990674728
chr8:37936411-37936912	LumA	1.1460339137144	2.19296014798768e-06	2.76727910589174	2.42006403922432	2.94515120347333	3.15099440255605	3.0798633424313
chr12:117204126-117204627	LumA	1.14598893987334	0.00201954195287288	2.70445934764516	1.89025568956925	3.30769987854515	3.57433349278933	3.28978004916009
chr13:61030472-61030973	LumA	1.14582785951811	0.00014439004899763	2.72887705285274	2.10930237201444	2.82571570556521	3.335595323924	2.98957396608329
chr20:54084058-54084559	LumA	1.14576606164773	3.57240953481894e-05	3.40751062371648	3.39872907687066	4.53345830221965	4.35704594348001	4.3672018614101
chr1:231964165-231964666	LumA	1.14574655490595	0.000408425151107375	3.28108350436324	3.26899121108012	4.93606829409832	4.2356152578506	4.36908343976238
chr8:49233058-49233559	LumA	1.14524362824991	0.000120627740725772	2.91240893271419	2.47086321412075	2.99291278921709	3.75012488493474	3.56459042712206
chr7:107101487-107101988	LumA	1.14494609022056	0.00153142224762339	3.05387250189751	3.40152922875461	4.14323584562832	4.26731454739782	4.34913613750101
chr2:131606316-131606817	LumA	1.14438858159653	0.0120885734894709	2.82851600439849	2.0586793107302	4.09131983144311	4.21713081721781	4.91223170801331
chr1:232163554-232164055	LumA	1.14433002409797	0.00284072538727202	2.74453773419953	2.57752507088967	4.0315253334142	3.94635233051558	4.16739326777513
chr7:133477300-133477801	LumA	1.14419377792739	0.000140193834962391	2.99826530719266	2.66766021199208	4.09530803085752	3.93541606167223	4.00705800297714
chr6:75841947-75842448	LumA	1.1441844386672	1.16541719666365e-05	3.33971598228392	3.44088482186994	4.34250401744332	4.43810741036345	4.45674739535473
chr19:45636785-45637286	LumA	1.14409746934207	7.14662607035244e-08	4.20590115873567	4.24140629191446	4.66751871044542	5.33023490876646	4.97158631578673
chr10:66287726-66288227	LumA	1.1439328038558	0.000721521450418074	2.78877634299087	2.55135103793963	4.35372424942122	3.78835097425929	3.6295913779718
chr1:240215885-240216386	LumA	1.143777091646	0.000731530837840372	2.72921593208744	2.47293146969592	2.90056287529748	3.59752114052943	3.07039113584069
chr2:30806470-30806971	LumA	1.1437296047049	0.0013567642998434	3.76258364919107	3.93680346637656	5.50800398631723	5.0474338580406	5.25836420094506
chr1:117211607-117212108	LumA	1.14365221500456	0.000260382949617819	3.43143250700798	4.68961414896717	4.78090008174291	4.59803488866437	4.59513504032395
chr11:77967061-77967562	LumA	1.14293277493526	0.000826512824788858	2.86013826810386	2.28562676116945	4.00312841368009	3.69277656991179	3.21904036635821
chr3:71894002-71894503	LumA	1.14288263595614	0.000639971674790189	3.39284729771964	4.13402059095368	5.25526211601211	4.46955634315341	4.53180066545628
chr15:68696614-68697115	LumA	1.14280838636434	0.000176093530765491	3.5901826964827	3.37007742333782	4.21103430162111	4.33147581205804	4.40466009041664
chr19:13696129-13696630	LumA	1.1427914143125	0.000720388727778749	2.78220689272543	3.21285652556093	4.63638154595264	3.80288115783633	3.55398162306353
chr9:120776662-120777163	LumA	1.14261843149442	0.00108429498631844	3.32723403266766	2.93939546000808	5.21733707169075	4.49257567060642	4.77714307388807
chr6:9510389-9510890	LumA	1.14236760292952	0.000438596849123103	2.8307157011729	2.81428299214731	4.57011480212454	4.19694064268216	4.37623106549844
chr3:4769085-4769586	LumA	1.14217872686798	9.14408333054473e-08	3.21364593550267	2.88407098135603	4.00217833076496	4.39164699663953	4.38722187317005
chr5:25255104-25255605	LumA	1.14211688947687	0.00489751187279336	2.68396936149042	2.28175373421084	4.02762835065066	3.65241909527467	3.7917957903171
chr7:99950309-99950810	LumA	1.14203967015081	0.00149118110186825	3.53256107120328	4.25146342424785	5.08091106259046	4.90785200175452	5.0097612071818
chr11:75950095-75950596	LumA	1.14202754056852	3.17550624731238e-06	3.47155054724054	3.45731772536212	4.24350741941247	3.83628515736005	3.55703400527208
chr1:211592988-211593489	LumA	1.14188391301546	0.000144980841282729	3.50251861171867	3.81545063290014	4.12252853170886	4.67283250399516	4.44548102778309
chr9:109335868-109336369	LumA	1.14181213510389	0.00228732971483431	3.28259216160195	3.70955226016345	5.2873591004706	4.68223700129559	4.88864492457855
chr9:1856767-1857268	LumA	1.14179172755978	0.00682827603181854	2.54028978305098	2.10731571675081	3.17223908386082	3.71698787562865	3.1145220878756
chr4:40320202-40320703	LumA	1.14166374053325	4.15271144705122e-08	3.96832187987014	4.35544115958877	5.00605584999004	4.95895255505231	4.96574220568452
chr3:9899459-9899960	LumA	1.14159963049625	0.00203760053477462	4.32369582959058	4.34796657234768	6.23211973435001	5.6985395378395	5.65449623205389
chr11:78002935-78003436	LumA	1.1413502111238	6.76608023240872e-07	3.10408904423857	2.81336012993642	3.95807871511635	3.82030710976251	3.68693575977423
chr14:73613517-73614018	LumA	1.14128870916019	2.21989728248988e-06	3.92540166702206	3.72118932889212	5.62989197897848	5.01958914522621	4.87596112136284
chr18:63158101-63158602	LumA	1.1411773993382	7.86245929936986e-06	4.61562331860385	4.8696590375414	4.25397092270876	5.65271760187534	5.37635369165888
chr12:116494192-116494693	LumA	1.14095449511786	9.04353104245915e-06	3.49846651738254	4.10658987344285	4.4333843200793	4.64934109504483	4.8591157964496
chr18:45260155-45260656	LumA	1.14078859215637	0.000679664782962501	2.97118192885837	2.50231469096421	3.31030749076547	4.11863071033406	3.63293487595147
chr1:150407671-150408172	LumA	1.14072762073791	3.74848839148917e-05	3.59837572895172	3.42611291716563	4.75813323637738	4.72925378449115	4.85351166005579
chr8:117168575-117169076	LumA	1.14027956862342	9.23854055922466e-05	2.65069258149821	2.57309776355354	2.93147107248648	3.42311383282992	3.55357363260294
chr5:122849153-122849654	LumA	1.13990285361075	2.70880727957195e-07	3.83389036124766	3.46433657475307	3.82114439764255	4.88322244449287	4.9239810182372
chr3:180274466-180274967	LumA	1.13931541228069	0.00235562735095888	3.10878287108866	3.02444137413961	5.05466526596856	4.30361490613815	4.73156818371985
chr8:57617645-57618146	LumA	1.13920126753353	1.63910276047757e-05	2.81042901042903	3.04736999731659	3.15992269237284	3.5110528680325	3.53562821780103
chr1:116172573-116173074	LumA	1.13835868583293	0.00530811786284395	3.7852321789546	3.94304032607016	5.51152882964683	4.77486898440466	5.16250340131496
chr20:48035875-48036376	LumA	1.13826640118447	6.52108188648785e-05	3.18381644352438	2.88888952780683	4.02901334672493	3.76996357214111	3.72483217320387
chr8:36836608-36837109	LumA	1.13818188280436	0.00593829266009089	2.66869903735788	2.38354879818621	3.18727588770152	4.15265893986876	3.75800395614536
chr7:80647547-80648048	LumA	1.13806386591471	0.000765933428796555	3.39926605992883	3.64681399969466	5.36227507891862	4.71200236496317	4.63995510425152
chr1:8706274-8706775	LumA	1.13804058434466	0.000985158691679639	4.22643796682386	3.52232933305414	5.99120982627196	5.43070124350599	5.51198251454201
chr1:206863815-206864316	LumA	1.13770503931879	6.32241704451668e-07	3.12361975896958	3.24774303312531	4.040098782147	4.22828998318146	4.09061224277519
chr5:1629996-1630497	LumA	1.13730076185261	1.1098301025185e-05	3.46064778627738	3.31675337038757	4.03249957604983	4.47825755930478	3.87272748640854
chr8:38003768-38004269	LumA	1.1371957868798	8.34905045616987e-06	2.97817166900171	2.34597419685091	2.49154447148999	3.48626363555984	3.008080745483
chr14:100028386-100028887	LumA	1.13719011668933	5.50775042608666e-06	3.27087254809894	2.6628451069973	4.07386152698092	4.20150353731269	4.42846284974281
chr3:34174719-34175220	LumA	1.13709119590945	0.00393302556852375	3.64063910273438	3.87792391922117	4.63730969889181	4.7069745398989	4.4653777369427
chr12:53249871-53250372	LumA	1.13687453042116	1.25195108353002e-06	4.19544677217554	3.86646660711482	5.2812212041318	5.27734588105993	5.50731232853299
chr8:37984896-37985397	LumA	1.13663972260136	3.47464629818274e-06	2.95976214133148	2.80281104552208	2.78016382721385	3.27043184619549	3.13573191197761
chr1:97414859-97415360	LumA	1.1363158443995	0.0216438222384656	2.59786128339149	2.00326105794199	3.71180841193491	4.18245822637868	3.99143586132854
chr15:68275659-68276160	LumA	1.13612929734659	1.59514115375285e-05	4.58033427408391	4.32523490112801	5.11555469304229	5.39725238940142	5.31997857991021
chr2:68672691-68673192	LumA	1.13610796057004	0.00112203690466887	2.58205433768173	2.21713444694349	4.01039895129249	3.74574814666147	3.39026345101402
chr5:14083998-14084499	LumA	1.13597853719755	0.0126285889311272	2.87306523961889	3.13986850115613	4.39007091291139	4.36338626519086	4.16821948557324
chr2:237483989-237484490	LumA	1.13568454084024	0.000135542346558281	4.38079201304342	3.41092668492003	5.56410205830181	5.43394861309883	5.60079747460706
chr1:168862550-168863051	LumA	1.13519262100044	9.05764033008963e-07	3.42169344739499	3.41466313380563	3.9583012275813	4.34794916159007	3.9113718903619
chr8:38572740-38573241	LumA	1.13468252577529	4.47601274522146e-07	3.15656804087513	3.50901918022728	2.49526136242725	3.73298869563561	3.29705448911852
chr11:63589948-63590449	LumA	1.13457881374417	3.19150235996856e-05	3.8344215536554	3.60912686115489	4.96849932806993	4.84918938866411	5.1062196223938
chr8:92119554-92120055	LumA	1.13455576039622	0.00444272027205168	2.68926374330752	2.75008443757233	4.41140206256493	3.14229646027683	3.65322374225932
chr15:39605692-39606193	LumA	1.1345187538878	2.9181464560946e-05	3.15590975133533	2.99190981423545	3.61894180160278	4.29829780378849	4.66375800976099
chr12:118336028-118336529	LumA	1.13447754504478	0.000444954690839183	3.23184741194002	2.64856194363919	4.70159154179218	4.38082714432622	4.1893447243406
chr11:91607567-91608068	LumA	1.13438470239843	0.0153607604739294	2.93597881392874	2.71224809477222	5.33262135849144	4.36496324996096	4.19718007845485
chr19:57790140-57790641	LumA	1.13428705527627	5.94591749769785e-07	3.91849719026076	3.89252261960909	4.68101605264245	4.9241785670321	5.20833891391382
chr2:46041408-46041909	LumA	1.133924481323	0.0111821612429124	4.13597791707355	3.55081628530475	5.65615223771781	5.60707533087452	5.49705258625259
chr8:47609413-47609914	LumA	1.13390530821639	4.14068731783669e-05	3.70439304707126	3.1476179538631	4.12442218198498	4.83163261956652	4.73234307295751
chr17:72534682-72535183	LumA	1.13388026344101	0.012360106605651	3.95709143775853	3.66861903962172	6.19289245562635	5.5561119555128	6.30803286641241
chr2:53988576-53989077	LumA	1.13387455600506	3.93760124158781e-07	3.62370538230401	3.8509668303983	4.69736196958728	4.68614893569093	4.92649363565376
chr17:56121607-56122108	LumA	1.13385690700162	2.99859046776915e-05	3.55201823725395	2.95135008695559	4.43711615183151	4.16063578484152	3.85344492070095
chr1:203313226-203313727	LumA	1.13357539764663	9.65096653753904e-06	4.31275706058101	3.94337638208311	4.6061506375347	5.36328992224071	5.29618500557249
chr12:78325409-78325910	LumA	1.13331042301812	0.000577076001237627	2.99293494071305	2.44837552236691	3.10202019316842	4.10695959945394	3.96948229291344
chr8:54813429-54813930	LumA	1.13315377012541	6.31029379603138e-07	2.96698810241785	2.84950260930086	2.99453905741394	3.81938389376332	3.28496244773386
chr1:184487719-184488220	LumA	1.13293200454529	3.50990559470386e-09	3.74405250667841	3.52176479333364	4.29743758010972	4.78940779099408	4.58301259167675
chr17:40581608-40582109	LumA	1.13286097358896	0.000540305791817842	4.11711879081143	4.30276046143994	4.82956247581805	5.48859034824185	5.55098791062387
chr19:14069992-14070493	LumA	1.13284147236969	0.00256840743374926	4.12839207146254	6.22409358621396	5.49213992936205	5.53587013939009	5.57195251947283
chr14:100137368-100137869	LumA	1.13273246667645	5.76549823785751e-07	4.28336118577997	4.07991181507855	4.97739286004601	5.31489567222467	5.41238991513075
chr12:62675632-62676133	LumA	1.13266074334907	1.93353322306576e-08	3.24955493726296	2.85014974416688	3.66229842824184	4.0420838605737	3.97757339055605
chr14:80171488-80171989	LumA	1.13265751238492	0.000419460012372728	2.74815793997044	2.08940866833181	3.20706382485346	3.3126135922723	3.25603196823915
chr1:18703824-18704325	LumA	1.13260715056289	0.00339561532342373	2.862353527571	2.68995456406258	5.39010201360164	4.04628557655339	4.53419976385769
chr20:9582936-9583437	LumA	1.13253769474116	0.000904488301312956	2.82321740702026	1.92719109394481	3.02916088513733	3.95413903031319	3.2851224629142
chr3:4714950-4715451	LumA	1.13239713751256	7.96007128729838e-06	3.88509382520868	3.62045830954704	5.1414733411334	5.04601728182895	5.21545449321577
chr8:95094798-95095299	LumA	1.13229305185794	2.83393260296913e-06	3.76002677971331	3.8562818639082	4.91551409287507	4.70993577676372	4.9461873418309
chr8:85740820-85741321	LumA	1.13210714632616	0.00024572737829836	3.31640358581981	3.11103013438977	3.37581522557195	4.34161651928631	3.81632009826182
chr8:112977695-112978196	LumA	1.13186613224911	0.0119111385195364	2.68705875833318	2.47426161943451	3.24075330487522	3.98499458847384	4.8782609479259
chr10:22390188-22390689	LumA	1.13183626725	0.000131191308645299	2.9040525074194	2.69962820116363	3.29324671500546	4.03213245713919	3.97755898195356
chr1:214216097-214216598	LumA	1.13183539166436	0.00131136720622984	3.76898532202956	4.44269290076007	5.4141219871804	4.94124340481094	5.04775122021961
chr12:74871146-74871647	LumA	1.13171689410118	0.00118385413653392	2.63591376728664	1.99595009598723	2.90334763548739	3.67843752320575	4.15065514177068
chr15:29167047-29167548	LumA	1.13069629239435	0.0194897658114393	2.46605156386175	1.53486358367128	4.39736854208412	3.34721861288491	3.5148731949388
chr8:38265263-38265764	LumA	1.1306553434601	2.21453693408683e-08	3.52066146897002	3.23955619285695	3.39910855861716	4.04221757771519	3.67192874663694
chr2:234673856-234674357	LumA	1.13062546430752	3.47025433016765e-05	3.86984487826205	3.3265182151814	5.06219263049258	4.77491115928474	4.71011640959891
chr1:103369001-103369502	LumA	1.13055214160481	0.00149571050750598	2.84247668719091	2.61550142743195	4.62645953472863	4.08339830681625	4.07469280869635
chr8:54088375-54088876	LumA	1.13051954978644	0.00162491337318383	3.68324559060972	3.5633631685147	4.95262636315011	4.81728677153778	4.89263120096812
chr8:38726545-38727046	LumA	1.13032108149164	2.70724820814872e-08	3.36994333472461	3.16638937633954	3.16205441465384	4.15591454346866	3.27020204726551
chr12:87441819-87442320	LumA	1.13022829088686	0.00048444171246216	3.21173100455023	2.71981615743543	3.80852629774654	4.36463458800686	4.74046028570317
chr5:161172151-161172652	LumA	1.12994723812804	0.00223473220141924	2.56680732721187	1.86975650608269	2.65434221988145	3.56501677205066	3.25299248466748
chr1:155177856-155178357	LumA	1.12986222522885	4.90051165958814e-05	5.42637104726512	6.49728074923627	6.59572469467296	6.45728666986763	6.46666592771133
chr8:92571171-92571672	LumA	1.12982054194702	0.0025101530404469	2.98525265817322	2.71890335636933	3.98826754141091	4.00313999620467	4.37912643831419
chr8:137215533-137216034	LumA	1.12958898772918	0.00105969607655503	2.93531556713666	2.97639888291795	4.07436196265833	3.79834744595541	4.05033663644505
chr16:14476084-14476585	LumA	1.12955296768794	0.000506102596556484	3.81941644765202	3.65148429225404	5.72571509616956	4.98158241225314	5.28951461436638
chr3:197416552-197417053	LumA	1.12954023401977	5.89264219962887e-05	3.27191313265145	3.31182979416214	4.41648570827887	3.98854305508425	4.13462366543483
chr5:145902369-145902870	LumA	1.12839353760113	0.0036812614138267	3.18185421629793	2.56439947049094	4.49116794462562	4.48420570485739	4.55093153952614
chr1:11455645-11456146	LumA	1.12788832452303	0.00619906883384385	3.28837096263983	2.71083442308014	4.68652127524012	4.56709143171833	4.35957977226775
chr14:95817531-95818032	LumA	1.12786186144457	0.035490749045442	2.41287039702925	1.80225395258945	3.66364925966571	3.71710123849065	3.23335946192187
chr22:30299107-30299608	LumA	1.12756724219808	3.64362945500598e-06	4.65707350016163	5.38369431922291	5.70145230520157	5.81066911669435	5.621422787133
chr16:88530207-88530708	LumA	1.12730454173725	4.29987398919842e-08	4.72535913443073	4.58345038650362	4.95104158081807	5.56539754834877	5.51818118546929
chr8:114010373-114010874	LumA	1.12729576317762	0.00976273325825039	2.97913819330652	2.40921087822714	4.27786000329316	4.24077894621062	4.21218857874926
chr20:33638703-33639204	LumA	1.12715336394451	0.000533498327597624	3.76195950629734	3.84244324911983	5.56996274327415	4.70571545895509	5.19601638785048
chr17:75355486-75355987	LumA	1.12710792841879	0.000358801090775586	3.64563463518747	3.20369621120481	5.41759376000475	4.73675185355607	5.23266385120981
chr16:19281204-19281705	LumA	1.12706155685302	9.29496671519316e-05	3.37357254123484	2.87648286469791	4.77283924396626	4.63322532421286	4.71072861669891
chr18:41693184-41693685	LumA	1.12669769509317	0.00314403012656346	2.73188970348252	2.37949956676839	4.45704125902006	3.78752134284272	3.67685444978941
chr1:45231451-45231952	LumA	1.12647070533096	0.000141566370446121	2.63256544176579	2.41962441155962	3.34294249842172	3.23514288999334	3.2256422895936
chr16:753433-753934	LumA	1.12646017891481	3.61646364802171e-05	3.69791905634399	3.96183403403923	4.1866147193481	4.6866722711973	4.93194743397543
chr15:71097824-71098325	LumA	1.12619829373828	0.00529467803088369	3.20968835823515	2.40251713815944	4.3830676521711	4.69358465708566	4.72522616976066
chr5:42426478-42426979	LumA	1.12597279907425	0.0246147056972638	2.90668283043698	2.23346367589005	4.60155598646831	4.16170629619097	4.58164977455984
chr14:40367674-40368175	LumA	1.12581138797601	0.00395303048957427	2.55277984093936	1.96719162772144	4.95242393469302	3.93318012008009	3.90577740766038
chr6:53345550-53346051	LumA	1.12575024364675	2.584207631487e-05	3.98085352355609	4.08750217378531	4.77719510011897	4.92766168822861	4.93490713918931
chr1:9902896-9903397	LumA	1.12571753716683	2.94053344233458e-06	3.4990342444753	3.79490749678683	4.77578687727364	4.32870963609712	4.12282877066756
chr5:34449636-34450137	LumA	1.12534437589045	0.000371378865743303	3.59265515577697	3.30880283442559	5.4289980565236	4.82359881503427	4.7793244953396
chr16:954922-955423	LumA	1.12477597723444	0.0264882852564248	2.52102154670815	2.76416018146905	3.80326481867948	3.49335447862554	3.64892780299458
chr8:85223245-85223746	LumA	1.12421186358573	0.00103673519844869	3.65744668396817	3.95425177527627	4.95706079265531	4.94332350188564	5.03129778115011
chr1:53915529-53916030	LumA	1.12391533170962	3.07020627705252e-06	3.3775350376155	3.28783679479721	4.12267272664322	4.34859727150061	4.17953784488491
chr8:38167552-38168053	LumA	1.12376378158676	5.94154360157548e-08	3.49182556273691	3.10246507044984	3.27268260348601	4.11140249678075	3.72316625948385
chr8:38460908-38461409	LumA	1.12359541837885	2.45072818383164e-06	3.47665655828946	3.33852140419122	3.31654498578767	4.03198749220584	3.70733899008935
chr1:151560557-151561058	LumA	1.12344878134275	2.13822163358467e-06	3.74665030525111	4.13429153312559	4.53547316641521	4.61673223009571	4.82744557540567
chr15:81792599-81793100	LumA	1.1234458362932	0.0071049770368166	2.73161021403924	2.73843466735798	3.90497429100276	3.71969628223709	3.27650459784233
chr5:178124941-178125442	LumA	1.1231338752522	2.7031340211425e-05	4.37541571947756	5.68023749518446	5.7653634890713	5.63292099822158	5.8197087239875
chr3:9295852-9296353	LumA	1.12294768116019	9.18819735060426e-05	2.75846292657955	2.25576054826013	3.71309864687264	3.77000221579001	3.83417872859506
chr8:115856552-115857053	LumA	1.12280427341923	0.000174951394003517	2.71697223762472	3.43048380168697	4.20670507664145	3.73829656538659	3.88114034105905
chr1:41858932-41859433	LumA	1.12248558422067	0.00292827791250214	3.21246891317481	4.3282714787153	5.90524930114116	4.52087093897052	4.87847736543579
chr8:86544332-86544833	LumA	1.12232181429037	1.48948351618643e-05	2.82808740809582	2.8663119643034	3.14135857126046	3.85886824576448	3.67914808694633
chr10:101092381-101092882	LumA	1.12228588465134	4.36447903500875e-06	3.60766107563429	3.12632423796724	4.49992552092711	4.49374493771034	4.59193054252569
chr12:66442374-66442875	LumA	1.12213982849441	8.30061472476512e-05	3.132873097338	3.45612168952475	4.06039045136182	4.19970568086172	4.15473044715982
chr13:23835385-23835886	LumA	1.12141740294638	0.00339377462189756	2.84971695508052	2.26417393879837	3.98997521931228	3.68497919849827	3.98901855181564
chr12:91424399-91424900	LumA	1.12124656754695	0.000866712407316474	3.25444846430378	3.27301691386674	4.71448434938598	4.38989959295871	4.8679146912842
chr1:156699121-156699622	LumA	1.12104908462514	2.13861633673587e-06	3.78200137419627	4.71795472571397	4.59690541930595	4.56762789812187	4.73664052113116
chr11:18007820-18008321	LumA	1.12097434800989	7.62909822895793e-07	3.25333380127577	3.26804753513731	4.18894616207786	4.12645528780457	3.53793652736617
chr1:204312999-204313500	LumA	1.12083979527252	5.43295060938551e-07	3.84506072069029	3.70455785923734	4.79386177486949	4.86700799738738	4.8587146434057
chr10:38282143-38282644	LumA	1.12026075856163	0.00371929553078534	2.5208672388098	2.66780045999343	2.82877385097003	3.62885229265682	3.59651889909425
chr8:37895576-37896077	LumA	1.12002230190717	0.00013161509872142	3.91758145978091	3.4374418061258	3.81488614388698	4.55857438350309	4.2809915012137
chr5:75082325-75082826	LumA	1.11897022691311	0.00161278893538988	2.5460689626313	1.72456265010628	2.85258035620629	3.7570057558594	3.71240897344171
chr8:120079459-120079960	LumA	1.11868975798128	0.000120419641580727	3.58812967362604	4.07104731391908	4.00323224510856	4.51516601944146	4.68073523839955
chr8:38124253-38124754	LumA	1.11850528498404	9.67593775328429e-07	3.00347712147047	2.92590353166652	2.77452450119191	3.47452407526545	3.15308826190924
chr3:113535851-113536352	LumA	1.11811144344157	0.000451590873760584	4.2960304770526	4.38485721680414	6.31658025178342	5.56560675179337	5.61207734014673
chr8:107265189-107265690	LumA	1.11764521191294	0.0010561469215081	3.25513155407996	3.06659218817932	3.70609245149026	4.34705137454599	4.18162481283027
chr8:37699116-37699617	LumA	1.11721305260199	0.00122583897746547	4.94050352375541	4.85617530338152	5.71050361125772	5.97157319999868	6.26352089400766
chr2:171792804-171793305	LumA	1.11686085809593	0.00489542934613806	3.03392583507799	3.30302707022319	4.19586620628864	4.25470801438586	4.08625238550186
chr1:202288298-202288799	LumA	1.11678495437575	0.0046147960721473	3.6308158166324	3.54357060017051	5.72737959969964	4.75213195963296	4.8645216278934
chr8:39256285-39256786	LumA	1.11666117113336	0.000403606538689956	2.6283799355494	2.26293594315569	3.25361879797882	3.29767432052073	3.2914223490201
chr6:50823983-50824484	LumA	1.11655292420165	0.00906724980767781	3.3654139132351	3.55610158567481	4.70017025397709	4.84625861521585	4.08954215362794
chr4:94997069-94997570	LumA	1.11622488209188	0.00908930915295962	2.88952556268813	2.61692954027572	2.51262699722216	3.359386760986	3.36209037796837
chr7:81453706-81454207	LumA	1.11605083960731	0.0129882161677249	3.05690155475716	2.52879890005942	5.11457022810343	4.56927063066382	4.33956773608747
chr15:39611774-39612275	LumA	1.11603215348819	0.00117541889012248	2.66839217893483	2.20257696442736	3.51597315317915	3.71059704369323	4.31282364559237
chr22:48169068-48169569	LumA	1.1158675747442	0.0139256797035222	3.01771071101279	2.17420731900827	5.67681947380961	4.05439229681096	4.27152207506497
chr12:66650783-66651284	LumA	1.11577709900534	0.0013567642998434	3.21768179393206	2.61728610271492	4.87526894879407	4.47386024883834	4.81525673148617
chr6:40187510-40188011	LumA	1.11560041248503	0.00226131825765253	3.06511224405643	2.99675728354727	3.7601240754217	3.5156095774633	3.47977699480975
chr1:154590632-154591133	LumA	1.11546885767306	3.83011725981695e-07	3.51444677816584	3.87857694538107	4.19116113087666	4.41657782567667	4.43792138966373
chr19:28074708-28075209	LumA	1.11511347002927	0.00929570719742194	2.86015536865609	2.49834877689165	3.27331399076832	3.70024637756118	3.87541907857827
chr19:23393691-23394192	LumA	1.11484023353367	3.4251016356333e-06	4.63278545145633	4.98506231799875	6.0027765026489	5.48396518570528	5.14243699825554
chr8:37537043-37537544	LumA	1.11463519080618	5.43563670654831e-06	3.46849572596886	3.22738785922383	3.54229524671918	4.25777677340059	4.30532014121382
chr8:86539087-86539588	LumA	1.11438431250136	4.44658983921734e-06	2.86062105361858	3.00574041885258	3.15921927390605	3.86569445000509	3.66395447781102
chr1:174384988-174385489	LumA	1.11427327960439	0.000146745159286295	2.81330539216654	2.66589429031338	3.84102423145406	3.86674322621891	3.84835702591902
chr2:141564997-141565498	LumA	1.11418851629876	0.00362072879187098	3.01229300097606	2.49064769782378	4.57463227575836	4.25052843027667	4.14292004613949
chr8:37587223-37587724	LumA	1.11414655528862	3.22427063865687e-06	3.19068286401613	2.82257077848728	3.28764314619329	3.68406363150699	3.65967717390431
chr8:128154416-128154917	LumA	1.1138258883762	0.000165869755311067	3.49445435269045	3.59507174488559	4.53188410556712	4.57756119554366	4.61335272820208
chr8:99876691-99877192	LumA	1.11377416013494	9.33143054660562e-07	3.8468254585554	4.08192369233527	3.91378512597961	4.57416810696914	4.80175035908031
chr17:48520748-48521249	LumA	1.1135998356846	0.00622455706158262	3.25491953090424	2.66655985651288	5.73945456136747	4.71389636432959	4.66978512119061
chr3:180310806-180311307	LumA	1.11348657559961	6.05364683983006e-05	3.16030530074388	3.1386565668847	3.64913772973278	4.19832868622061	4.36148261257086
chr2:38152953-38153454	LumA	1.11331147925889	0.0209659639999669	3.48417016419265	3.23883361033348	6.68497328514855	4.85690522343195	5.39181638449196
chr6:131843289-131843790	LumA	1.1133073543158	0.000603897069266196	2.86180545402233	2.2753910486365	4.43876575330401	3.96713573979922	4.4747274431627
chr7:97953275-97953776	LumA	1.11313203917112	1.03810027787593e-06	3.68724774991126	3.75529451158198	4.56013934381362	4.58764125337385	4.66903749092585
chr16:9811515-9812016	LumA	1.11290604470526	0.000363650197351782	2.75560585861545	2.49793838888531	3.62966367781189	3.49400378216932	3.38879055324727
chr7:19369766-19370267	LumA	1.1127703889622	0.0185697672512174	3.41955218367322	2.39613349995152	5.48159522338961	4.69014083446838	4.48859618913446
chr12:117131923-117132424	LumA	1.11255275948434	1.15475959407465e-05	3.2096996275431	2.87690591666089	3.73921832429712	4.07611563937149	3.90331978923306
chr6:105110405-105110906	LumA	1.1124130138498	3.58360296191359e-05	2.99615705432174	2.56730268828456	3.49055458304655	3.69119673245741	3.89652693605562
chr17:56112845-56113346	LumA	1.11219775938055	0.000110768022609602	3.16071015908892	2.36266869652144	3.74090033512729	3.79941386064415	3.30591992018012
chr16:20297844-20298345	LumA	1.11212264983794	0.000596798390348326	2.80542314364578	2.47633857285275	3.111456369853	3.72036499101517	3.72338557921582
chr3:14883683-14884184	LumA	1.11209245877733	0.000445475342013776	3.42477360737604	2.81381942885058	5.56993800031786	4.47632241662213	4.56162652701155
chr8:95069717-95070218	LumA	1.11198762072812	0.00405380585953154	3.53629833102874	4.43428876064548	5.24846790268957	4.54752756433313	5.19129875467083
chr1:184625077-184625578	LumA	1.1117931433805	0.000201663733927844	3.73620997138672	4.81678300307622	4.34492371067854	4.92104582271611	4.68459984124427
chr7:76107638-76108139	LumA	1.11174426605466	0.000340376201772042	4.29367308251878	3.3279615329265	5.94085849488771	5.46440708628118	5.41752758352746
chr2:130878830-130879331	LumA	1.11118066634409	0.00160142952262229	3.18537615893038	2.69128895340643	3.67343632667352	4.04782853941884	3.53986953472472
chr16:3107324-3107825	LumA	1.11098753444349	2.5781724194411e-05	4.77609476046993	5.11273096472988	5.70355665006705	5.6782465092598	5.7464068746081
chr6:14965424-14965925	LumA	1.11041150806132	0.00404035419487748	3.1767869753951	3.45178930070807	5.36727473414186	4.32825419952871	4.46575072495761
chr3:189168657-189169158	LumA	1.11022555448863	2.06447338462308e-05	3.54160519966107	3.1326318489412	3.69133259580586	4.66196424714931	4.51009042352379
chr9:38495272-38495773	LumA	1.11013184839233	0.0170418105911058	2.65461673191959	2.24841100661131	2.83726535372172	3.74635858413235	3.75345796768116
chr8:57235869-57236370	LumA	1.11003546445879	0.000390434514153724	2.8212392790898	2.69305181882677	3.28530471113075	3.89398232396591	3.56144208012937
chr1:184639415-184639916	LumA	1.10979454546249	0.00663439378587294	3.45191873394121	3.3475736706928	5.35373310007979	4.8024707583409	4.83210859789171
chr14:65739590-65740091	LumA	1.10944598760005	0.00158011042612204	3.13293479904958	2.50795730592233	4.21391532924574	4.08210305136479	4.4612466434458
chr22:46399513-46400014	LumA	1.10929370934895	4.84923604272056e-06	3.62035915230845	3.40547442138523	3.93526699492609	4.20684901131666	4.41072746760311
chr12:76439643-76440144	LumA	1.10843982143169	0.0113480875625177	2.51856218913585	2.02170968608917	3.89577748459524	3.86881769305627	3.81787148863778
chr12:120047613-120048114	LumA	1.10801821341902	0.00161170967049107	3.0043121280598	2.00953562272022	4.50936359215091	4.15643446016539	4.22171604991883
chr8:82094475-82094976	LumA	1.10792310802476	0.00193743570039645	2.74213268041803	3.1912425800325	2.99721036169323	3.6606691886637	3.58748126749048
chr11:130537873-130538374	LumA	1.10736653131797	0.00563098036335794	2.810791779192	2.18677676309901	4.33380301931935	4.00174613132152	4.15310207234669
chr22:28795884-28796385	LumA	1.10733895348536	0.00019782108479636	4.50275090900383	4.0585392710246	5.78698162852703	5.51840462065435	5.60758373905148
chr13:107742769-107743270	LumA	1.10729174295319	0.000268994995184897	3.36416393127034	2.79272515315952	3.65598933383138	4.50608153297232	3.94825766149661
chr8:27869155-27869656	LumA	1.10682035046291	0.000113185086597498	3.55679676777386	2.93648702022647	4.39518753556004	4.6241800288212	4.46037213738002
chr8:99107387-99107888	LumA	1.10649271212679	0.0090178441303304	2.81946205072746	2.51986334129977	4.20792387740386	3.83436535113277	4.33463791618946
chr5:38670016-38670517	LumA	1.10637951022182	0.000400357606514059	3.33355230072467	3.64526824082005	4.27772369551847	4.46743912860968	4.49208015714668
chr5:34449104-34449605	LumA	1.10635832798367	0.000778771783511977	3.59524239279033	3.25484630137039	5.52862433258958	4.79337339330106	4.91751263191272
chr1:151615901-151616402	LumA	1.10612334648695	3.36892732772595e-05	4.42664196415979	4.99169596015313	5.23438196237258	5.24700171801006	5.31854009452002
chr13:46480112-46480613	LumA	1.10576608708149	0.000376199931906379	2.97747776111651	2.79009173495209	3.56364641576407	4.10940278825785	3.38981697880337
chr8:95070605-95071106	LumA	1.10570913584598	0.00121864968356505	3.35182134771551	3.8302813513856	5.3041328028105	4.42420697173929	4.96227546990299
chr10:96289445-96289946	LumA	1.10480436480129	3.25882625623733e-05	3.66782768414507	3.39483332742001	5.00166238161953	4.76704028246986	4.55968846449569
chr14:82366790-82367291	LumA	1.10472321975344	0.000584340204141764	3.1666442804078	2.64821121593161	4.48305219086654	4.29654078218539	4.47009908077627
chr9:24981032-24981533	LumA	1.10469808291684	0.00539745329610392	2.80621023070577	2.48312054450807	3.43563933559044	3.91803958194458	3.54735960459642
chr8:115662222-115662723	LumA	1.10425105235251	0.00838575452151643	3.49871144894946	5.4978629066834	4.57894267841439	4.98820594221511	4.86738380234474
chr5:15766232-15766733	LumA	1.10420171618795	0.00110862772977265	3.16764869075909	2.73155770274145	4.14639801981092	4.29012975369832	4.75438158279335
chr3:148730684-148731185	LumA	1.10402666274928	0.000179520064269274	3.11503205724993	2.66474010675941	3.22827720077525	3.89079350187264	3.77562919682297
chr1:204149523-204150024	LumA	1.10365365860883	0.00105194379987542	4.9682834754511	5.20856635596161	6.48968481680935	6.14218251365951	6.1444514907943
chr2:230630612-230631113	LumA	1.10363697401214	0.0230516601952328	3.05747118817	2.54269012731309	3.45848323955935	4.17924230069935	4.27269277636281
chr2:100053849-100054350	LumA	1.10360248204524	4.16900467060333e-05	3.42519160847903	2.69878120542968	4.08546140324181	4.5104024430698	4.63127921427834
chr17:56103572-56104073	LumA	1.10342527983533	0.000820966623316204	3.12351869383803	2.52721268829761	5.15365794635595	4.0226719156881	3.98009325565898
chr2:5909909-5910410	LumA	1.1033007843283	0.00150395772950019	2.54980016335394	3.05276695889225	4.26431218694547	3.77772722960283	3.280247893726
chr8:101387654-101388155	LumA	1.10310122727575	0.00222893461701868	3.62811296375433	4.69209469992884	5.81696301944695	4.85560205114788	5.11739985207538
chr10:110916446-110916947	LumA	1.10288252349433	0.00478033878929417	4.78307663720462	4.47746015664583	5.56787354367336	6.10148837357474	6.18616863578967
chr6:100484920-100485421	LumA	1.1028463349685	0.0107864003095582	3.24621190145134	4.2585416990357	4.58603707605178	4.42242357309322	3.87593707816376
chr17:48177773-48178274	LumA	1.10278669545311	6.61659371016231e-05	3.33702121040149	3.15039603219001	4.51963689032547	4.22271572788969	4.25154005825195
chr15:62076825-62077326	LumA	1.10257726623579	2.86875944084994e-06	3.70069721591803	3.32125884870062	4.5697931191681	4.42865202137593	4.20313262149395
chr3:45815847-45816348	LumA	1.10252055815861	1.06471729127586e-05	3.76605219048143	4.45139881043969	4.82561127227632	4.78978979195233	4.80468955245865
chr6:34535181-34535682	LumA	1.10247236190465	0.000232874779221665	4.41627279326352	5.39539945228597	5.87223629288324	5.57309050923805	5.66394248100289
chr10:116141185-116141686	LumA	1.10216097691788	0.0106281342465019	2.99415161883547	2.80557631197681	4.423342099415	4.43168946528428	5.29889931525591
chr19:23536288-23536789	LumA	1.10162034621831	0.00377206181884337	2.76066118290411	2.8767138354125	4.77925135980183	3.94049443452219	3.85764495523897
chr10:110875908-110876409	LumA	1.10142584522994	5.78537663761132e-05	3.93166760067293	4.10617752440941	4.204941980978	4.87435211512498	4.56377354410359
chr8:117127473-117127974	LumA	1.10112271904034	0.00037950331164265	2.72250465370541	2.61665108142609	3.52008420294316	3.69782135675123	3.60688677791958
chr2:64976298-64976799	LumA	1.10100854551822	0.000387876888362687	4.38148945920553	4.06360184526497	6.0351265208891	5.58807949694733	5.73430648273158
chr15:89667875-89668376	LumA	1.10085999815632	4.77719735752593e-11	3.53872394639266	3.51487774642781	3.49110489650087	4.12684842040067	3.6494403952921
chr3:10812168-10812669	LumA	1.10081044803174	0.020750707100656	3.30913374982747	2.61904126599982	5.10120169419968	4.2859694110977	4.19086431269294
chr8:37607727-37608228	LumA	1.10060561486975	2.00712752071285e-06	3.79970782854836	3.32719157362795	3.96905453491055	4.44546057019095	4.50847052871808
chr8:57947858-57948359	LumA	1.09971507079927	0.000111098055332201	3.00167406150101	3.2043189111011	4.2028269992415	3.98730386182756	3.79642656193857
chr7:55773336-55773837	LumA	1.09963378413748	0.00430672518187063	3.5626156893504	4.91427765871223	5.24194177560101	4.59757968058764	4.63094088314993
chr4:4994146-4994647	LumA	1.09946704676965	0.000465933971681707	3.1708435455939	2.538263623981	3.47394088060619	4.292617856178	3.92476910674464
chr8:143786329-143786830	LumA	1.09933102557696	2.35874691478812e-07	3.71219281851184	4.30078830227198	3.98871789685968	4.59915777152491	4.89969888928359
chr8:99877229-99877730	LumA	1.09901139768757	6.77299539299735e-06	3.0442753741237	3.08587465061632	3.18289801869748	3.76019328545225	3.97937179473443
chr18:36113224-36113725	LumA	1.0987344329025	0.000149178628101975	3.16596376935619	3.07493709252551	3.50166829323836	4.34109825626496	4.43880144614991
chr8:126623525-126624026	LumA	1.09860493135579	0.000332485429219492	3.35093899374014	3.44112385271617	4.98621287653203	4.35140595975139	4.46229724757013
chr1:46901649-46902150	LumA	1.09860330734633	0.00124413646050798	3.00409012878528	2.74076838524073	4.78420625715056	4.17612127226938	4.52239116267429
chr11:70805281-70805782	LumA	1.09849062187014	0.00358993739561597	3.28988602583874	3.36922167700654	3.60920380502929	4.50244883052742	4.67688945889498
chr1:211539009-211539510	LumA	1.09833659898802	0.000196449777084116	3.98625611853611	4.20093943555861	5.06010172173277	5.10514980326296	5.07695068363492
chr3:89698182-89698683	LumA	1.09830569924395	0.000406576440264142	3.43212895178299	2.82869755139145	4.97441205666476	4.669146192566	4.52732656817599
chr8:18314981-18315482	LumA	1.09825372221683	0.0142563810835477	3.02017179671544	2.14403364879232	3.28085893527784	4.33267143707153	4.42269031041836
chr19:45068170-45068671	LumA	1.09817184323138	1.57581292434958e-06	4.61166473899996	5.63944819444306	6.05688398113973	5.6628377166526	5.51743091973283
chr1:211392042-211392543	LumA	1.09815369201325	0.00441080325413746	3.09397229017177	2.78153090987008	3.84464463749341	4.15682567839553	4.51877759553059
chr15:69466968-69467469	LumA	1.09799690194505	0.000169349299097902	4.52939808513542	3.72603484629322	5.42708123327683	5.45112062705877	5.51825453041374
chr5:123340243-123340744	LumA	1.09792609205888	0.000295702155097443	2.6819865076338	2.13861828754977	3.98925281871089	3.78002619788734	3.91965011653399
chr8:117098291-117098792	LumA	1.09788191649846	0.000321903837121864	3.04512422046022	2.89846541819789	3.91293401515788	4.14933249151997	4.33065812669553
chr8:134444486-134444987	LumA	1.09736863234419	0.00130650628189534	2.91942153419152	2.56683363701617	3.61403695041338	3.90548783245066	3.67707878405108
chr1:176813437-176813938	LumA	1.09721090562616	0.0421365361622965	2.38901489303869	1.92381568697833	3.23865771941702	3.58290741156406	3.4190954665635
chr6:51468642-51469143	LumA	1.0969443625099	9.20396949733117e-05	2.86819217811297	2.9827059391404	4.05313011017014	3.90422462555323	3.65134417517707
chr16:85608406-85608907	LumA	1.09692214989588	1.4119571601893e-06	4.96823108865019	5.15838239970679	5.41934764486792	5.76676686679087	5.73756007445063
chr17:41524875-41525376	LumA	1.09675315730943	0.0185902939341741	5.11970579650843	5.67444873217921	6.45090075407011	6.48877448489443	6.80030373326698
chr8:128136334-128136835	LumA	1.09634527262909	9.40719060731542e-05	3.32344542172552	3.19438284763498	3.63144306042166	4.3682353123843	4.45325539386497
chr13:87744703-87745204	LumA	1.09604612792055	0.000999226087368167	2.68370260160744	2.40644464815127	4.17709707415799	3.77519929280576	3.38515497543015
chr1:153630994-153631495	LumA	1.0959518939547	0.000434728688271123	5.00939751057867	6.34834515825249	6.54883819041145	6.09184688441556	5.95174028965758
chr17:58639219-58639720	LumA	1.09593607437024	0.0001632932826036	3.27611806034266	2.83621548550153	3.52297803007953	4.09019529864995	4.87673626680417
chr17:8323962-8324463	LumA	1.09566944683579	0.000118251639303868	2.97747311517676	2.95362012323942	3.63585355490214	4.14432138832701	3.89773102196928
chr12:26792454-26792955	LumA	1.09560804918336	0.000925632624755039	3.73688637444893	3.4847694686388	5.12203016308737	4.8005653368735	4.80111692982633
chr16:3139401-3139902	LumA	1.09551889380463	0.000157695645741212	4.47747013653217	6.0615811694189	5.25463278279592	5.59009466770567	5.58941501575302
chr13:29858150-29858651	LumA	1.09520923514128	0.000208129569129517	3.37878293906848	3.00174505576865	4.50321378046813	4.49924028435273	3.94992854204716
chr10:38170857-38171358	LumA	1.09518538203595	0.00350271146147256	2.74770017285742	2.56040576718899	2.52859541686194	3.39805102054716	2.95121439497153
chr20:57065563-57066064	LumA	1.09496977888786	0.000361413666671362	3.48908753675531	4.21067152713037	4.72710651608919	4.48262304146012	4.08649701861873
chr19:45070458-45070959	LumA	1.09465200626241	6.08303798074578e-09	4.43968498314637	5.17736147047963	5.38543605330196	5.45977612212272	5.34461988671609
chr21:42571651-42572152	LumA	1.09430760061333	0.000145669498504254	4.08284252009396	3.88669640257635	4.98742436182094	5.14308025737198	5.09147050693594
chr5:149546331-149546832	LumA	1.09396843021213	5.99856520463405e-06	4.3882415931322	4.75103868390255	5.40829350263818	5.43697805286672	5.37960878986822
chr7:16881223-16881724	LumA	1.09379503652679	0.0157290120741419	3.67267073672831	3.43616213992421	4.0259019803005	5.06932273393397	5.06851262541181
chr17:65901478-65901979	LumA	1.09373791807477	0.00409346377552447	2.5784880086621	1.95228523238711	3.32188094561476	3.81049090760352	3.87363021864011
chr3:50608285-50608786	LumA	1.09372694058838	2.16179805525407e-07	4.77531910548912	5.10366632058728	5.55966810423023	5.76464733679437	5.63713162801449
chr17:54977711-54978212	LumA	1.0937182029405	0.00960069917885817	3.24200851471044	2.5672767769666	4.77960253760413	4.2334834150734	4.88635251710981
chr20:2774802-2775303	LumA	1.09371055884604	0.000339488747147182	2.8471675509308	2.98346536324514	4.43169184171742	4.06656029906088	4.33103476352573
chr9:125999067-125999568	LumA	1.09368726056487	0.00159184044905027	2.96556707409452	2.89687714165687	3.89686303168341	4.09669510601363	3.84541038067676
chr1:109879305-109879806	LumA	1.09348449850586	5.80177722737743e-07	3.54007308342811	3.83045785063767	3.72199208284161	4.56728703381733	4.52893272803485
chr4:137563619-137564120	LumA	1.09336383198898	0.00141622045325719	2.78345143143676	2.28460544508492	3.48840713102525	3.95573191968574	4.19551416290407
chr10:43081211-43081712	LumA	1.09318809964952	0.00395321527792616	3.66981949853809	3.78703686835017	4.70362783997345	4.60940620057443	4.44335461174001
chr9:112716835-112717336	LumA	1.09263758841783	1.70879452795362e-05	4.70165193073722	4.66138828052313	6.28515302073696	5.77329037917568	6.00268678612065
chr8:113307533-113308034	LumA	1.09262137186342	0.00375055835906046	2.68032416067366	2.60679400578895	3.30806976086527	3.76209354918291	4.33090176068306
chr1:225649248-225649749	LumA	1.09227927187265	3.74848839148917e-05	4.0220438172644	4.68695044065405	4.75505208564428	5.00053314698623	4.7548254187307
chr14:50242381-50242882	LumA	1.09221892703705	0.00220683034945627	3.05957907576144	3.14988034944564	4.83481490267732	4.22211973063817	4.32559653063569
chr1:40026039-40026540	LumA	1.09216030831873	6.57175255655401e-06	3.66014264009023	3.50989351250554	5.29794429226561	4.63931741219689	4.53497653753449
chr9:3614550-3615051	LumA	1.09209222343783	0.0051585102311149	2.65283751038935	2.48198934449543	3.32588657795555	3.5541554827785	3.53346197216798
chr1:233735312-233735813	LumA	1.09207374499348	0.000923302809342986	3.0475136721479	3.04943234886638	3.8674402124504	4.2792445885329	3.96137450331841
chr10:131346428-131346929	LumA	1.09206411884337	0.00719935693311249	2.50628360055684	1.78805790538132	2.97120971905782	3.46857507753792	3.20882275158074
chr8:76924937-76925438	LumA	1.09205855740394	0.000435441992869049	3.13715950066646	3.0216500357782	4.14680174784336	3.84402934591244	4.12810058180438
chr10:24252263-24252764	LumA	1.09187737818279	0.0018371846983905	3.93426399587259	5.41357005935851	5.81060841397709	5.17925206252313	5.12852363866539
chr8:37893295-37893796	LumA	1.09123528451248	5.48581089564175e-05	4.45180340353671	3.99269589489331	4.70010858232872	5.1448769305507	4.83597181303745
chr8:86174500-86175001	LumA	1.0909174493601	3.36384654777278e-05	3.15677229639	2.93260777342512	3.48805561332464	4.15765255772631	3.92683807197749
chr4:14092711-14093212	LumA	1.09074245949445	0.00397517930725782	2.81059639366638	2.05058201620503	3.18592352697072	4.12642812298207	3.70929290129343
chr11:35930419-35930920	LumA	1.0906478028071	0.000162736353387564	3.04085362168704	3.17194911506007	3.75455017517368	4.03608841726952	4.31059273321568
chr7:92936478-92936979	LumA	1.0905197705138	0.00290929028350667	2.67446953008117	2.45991534347503	3.90161764987094	3.84217165748475	3.71121142601214
chr8:125553917-125554418	LumA	1.09034968772946	1.46071726217705e-05	3.51166179319252	3.66137031486015	3.88470243624621	4.5541867931085	4.12222426826121
chr19:38291905-38292406	LumA	1.0901930504526	0.00120163997669564	4.06052872724015	5.8145373210571	5.59832985610139	5.13669621475662	5.00210830122991
chr7:112260879-112261380	LumA	1.08988478126623	0.000786228142523101	3.21480973765895	2.50606315050198	4.1729104269542	4.33259709920768	4.52596971766514
chr4:94937566-94938067	LumA	1.08950984097354	0.00151153742887522	2.99188901281103	2.53785555901353	3.03678689435155	3.6954343500947	3.56083638599494
chr3:38088118-38088619	LumA	1.08929996063099	0.00327782192789766	3.11043911644387	4.34842705470352	5.32306092054965	4.08751767525149	4.08887198794498
chr4:95064712-95065213	LumA	1.08901343508346	0.00165496148021156	2.73134975279845	2.26665802237437	2.48607351667501	3.24115187421245	3.5499523228505
chr12:115867787-115868288	LumA	1.08868121797399	0.00035709500698848	3.98393454455111	3.74311149830238	5.26250479354296	5.07483069050433	5.11016735983645
chr7:106040360-106040861	LumA	1.08795601947127	9.64438616749155e-08	3.92721494636454	3.99162906429427	4.84218106735993	4.48132553038411	4.45006092607599
chr8:133293359-133293860	LumA	1.08790943711583	0.00388441055919277	5.62800727332483	6.11443277006453	7.46536072459661	6.74896830199818	7.25521481073519
chr8:37998943-37999444	LumA	1.0876698359435	3.88499271143061e-06	3.14583898112846	2.66745784740196	3.26730620965441	3.56004045254659	3.40410977415336
chr18:63228116-63228617	LumA	1.08761519421368	7.71843973481373e-06	3.62422674695754	3.4186247708559	3.4140875403896	4.70736412666644	4.91726364163842
chr8:17501551-17502052	LumA	1.08733766061623	0.000478100278207009	3.11099532627076	2.47344712741811	3.06503658736905	3.96187212555156	3.91139255717924
chr2:177915140-177915641	LumA	1.0872929675104	0.000444156659650852	3.00228459125514	2.75619570159266	3.27488686877023	3.80473363196653	3.17196401491421
chr8:38560802-38561303	LumA	1.08677357302365	1.57581292434958e-06	3.45845421841356	3.34749877667972	3.12585522066713	3.96511686387248	3.51129032325827
chr19:38055246-38055747	LumA	1.08666842972697	1.17309705683796e-05	4.28015169030681	4.73892756388624	5.3205321618856	5.33133464955049	5.17629350041097
chr8:128149041-128149542	LumA	1.08627829725554	0.000497332019540353	3.28171041088572	3.31198853766831	3.85320202888743	4.18315567538323	4.54856802137887
chr8:37919381-37919882	LumA	1.08616543779578	1.01998264912415e-06	3.27974396161671	2.89513944348993	3.40364832479788	3.63263492854254	3.65401029236853
chr4:48853062-48853563	LumA	1.08599668815137	7.17697678542369e-05	3.11857710316687	2.75212288496373	3.40322809542603	4.11349168213288	4.35790954684647
chr2:7791200-7791701	LumA	1.08591714048994	0.00279595941126346	3.23239545483189	4.86374151919004	4.86639576856869	4.44480769876354	4.510941417339
chr5:122419079-122419580	LumA	1.08582965981274	1.61713204918318e-05	3.48154420440211	2.7048018443832	4.02793538088637	4.36801015478912	4.02567197397506
chr5:80471111-80471612	LumA	1.0857174997578	0.0117454944223766	3.34070812851905	3.39848109912923	5.43229291601614	4.58344989796492	4.96781751963315
chr21:39449632-39450133	LumA	1.08570587584605	9.86971921901617e-06	3.73951577964133	3.94698169926793	4.6935272303366	4.82001312285119	5.13862077410374
chr7:91416391-91416892	LumA	1.08563202260268	0.00334357011135794	2.92462058778225	2.45117373699924	5.00333034048931	4.05986551605968	4.07040305063666
chr1:11794338-11794839	LumA	1.08560152362441	7.07433165319171e-06	4.19177281280319	4.02414409944326	4.88872672222734	5.19457276874521	4.79442651754895
chr4:41129851-41130352	LumA	1.08553238690695	0.000931530425882349	3.52911195655407	2.84258806835154	4.74831503911192	4.77797756854869	4.92295282684142
chr15:39582287-39582788	LumA	1.0850918728086	0.000478097082039429	4.95499226157833	4.86212438051422	5.55257577070326	6.10847972941651	6.45229674799561
chr17:28922962-28923463	LumA	1.08498784011555	3.72878597122362e-05	3.59863018306947	3.38179234100159	4.51606441441969	4.60931401312727	4.65658813685057
chr12:46258515-46259016	LumA	1.08485437259242	0.000183278786471036	3.75929277153594	3.52379980378655	5.58157966354288	4.79358040057195	5.20633590424304
chr2:4283701-4284202	LumA	1.08485158072181	0.000270322202642099	2.87943602123639	2.8018220526136	2.38444982695583	3.36928203962799	2.90648777188821
chr1:151580812-151581313	LumA	1.08468895381861	3.19673386781553e-05	3.96727396448198	4.32589643305897	4.73451100316006	4.83981870989942	4.85113907063821
chr12:64878597-64879098	LumA	1.08466239071908	0.00556104355411211	3.26404488843221	2.36805174862945	4.90325141512516	4.4217711871959	4.80304814557273
chr12:78663062-78663563	LumA	1.08456700567321	0.000536208608820656	2.97605015929826	2.29052220374313	4.15920595613559	3.77304509235016	3.7851080647226
chr8:128139105-128139606	LumA	1.08448412023219	0.000370367329884307	3.44889654951582	3.43302969253055	4.02215629779785	4.52297089772587	4.75530389580669
chr15:52654342-52654843	LumA	1.08430518715945	7.58086511806039e-05	3.37142205520417	2.52227136892163	4.22513431549902	4.40564259416372	4.25664912657894
chr9:38197570-38198071	LumA	1.08425135731259	6.15009372713751e-05	3.50350052281441	4.79903960606218	5.06430303928608	4.73210187798046	4.31060356273553
chr13:46213629-46214130	LumA	1.08416805528107	0.00952852903215682	3.37879803839035	3.12578932368943	4.22026816674357	4.52288285660048	4.55591871776243
chr9:34406400-34406901	LumA	1.08410000757172	0.00013989742513092	3.30917627180424	3.34844213037916	4.64886007913001	4.30647682791582	4.49240002381269
chr8:56315796-56316297	LumA	1.08395137508733	0.00278682122867907	3.62517727017986	3.30302861862485	5.67013490094549	4.97151095398917	4.28476442107307
chr2:43889307-43889808	LumA	1.0838546380523	0.000288267544250917	3.1871416242179	3.13698648465074	4.67782559028552	4.11790175404603	4.48899859741459
chr15:38591960-38592461	LumA	1.08375030706531	0.000601167634404972	2.90971166334663	2.77145929922388	2.85924093527535	3.87299824734352	4.32039696594317
chr9:113494285-113494786	LumA	1.08365624566223	0.000263127610131039	3.45001906097849	3.0757354347879	4.16824816305167	4.5727460658535	4.71184505315379
chr17:41524299-41524800	LumA	1.08284580281923	0.0160175275765819	5.18199802000622	5.7936459366787	6.46322019904482	6.56612854483206	6.82068706445006
chr21:36508352-36508853	LumA	1.08267803426631	0.00337415577202721	3.96468107803039	4.46878012273035	5.47404269399417	5.27397325572812	5.45408870629107
chr3:179462927-179463428	LumA	1.08246854466718	0.00663076067140268	3.39940813408237	4.21095405981231	5.0939408235951	4.69818660303937	4.9334665193625
chr4:2458476-2458977	LumA	1.08242258764424	4.90418551393246e-06	4.35481725512524	4.37050920741517	5.0097816635575	5.36669829586796	5.02061223320647
chr8:41581835-41582336	LumA	1.08238177683299	1.85472334209953e-06	3.26360021147536	3.16230805376727	3.19225075194622	3.80224264576592	3.3888738898424
chr2:113737010-113737511	LumA	1.08213575172904	1.39192101210473e-08	3.53288424066577	3.08122760210966	3.94460629825141	4.12459530074788	3.86499106337165
chr12:103651729-103652230	LumA	1.08211804205601	0.00015755454479683	2.83221651288911	2.26397356047457	3.75196308854783	3.83178596404125	3.60087458272973
chr2:219501349-219501850	LumA	1.08210912505705	6.51586626799582e-08	3.97194827421442	3.80768997147775	4.37307087852997	4.46660562778178	4.10600989438592
chr16:15673763-15674264	LumA	1.08194788059161	0.00123636403985326	4.47121448029944	5.38253023414882	5.79289172559118	5.5438052040557	5.74797988498312
chr8:37618144-37618645	LumA	1.08191291475844	6.04300361390671e-05	3.41675937233773	2.93735041324097	3.50245946613258	4.0239327283255	4.13351484720952
chr8:115564909-115565410	LumA	1.08180428970504	0.00117896764985934	3.93128402926634	5.54458452791281	5.12356304620836	5.08496700875371	5.10400293420897
chr5:13928388-13928889	LumA	1.08178343246354	0.000181107467684584	2.74914437162895	2.36887094231097	2.86872183944494	3.63576179948358	3.76668727807782
chr17:40583778-40584279	LumA	1.0817703328907	0.000762506846340645	2.84642776387062	2.77270329992495	3.51096930291052	4.0036178299568	4.00594528519539
chr6:10416071-10416572	LumA	1.08161799510602	0.0095604369456948	4.14923149504555	6.62410150429835	6.2717854048597	5.53826109425154	5.62754693913036
chr15:45675518-45676019	LumA	1.08159344983479	2.98024457563056e-07	3.39794576496429	3.27856666318772	4.1605226834781	4.26370780608236	4.32777734889986
chr1:148431636-148432137	LumA	1.08138969213917	0.000153134472829517	3.71559235596041	5.02119361729964	4.73836660047824	4.63778977271555	4.06210586707823
chr8:124739612-124740113	LumA	1.08129227103319	0.00341605997077539	3.60362718582753	3.55285638517986	5.50696633772054	4.82374808094195	5.28303989739117
chr3:27464600-27465101	LumA	1.08126774703143	0.00378283525402211	3.15780518066597	3.07398348668105	2.98373559117436	4.14910138598578	3.54845620418182
chr3:4624853-4625354	LumA	1.08123767056113	0.00154669316813563	2.84329707644369	2.41880303733292	3.11678685423824	3.91574495669434	4.25064723226382
chr8:138277429-138277930	LumA	1.08100130600279	0.00161097285792609	3.44693531752501	3.02035694366843	3.43785371223677	4.0523146022838	4.29938151833308
chr1:43038308-43038809	LumA	1.08092932682806	0.000782803699329729	3.08444323754939	3.05356877204602	4.2909722991783	4.1998689780167	4.25936012368414
chr2:131543926-131544427	LumA	1.08068108547855	0.00398780289322435	3.59128625635154	3.11471092590764	4.73270705425155	4.88383447519082	5.55033395472156
chr8:69024992-69025493	LumA	1.08052199406099	0.00504321108211515	2.88101705160637	4.26410410460916	3.74114876797257	4.09810594181278	4.14441372965188
chr3:196918941-196919442	LumA	1.08002318096262	0.000211091708926586	3.37524748134069	3.30136294945672	4.62337490079756	4.48763421572773	4.69944169597194
chr8:41533083-41533584	LumA	1.07980438815005	2.73382352329215e-08	3.66899887696508	3.76798828799974	3.81962849771637	4.04245115087809	3.89290306529608
chr8:127953702-127954203	LumA	1.07979672314249	0.000268579411977298	3.59200699089223	4.66571931217855	4.19577104216978	4.70668922573558	4.82540428195499
chr2:133566158-133566659	LumA	1.07969272720988	0.0051778273311576	3.96644597404772	3.78499081617979	5.08697351709724	5.04018687385309	5.31440868729467
chr8:101434982-101435483	LumA	1.07966036228976	0.00636250251045891	3.72321934694624	4.29617421885189	5.27560010402408	4.82600626688183	5.26219852196063
chr3:97257880-97258381	LumA	1.07888080165403	0.0102903219810949	3.38285442614713	2.98375314195692	5.93675662272289	4.66593853756062	5.22812614126506
chr11:34671030-34671531	LumA	1.07880347336026	0.0101350596074461	3.20334613977371	3.32503983540467	4.27708034719298	4.3440848988185	4.39816381099959
chr6:151495516-151496017	LumA	1.07855121572956	0.00032970072705129	3.76223884756587	3.46100646965187	3.83279504944224	4.78930035981806	4.50303914387392
chr15:101248204-101248705	LumA	1.07818440078428	0.000154399265517993	4.08091853065932	4.83602026761227	5.6023024737856	5.26500612925145	5.44727961364117
chr8:129964206-129964707	LumA	1.07758704962617	7.13133570744085e-05	3.49453414228742	3.96054010375172	3.9514649285044	4.46118972457532	4.5533207583981
chr17:50431194-50431695	LumA	1.07753602476811	0.00909280265449144	4.39339599745948	4.68087939084976	6.83053726286839	5.63076995392864	5.83111264957643
chr14:76531639-76532140	LumA	1.07741623704513	0.0168865699491533	2.86536217879651	2.40832598105449	3.4039612513421	4.13647802766902	3.91852166357593
chr6:30780002-30780503	LumA	1.0773169087325	9.87610638196549e-07	4.9403660170587	4.9794442367881	6.13851649556917	5.95478992419529	5.68143649098188
chr1:26174297-26174798	LumA	1.07708269760816	0.000865969520863345	3.8737762906741	4.83736798506934	4.15781230914681	4.93149241662819	4.68101422769575
chr4:77155745-77156246	LumA	1.07699820007631	7.26535013829103e-05	5.70265608677521	6.31838576127741	6.6764923774262	6.78680823502392	6.69151591740639
chr10:58300609-58301110	LumA	1.07695019120683	0.00154468161431577	3.28877241392294	3.03355576177051	3.6357985024881	3.98479565157674	3.84951299025312
chr9:134089958-134090459	LumA	1.07677304282874	8.81313155802746e-05	3.49799117359348	3.51164334608306	5.12535096988322	4.53913387551082	4.6456782504954
chr14:36683852-36684353	LumA	1.07660927088654	0.0098688113632563	2.65961729823045	2.76753017479485	4.95550650857622	3.90331695286636	4.14536153415276
chr8:37789975-37790476	LumA	1.0764910147145	7.62033969203397e-07	3.55341584043504	3.12102274203261	3.39366401026765	4.0127026608703	3.73951021469883
chr12:3215942-3216443	LumA	1.07647460007376	7.05907342343878e-05	4.30892090291336	4.6032926256448	5.99241131905777	5.51160522183474	5.45527996392506
chr8:73447178-73447679	LumA	1.07638675731133	0.000138875458826373	2.91810121785379	3.19658639033172	3.82069314105125	3.67522286913472	3.86011503692099
chr20:59902357-59902858	LumA	1.07626765505374	0.00222760898696875	2.9835604971207	3.00019036530781	4.7291332095897	3.37917552948208	3.77738908886208
chr1:173805851-173806352	LumA	1.07624437803269	3.49453377359239e-06	2.72716898592082	2.84394444153974	3.03524426184486	3.74112113086877	3.64215032599638
chr15:71072349-71072850	LumA	1.07620268185573	0.0379700788173526	2.85459186113555	2.6582344214038	4.92420052832071	4.16067968738596	5.41200227122477
chr3:62010976-62011477	LumA	1.0761976230855	2.67925098906077e-05	3.17687255002025	2.54369623806799	4.03429725478166	4.17186264072975	3.90746646248812
chr20:53795192-53795693	LumA	1.07613032156868	1.02774820443112e-06	3.73026279075701	4.34974975628019	4.4402489576037	4.43882064288293	4.19809544921101
chr20:47794689-47795190	LumA	1.07595961075698	0.00108168359964055	4.33250670131576	5.40566525847257	5.98198346726632	5.53510690099243	5.22887717039863
chr8:116654803-116655304	LumA	1.07559108615417	0.000191942593105008	3.49762604901131	3.73772211287909	4.2809956030582	4.23610065084764	4.38594756545661
chr2:237485766-237486267	LumA	1.07499553784747	0.00402955157277786	4.52523684797491	3.75429950491817	5.98488024830557	5.71638798190184	5.84862751160749
chr11:62247652-62248153	LumA	1.07496715055878	0.000657025802394374	2.71358406987707	2.49058274186461	3.66051458522531	3.65572447857574	3.53166561571968
chr4:95085361-95085862	LumA	1.07471045989109	0.00901599383049288	3.4267300966825	2.37421596675441	3.82088572805644	4.12832619001067	4.34546964078833
chr14:67630144-67630645	LumA	1.07468924875783	0.00118190083518485	3.41644219066942	3.6764572252184	3.72034689951538	4.56061314694562	4.15141857633741
chr8:38459961-38460462	LumA	1.07461421111666	9.86685164526953e-06	3.44912189648831	3.55174778681608	3.16332197245153	4.06184739658119	3.38526123978056
chr17:41525521-41526022	LumA	1.0745119072292	0.0412371258714416	5.01149058816006	5.56914372428583	6.62075446526758	6.49539195325878	6.88452809224796
chr20:23433782-23434283	LumA	1.07448312301383	0.0124912468679209	3.11099935662861	2.28388092767775	3.82115499207626	4.27561247757239	4.63372420343854
chr15:89667284-89667785	LumA	1.07446539673275	3.76947771669324e-11	4.07284344251113	4.09966798242492	3.97741154502445	4.63961680724611	4.29298725738962
chr9:69293123-69293624	LumA	1.0744306161079	0.00182259558536252	2.78458932126878	3.18456486346053	2.73849479992893	3.81854304030189	3.58471234278588
chr8:37607216-37607717	LumA	1.07416503027789	3.20644154858992e-05	3.51358636263255	3.07900823329419	3.63474183066525	4.1642329213294	4.3377457434749
chr20:47976923-47977424	LumA	1.07413383100554	4.95641682724139e-06	3.45712709605068	3.00770450164296	3.91621882903151	4.22755799715416	4.08297197826492
chr7:40710686-40711187	LumA	1.07412072873819	8.62719765398795e-05	3.07476791054499	2.54403692078506	2.91991618399309	4.17269219591357	4.01020226044089
chr2:236692347-236692848	LumA	1.0740459228534	0.00417540178265457	3.04996849806233	2.39054304876999	4.18046087219333	4.41429511082042	4.75849787399706
chr8:38503957-38504458	LumA	1.07403384624181	0.000502206026845115	3.7024454696883	3.37558102975298	3.43677486688329	4.26839596813595	3.85703852305142
chr2:99777982-99778483	LumA	1.07385265397966	0.00018081452838845	3.1535062498855	2.90273881446271	3.48856666428016	4.1387959160561	4.22478700029015
chr8:121270960-121271461	LumA	1.07374870984789	8.8926824620171e-05	2.79879363125433	2.7035066301157	3.17914355326048	3.80184586309213	3.83692443269943
chr16:56367295-56367796	LumA	1.07334828548837	9.6338571562869e-05	3.64402345954033	3.35184992550493	4.35384224301731	4.60146812377781	4.70469180945401
chr3:50609675-50610176	LumA	1.07296815800059	3.42379798194965e-08	4.96045990262156	5.11173151298713	5.53598289347581	5.86885698546785	5.55846357969805
chr6:4937800-4938301	LumA	1.07238344207916	0.00282546479178234	3.47293102777238	3.44643268807831	5.72420276810396	4.53958158296249	4.74222911320302
chr10:125524424-125524925	LumA	1.07217025214311	0.0155505894126766	2.68485658265164	3.58396090010659	4.34812349889945	3.91196875897022	3.72672064898858
chr14:70138548-70139049	LumA	1.07216225238014	0.00124880436929032	2.68880133259614	2.27685411913638	2.67114223634185	3.49041133343604	3.40335900361548
chr12:77077381-77077882	LumA	1.07214364056988	0.000203186852494757	2.98107647158285	2.33089058074736	3.05849107863668	3.87707448867187	3.51973573814178
chr11:101438087-101438588	LumA	1.07180376372997	0.000508460705585687	3.19033537331532	3.21149050735129	3.43794508563531	4.27567209959538	4.15372610732653
chr10:1429381-1429882	LumA	1.07163621153746	0.0105974105169083	2.82986496345131	2.41964111051521	4.43957987916571	4.01319429530451	4.34577224686342
chr1:212722532-212723033	LumA	1.07116689480202	0.000451241963160985	3.71255624417528	3.94243612101207	4.44125645283146	4.68822199243983	4.1788089964907
chr16:19429823-19430324	LumA	1.07031224869122	0.0157308412479761	3.96880638379102	3.31583331296975	5.28344763543247	5.20718661743358	5.03637620507668
chr10:37942194-37942695	LumA	1.06985728782469	0.000253768692045174	3.34979454248917	3.30604586340862	4.32667334662175	4.3650352911786	4.36455705786513
chr1:203308203-203308704	LumA	1.06966560690127	0.000314416444843437	5.82373853618892	5.49640437543139	5.59227646009781	6.58454173546877	6.22459022685989
chr1:206689779-206690280	LumA	1.0694440149239	8.97078907480871e-07	4.53171590537717	5.02252722132223	5.09579558121143	5.47399789830155	5.54106648566813
chr1:211330410-211330911	LumA	1.06925990629431	0.000115350367903665	4.36472877460928	4.56053834171889	5.58423301602595	5.44708455696142	5.54489861332882
chr14:91832770-91833271	LumA	1.06896471079308	0.00139270216930013	3.57823031950352	3.99643729495168	4.91360204624798	4.65165649470663	4.24759349607831
chr4:18367812-18368313	LumA	1.06895954883253	3.02222557854243e-05	2.73001208985946	1.73642884247496	2.5419215853959	3.33246788803729	3.24598644470204
chr12:14255523-14256024	LumA	1.06857363686245	0.00413840552677291	4.6117058492199	4.42688238530864	6.42113012086819	5.82561646100859	6.12131239932578
chr18:39435145-39435646	LumA	1.06851250181289	0.00944681942464115	2.88135745903629	2.74876278385927	3.74761238805872	4.06770442012447	4.04515923992444
chr10:79449644-79450145	LumA	1.06822677032605	0.00641063344155751	4.63611963407316	4.52708428959378	6.79806515986152	6.08176886272481	5.91084874791857
chr4:95162816-95163317	LumA	1.06779589315057	0.00139386342134821	3.22057577598798	2.73068860617692	3.04073135067612	3.95818879967986	4.06016481970126
chr2:220834450-220834951	LumA	1.0677783667997	0.0202665384397382	2.8204008150699	2.35594098837364	3.45275095786041	4.18389856379057	3.68884191623715
chr8:38464412-38464913	LumA	1.0676354748703	0.000493065092245778	3.3415383607414	3.16901608004056	3.21709150734645	4.05847992795132	3.30132654604191
chr15:70309352-70309853	LumA	1.06753071175354	0.00011083432758533	3.11768454844023	2.92350972932167	3.5811716559522	3.95344504008972	3.81047191171969
chr14:69333810-69334311	LumA	1.06748010588851	0.000303789986174102	3.63100870799023	4.08645851500408	4.92647264986393	4.61432907126505	4.95355334474119
chr10:127349682-127350183	LumA	1.06743367561485	1.20431792470359e-05	3.2680879095528	2.85584513877373	3.46735672718211	3.99346510456517	4.06235194242269
chr1:41437060-41437561	LumA	1.06714621262052	0.00261029709734871	3.69943043137096	4.15182301476047	5.09960653468494	4.795002953499	4.59571257768581
chr1:179078037-179078538	LumA	1.06675118878457	1.50159369155812e-07	4.00234406944218	4.32749690812571	4.76078585849404	4.87798710492153	4.75495395687468
chr1:151718600-151719101	LumA	1.06659883409657	8.15055479100804e-05	3.78850928910896	3.8421397677204	4.70340022004254	4.89372687646833	5.01683404602445
chr3:127520398-127520899	LumA	1.06648136967122	0.000217195855474084	3.07558890572171	2.73700818021627	4.32621668101508	4.06737454095471	3.73959137336561
chr10:132093118-132093619	LumA	1.06645157317102	0.00384657243080502	3.25797700005843	2.7576678135707	3.57582540258613	3.94075241480584	3.49134265360582
chr15:99139915-99140416	LumA	1.06643767808615	2.94721523115688e-05	2.91963634797862	3.31985432361557	2.87032650391168	3.50197763462864	3.12974605025194
chr10:124104001-124104502	LumA	1.06633879530166	0.000291405106613026	4.17660638622008	4.15738820468057	6.19867569141604	5.33069598655858	5.49744622125242
chr8:37601345-37601846	LumA	1.06620554916205	0.00316250785627686	3.86064626744376	3.34085790682829	3.87721331488957	4.44488976853664	4.67229918897743
chr3:35288560-35289061	LumA	1.06605798429583	0.00644966075005367	2.84867137333033	2.24062118733345	3.26904562514177	3.84613745257798	3.78714410266549
chr1:224312023-224312524	LumA	1.06548405979624	0.0223345511717599	2.85925351597293	2.60795278000952	4.57497835274021	3.94694850013741	4.82969575805074
chr1:225703867-225704368	LumA	1.06545548499069	3.09602826729463e-05	3.22452332144556	3.85592353619787	4.4167915368956	4.26099749805198	4.40460797418009
chr8:74704710-74705211	LumA	1.06509548944253	0.000602061972937038	2.86672528134691	2.98626804750227	2.65341135925814	3.99748493546669	3.6127887832012
chr8:38725955-38726456	LumA	1.06505023810048	4.3273701110871e-07	3.1808994802846	2.83797006562833	3.17647899803626	3.81013355634577	3.4181049870953
chr5:58078743-58079244	LumA	1.06458954231459	0.000589570934455469	3.1028723211044	2.50505447952996	4.27796715798824	4.20878990615387	4.16884381841816
chr6:119491028-119491529	LumA	1.06446952700635	0.00505116861476466	2.86104105802154	2.43915886006955	5.23993974620205	3.95987378802203	3.7043672479497
chr1:221619709-221620210	LumA	1.06430840876894	0.00358933488976016	2.94296322089807	3.21194863728723	4.44667477009379	3.97941640751268	3.83253806623884
chr21:38262203-38262704	LumA	1.06419817430942	0.00531513981853282	3.58691111250042	2.80613804729813	4.45323079446617	4.50548964626384	4.47413872489976
chr22:44723745-44724246	LumA	1.06391934274066	5.84524619887589e-06	3.89976070789842	3.58739926097007	5.04178329700502	4.68313121227761	4.77921165746598
chr17:30224486-30224987	LumA	1.06362042723222	0.00571211423660375	3.17064405397485	3.69479010739673	4.93756362259522	4.02702406852353	3.84290408762735
chr3:8801576-8802077	LumA	1.0635764501211	0.0173129560064585	2.43053404458556	1.87978558393136	4.01355206752	3.64688092292516	3.83592096259749
chr1:164594782-164595283	LumA	1.06345926528883	1.31480691195876e-05	3.69654348509617	3.96947497944442	4.67915788542261	4.64503872750054	4.79897836420286
chr11:75791861-75792362	LumA	1.06339091767158	0.000382596430751376	3.54294463683901	4.00145769200108	4.47349816804164	4.60278301826494	4.40829833477773
chr4:8426951-8427452	LumA	1.06327639577484	9.0229144425629e-06	4.68341749172926	5.20117811311661	5.69597362296361	5.76045549627913	5.8026306716473
chr2:186690078-186690579	LumA	1.0631706478254	0.000917711563502555	3.10635245489971	2.67596186414661	3.86295781645378	4.20289418006097	4.12915104484563
chr6:34005818-34006319	LumA	1.06293564189322	0.00190956592318105	3.42376287819864	3.59233678812425	4.92683519639772	4.69589018626522	4.43792478477007
chr6:122394618-122395119	LumA	1.06292983584554	0.000585707176905498	3.26737888478082	3.39744624956242	5.04460027090781	3.98761493269435	3.46155791640274
chr19:31571520-31572021	LumA	1.06284517012242	0.00964277621929999	2.94859816759793	2.66128916145466	3.74588237763973	4.00589138024055	4.05954084585513
chr3:187922967-187923468	LumA	1.06277981775419	0.00858335069894302	3.3092252353849	3.36063369009358	4.25965480451897	4.64923749081396	4.62008725639867
chr10:121071365-121071866	LumA	1.06269004959845	0.000369518886971871	2.74920689839458	2.54384358172522	3.39508873339846	3.71120544449167	3.22751127561611
chr3:128434260-128434761	LumA	1.06268961626257	0.000523564861349348	3.62002534699827	3.54234488242887	5.03708895080629	4.86594367228472	4.82346795709501
chr10:1296024-1296525	LumA	1.06258996119373	0.000226149352197654	3.14367762423511	2.99169664608804	3.42040736778223	4.2696688336185	4.25282284698985
chr8:123585767-123586268	LumA	1.06251741859717	0.000449997441251244	3.46786912058899	4.60049414211467	4.7664493832914	4.36938398936278	4.57578827506555
chr1:156718479-156718980	LumA	1.06243695837431	0.000963966994488747	3.3757881291057	3.94203871338689	5.06769138908464	4.50084980709195	4.77488264891305
chr11:70153276-70153777	LumA	1.06214005933636	0.00203057488781498	3.49625963365516	4.33927554453487	4.69945977187269	4.64466324394328	4.36199497862557
chr4:14856939-14857440	LumA	1.06206205451138	0.000982821506106123	4.32080799088919	3.5850039786366	4.60840948882661	5.26131587287344	5.00819444530733
chr6:56438697-56439198	LumA	1.06200361358289	0.000235400486337202	3.13420642014354	3.00318099018243	4.08120128943771	4.17814385802121	4.15998284911273
chr8:28151915-28152416	LumA	1.06165583836205	2.0917147520785e-05	3.05622300727211	2.86915408953909	3.55500882473034	3.80387607529545	3.47267111359288
chr15:39179525-39180026	LumA	1.06160803957324	0.000201947551526917	3.07834555292094	2.56326408184638	3.97530563895753	4.09209442051674	4.21772898707078
chr5:172280884-172281385	LumA	1.06121121227879	5.87059563713043e-05	4.16233251948318	4.74080256541819	5.37868770429454	5.26990896008477	5.16180162693742
chr5:149544774-149545275	LumA	1.06112065123891	2.94978564732245e-08	4.46176757986876	4.1122846787023	4.86473954891119	5.50081490437156	5.06331864523517
chr9:112825581-112826082	LumA	1.06107477667135	0.000338238220602261	3.18741870084011	2.64370904559784	4.09179869520934	4.11908856916217	4.01555518944638
chr8:85742787-85743288	LumA	1.06081187468906	0.000478100278207009	3.04951367608496	2.76188238045483	2.99798528122669	3.86049918318134	3.67091852844703
chr1:210394944-210395445	LumA	1.06077382374394	0.00415718429536117	3.21493599229098	5.00042205341298	3.47062274655615	4.36277626203549	3.89628494613071
chr8:144000216-144000717	LumA	1.05994662586346	0.00038129404480507	3.93447486331607	4.30972887965035	4.93830028952869	4.84093850502856	5.27872800410815
chr17:80434223-80434724	LumA	1.05976416162716	0.000158155195254879	3.44021962449991	3.26399162342162	4.61796117600348	4.38644700567631	4.85846586440713
chr17:40591023-40591524	LumA	1.05975959456503	0.00126068817854193	3.22882991355443	3.09292886320884	4.19359726517572	4.33979170691772	4.31233058736214
chr1:245870415-245870916	LumA	1.0596191358224	0.000357413038063592	3.3671468343218	3.46046857246355	4.50340726466339	4.40588819413949	4.07693155582571
chr8:58136172-58136673	LumA	1.05956841189334	0.000554522904392272	3.41568370952414	3.47055088238952	3.80081174044419	4.42766441846081	4.47798412320553
chr8:38046834-38047335	LumA	1.05953029962279	3.45635692538279e-05	3.45428480352231	3.41922237872819	3.71159046185167	4.00570144796492	3.76795021027644
chr1:227900679-227901180	LumA	1.05942454736834	8.73772206190444e-05	3.68383770667474	4.2681207101438	5.50354287192121	4.77996975571787	4.72796104644305
chr7:65375149-65375650	LumA	1.05916712312928	2.40276998623509e-06	3.73072627711346	3.99126689889928	4.08508663565289	4.70643595487445	4.56535683399493
chr1:177570965-177571466	LumA	1.05910779383368	0.000159145337558149	3.3222968230622	3.44817221746395	3.37529368817376	4.44352747388419	3.91804082960467
chr9:133209324-133209825	LumA	1.05904188971583	0.00664379730473417	3.50224133836266	5.70471509505291	3.93617281748645	4.41346789255956	4.11134180621399
chr19:57789592-57790093	LumA	1.05862987765384	3.70582333336593e-06	3.83319718197534	3.80083534764949	4.54736972099661	4.7309711271756	5.03949104670709
chr8:38356804-38357305	LumA	1.05840289370093	1.72256765214862e-06	3.22692783733252	2.8499168175836	2.7667141245692	3.64707748017652	3.09452851010495
chr17:29056898-29057399	LumA	1.05814066317893	0.00357879918951923	3.19189423575313	2.80965853002718	4.92954481513451	4.11166354410285	3.79558338397703
chr1:190934661-190935162	LumA	1.05766897450368	0.000330488655785581	3.03648323051968	3.43977612357861	3.63895216417454	3.76310466255148	3.85093218649247
chr8:37136061-37136562	LumA	1.0571437605141	0.000279927803132511	2.85858736631171	2.69918924055307	2.71197111104814	3.46558702419968	3.34360525468024
chr1:209432447-209432948	LumA	1.05712192371164	0.0320477669299583	3.59783427430312	5.6792152941946	5.25830208746128	4.84139423491665	4.75809677954233
chr20:47871354-47871855	LumA	1.0568440502444	3.182597820886e-06	3.19112470034099	2.87571083724953	3.17447958074787	3.92908109441337	3.76025861837277
chr21:40324430-40324931	LumA	1.05658433298098	0.0468624197370823	2.30906839222291	1.53120505612688	2.8032102252057	3.33549903323285	4.64286525141122
chr13:22983791-22984292	LumA	1.05651756628832	0.00926705473607371	2.95427503586062	2.48401696477425	3.95339836262209	4.00755649685657	4.36044722760868
chr3:194146622-194147123	LumA	1.05644155282524	0.000278658165791831	3.5094650497104	6.11258681437705	3.91630532370971	4.53990531105609	4.21564810838484
chr6:53344916-53345417	LumA	1.05627709154542	0.000116852264744986	3.9003724642555	3.81826818316791	4.35397713742047	4.8103666171968	4.75341726820946
chr8:98829466-98829967	LumA	1.05625584234978	2.75432510147352e-05	3.23018722453614	3.35767468529261	4.67428403440009	4.15075903271797	4.31890634798498
chr14:99974756-99975257	LumA	1.05620260877835	1.09461038600636e-06	3.76832724075801	3.46225599966155	4.44717185085974	4.60701165344824	4.55806961015099
chr19:47495436-47495937	LumA	1.05618182153671	1.63617950191152e-05	4.31298048914449	4.16548841549301	4.88932194218847	5.26336199476445	5.02035025090071
chr18:76657808-76658309	LumA	1.05559362352193	0.000144140984322116	2.88388962310429	2.35528660965101	2.42141619520181	3.62649801293443	3.39519882038782
chr1:164607399-164607900	LumA	1.05541622532606	9.16186397154249e-05	4.04586736167979	4.49728202818921	5.26373253935331	5.04796519756448	5.42739377648348
chr17:20958938-20959439	LumA	1.05538004000848	1.95741708161443e-05	3.35537051778664	2.86895097128079	3.990418885703	4.28194335761526	4.1664403032628
chr15:47584295-47584796	LumA	1.05511777428588	0.0013567642998434	2.57076219670053	1.93670346361285	4.32457571202136	3.69270300447518	3.57225760076089
chr8:38567660-38568161	LumA	1.0549866528917	0.000119537558576203	2.95117299811562	2.77514328101681	2.54638353057606	3.32022299762461	3.06729145863698
chr16:24527160-24527661	LumA	1.05471707196361	6.08514626162881e-05	3.09969543433523	3.29850988816857	3.12322454534951	3.79892029622369	3.48361848301103
chr8:102636278-102636779	LumA	1.05471154357885	0.000745910237854376	3.51412115291805	4.55834857595115	4.47175170067267	4.50738215503684	4.83724530729991
chr2:211377066-211377567	LumA	1.05450598224788	0.000161649176971335	2.85590432201522	2.50372574434064	3.83058627262531	3.96252873404462	3.77158208003775
chr19:40929934-40930435	LumA	1.05431996838132	0.00547542757772616	3.06292462224091	2.40568725072815	3.67370428951664	3.96544617329744	4.56321107709255
chr22:36797158-36797659	LumA	1.05427579737231	0.000256455779798994	3.02318781949758	2.73764587002409	4.00360175507123	3.82819168726069	3.61232127761925
chr4:122946116-122946617	LumA	1.05416185965172	0.00305639047799722	3.11594430520386	2.56423567135315	3.08607867848928	3.97158422586814	4.13256667106004
chr8:2012440-2012941	LumA	1.05407697019708	0.000198013734785984	3.40385230367086	2.85854439111493	3.0538743753902	4.05870652185163	3.66153935517938
chr13:57569875-57570376	LumA	1.05398183809539	0.00702522908098704	2.90825747109123	2.39734338077597	3.69655223741738	4.02594451205114	3.42889043792641
chr17:40601548-40602049	LumA	1.0535278188862	0.00178667251285485	3.55678478212318	3.59157889704597	3.95071394737438	4.50033354932359	4.48240983475359
chr10:101091706-101092207	LumA	1.05344556964891	0.00833657612744564	4.18714786453766	3.57022307619829	5.13862427470288	5.09436981991295	5.59071936868118
chr13:69028806-69029307	LumA	1.05343377457402	0.0262551836774254	2.50857200353367	1.95841996020719	3.8315432601196	3.71333014847368	3.93760248546118
chr20:57758342-57758843	LumA	1.05318904304164	0.00463732485941401	3.18870104895629	2.97364508199947	4.63890722909358	4.18031805825747	4.11903408962305
chr8:38781865-38782366	LumA	1.05310339470858	5.34539275597579e-06	3.21424831508677	3.02145954771242	3.24295191531297	3.7954238393078	3.13301735811976
chr1:193054643-193055144	LumA	1.05291095700193	0.00181863800211786	3.58325341203351	4.30963642267268	5.00725505544228	4.65082788081438	4.36087686621013
chr2:232624952-232625453	LumA	1.05274486712524	0.000900454600989463	3.37960437880745	4.38028729831717	4.99219272289764	4.46923038478103	4.66720383400551
chr6:170150227-170150728	LumA	1.05256709330159	0.000298416415364122	3.95906103542427	4.2226374761712	4.56641779079436	4.84302086032093	4.69894477026051
chr8:87070558-87071059	LumA	1.05243327465569	0.00443159757077471	2.84838400649207	2.72109199633724	3.52023745054917	3.95939804161491	4.28628329715492
chr8:37751231-37751732	LumA	1.05238137405906	4.21601047158776e-07	3.58324592756729	3.6697432158211	3.74467135318678	4.1026527722175	3.97085352755553
chr15:68274598-68275099	LumA	1.05215818243163	2.17620355899946e-05	4.44776688823034	4.23326468443326	5.0472033282572	5.11560636394902	5.11752868878327
chr8:127858708-127859209	LumA	1.05215689492808	0.000201289423384517	4.01748431032149	4.70241836653511	4.82471900960764	5.13884505867203	5.27743137906452
chr7:109599640-109600141	LumA	1.05209263756438	0.00483944016001393	2.94030184705714	2.65374932487787	4.30258319699795	4.08015265828821	4.21373262307342
chr8:128024287-128024788	LumA	1.05198325331299	0.00015063170052431	4.50127310619606	5.60657317488512	5.57533069006825	5.48713542625317	5.73714926028567
chr1:204381071-204381572	LumA	1.05184744920094	4.54200924448569e-05	3.70580775886897	4.67873687832881	4.70789986381067	4.81052546947499	4.69468330989169
chr8:37743341-37743842	LumA	1.05181774602671	7.72153325283783e-07	3.22750745556317	2.98768232874855	3.09630156080454	3.83416339919327	3.42299317322886
chr10:121585166-121585667	LumA	1.05179258478601	0.000426883792805235	2.74447107019406	2.12039587469636	3.2573291448127	3.76098959109245	3.83222090240828
chr16:1685788-1686289	LumA	1.05173056564156	0.000356345632318225	3.47917220974797	3.45539251981944	4.03550069805987	4.49408554186313	4.70037505938627
chr11:62267521-62268022	LumA	1.05135631203741	0.000533498327597624	3.0449307939436	3.52377532792222	4.16860146987008	3.76969352588371	3.84724175319546
chr8:86617975-86618476	LumA	1.05131971975418	0.000183751236596289	3.64258448056185	4.26055277361953	4.19333992656102	4.69909673867741	4.64192320975937
chr1:6611605-6612106	LumA	1.05097807996794	9.0229144425629e-06	4.38008803819638	5.18949247207195	5.56032768880071	5.44258602812626	5.36478487611984
chr13:85980366-85980867	LumA	1.05071113023976	0.0085187367363096	2.56032452342831	2.30372439699462	3.03893286745111	3.72716921260692	3.56849725045575
chr11:74400543-74401044	LumA	1.05065340424326	3.63307928555727e-05	4.01892955190594	4.38078800809231	4.93328902246474	5.0642611665693	4.59712670385359
chr1:203087173-203087674	LumA	1.0506115713722	2.86783386411246e-05	3.23084975133996	3.42317634709534	3.59390373966288	3.90646433854528	4.43431245824654
chr11:77578339-77578840	LumA	1.05048665404547	0.0205357663073987	3.12503573771424	2.63297733717516	4.1982737642693	4.11401343747345	4.36501553620023
chr19:4862383-4862884	LumA	1.05040606856979	3.80973241206469e-07	4.24439916109703	4.6245804174351	4.80512227251001	5.04410889746421	4.86706839903407
chr1:197197334-197197835	LumA	1.04994772996185	0.000190820436065996	3.70430925050734	3.75593863899474	3.44543050893505	4.57602444406584	4.18103235499822
chr17:82100372-82100873	LumA	1.04965473178023	0.000274527873039567	6.01428312198812	7.45176470012623	7.46853922358497	7.1649347089001	7.42090717527871
chr22:27690581-27691082	LumA	1.04932961000881	0.00370640177909674	2.95007400523399	2.97349952623671	4.29174846310568	4.0918671906396	3.77577385873835
chr2:9105442-9105943	LumA	1.04903143833206	0.00023725063754969	3.83671190607717	4.26840569281011	4.79355719815534	4.81205464193033	4.70609273982308
chr10:36926946-36927447	LumA	1.04881787215871	0.000325834049192425	2.80696898855295	2.64008553573726	3.5674927434691	3.89760309184064	3.64727862909948
chr22:28797341-28797842	LumA	1.04875837081972	0.000177837991820712	4.30346954997637	3.77968329927173	5.48715088120368	5.31996637330119	5.25413280968185
chr4:37450247-37450748	LumA	1.04867676223802	0.000368817395597497	3.32120631878373	2.80702875372967	4.04481551333224	4.31564519209386	4.02637888060048
chr1:222860168-222860669	LumA	1.04867355071662	0.000882028949329796	3.05560282109572	2.74782618932087	4.1972391526451	4.0816084822179	4.26469951944852
chr17:49888187-49888688	LumA	1.0486184819726	0.00217136764543912	3.46899790163768	4.46583098476229	5.23339632522076	4.68329454380577	4.89353743074772
chr3:112089383-112089884	LumA	1.0486026911327	0.000464172973368351	3.80731339048257	3.02159738981354	4.01517286630931	4.495629474015	4.51578214498906
chr10:8399678-8400179	LumA	1.04834145740748	0.00100770217795909	2.88540796687425	3.15652937722656	4.50963131789713	3.84627991985506	4.08638780622646
chr5:129382055-129382556	LumA	1.04814195513394	0.000375159979573941	3.0777219697343	2.23810413860422	3.65719771382006	3.8360710695069	4.00695384083753
chr9:137090000-137090501	LumA	1.04810343142085	1.81806342382642e-06	4.62427638051562	5.33449777748899	5.78375357782671	5.63087312430798	5.39404237224815
chr2:30919071-30919572	LumA	1.0479931680186	0.0148526585543977	3.19536292218281	2.70743322593636	4.8838070019631	4.40465014011908	4.30028709294783
chr7:54491493-54491994	LumA	1.04794179144649	0.0056679064556814	3.27755371140631	3.39504643892027	5.02203545974658	4.09012039259025	4.04909936495272
chr1:208837200-208837701	LumA	1.0477866081152	0.0128612698807854	3.36726443642491	3.04858659619422	3.00819898403245	4.47643810804572	3.84762042756728
chr2:164093033-164093534	LumA	1.04772163027584	0.00127990715766666	2.60107487362099	2.05994452745414	3.60716749014653	3.60596384784693	3.88841288296496
chr8:37614349-37614850	LumA	1.04743409462172	3.67094177756061e-05	3.24264692256838	2.56066651895736	3.38745436288215	3.76934726705389	3.87362427953182
chr8:94534314-94534815	LumA	1.04742871171473	0.000135900644825966	2.83599289396457	3.01838584530917	3.0616293429036	3.60659194124541	3.98383730561748
chr8:86187939-86188440	LumA	1.04742563408223	0.000194293454578664	3.17533635237679	3.06953713314872	3.4327619882793	4.02095822280682	4.12039145748366
chr5:15562043-15562544	LumA	1.04725243133588	0.00830445581412993	2.52293582047717	2.1349474405658	2.49248965474893	3.31417144856233	3.56375752309912
chr17:40575431-40575932	LumA	1.04677380838324	0.000274987873669743	3.23779507632733	2.85998053382283	3.90011193016818	4.29623124371443	4.65881709557562
chr3:183986167-183986668	LumA	1.04670014648663	0.00219541907052508	3.36381496107456	2.90542282194516	4.69666081581762	4.26835939813528	4.43540064008995
chr20:46711120-46711621	LumA	1.04653309433508	0.000448613558366351	4.45432948672354	4.0168116901549	6.3294914711519	5.47547414405137	5.46895538532283
chr17:8055284-8055785	LumA	1.04646997710484	0.003108459278904	3.89104876718802	3.16430564626211	4.62306751888798	4.93924231911616	4.93526466188155
chr20:47791074-47791575	LumA	1.04584298662025	0.00143689439767418	3.87612252604485	5.01896559644424	5.48928470658998	5.11044021883938	4.76917165768644
chr13:79100663-79101164	LumA	1.04583212958314	0.00156754037493026	2.76641168205814	2.46524766347037	3.40035014106749	3.83330400895966	3.43454187924134
chr2:218146273-218146774	LumA	1.04581706522428	0.00558985235947683	2.66885908776488	3.59233969019513	4.73062123535875	3.889111487387	3.91595758420318
chr20:54126927-54127428	LumA	1.04558143936668	0.00191954681442092	4.01247848038636	3.72114606689739	3.85379546171008	4.67925349956914	5.33773764654214
chr8:37585878-37586379	LumA	1.04500043524363	0.000246219834473346	3.20715157413237	3.17581075039325	3.07777936501892	3.79280310948996	3.79533269718842
chr15:39626924-39627425	LumA	1.04488526402239	6.55017162948543e-06	3.85950492216057	3.21074562456104	4.81694245732854	4.750961036755	4.95883813350806
chr17:80522473-80522974	LumA	1.04486327096745	0.000896462811119516	3.34199242830429	3.35606082859914	4.48463357754395	4.43934227362732	4.72025431569297
chr6:47548995-47549496	LumA	1.04455293418546	5.15314564162103e-05	3.23857827118938	2.98598103430056	3.89437130051225	3.97988381831733	3.85422045466813
chr10:74823607-74824108	LumA	1.04433320959171	0.00817848711454527	4.86783499502664	4.39355176490871	7.044156873712	6.13104310083838	6.34872528419415
chr7:101289102-101289603	LumA	1.04433187897003	0.00490862530932502	3.5253232172912	3.2184153804483	3.61347611838907	4.40781520451489	4.03711196443742
chr18:36132718-36133219	LumA	1.04431133446841	2.02601085870282e-05	3.40013750273785	3.65046111844163	3.20422414814014	4.33298030715578	4.58519287452131
chr15:71255175-71255676	LumA	1.04423511287132	0.0025348686276322	3.12407399537523	2.26403956598594	3.70279079901682	4.28919151638827	4.05782772283085
chr5:166787989-166788490	LumA	1.04408980623269	0.00640847671335756	2.81146817189449	2.00543851390978	3.94785120748277	3.76759360918685	3.76545881111568
chr1:207317346-207317847	LumA	1.04392472023495	0.00025768194323429	4.35058286514832	5.46497174845859	5.44068988758914	5.4058524369849	5.28502226778476
chr9:22455257-22455758	LumA	1.04378157701228	0.0389712650105596	3.1473943470438	2.80667221757924	5.08464425969244	4.57768525020865	5.06073833972592
chr11:78054048-78054549	LumA	1.04363398700634	6.30462580094912e-06	3.13955625095227	2.88336364573363	3.59971023788401	3.68159517839188	3.6560888906254
chr17:78210057-78210558	LumA	1.04362883449709	2.51023393184223e-07	3.64309513465558	3.4920179504041	4.26698183534188	4.36896607789169	4.56702906576215
chr20:59926765-59927266	LumA	1.04341667857644	0.00166438840097543	3.56053546244595	5.08410420896767	5.00789512918008	4.64077488883813	4.50461394828467
chr7:151856520-151857021	LumA	1.04340856981988	0.00116107356041354	3.3866042587137	4.31209162007328	3.79149210531019	4.17373648155474	4.69503655217013
chr7:143887630-143888131	LumA	1.04301211025858	0.00146664525991301	3.30714304364137	3.07227041730664	3.93447962371698	4.26551960411086	4.67655519966936
chr15:98491978-98492479	LumA	1.04299056020689	0.000303986532076886	2.75869090005647	2.59091437933558	2.97792806829139	3.76376491768822	3.4911008033948
chr19:39152391-39152892	LumA	1.04257172078989	0.000207609846117226	3.62828426371464	4.69624361953018	5.48634640433744	4.60630420675808	4.8079121617448
chr15:58384647-58385148	LumA	1.04250786126058	0.0149965755169615	3.33912723154941	2.82979374567408	4.23028619679572	4.57293181937961	4.41716392824545
chr8:95098319-95098820	LumA	1.04241903991488	7.92345118047459e-05	3.58636501936635	3.47826055694148	4.72503569947213	4.45682384623629	4.64276012312493
chr11:70109915-70110416	LumA	1.04237841361134	0.00977127776347703	3.43104353253293	5.20899782300293	4.91435183775723	4.57975332265153	4.525665613991
chr1:98066887-98067388	LumA	1.04223953663785	0.0318664720016978	2.7947767124467	2.08187447058091	4.31827342221515	3.90613230244856	3.72643073365437
chr10:31105373-31105874	LumA	1.04217776684479	0.0046716145689172	2.97268255382968	2.65519156889274	3.26995922929665	3.83893613786835	4.15909188494469
chr5:170762759-170763260	LumA	1.04207563715098	0.000756972450375089	3.57158401684039	3.12529464205169	4.66964452367163	4.71780037282355	4.55624560102484
chr22:27380124-27380625	LumA	1.04164787868032	0.000683623653752861	2.92960720013296	2.54870190307273	3.38111340966834	3.79591835864371	3.70628731947234
chr8:57856078-57856579	LumA	1.04164111416091	0.00657467035794021	3.38682497144248	3.38464837000172	4.21678704784718	4.21153673948177	4.23023388760958
chr5:21015795-21016296	LumA	1.041551904624	0.00464256099191314	3.15613963819125	3.34971389000485	5.72654835832694	4.18254373419663	4.44139487924506
chr8:91028126-91028627	LumA	1.04148212637405	0.00347854879655611	3.16629418452821	2.69678171699664	4.3791684706002	4.20682333902177	4.18722217084537
chr17:66963390-66963891	LumA	1.04128085896852	0.00435697539473922	4.21201809324711	3.77999893517769	5.16906230440498	5.21921597963921	6.02925256022335
chr8:38232765-38233266	LumA	1.04126778622042	6.54490376690809e-05	4.23865853971615	4.05764854565176	3.93842178659184	4.7543352139477	3.95276746964817
chr14:37564787-37565288	LumA	1.04112940117485	0.0151378799956968	3.05607030332511	1.94763875397165	4.56264328255387	4.00371265146804	3.79316284366477
chr19:40344535-40345036	LumA	1.04110670000774	8.73772206190444e-05	3.87344476118327	4.96139430786442	4.62390746618906	4.97543544989444	4.85151490548594
chr4:95125633-95126134	LumA	1.04102171290547	0.0025509442851807	3.28951469093651	2.92030388331495	3.20589781674294	4.11872052605209	4.25277108944851
chr1:150288788-150289289	LumA	1.04070547910764	2.19311874772319e-05	3.92479890113502	4.29094992291745	4.56984224298429	4.89675366823927	5.01783413452872
chr15:40409353-40409854	LumA	1.04006905499535	0.00296401656559294	3.92612587479992	4.33266476365649	6.0513940712435	4.73753276544283	4.52744717664153
chr15:35937361-35937862	LumA	1.04003732301752	0.00222893461701868	2.97874584653207	2.93214229491191	5.04484092335011	3.98892248280209	3.82956351472632
chr13:44355607-44356108	LumA	1.03963481953508	0.00265963167922456	3.21244395184294	3.76800402133592	5.0903289418211	4.2717615671844	4.42722814858831
chr12:93567122-93567623	LumA	1.03962007403778	0.000617329211485766	3.78014878559023	3.9438077073414	4.60995115712864	4.8113726490855	4.64766466241189
chr5:21494266-21494767	LumA	1.03953625329272	0.0239819551846636	3.64742411049226	4.01598687095136	5.41713002491612	4.86148210026702	4.44906939337902
chr12:124895093-124895594	LumA	1.03905800028649	0.000106582804662933	3.86288209503172	3.48488927456305	4.58665597960613	4.84446725580692	5.08098250501162
chr8:38524284-38524785	LumA	1.0388372753023	8.78856377258618e-06	3.48546512626065	3.35493064572678	3.27191270149946	3.94586240615987	3.55508465309614
chr17:67519590-67520091	LumA	1.03880338681829	0.00442999569921207	3.67299081703592	2.99356087532745	4.0987258122382	4.61012777209598	4.49896490888292
chr5:106465379-106465880	LumA	1.03877819380614	0.0117956280651195	2.81791775751096	2.31043472045137	3.7017514212358	4.03238643187112	4.1646503975732
chr8:101756219-101756720	LumA	1.03873492213316	0.00240688743327099	3.88359840642873	4.30748745543059	5.41324462938207	4.91365886937595	4.94490532017676
chr8:77813337-77813838	LumA	1.03862988574697	0.0243261760347079	2.8582286740124	2.24698958821454	3.79219098473116	3.73094589064002	4.35535692629613
chr8:86541387-86541888	LumA	1.038561698982	5.64155932387914e-05	2.91422938449134	3.00533851098344	3.24281486479073	3.89276415438682	4.01549800270269
chr14:80312521-80313022	LumA	1.03811023003322	0.00165003771501867	2.71940110162268	2.0600434309259	4.27715382543087	3.57687330970256	3.61221810148292
chr4:173181054-173181555	LumA	1.03800616265966	0.00111570636877593	3.22980304883845	2.32198929859475	3.92233744977019	3.94012162639783	3.71959734423839
chr1:155690033-155690534	LumA	1.03753156477555	0.000733115043639755	4.66265600155585	5.52640052153718	5.92555516430714	5.77851723919574	5.82666430055541
chr3:8708501-8709002	LumA	1.03750905965147	0.000407396648741265	3.46318185915891	2.91931859947782	4.74053763278429	4.52212308938649	4.67439225218218
chr1:845588-846089	LumA	1.03730013725663	0.00747814535140636	2.85682397602742	2.41584474119394	3.42139262506953	4.02878816285982	3.74366718835766
chr8:1907276-1907777	LumA	1.03723843068181	0.000522272775570189	3.18081555575686	3.19706219034579	4.0161706471804	4.22576919508729	4.00495071326423
chr16:54064625-54065126	LumA	1.03679403984605	0.00561260812258311	3.40070262959053	3.36240427909658	3.70692749794559	4.29947185765428	4.04340431426343
chr8:115900149-115900650	LumA	1.03666555886024	0.00325487568384249	3.1839202100012	3.26564071699718	3.7001839882699	3.94472903637932	4.26872869442881
chr3:149279823-149280324	LumA	1.03664902066079	0.00706530253519041	3.82886154724299	3.63439787404409	6.15292750004993	5.03879211106275	5.11598750096253
chr1:158781851-158782352	LumA	1.03625314456985	0.00288703107883294	2.8403457336398	2.81076828666408	2.80740282931555	3.5666311571219	3.83625587195882
chr8:132347042-132347543	LumA	1.0358582173537	0.00507648894885844	3.29473436675416	3.47596429119033	2.58536980389751	3.90759289095368	3.03721583353094
chr15:70094018-70094519	LumA	1.0358432838997	0.000164955928258597	4.51596096156682	4.58481702436815	5.07900570357631	5.3796515177156	5.13511406373528
chr1:230837840-230838341	LumA	1.03577341861466	0.00584709477550961	3.38944556781946	5.01524792303234	5.87885572109848	4.24515609905548	4.35741734784007
chr11:80758833-80759334	LumA	1.03571847602885	0.0354318324911146	2.83404940671246	3.04530256167873	3.71413768441806	3.89039735519683	3.47576730219688
chr9:128001079-128001580	LumA	1.03534891011842	0.000367992650709415	3.8098812750368	3.31393398223155	4.76284480393961	4.93170862219923	5.00445681591738
chr1:155189873-155190374	LumA	1.03519257163147	0.0139276940864122	3.64175139093152	3.94729165040914	5.25540873318533	4.87543214474367	4.75072630029115
chr8:86346351-86346852	LumA	1.03457420500233	3.05551037360761e-05	3.37733746670916	3.21126169372496	3.44655564454078	4.15579711553991	4.42607374781258
chr14:100156536-100157037	LumA	1.03436509495567	0.000897298377751618	4.78061707482934	4.87479190256488	5.89997205144124	5.8190250062204	5.77883337466648
chr11:70171334-70171835	LumA	1.03432485545538	0.00364402476733036	3.41038105694242	4.05238981367791	4.64568839589024	4.3637809585222	4.64233222423141
chr6:53193671-53194172	LumA	1.0342460429865	0.000615847406268638	3.34790193226258	3.58638465885654	3.98009294478826	4.48126075143006	4.46832693991412
chr15:99024212-99024713	LumA	1.03416362468249	2.69937218219097e-06	3.08055949745449	3.25903266938329	3.21746016134682	3.50456588544522	3.13497375388129
chr3:55733559-55734060	LumA	1.03412589701939	0.00167155459150467	3.06118556430851	2.67845722979496	4.66266729486379	4.14270528513801	3.78315678924888
chr2:232278582-232279083	LumA	1.03411427861821	0.0021816257966482	3.05943383673778	2.97343481008837	5.21917142991255	4.24219665944577	4.5423393611965
chr6:165511639-165512140	LumA	1.03393434891054	0.00117719090537028	2.84436331144747	2.11521808156439	2.86011004370224	3.95541742504498	3.4577898009423
chr5:44728158-44728659	LumA	1.03389768073385	0.00188518805576901	2.97176405007412	2.74485185740717	2.41860461009039	3.65697652110592	3.29016771760897
chr12:26180738-26181239	LumA	1.03388248858402	0.000947291418021189	3.56393244625585	3.5564984866942	5.22565759186181	4.50427009972792	4.6041479680226
chr8:74690321-74690822	LumA	1.03387005861577	2.07846152449701e-05	2.87464509349814	2.44972751085838	2.66142955744679	3.62309225586442	3.42124021401306
chr11:301450-301951	LumA	1.03386696413774	2.20413694552212e-06	3.66168652565892	3.67389555041836	3.48829149476902	4.37454248879637	3.92421337891214
chr16:2830588-2831089	LumA	1.03372544617468	0.00145697341503977	4.10392084511691	4.9268627091932	5.18275874879282	5.38560249183147	5.41701476459189
chr11:62246151-62246652	LumA	1.03367802262158	0.000298977469920734	2.80938465914944	2.60437999946791	3.61138849957971	3.60760406254895	3.31890506155601
chr9:82919230-82919731	LumA	1.03361236735311	0.00565533085675056	2.61126111386018	1.84252167859949	3.25266326676234	3.67455212285056	3.62037754420894
chr11:77968244-77968745	LumA	1.03327028180587	0.00093910463486608	2.76662223177544	2.38413163435645	3.53167072913624	3.38838468947007	3.06766528771139
chr8:38376520-38377021	LumA	1.03198512997481	6.30084923070484e-05	3.27012391495997	3.06231562128362	2.9908889241264	3.82999892281645	3.39711152087975
chr20:50824919-50825420	LumA	1.03195961763438	0.000128548909309048	3.9912749271307	3.61098906732162	5.68551070920887	5.04962242687466	5.22989293072785
chr9:5440331-5440832	LumA	1.03175834674852	1.08097519097421e-05	3.71381703645867	4.10743592810243	4.39100100274385	4.70916732499675	4.58058445615313
chr14:37606584-37607085	LumA	1.03174317356932	0.000541697944161285	3.02427198155249	2.94079980860302	3.85765969985368	4.11373126784144	4.22519183016087
chr7:52725412-52725913	LumA	1.03150292211092	0.0275610262744952	3.05373093165598	2.00432951516385	5.43654273000191	4.4786084377331	4.96571545657928
chr2:100046287-100046788	LumA	1.03145894445784	0.000605808038490851	2.93996507937811	2.31936719329235	3.18388909840728	3.90697243810032	4.00444537017962
chr17:68348371-68348872	LumA	1.03143446558733	0.000161649176971335	3.36662169454129	3.40768009940378	4.27301130315373	4.52649741628138	4.72777113134702
chr7:12207025-12207526	LumA	1.03138879966866	0.00130864731964596	3.92040985192407	4.22358658208812	5.33326987021531	5.05417761796174	4.86936874101574
chr2:15893188-15893689	LumA	1.03135155993683	0.00591457327088931	3.16565340990065	2.97412303752244	4.02821222751643	4.11601983124402	3.4240605008527
chr1:203168956-203169457	LumA	1.03111758260316	2.13861633673587e-06	3.91677030737134	4.44439237652728	4.58339420281809	4.82084997151141	4.78098020097878
chr3:128999043-128999544	LumA	1.03097909664538	0.012287546866849	3.84120844543473	3.4354730490315	5.69877176262145	5.09348825344608	5.21385148169867
chr8:38570012-38570513	LumA	1.0309145165799	0.00353878623571488	2.64688254906108	3.24398943038851	2.29882608616083	3.37528447679455	2.738166030756
chr6:71919396-71919897	LumA	1.03082403813434	0.016059029071381	2.6638750827474	1.99936367452692	3.74227858057423	3.65268200459422	3.58665465467119
chr10:93444109-93444610	LumA	1.03073404989931	0.000457019620669366	4.73305065617299	4.03503508892779	5.94216264662634	5.69130332182458	6.00130099476279
chr10:24561993-24562494	LumA	1.03070861349406	0.000921067587240494	3.020505972608	2.98272417291938	3.03315795663844	4.16528964050889	4.01527527074894
chr14:33489063-33489564	LumA	1.03070305183191	0.00287873774149305	2.85236804049972	2.06848926042634	2.93922443722891	3.42567860336383	3.16416481471101
chr12:95753699-95754200	LumA	1.03061055293205	0.00162540523102739	2.93094597832929	2.05246560173905	3.50796906075548	4.12760967862391	3.98449803587901
chr8:37888363-37888864	LumA	1.03060834864807	2.29819540902437e-05	4.00470006449747	3.56850749387231	3.89487500440414	4.63035292071955	4.20401302189845
chr7:17942186-17942687	LumA	1.03060141946085	0.0004667938468442	4.07735934540139	4.8480005443175	5.93646602883701	5.11667215384716	5.2538357139243
chr15:77376716-77377217	LumA	1.03059145898108	0.0025284594437703	3.26287150703601	3.09081232138624	5.21299949888765	3.88619522163406	4.19102305942966
chr2:197846127-197846628	LumA	1.03041581479968	0.0109779228073874	2.91949665436718	3.09665838710981	5.12203814298543	3.93336170478717	4.23985856509892
chr12:87795641-87796142	LumA	1.03039055775224	0.00636250251045891	3.08121901595537	2.84299685239939	3.53918436703127	4.25717975249311	4.03357448098759
chr8:105921629-105922130	LumA	1.03016593583944	1.21246084949526e-05	2.71895775581996	2.33610745232706	2.58565923081823	3.62172502154179	3.27039939794983
chr11:38971898-38972399	LumA	1.02996080348581	0.00273259269439708	2.63785915667708	2.21526295343365	3.12967203755078	3.66669044877521	3.79080014168105
chr17:56389276-56389777	LumA	1.02976516789811	0.0151967781588965	2.62055159721974	1.9416958414346	3.20030805353777	3.26788456833866	3.49432054465119
chr8:37750004-37750505	LumA	1.02965306298994	2.18914205212688e-06	3.35856034632944	3.17989617973868	3.67283357332361	3.8286339280428	3.72088685857468
chr8:74773477-74773978	LumA	1.02938683752627	0.00764467938392442	3.0771668473485	2.67432115870135	3.21929504981093	4.11376863851253	3.93412681372895
chr9:118191248-118191749	LumA	1.02930180473226	0.00115446227320718	2.84949641879814	2.38026120095801	3.58488857179514	3.32650023414946	3.5114822911907
chr4:138896212-138896713	LumA	1.0292651288147	6.57437537114129e-05	3.06063014382596	2.67147991212792	3.72993233199047	4.05356915491369	4.13304462291868
chr2:109645926-109646427	LumA	1.02918446446053	0.00042406349819539	3.93856353458836	4.29572970568903	5.72464186218689	5.0060113358115	5.18796069673006
chr8:116473973-116474474	LumA	1.02906449023353	4.75644545608578e-05	3.42124113721529	3.99988492440729	4.18935883683956	4.38965115115221	4.35698272328736
chr1:209826611-209827112	LumA	1.02906259021534	1.08465523264554e-05	4.47931084850902	5.28915511019894	5.33971491534055	5.21898503762239	5.17566450295591
chr5:139389082-139389583	LumA	1.02903883952822	2.44937293277597e-06	4.83306676684827	4.70644125308946	5.45447333013267	5.75149579271635	5.62943355126735
chr4:73047873-73048374	LumA	1.02878997361679	0.00931692903388967	3.14415280145043	2.70802583640918	4.05114981940268	4.18401130955759	4.02351460014676
chr10:37133732-37134233	LumA	1.02839544353177	0.0109638749528538	2.65769113543259	2.11593573254004	3.15095867335884	3.74848030045066	3.46378482546704
chr1:10636547-10637048	LumA	1.02825665728701	0.00710133638533277	3.35279542574305	3.51503244260422	4.38293725908897	4.44959435359393	4.225524732565
chr1:14926088-14926589	LumA	1.02822886253075	0.000317749976163366	3.90468458701787	4.07951130886547	4.7793387867494	4.94199530561335	4.97593889298867
chr8:38042087-38042588	LumA	1.02821395391491	6.89356682153731e-06	3.66550422341808	3.69753898107477	3.92613557470086	4.11845206516116	3.97085453596026
chr12:15222064-15222565	LumA	1.02818801072285	0.000806651590170033	4.0886216687171	4.14404662709706	4.65333339173816	5.23946869983652	5.07553264099643
chr11:4490760-4491261	LumA	1.02800720433846	0.00173280391427427	2.74239877596914	2.28255763617128	4.02670890069436	3.74262111714266	3.7409284674047
chr18:35342483-35342984	LumA	1.02784549224292	3.05943418697336e-06	4.43112927955761	4.61457160952407	5.14090935512412	5.36394839233776	5.1497854133709
chr15:75681638-75682139	LumA	1.02774375502745	2.82582997314035e-09	4.43183582885028	4.54666132186581	4.84100598414442	5.1198761712933	4.9573370469039
chr11:78154054-78154555	LumA	1.02757240105959	0.000587311028509185	3.0768654814396	2.85099995625371	3.51613828585494	3.72270485937702	3.82814665828635
chr11:69518983-69519484	LumA	1.0275664513517	0.00113700273109467	2.99615291785215	3.00002359940418	3.65981457856236	4.17143521769798	4.52827256477631
chr6:11395392-11395893	LumA	1.02734350387934	0.00732557332093928	3.55769837252024	3.36133159734146	5.53762068874758	4.59834143537907	4.69529600705245
chr11:19632423-19632924	LumA	1.02728495002122	0.00198767467957577	3.36303880749896	2.67101374462831	3.06016953822722	4.25045645723973	3.63521437264606
chr19:57791563-57792064	LumA	1.02727858901398	6.51357781035896e-05	3.30641723360332	3.17499186143847	4.15791804336915	4.2574789653532	4.64048781683031
chr1:71781131-71781632	LumA	1.02724318180996	0.00365503516914795	2.60068192089661	2.37409793134916	2.17624822445726	3.42331620878584	3.29807893891591
chr8:131737294-131737795	LumA	1.0272265315905	0.0012553293704435	2.76047894146202	2.6911729357124	2.77343444491029	3.64881876364877	3.74714331701057
chr12:69605904-69606405	LumA	1.02708725057435	0.000723996235259909	3.01551218954193	3.22433347002887	3.58358621159349	4.00800618007781	4.05951956082509
chr2:30805150-30805651	LumA	1.02675496971052	0.00621866116252273	3.59111882042396	3.88254530134702	5.76123529246417	4.7646962520243	4.90114204783849
chr20:44765027-44765528	LumA	1.02672959558698	0.00776965328681533	3.20383661549275	2.36620321466833	3.63293916290929	4.41836450223968	5.54970543477678
chr21:24828542-24829043	LumA	1.0267101474864	0.00386034857379459	2.54429308349666	1.6201382819373	2.76481715146884	3.46994966711555	3.30979871157416
chr6:151968544-151969045	LumA	1.02653775650295	0.0101163350974347	3.05222356293983	2.96186358297499	3.38292655770636	4.25876443830398	4.70232025030847
chr10:114819252-114819753	LumA	1.02641691446242	0.00397507852558031	3.64552506205276	3.42395701450874	5.50103120901634	4.89899606070456	5.10244284355218
chr10:66320174-66320675	LumA	1.02637867296066	0.0112651974430367	2.79485602980902	2.71699335015204	4.7042841182724	3.82469059730356	3.66199370867262
chr3:25399288-25399789	LumA	1.02589294163776	0.000926954201767349	2.75381394249302	2.71563792953154	3.39660809308549	3.54825255563817	3.54572660708568
chr22:45199213-45199714	LumA	1.02584339114483	0.000128090268774042	4.19824197426566	4.51919392213579	5.77307860742698	5.22350885366894	5.51956964655445
chr8:95027772-95028273	LumA	1.02581458564819	1.14109505506631e-05	3.95306400644424	4.04738510185851	5.03347931186652	4.80631654968046	5.1345644132884
chr17:67990190-67990691	LumA	1.0255547334437	0.000411636064916721	4.14916011196345	3.76123081639611	5.34982914697389	5.22632030624914	5.68159745434114
chr18:74051814-74052315	LumA	1.02554697211749	0.00112548680406131	3.28761790825506	2.64423816335398	4.38218611782966	4.15455910610434	3.96913297075245
chr12:61734388-61734889	LumA	1.02552698792165	0.0156556308912441	2.82158258292508	2.92373344574036	4.68529262536741	3.50563509989292	3.96075192327618
chr6:706955-707456	LumA	1.02550806831569	9.51322722387231e-05	3.94285208082603	3.74107992492649	4.90157498226464	4.88054032953597	5.05302523450671
chr2:241885911-241886412	LumA	1.02550069217571	0.000237513974523212	4.64260383036256	4.72764255966736	5.67122645320153	5.59316360851898	5.53530429000398
chr1:45855831-45856332	LumA	1.02545513872519	0.00508525174625228	3.07241825334823	2.69530420102972	3.83216118547203	4.13150042800951	4.45489561807218
chr13:73763418-73763919	LumA	1.02537052892927	0.000252937064534119	3.10787205467837	2.59429561240735	3.69635497054163	4.09091223838536	4.03991573593936
chr3:85793342-85793843	LumA	1.02528294070681	0.00450891315315194	2.5453892055308	2.0142089348673	3.00652481159876	3.44733567371352	3.82409566571657
chr16:24773995-24774496	LumA	1.02523263069334	0.000163917463659845	3.44155088829541	3.09185138861234	4.16423155280706	4.41499154726036	4.43373401947607
chr17:14097676-14098177	LumA	1.02474551824682	0.00768648357473967	3.11271986097079	3.62460904479233	4.83135385528602	4.07410141824884	4.34787930659989
chr1:209430046-209430547	LumA	1.02457602909754	0.0205152290251669	4.11424729388709	5.08506707093237	5.36720790161223	5.20889637612724	5.15772722360718
chr11:79346022-79346523	LumA	1.02455688142573	0.00175587428157587	2.89221554050265	2.80191747097132	3.56870947678925	3.94213168135665	3.72998104186119
chr7:95547999-95548500	LumA	1.02405949478005	0.028495258816487	4.35307693047948	3.04984923665448	5.48499822836217	5.95288290836136	5.81860990261335
chr3:24073777-24074278	LumA	1.02385806233542	0.0345807600025983	2.42391473600504	1.5573297570716	5.04055099893309	3.44653952771031	3.64648402208813
chr8:29559767-29560268	LumA	1.02364468662868	0.000394287150172903	3.59264674560054	3.80038706051948	4.7042547851893	4.72550052775861	4.30503353738232
chr8:132368567-132369068	LumA	1.02329366989605	0.00038809220459749	2.95317764034112	2.88501035963786	2.91653136398689	3.75330906876647	3.43383114060072
chr10:24854130-24854631	LumA	1.0232535873765	0.000331390401408245	3.05120066623901	2.84188526151057	3.54936426234249	4.067889657794	3.61115961199423
chr11:77362844-77363345	LumA	1.02305770658982	0.00206070189889053	2.89878006616803	2.64723406515489	3.85270340728537	3.62328768084517	3.59056723908194
chr8:18563757-18564258	LumA	1.02304236029958	0.00572655463007	3.53026112012965	2.56790401966768	4.43506171068655	4.70034688099215	4.54833074974231
chr20:57778750-57779251	LumA	1.02290558710283	0.00233488977652031	3.13354673899877	2.87087732347805	4.52962242401779	4.14999084348565	4.05108409699507
chr11:67201983-67202484	LumA	1.02287446563766	0.000153642355846512	3.25972621025426	3.25177044929481	3.98067419379054	4.09904303462467	4.26953129536042
chr1:151557336-151557837	LumA	1.02282532527669	2.21053243495363e-05	3.67698457446009	4.05403035701873	4.14683774861052	4.19894186241085	4.54646768616799
chr8:130093318-130093819	LumA	1.02243739486154	0.000229352905007114	3.67994193007138	3.68556379399136	4.60790718566177	4.71033256940211	4.8758479270052
chr8:42123063-42123564	LumA	1.02238533598976	2.10850821993391e-05	3.11734153701742	3.62961781930959	3.13251345697793	3.56287258705472	3.16044472217395
chr19:57796446-57796947	LumA	1.0222480136383	5.4730133649981e-05	3.57795606882674	3.75179696522343	4.57728750671585	4.52917118811227	4.74273875868308
chr14:57481396-57481897	LumA	1.02222027986015	0.00471612881234712	2.83420103340913	1.72156373137168	3.26721272571542	3.86145459777143	3.83883115469123
chr3:60775177-60775678	LumA	1.02213042118611	0.00952690577728262	3.08217491380219	4.72078829867506	5.00838761178987	4.26924516379619	4.19482122376429
chr8:37570405-37570906	LumA	1.02192837213628	8.05345598681548e-05	3.61963473493559	3.00663360175335	3.98862613364645	4.25632787995017	4.39507185403326
chr13:74936126-74936627	LumA	1.02168551113598	0.00128895815549118	2.6322052074728	2.2915055091809	3.50201088839525	3.50101842086134	3.34511886293874
chr12:69427672-69428173	LumA	1.02163988595049	0.000445475342013776	3.09861282814228	2.38710870910772	3.92337363002714	3.94463961775291	4.33185107710908
chr17:47674026-47674527	LumA	1.02158470516125	0.000309308928423794	3.31277436189303	2.99834019631548	4.06060472091865	4.06124419934111	4.34318689613477
chr6:35783482-35783983	LumA	1.02137821693112	0.00473138823848486	2.8611706891705	4.35161770668395	4.82716543870861	4.07232331325759	3.91983224974765
chr8:38816981-38817482	LumA	1.0213530891425	0.000119932072584372	3.52314268747075	2.8674714819181	3.42964225306172	4.02006570072634	3.46482868046077
chr14:37648998-37649499	LumA	1.02127817094265	0.000773959559071276	3.28928369082766	2.65860089027401	4.76967339195359	4.46064012746425	4.61020328129852
chr1:179383996-179384497	LumA	1.02105753305167	0.000115511993790918	2.76022664705722	2.82596927061272	3.23432020942179	3.46422977921787	3.32962105293194
chr22:21103482-21103983	LumA	1.02100017948392	0.00584856704749987	3.65936785471739	4.36671502091898	4.38453310091411	4.57928643452425	4.17675409711973
chr17:43830671-43831172	LumA	1.02095202026074	0.000832882804232701	4.0419720287582	4.06977721399984	5.77905476666298	5.0902721970479	5.46264500765538
chr8:86205063-86205564	LumA	1.0204209014247	0.000553495093637721	2.68644929571385	2.73602119983276	2.88282900810893	3.66414956427266	3.73820111946612
chr8:86204250-86204751	LumA	1.02034052570726	0.000882028949329796	3.19105654240758	2.99368555413899	3.22942053407483	4.06975240487764	4.23963003049078
chr21:15207715-15208216	LumA	1.02007998286109	0.000282638770582097	3.41369276558128	3.53145491795404	4.63043432598325	4.48099940259655	4.80324756341267
chr19:40252943-40253444	LumA	1.01999113355142	0.00227038511371942	3.78265568995443	4.17945368289796	4.69643321569642	5.00525325764395	4.67884528302649
chr15:64369702-64370203	LumA	1.01991926992273	3.35176483658774e-07	2.95235965511572	2.62077476138041	3.27987834273462	3.46140605492954	3.50765883620244
chr22:46535658-46536159	LumA	1.01985442715277	0.000164076152454515	4.53932646476602	4.49463823556647	5.42747768496452	5.55333776557987	5.76176906560887
chr10:110407218-110407719	LumA	1.01937699029446	0.00310423699285012	4.53926637140623	3.6307718455786	5.46855428163754	5.56560971000318	5.74107913830887
chr2:26301724-26302225	LumA	1.01934082127784	0.000311799070157436	3.75780690999878	4.86430027720768	5.96218431346197	4.82840572096342	4.79356819523615
chr15:62077707-62078208	LumA	1.01933429600342	4.63159907915164e-07	3.11896055671887	2.69718327054686	3.68824444911826	3.63427232348949	3.30394013730577
chr8:118239216-118239717	LumA	1.01928940837472	0.0008158547613787	3.11249371049352	3.87317911886148	4.46350542231954	4.04998492157104	4.2503762755222
chr14:76893215-76893716	LumA	1.01923387294633	0.00239486072328158	2.8625240239294	2.80075555987871	3.98252833543192	3.96960724123128	4.14727663581188
chr8:74686525-74687026	LumA	1.01871304543231	0.00068297593116744	3.01478908222647	2.76296677115768	3.4090924888195	3.88689003560617	3.73134097400304
chr1:177572269-177572770	LumA	1.01863006447371	0.000568458072986739	2.75239858677466	2.72789843665254	3.14953965431594	3.71746547191746	3.50991133008397
chr2:216256904-216257405	LumA	1.01844407660709	0.00132179048391858	3.04695552392146	2.89055764850112	3.62286300661491	4.09362632941697	3.78359001248436
chr10:119893946-119894447	LumA	1.01839341455757	2.86463823415624e-06	4.36602322745008	4.12934338098376	5.31551876776045	5.10538368558205	5.04945352935103
chr14:37596869-37597370	LumA	1.0183243229739	0.0133310519932323	4.47628770933817	4.03192709413181	6.3429317758984	5.67719066440502	5.89681977588828
chr6:51472317-51472818	LumA	1.01830710433785	0.00173989033938375	3.27221649236443	3.57046712651207	4.89376104294877	4.41865713728196	4.37618939388154
chr11:77658521-77659022	LumA	1.0181269502533	3.91943061287525e-06	3.09337686961989	2.90809878307127	3.15215912633221	3.5038180411645	3.26344025495093
chr1:244454386-244454887	LumA	1.01804727401402	0.0114942921284954	5.05495180906576	6.21825016603024	6.34067566438103	6.33081317767213	6.43591709697662
chr2:237541963-237542464	LumA	1.01800610765624	0.000182005111720348	3.99232416756267	3.02458524722992	5.1068782919807	4.85496035241499	5.24925637379126
chr8:85972585-85973086	LumA	1.0178536065076	0.000688688066946836	3.17850852135918	3.55658703472481	3.29901812229201	4.10933369481332	3.98741776377093
chr18:566993-567494	LumA	1.01755069652783	0.00934916799014037	3.11791972627247	4.08010432549023	3.9079822731412	4.26770539811815	4.29777907199366
chr15:99213900-99214401	LumA	1.01753811825627	7.64478483339267e-09	3.45544847017261	3.82878044326905	3.22359066459185	3.87913349891586	3.42210688604823
chr2:27420948-27421449	LumA	1.01752081610323	0.00157007280129847	3.46971248949909	3.66530504361969	5.01076084444659	4.38148609803502	4.81178160600208
chr1:66415286-66415787	LumA	1.01745643953965	0.000284458491185515	3.37521263913697	3.36296225093121	4.06210444373128	4.14657157900438	4.1650054449686
chr8:142586561-142587062	LumA	1.01736374508436	1.75556237086345e-05	3.73172386984254	3.98210612805421	4.37166300582588	4.7779537373248	4.54458790843425
chr1:203307681-203308182	LumA	1.01718961666878	9.01148961477538e-05	6.01188613705359	5.85025110792183	5.96555543594451	6.72666118332503	6.32866105297961
chr9:98145443-98145944	LumA	1.01669414341043	0.000567730071826647	4.78780255316568	5.18182769558996	5.45847625662893	5.89006161512501	6.04723587512245
chr4:40701691-40702192	LumA	1.01668200644444	0.01364817199579	3.19872442767508	3.80671192609242	4.49135624701358	4.41124818500064	4.4944935606686
chr4:9101296-9101797	LumA	1.01659868640774	0.000474314996984491	3.36740558722718	2.96747235969804	4.33168593142693	4.29554247257949	4.37890411680686
chr5:51033710-51034211	LumA	1.01633530921477	0.00304592945146515	2.84670771085929	2.11027477198137	4.12375825666598	3.78678083607142	3.70009170394613
chr5:110834860-110835361	LumA	1.01619998280812	0.00640847671335756	2.62460299076178	2.00006523294377	3.61787216186785	3.55786083562456	4.12535025462921
chr11:62264254-62264755	LumA	1.01606818949936	0.00454600824177633	3.01246000483443	3.68600407121324	4.74211201468011	3.75964139209988	3.87643646569841
chr10:93750078-93750579	LumA	1.0159981185365	0.00118190083518485	2.9925077972367	2.41961472488126	4.38641193671057	3.93590473172041	3.76452514683345
chr22:46041478-46041979	LumA	1.01580255217225	0.00195751200586245	4.44830434601061	5.45526843096332	5.03988312321322	5.4249599170831	5.07729861488602
chr11:60892635-60893136	LumA	1.01578966948352	0.00863636632116852	3.96100990512518	3.71663129112609	5.16903440656642	5.10876682280558	5.64456766385313
chr7:26116188-26116689	LumA	1.01569184032407	0.00997337728557335	3.14977643548254	3.83024100150637	4.97568359183436	4.23836206034618	4.19182075921681
chr12:52239710-52240211	LumA	1.01555846733452	0.00389994216333416	4.71441452041803	5.57141834005544	6.34725035545144	5.77377093361903	5.7208612839883
chr21:32061662-32062163	LumA	1.01541835726893	0.00410649974465052	2.56462881981032	2.32055178342763	3.51021896288193	3.43904577707602	3.57161829362966
chr8:127952906-127953407	LumA	1.0153561550007	0.00142148813853007	4.008457776582	5.01484066416805	4.95613122128847	5.03237172211079	5.18661694306347
chr6:34549897-34550398	LumA	1.01532277239855	0.000277830083435153	4.38715225109482	4.54632404615996	5.53246372915089	5.40605827588399	5.49432406942488
chr7:29450564-29451065	LumA	1.01528964007638	0.00185138177370018	3.42264149167433	2.45451729526432	5.08389477573134	4.59876625368406	4.38070837941596
chr8:106133591-106134092	LumA	1.01490457639332	0.0176058881501636	2.83783442865077	2.49510353300909	3.83192961959735	4.09962160417757	3.81681114909642
chr8:38309331-38309832	LumA	1.01480665207975	8.47868926137632e-08	3.37125796359589	3.13585668760602	3.26947517960412	3.68319521214164	3.38716503123388
chr8:85223782-85224283	LumA	1.01478687369063	0.00162491337318383	3.65320797297083	4.14375513764821	4.90470161020153	4.74775836509199	4.81311136137392
chr3:193921330-193921831	LumA	1.01468785100658	0.00359504003747828	3.59016794216395	3.167965419497	4.96593782052907	4.68777110303892	4.9768467505904
chr11:78127326-78127827	LumA	1.01405313033914	0.00487017326068799	3.05134307495471	3.23919366883771	3.50844440015904	4.08796469249942	4.15625234727271
chr20:2679192-2679693	LumA	1.01389215454171	2.68599682264908e-06	3.04456120325768	2.91798851413735	3.85139173712504	4.02622857435101	4.01880687998338
chr6:3762237-3762738	LumA	1.01362867940318	0.00730077433850759	3.81292791499113	3.57490820185598	5.3457675873968	4.68977925443417	4.79623030730925
chr12:19373546-19374047	LumA	1.01312287726279	0.000967704262309209	3.19873748401767	2.98060794720481	4.30720092872422	4.18128809023002	4.31957810822138
chr1:223851025-223851526	LumA	1.01307224009151	0.0323675090938926	3.31172328688595	6.4361265478498	5.63603819787058	4.5417503390853	4.07548690701818
chr6:53339699-53340200	LumA	1.01288599991499	1.72647103000613e-05	3.55984900094996	3.47452841544966	3.8761139423068	4.45072610301004	4.35362385438164
chr8:38419884-38420385	LumA	1.01278656086553	9.04353104245915e-06	3.65440853763507	3.48321405349644	3.50413619756546	4.11127708089644	3.90576854923116
chr4:83749168-83749669	LumA	1.01270437431762	0.00274864889597733	2.62852125897805	2.43826583960872	4.13119933094229	3.73783690580222	4.09640796889754
chr14:59311512-59312013	LumA	1.01257830579101	2.33452408928336e-05	3.48257116021013	3.04856689193014	4.49890405887927	4.47608673504833	4.73224788670331
chr1:49925764-49926265	LumA	1.0124097906674	0.00471821452575252	3.03465461089153	3.07959523597419	4.85770880942399	4.06139195402587	4.02461419086895
chr2:79850340-79850841	LumA	1.01226272952477	0.00408764736636153	2.91798873179434	2.20447960630063	2.73567735603716	3.61604958407715	3.06679775159667
chr11:70049262-70049763	LumA	1.01215588311728	0.0133018034364867	3.44443693720197	4.58475651614715	5.22325463519708	4.72972930292151	5.15185329891987
chr8:38264371-38264872	LumA	1.01188370922265	3.62298971056498e-07	3.42050528596975	3.19670127225486	3.44867517138321	3.83073740210482	3.60070603149396
chr8:137438294-137438795	LumA	1.01161423558911	0.000121737971233694	2.91603132114314	3.11403957328712	3.24256357208417	3.64500393187164	3.41636146341499
chr8:37788837-37789338	LumA	1.01150878586808	2.4026842893339e-05	3.8794019654797	3.70483071011884	3.71607328738644	4.3413195690628	4.20081076531374
chr8:53497326-53497827	LumA	1.01147542909148	1.13203520796762e-05	3.36320765006075	3.54670947190307	4.19212516695786	4.09153710844936	3.74507384808179
chr19:57837985-57838486	LumA	1.01139623875762	3.84422311637541e-05	3.36067453695423	3.08893130480545	3.66950229763306	4.28583759362836	4.57359552768096
chr11:11638786-11639287	LumA	1.01136922154113	0.00229283481712811	2.84294922669694	2.5300134566514	3.92627758736844	3.81258389317064	4.00208752650817
chr14:101898700-101899201	LumA	1.0112827276051	4.33077055769473e-07	3.22027781224947	2.9030037250714	3.38859230688299	3.91793261298001	3.63192163454253
chr1:202749262-202749763	LumA	1.01113458819029	8.12215007144436e-05	3.48382005852627	3.76401782416561	4.14691641185256	4.38496398553442	4.36512816307558
chr1:147114252-147114753	LumA	1.01105975565168	0.0163659237566965	2.88606313222279	2.66271671887551	4.61955853709437	3.7817492402728	3.69657447752545
chr14:33710312-33710813	LumA	1.01100510944973	0.00174353796564285	3.18439820034151	2.24351616016689	3.71596304160944	4.01304258152256	4.00132183612796
chr7:19834522-19835023	LumA	1.0108951451711	0.0204388577329039	2.80679063696834	1.94460069264384	2.88503177522278	4.11025636923164	3.6251671052275
chr4:16139517-16140018	LumA	1.01078243535437	0.00256840743374926	4.17337953058664	4.35354000237062	5.31569440443188	5.26566988434039	5.17735079011332
chr19:45071942-45072443	LumA	1.01015196286833	6.32913940949905e-08	4.84390489219978	5.69117373969801	5.87756280406306	5.835844110779	5.60104985211586
chr11:33931933-33932434	LumA	1.00975528366868	9.6382981561089e-05	3.52045554596929	3.73260315910151	4.03480044380561	4.43205293104218	4.23222484756103
chr21:36610136-36610637	LumA	1.00966836447921	0.00721729087990056	2.9294074050588	2.81202971268981	4.07775043483437	3.9919435851809	4.16667703978984
chr1:220798255-220798756	LumA	1.00960807399618	0.000409053917258797	3.54565910959809	3.90998946641051	5.26093025050472	4.21140677456035	4.36262094558643
chr7:132780809-132781310	LumA	1.00953616117843	3.93826172421478e-07	3.48718499969791	3.35526786763596	3.7859875157045	4.29523094792753	3.77350531520082
chr8:62911774-62912275	LumA	1.00953402015351	0.000775024387144532	3.11920354033171	3.21300052675026	4.35451362549069	3.83101474121852	3.81728727478419
chr12:66237657-66238158	LumA	1.00934422872451	0.000625048058858029	3.60488078594807	3.05475296050506	4.66909591597396	4.63915289518232	4.95735314273788
chr17:10789179-10789680	LumA	1.00907825188685	0.000137673887588957	3.46656913731041	3.52639020660283	4.18087553687134	4.40342576801469	4.30474604305134
chr7:94431511-94432012	LumA	1.00882731235996	0.00432532438307119	2.98354211565452	2.54613243323938	3.419742076303	4.02323409409035	3.53258321670568
chr9:100049639-100050140	LumA	1.00877540059243	0.0314107072551398	2.78479924352313	2.01811713208343	2.78967097302992	4.10724635578016	3.91457762227377
chr4:89454004-89454505	LumA	1.00866711479494	0.00854505303569937	2.71192892839588	2.30762454836412	3.52258858341118	3.79929053793927	3.95623947037265
chr12:66435023-66435524	LumA	1.0085080315703	4.53103989549051e-05	2.99414857079608	2.40358763217756	3.38007778533222	3.85095786605974	3.68207161731141
chr18:26661117-26661618	LumA	1.008503225638	0.00572661386835296	2.98946308266807	3.15723898791743	3.72621045195415	4.10724154865035	3.79388614654457
chr14:23958129-23958630	LumA	1.00848330182863	0.00795605419117	3.37800884149775	4.46883468416411	5.75611852251363	4.41249467627783	4.51741897000831
chr3:53580442-53580943	LumA	1.00846533973586	0.00371384228180171	3.12480331510986	2.79263773167193	3.65951338107857	4.22275819679476	4.12531346718389
chr4:8438127-8438628	LumA	1.00833416163623	0.000779705589453023	4.28281535548673	3.47409564355432	4.30782810664285	5.19275959378569	4.90150587534212
chr12:101848365-101848866	LumA	1.008289592839	0.00468607436961646	2.97782693356402	2.35268459610813	3.97045358687893	4.04337778643819	3.97092226357783
chr8:37641038-37641539	LumA	1.0077039954178	0.000114341584450679	3.41031888747786	2.74265066350755	3.33401151923303	3.92040649990408	3.66634215155585
chr4:140754746-140755247	LumA	1.00759627352206	2.14072395730334e-05	4.39157725690852	3.79308680489374	4.89035562691481	5.31418251339541	5.42668419665194
chr12:50229617-50230118	LumA	1.00703803659359	0.00328852189038245	3.96650428299184	3.18483707153456	5.94427444588488	5.08041332281881	5.38206497197479
chr1:200370605-200371106	LumA	1.0065519065495	0.00288473262730772	3.19190522288095	3.04418994626295	4.42984230543197	4.27951629746235	4.34998969737812
chr22:45916437-45916938	LumA	1.00652211138206	0.00493518307867841	4.15153431778809	4.4687679587985	5.90308052750963	5.32100633452626	5.21336818113832
chr16:48249919-48250420	LumA	1.00648684265685	7.20807557496684e-05	3.4361766852504	3.17321168520788	4.88105304965507	4.43781624293884	4.53053252995042
chr4:158166655-158167156	LumA	1.00620300739088	0.0102289796227989	3.5705410206806	3.23309759554754	3.65104538146526	4.64557861639822	4.33884460588434
chr22:46042192-46042693	LumA	1.00599578313895	0.000905000463948767	3.90027850460701	4.76580382126177	4.22875195416667	4.92915972818762	4.42788420007178
chr2:227648843-227649344	LumA	1.00574158779413	0.00497448589769693	3.08050694550478	3.27317540915354	3.51363265139212	4.29597467745212	4.21291960864144
chr6:38859517-38860018	LumA	1.00572339507175	0.00953330883876088	3.39287696369902	2.91181410000499	4.23970280126737	4.40540209717895	4.54819597776306
chr16:3252940-3253441	LumA	1.00552116707762	0.000195660472677786	3.37039185826734	3.76320235364974	4.77276823140648	4.35998353762659	4.37430420872167
chr8:80751933-80752434	LumA	1.0054988603078	0.00979807945410904	3.96933126024288	4.3519854592525	5.50762835892447	5.11650537731926	5.28623489335844
chr1:164604746-164605247	LumA	1.00545119686498	3.8268542062109e-05	3.87885803823123	4.34170091043984	4.8520246318986	4.9253305694604	4.98454717969263
chr11:70607192-70607693	LumA	1.00541693377563	0.00152402819325344	3.73048769696906	3.99328972130452	4.55899472626383	4.89192042585014	4.67193553990783
chr1:225650513-225651014	LumA	1.00536470929813	0.000940016922424702	4.2443222670745	5.0434847574872	5.08242941999956	5.14036520680763	4.89293563874854
chr11:116371307-116371808	LumA	1.00522082816953	0.00472549494604525	2.96302853440135	2.60800290507416	3.03271202584101	3.72319946461405	3.595757369408
chr6:80192307-80192808	LumA	1.0047777771721	0.00249297473756655	2.67728412768635	2.31017795957964	3.98446112591635	3.65614481253208	3.64389673263199
chr14:55053009-55053510	LumA	1.00476953903312	7.76178663044451e-05	4.69426368701713	4.25031415345262	5.67164042385021	5.71131694745138	5.44834121640024
chr8:132369886-132370387	LumA	1.00461690496637	0.00903643347397656	3.27195607256347	3.29029754436215	3.0231008155346	3.93799001339619	3.75523031990969
chr1:41360135-41360636	LumA	1.00461363762864	0.00118190083518485	6.08218257207206	5.82577487597413	7.03863077971426	7.06110071879886	6.96656395492348
chr17:49375136-49375637	LumA	1.0044434557321	0.00245393091194334	2.9749313965212	2.95729622574037	4.5640833103768	3.85810580632404	4.23300840176409
chr6:637011-637512	LumA	1.00430695391099	0.0001547146278962	2.86243787735768	2.27701495939514	3.40762551931999	3.54640701122774	3.79061805148752
chr6:663696-664197	LumA	1.00415712771399	0.000206761370377306	2.67117901023493	2.3744971384568	3.47349895001927	3.5644289178884	3.67464460384369
chr3:130114923-130115424	LumA	1.00371336764912	9.80782511325117e-05	3.85447114494246	3.58337564979601	5.34349164042367	4.5242779447195	4.84169100916356
chr5:14260082-14260583	LumA	1.00362012666356	0.000762868277856609	3.46624244951197	3.16906533227322	4.24405866925058	4.32465209718339	4.2912031594789
chr16:19395327-19395828	LumA	1.00335242301134	0.0186829818938515	4.13407361399313	3.7354159588157	5.64801396964361	5.44519464529902	5.40725137777025
chr2:237714158-237714659	LumA	1.0031578740114	0.000448613558366351	3.28564670822083	2.37187842223046	3.86108499894609	4.15932836009142	4.29537740266226
chr8:59223143-59223644	LumA	1.0029825823434	0.00296355231964525	2.93641783607681	2.30849345192229	2.85038530089448	3.23271092741758	3.43430232702751
chr8:47061357-47061858	LumA	1.00296699285341	0.00289960639641284	2.98633797882717	3.07989355379627	3.98757208209784	3.63129218591299	3.49312076735058
chr11:122871243-122871744	LumA	1.00277097210561	0.00417624784685881	3.01426328289777	2.37633122806331	3.49916964088112	3.87117943745636	3.48852786254722
chr10:116199998-116200499	LumA	1.00255231301418	0.00425915338936407	2.88664797177687	2.36220709340904	3.19765744009155	3.92465256499847	4.51577188100241
chr1:46907492-46907993	LumA	1.00254735002095	0.00441091860091471	2.66619447803967	2.72943307451098	4.21552343228202	3.7553735249087	3.96934614018739
chr12:88425960-88426461	LumA	1.0025356273975	0.0108406870024041	2.79303000533626	2.26402036520334	4.21752863299747	3.87319202746913	4.63841426358188
chr5:42603478-42603979	LumA	1.00234190735815	0.00612268275040975	2.96642798711532	3.54587546938913	4.16008342587797	4.17397248431446	3.77454318968344
chr16:23416807-23417308	LumA	1.00227328024269	0.00224662628537592	3.35062483613121	3.3698231772538	3.58225868370061	3.98278658526976	3.84177358683047
chr1:66236519-66237020	LumA	1.00213081740204	0.0068735877594638	2.81649197390217	2.83585507209544	3.93259805734755	3.87135184233759	3.77203957028174
chr1:207864784-207865285	LumA	1.00144465685142	0.00926705473607371	5.29301720008551	6.49128531891319	7.63751986447003	6.46280054305546	7.05458770256958
chr19:4578830-4579331	LumA	1.00142595901843	5.5544019456308e-05	4.00089589872003	3.62593776694794	4.18581210886736	4.67305952633548	4.75191832115938
chr8:128207081-128207582	LumA	1.00079627244195	0.00083880105391843	3.00711776380555	3.37553560074663	3.70633027593343	3.96112432707058	4.12381209574374
chr1:243787253-243787754	LumA	1.00074960217293	0.00223459117106784	3.06688960770793	2.94437578037861	2.78385408193667	3.70934260741436	3.59249636939653
