peak_id	target_group	log2FoldChange_vs_all_rest	padj_vs_all_rest	mean_log2normcount_all_rest	mean_log2normcount_Basal	mean_log2normcount_Her2	mean_log2normcount_LumA	mean_log2normcount_LumB
chr6:132893696-132894197	LumB	3.85481943927737	1.21099040493285e-26	2.81317038082688	2.56691225974316	5.46324464948838	4.84036380590944	5.44769437008363
chr8:112977695-112978196	LumB	3.54194970635149	1.70201926732655e-44	2.59838220955514	2.47426161943451	3.24075330487522	3.98499458847384	4.8782609479259
chr2:131600041-131600542	LumB	3.47741890386059	5.27434251519038e-19	2.33948299366964	1.54737716741711	4.5233372030297	4.97067757995299	6.16013846292702
chr8:115692794-115693295	LumB	3.41950429273382	6.51557544930464e-22	2.48524074904509	3.22317290240246	5.48353576657433	4.73460499477348	5.61004312004303
chr6:17106136-17106637	LumB	3.39993228057811	4.16630659622813e-21	3.08614316013769	2.66436369716844	5.57343056043682	6.58349628734458	6.74643167686849
chr14:105668285-105668786	LumB	3.34082018624243	1.94657957275019e-37	3.27577092211823	3.26391892434635	3.90202845677111	4.53852735985358	5.21708692247592
chr21:40324430-40324931	LumB	3.32070301511234	3.43909112009537e-35	2.19771491781468	1.53120505612688	2.8032102252057	3.33549903323285	4.64286525141122
chr1:191364423-191364924	LumB	3.25647389618205	2.51391815793269e-19	2.83003319491336	3.14868302066183	5.01602628988603	5.55510978110234	6.24360919882617
chr2:154674830-154675331	LumB	3.14270009867089	4.06696207806477e-32	2.61608736070597	2.13350110372438	3.19473899573634	4.24882743746978	4.71188360480283
chr8:99901141-99901642	LumB	3.12937879980424	4.35282800236276e-34	3.14846901753257	3.32787752125028	4.05330757524833	4.9558464522218	5.41617218601013
chr11:69517614-69518115	LumB	3.06308691617766	4.9025635475465e-31	3.07160298719424	3.34783106931018	3.98776969328886	5.2022022855434	5.65606643515261
chr2:131548720-131549221	LumB	3.05289011252033	7.68356995655762e-21	2.38209474830269	2.16162070526754	4.08071695209179	5.17084815987112	5.56823291716825
chr14:52373370-52373871	LumB	3.0463556035065	1.16104991891421e-17	2.32126894123947	2.213192774672	4.78002784653793	4.83939859374156	5.44681936895674
chr8:18325885-18326386	LumB	3.01239476932844	2.83478213983654e-16	2.71359893434714	1.83648556768782	4.7390148574257	5.67452866314885	5.8690941591059
chr4:171444902-171445403	LumB	2.95404757119079	7.41046866358347e-26	2.25974230600732	2.01311640586367	3.68048102588228	3.86352580254707	4.69931926297402
chr6:7520394-7520895	LumB	2.93320899699402	3.11946111607007e-33	3.22976074280117	3.37800699648953	3.66414691649659	5.24504789563269	5.25382226631724
chr8:72174984-72175485	LumB	2.91757400270671	2.51727246803749e-18	3.01220979105754	2.84867778652452	5.05855937234714	4.98668532883307	5.79761275261295
chr11:41228390-41228891	LumB	2.91019294170456	9.45840065588966e-22	2.44010823243953	1.72011867260388	3.4361355103844	5.13710442067881	5.14742328262619
chr8:117402289-117402790	LumB	2.90746471324515	1.06773835706521e-25	3.41095962368562	3.74565951801345	5.75659929634217	5.22955384089338	5.86924287805441
chr21:10098004-10098505	LumB	2.90188946187746	2.20189658608843e-12	1.19060197397891	1.36090141837412	2.10843181226691	2.10958742289704	3.13015578086992
chr12:66650783-66651284	LumB	2.89922264497867	1.78985469966791e-35	3.16774581454395	2.61728610271492	4.87526894879407	4.47386024883834	4.81525673148617
chr8:74574111-74574612	LumB	2.89908982105511	5.42511829193384e-20	3.22191187503563	3.77842141187483	6.04012848223876	5.70002808638668	6.40580643733363
chr10:116135144-116135645	LumB	2.89898169141233	2.70944182583129e-16	2.50500171811645	2.50404984658572	3.8217461555698	5.10770215308444	5.43080621900018
chr8:113351427-113351928	LumB	2.89858673310457	4.1707676849562e-26	2.19219644861341	2.08373600597982	2.73705387311238	3.71242680383037	3.99176205289468
chr21:40382810-40383311	LumB	2.89720441102355	7.84553560599514e-18	3.02835202250951	2.36956459450826	5.68239803554543	4.53477551782737	5.87600324656547
chr20:54126927-54127428	LumB	2.89534576191188	9.52848207588126e-36	3.95323101871153	3.72114606689739	3.85379546171008	4.67925349956914	5.33773764654214
chr8:112577160-112577661	LumB	2.89270706403674	1.05225461085304e-26	2.43340784011034	2.46489218982733	3.02730835811542	3.26275109579295	4.02617777582361
chr1:217805711-217806212	LumB	2.85615721312414	2.53763087000768e-18	2.95133342904358	2.91495408410847	4.36678979461254	5.97845954366096	5.83248056639936
chr1:92004178-92004679	LumB	2.84945950386682	5.39376157333265e-22	2.12761334296799	2.09848712110195	4.03736114334435	4.34117417228544	4.51009874823141
chr10:37137578-37138079	LumB	2.8492680083815	1.16918891278436e-23	3.28675582781276	2.88029359753003	3.62172303763167	4.6294441234255	5.2240383038635
chr7:54062408-54062909	LumB	2.84659294203571	1.66736813617892e-23	2.18015581183325	1.49312447197731	2.50628567987054	3.56738832228172	4.30878698404158
chr1:191153428-191153929	LumB	2.83897189590022	7.752350463001e-21	2.20290582399979	2.24862207285073	3.80253207423402	4.04444577736078	4.86713093819423
chr14:105672673-105673174	LumB	2.8355921933417	2.25346305709092e-27	1.91951181066584	1.86673916609824	3.06612341270479	3.40509678871173	3.91662820240591
chr10:19154445-19154946	LumB	2.83538188517621	5.12063212021102e-29	2.34950682929542	2.19763483087012	2.65934824058125	3.90723408619819	4.01347369593897
chr8:86242935-86243436	LumB	2.82891987331786	1.56494437266391e-22	2.49348996273021	2.37347297353738	3.78156889885246	4.39292927755728	4.84705181081486
chr12:88424238-88424739	LumB	2.82859958508527	8.45533783238673e-23	2.5906718994828	1.9322668148616	4.65256583765322	4.33165383809647	5.15106458809653
chr8:86243600-86244101	LumB	2.80915221580619	1.25266044208089e-25	2.77320664375868	2.76397759898525	4.11067747680866	4.31932701694769	5.05986794482126
chr1:30432224-30432725	LumB	2.79390954983868	3.6076636365012e-16	1.6006765048657	1.12228072360214	3.44254122136226	3.84498771183448	4.10216716644423
chr16:1573099-1573600	LumB	2.77856730777422	1.44827273854127e-16	3.65093719878018	3.72683945011082	6.30939717542087	6.18545439851166	6.54713456895829
chr8:40596951-40597452	LumB	2.77847637353443	2.97487259259448e-23	2.87979576527855	2.6581599849259	3.44778753467241	4.65957822604458	4.76810106506351
chr11:78155731-78156232	LumB	2.7774895250058	9.38295799942713e-16	3.38353229301342	2.95084613678885	5.64754685873603	5.90757309685101	6.22471298459874
chr4:108299990-108300491	LumB	2.7741342584349	5.30292704905744e-23	2.53989806195792	1.52658084127748	4.0517646273203	4.53331259620523	4.83247967192353
chr19:40941764-40942265	LumB	2.76740764623409	3.78822085678585e-19	3.20798723900452	2.91794027075485	3.95732906244986	5.05289459406913	5.73177694678785
chr9:37797721-37798222	LumB	2.76192716930165	7.31924486082513e-23	3.04148436102001	3.58039999401171	4.31882503288661	5.44747433955656	5.73031487485889
chr3:89694584-89695085	LumB	2.75719731052379	7.01518572785997e-23	2.61029263848682	2.13719911891934	3.96707726487291	4.50763386814163	5.00741393032437
chr7:94476855-94477356	LumB	2.75027502543377	5.40511795458291e-17	3.09115082245379	2.90349612297594	5.46945750424883	5.7385993324337	5.99142779988276
chr20:44765027-44765528	LumB	2.74944440560335	1.70201926732655e-44	3.10058836393618	2.36620321466833	3.63293916290929	4.41836450223968	5.54970543477678
chr2:100329180-100329681	LumB	2.74535112857842	8.52518187320989e-25	2.03033958433119	1.51912901869107	2.47637356932827	3.9937500426252	4.12201894554438
chr17:61723086-61723587	LumB	2.73660962217563	1.14583877782291e-18	2.51380557194881	2.58754151132664	5.12806115542642	4.11667001966777	5.06599468577668
chr8:66525847-66526348	LumB	2.73258608553743	1.14759532243077e-18	4.02714160377922	6.12294086825506	6.29238027484155	6.33931452011364	7.01010666970565
chr6:131843289-131843790	LumB	2.72117180680852	2.51170518562546e-29	2.80365234960632	2.2753910486365	4.43876575330401	3.96713573979922	4.4747274431627
chr15:71072349-71072850	LumB	2.71868638898941	1.26311435951709e-18	2.74118001472444	2.6582344214038	4.92420052832071	4.16067968738596	5.41200227122477
chr17:63752656-63753157	LumB	2.71808413758196	3.85770714230936e-21	3.58412925758029	3.04359278079563	5.636999416196	5.47597220741905	6.26454601464752
chr8:114614501-114615002	LumB	2.70863324417187	1.68775194926528e-15	3.2703247009814	3.2685304815476	7.11363992381761	4.94222322733711	5.61534367403003
chr8:116927930-116928431	LumB	2.70692427273033	1.7154880455947e-13	3.60272756246201	5.83113502554672	7.63383433211517	5.94553120201179	6.62912789130597
chr11:118057637-118058138	LumB	2.70532868406678	1.23142314017476e-24	3.36900435401297	2.69092300247434	5.04368612528461	5.50229157193127	5.80192556890171
chr20:54060524-54061025	LumB	2.70049397301311	7.68566503809463e-24	3.74138426351298	2.94262374230521	4.0785183212103	4.52425221955015	5.00981896670363
chr22:26118265-26118766	LumB	2.69502265596702	6.79801767128987e-18	2.51397068317953	1.93877271993474	3.55218304850276	4.35938959158937	4.1912933177637
chr12:60910509-60911010	LumB	2.69278515061767	9.19360246648027e-20	2.49082055912778	1.83607200841888	4.41333022360941	4.27453946056675	4.85731162755906
chr10:8910919-8911420	LumB	2.69201812898974	5.35844036757656e-15	2.87073650026291	4.41848789377657	6.15326426854452	5.67772379162176	6.06224980364044
chr10:9186865-9187366	LumB	2.69184286058693	1.77712790604526e-17	2.55684047712927	2.35346593083637	5.35409705203138	4.55171063056786	5.30846921979287
chr1:224304718-224305219	LumB	2.68272077686287	2.5411969914659e-12	3.13868827779946	3.11416293397441	6.64202519435906	6.1278949546965	6.43842365898768
chr8:136986506-136987007	LumB	2.67972048969821	1.06057164173243e-23	2.69265977121643	2.53067963241109	4.45841644617688	4.41365752876624	4.85888944193819
chr2:175536702-175537203	LumB	2.67458884248367	2.20705444148487e-18	2.95956521953887	2.47037762266348	4.8143092411354	5.2909792646276	5.38596913220257
chr21:19802686-19803187	LumB	2.67188990051939	9.97941257914338e-26	2.43295047851167	1.96426836728525	3.43235113435608	4.37953442667687	4.69963512417021
chr10:19341990-19342491	LumB	2.67166058629732	2.62096581602856e-17	2.80762249670272	2.37172628848554	4.21584278243778	5.54940960486627	5.25769941165959
chr8:116175103-116175604	LumB	2.66852623815917	7.22521439496543e-15	3.17451238929742	5.3124653010785	5.88992387521135	5.53360857030918	5.81684913318014
chr8:124738266-124738767	LumB	2.65840836631649	6.36524489938693e-20	3.49754597200577	3.44334804336317	5.98594779388167	5.00210422130681	5.7963140776706
chr2:131563945-131564446	LumB	2.64962710044632	3.26282909478311e-30	2.80096746009553	2.3288024746838	3.66798347472583	4.11712420105051	5.14567258949236
chr1:191163622-191164123	LumB	2.64576611860187	6.25432723471601e-19	2.61315412163767	2.76329274069587	4.75039513079422	4.80720837600173	5.18471109369667
chr19:28042434-28042935	LumB	2.64512994773329	1.02297785395008e-23	2.76170773705725	2.44797073155692	2.952502805267	3.78335439610697	3.92714451978978
chr11:69514551-69515052	LumB	2.6341456222495	1.191004037745e-31	3.11354796227367	3.23389597263952	4.01964582447904	4.92150282610365	5.41538830960943
chr20:45696528-45697029	LumB	2.62708766322252	1.46344406053891e-18	2.00741256829947	1.39362892802933	3.87127486498258	4.03812973425318	4.43615888600094
chr6:132946476-132946977	LumB	2.62527687733954	1.66436525181499e-20	2.45799043887023	2.3402721635048	3.72917726370095	4.11250703471634	4.02290724020279
chr21:30443127-30443628	LumB	2.61454984489092	2.8640498093529e-20	2.79410708367111	2.3505811540368	2.28100978767539	3.85403273454972	4.3825226850963
chr5:98924044-98924545	LumB	2.61427801277075	1.29438750890554e-35	3.60885852922181	3.03913274971152	3.99897332385946	5.61733678707541	5.88928728500696
chr8:88186018-88186519	LumB	2.60600536646963	1.23474893389827e-21	2.6751188391857	2.42718760393435	3.58032949634202	4.6542468267825	4.87553365730109
chr1:11605560-11606061	LumB	2.60544607001519	2.73514205312659e-19	2.41029777178066	2.7594207027234	4.03948978214525	4.11560540750641	4.45735844525244
chr2:131666333-131666834	LumB	2.60529809364617	1.1164589174983e-32	2.78155506296606	2.33155740851496	3.59679410624011	3.86371016910474	4.89702459576212
chr5:2568982-2569483	LumB	2.60416868613754	1.55374093493632e-27	2.8963924273146	2.3910384966696	3.23999603213955	4.55142522575306	4.58880343727988
chr4:115796102-115796603	LumB	2.59294072820846	2.7994344605468e-17	2.12526112189924	1.59469762720545	3.91102174074471	4.27848723832386	4.48243185952951
chr10:127329011-127329512	LumB	2.5910153697948	5.42511829193384e-20	3.37498300801171	3.30674632049082	3.44967769002223	5.1345821277807	5.47025204637715
chr10:37197044-37197545	LumB	2.59060481617274	4.96575536613995e-09	2.21584889701964	1.85540047141915	5.59755697638685	5.50331989849719	5.4688143434502
chr17:66968931-66969432	LumB	2.58027458449622	4.07365840518248e-13	3.72125756868616	3.23785602327821	5.35109274563859	5.30430300798789	6.20340029608024
chr6:131825250-131825751	LumB	2.57518274278499	8.21535616921237e-22	2.84510193934627	2.35826246359439	5.01112609758539	4.74983951969903	4.9854560169273
chr8:87068252-87068753	LumB	2.56396340520132	9.65699788835595e-17	2.70079532249896	2.07007087268642	3.31181091879565	4.56199808855427	4.68338466865786
chr2:131571196-131571697	LumB	2.56053180814249	3.789650487694e-28	2.19104513267609	1.85318911706072	3.03410560169584	2.98932700064235	4.13781926372061
chr1:232688381-232688882	LumB	2.55923240827512	1.01248778871985e-16	2.88022049375577	2.62507117966737	4.4187612314353	5.25547981496207	5.53896916987497
chr16:15854015-15854516	LumB	2.55514618236144	3.89436936201622e-31	2.79317534291408	3.0706653400035	3.36697323541161	4.44348726688051	4.47682540082823
chr9:80749438-80749939	LumB	2.55494729546293	4.23444373426388e-16	2.15294688805143	1.67228014719247	4.19590127208236	4.0523695808022	4.70676359322697
chr17:47521356-47521857	LumB	2.55182599409008	8.86348541786339e-17	2.53708793252089	1.97835319040676	4.22493498375726	4.66572165214782	4.74645135868886
chr8:98690679-98691180	LumB	2.54974264665517	8.30152661975934e-18	3.64402935139158	3.58273895666265	6.89845723652615	5.67896393260513	6.37185666110123
chr2:65327032-65327533	LumB	2.54660758479953	7.55586981270748e-26	3.47669340239242	3.68758955782819	5.93276055114812	5.57115206186061	6.02863949302731
chr3:83567770-83568271	LumB	2.54549675718168	1.1990736807231e-15	2.64445582375377	2.20700841119587	3.22936248883697	5.25247991076069	4.74299137038271
chr8:57578373-57578874	LumB	2.54129197978689	2.0027388761735e-16	3.36947188945534	3.2699193079385	5.99363983439983	5.33934594929896	5.99777710851543
chr5:37433693-37434194	LumB	2.53437428073139	2.24601129921031e-28	3.00842343813227	2.48921321219881	3.86806881685846	4.44298802711557	4.83475467554198
chr7:135520658-135521159	LumB	2.53424521518204	1.65253990670667e-19	3.08694411925752	3.27217544183763	6.20192294979552	4.64927234382783	5.38932817122277
chr6:80736095-80736596	LumB	2.52868372890141	1.00999971413748e-09	2.46121621703364	2.11096573003267	5.17627636198574	4.3793089094408	5.08471378037489
chr2:131546595-131547096	LumB	2.52020874898211	5.5243142225961e-25	2.48998600449237	2.19940085856972	3.47505559496178	4.13744164713257	4.75723552192355
chr1:116706060-116706561	LumB	2.51119759385518	4.38846673764284e-16	3.01165927996128	3.1720185028345	5.46918613338286	5.14508886655688	5.56627482671084
chr9:82073601-82074102	LumB	2.51010284597915	4.99253494956193e-14	2.6167140925398	2.06563653992183	4.16967473135546	5.00430330596177	5.09601107118245
chr8:94556691-94557192	LumB	2.50388582723456	3.82075578017311e-21	3.1483808094259	3.02893245669014	4.53299679642065	4.75918307473756	5.24368034165388
chr14:83253018-83253519	LumB	2.50015410309214	1.60988012037076e-27	2.2219171717146	1.89047727900122	1.81234163408858	3.22658485979376	3.66645296582703
chr4:130700404-130700905	LumB	2.49751484376182	2.30418771601285e-30	2.61297799676505	2.26176448550113	3.18911735332964	3.64170678474855	4.54953006002686
chr1:217809076-217809577	LumB	2.49717689715278	1.06773835706521e-25	2.78724711388604	2.4586581906899	3.82092244581641	4.46011754748345	4.76888388355948
chr8:67708003-67708504	LumB	2.49532187154407	2.36259626062065e-19	2.67646554022372	2.16270654244391	4.80597193967474	4.63631455333451	4.96303479514074
chr6:107177578-107178079	LumB	2.49035188483156	1.29557041273432e-16	2.48318905436979	2.24800081083896	4.6324566962417	2.75930858619283	3.62391753193586
chr8:126311251-126311752	LumB	2.48924577247802	2.18065620099024e-18	2.88952548199445	2.78155745871553	4.95284957728104	5.12221109303428	5.30632047665646
chr4:6660283-6660784	LumB	2.48498050534847	8.91328412150649e-16	3.27824843425589	2.77898518786497	4.7647874730665	4.76600716072366	5.42111178304501
chr2:211833246-211833747	LumB	2.48422419646005	3.80835095304044e-16	2.87672605827882	2.18469280555166	5.69357418099793	5.07891359864239	5.11045379105229
chr8:99978528-99979029	LumB	2.48008908580075	1.20164216102149e-18	2.44085134751927	2.32969138542611	3.80578451307504	4.04081528660796	4.38493496116911
chr2:236510416-236510917	LumB	2.47817031439102	4.09772453510168e-25	3.10167119679375	2.38028489073559	4.55979872278312	5.06518466587291	5.3186841712011
chr5:59403167-59403668	LumB	2.4755633932536	5.08253127758375e-21	3.06744494772633	2.09110302700493	4.42875453105458	4.91703770080845	5.28111164918598
chr2:163369068-163369569	LumB	2.47532008579038	7.46535657375743e-15	3.12751238787178	2.80157212314497	5.5972381573579	5.00934163435035	5.668424414553
chr8:116114252-116114753	LumB	2.4680009210591	2.34190763675246e-15	2.8524153380891	3.53969719184118	5.35178455432123	5.11776821566478	5.3305337322117
chr7:16884372-16884873	LumB	2.46612147622258	4.3526918335202e-17	2.81125116250789	2.4141259582578	4.28259364886148	5.19614408841391	5.31010961763717
chr10:73676230-73676731	LumB	2.46145917443223	2.18437086174891e-07	1.69758558094749	0.993968070303787	4.66654377088101	4.20338114759223	4.78827832749924
chr6:17388775-17389276	LumB	2.4611752246275	7.40497176487268e-23	2.87367550801804	3.4329685453542	4.43787186944642	4.94099504927512	5.45167258106292
chr11:40615291-40615792	LumB	2.45714404675448	5.86846115977998e-22	2.19660933810082	2.09123173024019	2.56892713987757	3.76585206564093	4.12377148801837
chr10:9178479-9178980	LumB	2.45571467140123	3.75229275431036e-18	2.47131388755257	2.24210491154089	4.19396681967261	4.37424297970266	4.68944057372701
chr2:142253494-142253995	LumB	2.45519061356432	8.75291343701223e-21	2.5516016734353	2.22749410574435	2.26840598464894	4.17587754515597	4.38349141011672
chr16:13708253-13708754	LumB	2.4536220989778	7.20631173038435e-17	2.91932586313847	3.53920173464566	4.2639062460094	3.4072423039404	4.19102997326974
chr6:145187499-145188000	LumB	2.45103055326314	3.60784136903675e-14	3.25310872812813	3.11047846476609	6.49152499136336	5.3451583440745	5.92614876775335
chr5:66532166-66532667	LumB	2.44492421446894	1.28316470744313e-19	2.27165726638441	1.76451931289254	2.57538320403216	3.63323052014811	4.15050690960009
chr5:105301929-105302430	LumB	2.43782822705789	1.5079258970873e-22	2.26415831400572	1.90532085949381	2.42126872345721	3.59624032991057	3.8980357566688
chr8:80403193-80403694	LumB	2.435619216269	1.00403034858627e-20	2.82928138336098	2.60118655985237	4.13218342709635	4.63964729612954	4.98345427936862
chr14:105673403-105673904	LumB	2.43499416469462	5.26835632977195e-28	2.83162995615004	2.60542269783625	3.8013716687577	4.31013708173921	4.4954362161052
chr6:131170421-131170922	LumB	2.43428942310397	9.95756269648157e-20	2.93218921369532	2.93716932441209	4.39603993109282	4.45836411990301	4.9085677928582
chr8:76119623-76120124	LumB	2.43205550121729	2.9705942492735e-18	2.35236497195452	1.90050197963603	3.07263643555812	3.25404128461205	3.86565522422239
chr8:86200349-86200850	LumB	2.43198243091334	1.57218382964606e-19	2.59314586745026	2.53774263653466	3.61587186667285	4.71867806951368	4.95636982173073
chr9:126617668-126618169	LumB	2.42917149184549	5.58922561615213e-18	3.11756426984017	3.66098051119113	5.02878506547794	5.57367024854048	5.81630365663429
chr12:107764134-107764635	LumB	2.42462217703845	7.76125568117638e-16	3.60170740159278	3.13923377689584	7.16878319427405	5.8976684677577	6.33552529602154
chr3:97200581-97201082	LumB	2.4216380844146	4.3088420804323e-14	2.74903201136675	2.90462368747216	5.34284313728281	5.40756603202646	5.48260958861836
chr2:131571824-131572325	LumB	2.41397631240241	9.09906364215705e-29	2.43144101267359	1.86483591318925	2.94188557931193	3.35248667510843	4.42720229117322
chr8:121878678-121879179	LumB	2.41284499547124	2.55788576499223e-21	2.0199558957989	1.97749953350539	2.48797731863494	3.31392528739212	3.6618547911182
chr8:95696149-95696650	LumB	2.40946693306306	1.08991804221052e-21	2.78369146629208	2.92105697861517	4.09592966224222	4.62289029143108	4.62551027837317
chr13:71682875-71683376	LumB	2.40935338451517	4.67141212674271e-14	2.62545783777326	1.92722391350939	5.14989236918964	4.58973910434463	4.98444655881874
chr8:115520437-115520938	LumB	2.40446892346856	1.35160793407584e-22	3.11352253989491	4.30845490609231	4.6893622239367	5.0408277239518	5.10533487366341
chr3:79995898-79996399	LumB	2.40337566195644	1.89175773924043e-18	2.84726538967434	2.01595950472767	3.81258601947805	4.68585650773857	4.82811177218443
chr5:14519519-14520020	LumB	2.40193667610445	1.46696547533564e-13	2.65410826938247	2.2987770491797	4.8946268466074	4.8313538448729	5.16793468593082
chr10:8950888-8951389	LumB	2.40187920875804	6.87113187904635e-13	2.97073789018596	2.94048404641762	5.76746883673666	5.55168592451688	5.87334747105611
chr4:97117134-97117635	LumB	2.4012872288563	2.18481583433381e-13	2.08291064354252	1.66142131448153	4.01533703927933	3.83394958984827	4.37372373217414
chr3:21855499-21856000	LumB	2.3967206534251	6.46031499304607e-17	2.59716747568032	2.05488058898085	3.23376706290622	4.35316987620723	4.26089203013385
chr2:197842742-197843243	LumB	2.39624896680635	8.09898955415143e-18	3.2094303303384	3.10722369101245	5.30747635840884	5.51125795680578	5.67697400428055
chr5:77861531-77862032	LumB	2.39417554601459	2.19812751682158e-28	2.98263497186929	2.6607720150662	3.32843165545496	4.13366844359232	4.77621449796053
chr3:139923379-139923880	LumB	2.39043810392771	2.95762551807816e-22	2.65329667646607	2.52545059440041	3.85954489801288	4.29801878647689	4.78982104952672
chr1:30345388-30345889	LumB	2.38979870453921	7.48548694504964e-13	2.78750691332042	2.09723615302342	5.19875715106643	4.64354478099781	5.03677783197107
chr8:116172508-116173009	LumB	2.38691848507983	3.136073499119e-12	3.09371481829783	4.8905831862838	6.01261584237885	5.50422511301248	5.77019276581585
chr1:224312023-224312524	LumB	2.38661696695036	7.5683295105698e-17	2.77573639571156	2.60795278000952	4.57497835274021	3.94694850013741	4.82969575805074
chr22:25933071-25933572	LumB	2.37927720297985	4.67772283042686e-18	2.50961239719121	2.48985878353427	3.68537527353276	4.10052842687241	4.16104428238207
chr1:20887882-20888383	LumB	2.37164856627492	1.19308005517857e-17	2.3782649965158	1.84645746133424	3.66444087440613	4.34982941628993	4.57091494917249
chr3:187780447-187780948	LumB	2.3707329155313	9.13821993963614e-16	2.68355617123975	2.90202634005023	4.454973484018	4.48586124610214	5.12117694046225
chr10:116141185-116141686	LumB	2.36343684707916	3.54110186903759e-19	2.90431584345063	2.80557631197681	4.423342099415	4.43168946528428	5.29889931525591
chr9:95282147-95282648	LumB	2.36253561785975	3.1351319558534e-16	3.4504642200094	2.67324410800805	4.73754129607204	5.05150210376974	5.65493877246762
chr8:86543798-86544299	LumB	2.36163970033452	6.58043590347616e-20	3.05176739058817	3.19231228717642	4.25624322831667	4.87938555264291	4.96821381524936
chr12:107765337-107765838	LumB	2.36097157174875	3.02755791600341e-12	3.26072074049148	2.62157913294419	6.8258334659492	5.61494073773009	6.1272811412239
chr1:184855574-184856075	LumB	2.35934093801343	7.45808417737047e-16	3.07088397922734	3.05795459742273	4.81924298304106	5.58690342585953	5.49532783673531
chr1:223476253-223476754	LumB	2.35681335459925	3.17817525340508e-18	2.92390838118817	2.94696269731092	4.2316302892928	4.96807337915393	4.87830290847901
chr10:25280070-25280571	LumB	2.35603795724334	6.45030518710849e-18	2.40921049109478	1.97965008566135	3.47962332911127	4.4877534529209	4.69342994645607
chr17:38266560-38267061	LumB	2.35355800384082	1.28255449510952e-26	2.69667354501246	2.30262164804632	3.26132677520059	4.10781042574293	4.4325609152299
chr4:96785612-96786113	LumB	2.35051066913329	7.81070902368624e-16	2.47987826234061	1.94900064793493	4.70468549618632	4.61429376764874	5.00896740270429
chr1:91958955-91959456	LumB	2.35012966893954	5.62286765372087e-17	2.84121135955885	2.6404398357054	5.03244668204242	4.36549724555414	5.06357900639394
chr6:78512324-78512825	LumB	2.34806497402143	1.70067417242353e-16	2.57697258033205	2.34789168698241	3.8618012083917	4.16670286585513	4.71525555017243
chr14:43673120-43673621	LumB	2.34803178731105	5.63658016600566e-15	2.92190307048419	2.68318999096217	4.47700249414921	4.93416988296867	5.10656222584176
chr16:11293248-11293749	LumB	2.34756105908739	1.20068476254508e-20	3.49720002800291	3.73127092799529	5.72754724739209	5.36868160639256	5.76897085854415
chr6:51286557-51287058	LumB	2.34659230925683	2.63416086213348e-15	2.68809679106069	2.23858019816166	3.94289959403757	4.82317428046704	5.0583467345483
chr19:40932933-40933434	LumB	2.34504961650601	3.37627148540214e-15	2.88391640371016	2.60501938678047	2.8956847582406	3.55505586114975	4.62408234906868
chr5:35201227-35201728	LumB	2.34368779559382	1.20389831861349e-17	3.12886905125433	4.43549293729535	5.66403608982039	5.38492570530103	5.63985540377015
chr20:57986148-57986649	LumB	2.34302025861693	3.96349790301767e-14	3.03816418653416	3.04951764244568	5.89284830404871	4.93888793462461	4.9957679045303
chr1:211187427-211187928	LumB	2.34047794529245	1.8133927641419e-14	2.31699787829139	2.10777301912658	2.85692938398503	3.82081527240539	4.2850490820546
chr8:128139691-128140192	LumB	2.34036772295365	1.16504914349765e-18	3.54042910436113	3.67323882565124	4.62509426891102	5.28847591591648	5.69536901014216
chr6:136364040-136364541	LumB	2.33766911533065	1.01462897608888e-16	3.54923521824924	3.56407230745332	5.0139216256055	5.43381325833886	5.80584793781638
chr9:38436305-38436806	LumB	2.33560920466456	4.89819528986713e-15	3.78970989434105	3.51113067651272	6.1529893539334	6.43115990852782	6.03434488149878
chr2:131670679-131671180	LumB	2.33432071148071	1.24809640662837e-34	3.31519116863374	2.97140063259843	4.13923567172764	4.2065412377241	5.23865513619498
chr14:43589233-43589734	LumB	2.33242672295953	1.08472862881205e-12	2.57591383402709	1.88042082625157	3.9059250603711	5.11637764309218	5.08637253523419
chr8:39244784-39245285	LumB	2.33207504028611	3.95161720623127e-12	2.71030971255565	2.30908588933309	4.17243834507262	4.50397220494137	4.74714369135862
chr8:115686838-115687339	LumB	2.33134128848656	2.65335850312556e-16	2.94297248571285	3.39535670061053	5.11022919347319	4.87185988671085	5.17037912232671
chr2:210928010-210928511	LumB	2.33051844201775	3.24292354796795e-24	2.76280937386304	2.22953237483221	2.95336790975038	3.96212609957089	4.50431406555277
chr21:30777567-30778068	LumB	2.32961994665294	2.04780020942817e-18	2.31635814793036	2.09408059301817	2.72099186099859	3.32660920723143	3.3730211758131
chr8:96362965-96363466	LumB	2.3293615610238	9.0617454144351e-20	3.31301943935147	3.82358283736724	4.80979956432504	5.04482191707539	5.18576119564149
chr6:120141609-120142110	LumB	2.32786952244249	1.30255510176378e-21	3.19863363940925	3.10408661684548	3.34703323261803	4.43031372493117	4.96220678100785
chr16:15475321-15475822	LumB	2.32652306835129	1.38455437236046e-17	3.30483075507561	2.99743419761711	5.35806406290202	5.55227360762367	5.57703726514148
chr1:163766958-163767459	LumB	2.32607529955183	1.91997532395041e-13	3.21236327015076	3.08813311319637	5.6053275198012	5.62660164048051	5.7253500905024
chr8:112627713-112628214	LumB	2.3227748641186	1.40167475613359e-23	3.06596715683414	3.26017054636704	4.12667955169566	4.1029841238568	4.60776500585735
chr11:69518178-69518679	LumB	2.32074016960831	5.33774970011829e-21	3.4394046634215	3.7345093769698	4.45620968055825	5.04838306550917	5.28765712313673
chr8:112628217-112628718	LumB	2.32060939864926	7.97297362717865e-20	2.64654463911754	2.74478622953662	4.06717073894453	3.74605764967159	4.28884767011681
chr2:10336234-10336735	LumB	2.32015899792272	4.39631458866381e-21	3.41604446814721	3.34069821428681	5.68879854189856	5.09884458986166	5.67172086686642
chr9:126674270-126674771	LumB	2.31782396516847	1.58752433741016e-17	3.65648491686023	3.48575636234853	5.6041129106689	5.98468434022346	6.1437696275179
chr17:51608736-51609237	LumB	2.31410324264339	2.04538947843746e-12	3.07455663024264	2.57101348228266	6.3826717393335	5.33885959610244	5.60963564425733
chr8:40517708-40518209	LumB	2.31310578943465	1.05329139045573e-17	2.71968006663889	2.17475574160799	3.0460357412157	4.40503449372664	3.96914887109051
chr8:89203848-89204349	LumB	2.30816063448733	2.61214400956104e-15	2.7663312339161	2.47436376973349	2.80279452640996	4.43744523395221	4.37041110435052
chr1:18462004-18462505	LumB	2.30439655900771	2.80170456221192e-10	2.60739631127074	2.1267656719829	4.87850851271079	5.18675046251154	5.33588008250974
chr1:31186516-31187017	LumB	2.30422395536053	2.78207379120437e-31	3.67350802473684	3.74855470444225	4.1163539638608	5.20125303849329	5.59428720376813
chr1:217556838-217557339	LumB	2.30413709806736	1.38060477107958e-22	2.8671125285006	2.77034029271141	3.4703434340693	4.17658304549728	4.55176742774318
chr6:76740646-76741147	LumB	2.29911011383396	1.29836225906599e-13	2.20121076896745	1.64713531780572	3.60989612528235	2.99594959094105	3.91445457964986
chr8:125069032-125069533	LumB	2.29848620286198	1.43841800836269e-22	3.4430417239213	3.4797566930243	5.13177948090376	5.35226492970662	5.70856756153915
chr2:217366146-217366647	LumB	2.29794033614938	1.63986205443237e-19	3.15709427295832	3.23311972968186	4.69888932673342	5.10716581370615	5.53208351516989
chr2:131543926-131544427	LumB	2.29656371028758	5.33011573329412e-24	3.51827999719979	3.11471092590764	4.73270705425155	4.88383447519082	5.55033395472156
chr10:9109766-9110267	LumB	2.29527644670812	9.69011057578343e-18	2.63206290714228	2.28443235305509	4.2058714508548	4.2678104541354	4.75538277080015
chr6:96429576-96430077	LumB	2.29415919499999	5.07990380284611e-21	2.31609715185245	2.18582900297004	2.83258103954756	3.4802611141381	3.74982132089085
chr1:209547959-209548460	LumB	2.28962220917914	2.12863258076717e-13	3.2329491398535	3.7903083408832	4.28904229857672	5.0866741566933	5.38691473343031
chr8:80402550-80403051	LumB	2.2883580768867	4.6681798216655e-23	3.28089635238983	3.08423550815646	4.44115755997576	4.76357119540397	5.18426548971714
chr10:37414014-37414515	LumB	2.28816682102582	3.9563113782213e-09	2.5850459507602	2.27718373338584	4.99407127360324	5.66580467639415	4.83167772089973
chr8:115637462-115637963	LumB	2.28771951025511	4.55091049031519e-19	3.44512716675909	4.77141643375877	4.95350257426837	5.50071559333723	5.59064275079193
chr10:37182666-37183167	LumB	2.28737757737946	5.80128769107084e-05	1.1016583922463	0.485828610997535	3.08727370193251	3.56343951430578	3.10572198678749
chr4:103932839-103933340	LumB	2.2861781458947	1.63715715207417e-20	2.72860321449248	2.2866193341612	4.52033688885317	4.38910020293164	4.94337269788077
chr4:106285710-106286211	LumB	2.2838142017642	2.7217560181765e-28	2.70105570396913	1.89079735102293	3.32481526263751	3.92846472003133	4.5764010859488
chr4:157939144-157939645	LumB	2.28065262714511	8.57779841961684e-17	2.40131259325933	1.73181898109764	3.62252881409385	4.14240125357043	4.59553605926154
chr1:210788870-210789371	LumB	2.27920673700331	1.17393338175726e-10	2.87960609782438	2.49272552409102	4.94265037111449	4.68643920052497	5.05169448523811
chr20:42533776-42534277	LumB	2.27737322970155	1.03633391805682e-14	3.05617717847482	2.51863224686503	4.03245903631148	5.1904313339262	4.9377140791949
chr8:73891760-73892261	LumB	2.27671457738177	7.67885757115092e-21	3.27296789883921	3.2463693772091	4.98747288165721	4.72214918932337	4.94682321113803
chr4:160458986-160459487	LumB	2.27634340056096	8.54324960303169e-16	2.66863203633788	2.0515277048726	4.85972977945145	4.37145742310078	4.9246361925988
chr4:120173260-120173761	LumB	2.27527433449095	2.60641577912436e-20	2.39016576822426	1.78618039161043	2.50770976042034	3.37006146179503	4.31891441529109
chr5:178077595-178078096	LumB	2.27374734105812	7.58709297379292e-19	3.88906873815185	4.36279393875906	6.15583447346164	6.03773794117186	6.40075526360793
chr21:38414765-38415266	LumB	2.27358714688095	2.5677041099062e-14	2.64710793997927	1.89124748613376	4.6205519395747	4.7675463084056	4.72889791814186
chr10:8067512-8068013	LumB	2.27303305093577	3.16630460044665e-12	2.67644586788138	3.40663599343057	4.72226513734095	5.29457611485731	5.37371516452712
chr16:17315976-17316477	LumB	2.26846592999584	8.49154787804672e-18	3.7540848553201	3.58461400209793	5.51620865069132	6.0748080637877	6.2196794259593
chr13:86956416-86956917	LumB	2.26704517798586	7.54097422882943e-12	2.473867707299	1.90227737478747	3.99267064273043	4.96253828276472	4.89345448306932
chr14:99962157-99962658	LumB	2.26696067074874	2.45942418029112e-13	3.28207508213001	2.88718678472527	5.82552697568057	5.53230057151711	5.73807526450117
chr11:37484247-37484748	LumB	2.26645745454353	5.33011573329412e-24	2.57089645250147	2.16444191104273	2.74500612810466	3.7006776569151	4.01853146488187
chr8:128143125-128143626	LumB	2.26574996776672	1.5242843183739e-17	3.37163258636625	3.35885999255731	4.47566842828322	5.18448361579492	5.63256057481657
chr20:32211844-32212345	LumB	2.26554919016024	4.49589044369509e-25	3.79692595315544	3.70274943189924	4.80649771936898	5.70151495974476	5.94488421704586
chr17:72534682-72535183	LumB	2.26460506993582	7.53490172442459e-15	3.87175606091045	3.66861903962172	6.19289245562635	5.5561119555128	6.30803286641241
chr8:129145703-129146204	LumB	2.26413754772612	1.51792805618353e-12	2.55823007089028	2.28783380423159	3.435713063102	4.72754472371407	4.47644460260304
chr6:106346525-106347026	LumB	2.26211642756269	7.06793406043078e-23	3.01566329685595	2.8241639324676	4.90707459404437	3.82628873279193	4.268111019423
chr12:46176452-46176953	LumB	2.2591271747822	1.20026684514725e-17	3.15576646995381	2.50958663439321	5.12986997589623	5.331961681878	5.53857327758414
chr3:58096796-58097297	LumB	2.25817550271741	6.91057865776208e-19	3.82676894047617	4.18142059795044	6.27859021743841	5.52680681005294	6.03300324613405
chr2:131670088-131670589	LumB	2.25551037263424	2.55136124571235e-24	3.51215745201452	3.19547563565122	4.41453347742178	4.47354767578327	5.50326363683204
chr2:131664957-131665458	LumB	2.25447185608406	6.17772920421801e-28	2.87185906716938	2.35670181473437	3.56683950192921	3.90009969959155	4.79074504317461
chr8:94495557-94496058	LumB	2.25443224483005	6.2444810803507e-34	3.05498518973727	3.32714643238507	3.40587636605489	3.93718392347737	4.26383943788508
chr8:124171978-124172479	LumB	2.25321292583975	2.39393261128152e-15	3.00905753709002	3.49277249061472	5.58635808658717	4.34528466001265	4.71126801398606
chr8:68691923-68692424	LumB	2.2526609361107	2.58992815955236e-22	2.89789797095702	2.81455735217887	3.27431471992243	4.69762759043254	4.70982461032786
chr10:8068042-8068543	LumB	2.2522507241106	2.87002912728445e-12	3.16885350997897	4.09447684735589	5.17360151384028	5.72203063587419	5.89661937652404
chr6:90669799-90670300	LumB	2.25215756105918	1.30978906934756e-12	2.47626548488909	2.01904281847209	3.09737426623142	3.92603811705952	4.66592205377992
chr8:37616714-37617215	LumB	2.25202910397968	1.02697443010249e-13	3.23203224906951	2.77509600631526	4.95731450649981	4.86513156210636	4.91432420682373
chr17:74137403-74137904	LumB	2.24976321469737	1.62455336524788e-10	2.57793567197281	1.93591426335323	3.90423101517294	3.79340015540437	4.14528599036412
chr15:47440736-47441237	LumB	2.24967615500568	8.91378518909297e-15	2.60906711075276	1.79038707820458	3.80782038310965	4.77409635592175	4.52056061508234
chr7:8408892-8409393	LumB	2.24918088106124	1.7531371331917e-13	2.58889036330711	1.79850075272413	4.73363045711268	4.79683458229215	4.8223951861474
chr9:126617014-126617515	LumB	2.24857908876842	4.66759018295064e-15	3.38162181178066	4.05158284225776	5.56756345353119	5.87269189237301	5.98078680801086
chr14:37845445-37845946	LumB	2.24602933045654	8.71396880146952e-15	2.82412439576122	2.15277746100712	4.74070363436586	4.90419763805416	5.12914369593407
chr1:221579247-221579748	LumB	2.24579181163866	2.53972144472482e-15	2.20911662342828	2.18323733415336	4.16603757187653	3.56733845058383	4.13856170414034
chr19:40940709-40941210	LumB	2.24472231644899	2.08407641807628e-14	2.1880628677979	1.39494005606788	2.5593969937532	3.93251042166657	4.15717796184116
chr8:115934170-115934671	LumB	2.23702548302811	2.17453189074272e-16	3.10659538788735	3.56443567419113	4.76574744067732	4.9627039994545	5.01043909104819
chr2:131671454-131671955	LumB	2.23650828994301	2.02400631609726e-33	3.93589718990102	3.82699684426884	4.68510989656443	5.02222494989596	5.78725709847662
chr8:113246943-113247444	LumB	2.23442109980023	6.3580837512965e-19	3.15086251494425	3.02803503726718	3.96707042458958	4.49747496123703	4.84994158664225
chr22:25930029-25930530	LumB	2.23363714916426	1.10954214150432e-15	2.92869032362788	2.32306973124263	4.26073984116226	4.58848095020196	4.50160208027958
chr2:219846303-219846804	LumB	2.23315677054888	2.70131918463089e-14	2.81823398428883	2.46029609787553	3.62953882957643	4.63592135672664	4.70607761801825
chr1:217953299-217953800	LumB	2.22990369595216	2.00849175719899e-14	2.98124438358055	3.67646208971885	4.71212225188145	4.84147077272451	4.91500447763221
chr20:48226590-48227091	LumB	2.22868645268648	5.05644759188453e-12	3.36131265071765	3.58552801555552	6.37026083324156	5.77711612306737	5.73884759222121
chr10:123205005-123205506	LumB	2.22786317325597	6.70929750080159e-12	3.10016125452649	2.42815942964091	5.43399315549756	5.53280513889869	5.80455138429735
chr3:149284439-149284940	LumB	2.22647430615115	1.97548040062977e-13	3.7370671607681	4.05304696995772	7.19692716001587	4.61977632449418	5.55625988993503
chr8:99819228-99819729	LumB	2.22646786591571	1.22793097338752e-23	2.82270170537997	2.51583963693403	3.68095740243783	4.01839456967509	4.28169556085812
chr3:60002482-60002983	LumB	2.22585519755155	2.35708135810331e-22	2.37605002712949	1.77845668728899	2.78293780512341	3.98165183402656	4.23692870343875
chr20:42719498-42719999	LumB	2.22557927449351	3.4288191860192e-16	2.87469440380994	2.49703376926273	3.42674120861086	4.63150057925295	4.94480687153221
chr9:41379449-41379950	LumB	2.22368495962268	2.08685146925687e-13	2.01248393967388	2.39480859971726	3.21314192280431	3.10666193198725	3.88691051922974
chr12:69426781-69427282	LumB	2.22093351925004	6.80073951443497e-17	2.48439907876593	1.86248749153595	4.21119092723281	3.88450669971926	4.41008035565009
chr1:182363754-182364255	LumB	2.22029150101349	6.7098872533494e-21	2.57523859652747	2.75590180316088	3.40879871211799	4.1469265944621	4.31365964078055
chr11:40319947-40320448	LumB	2.21958824450141	7.61278859886529e-15	2.37829902112134	2.06992233832928	3.57921907266337	4.6791217096058	4.5571506316064
chr15:46573138-46573639	LumB	2.21869006033063	4.39237916212917e-14	2.66068225322909	2.30670207962188	4.4737414274801	4.59123350149927	4.90038172155642
chr4:128232670-128233171	LumB	2.21597714950632	2.22541473797619e-15	2.92496558881544	3.0786739608333	5.25482503099466	5.2843922083705	5.32360687250048
chr1:179005502-179006003	LumB	2.21399780423005	1.56823746403623e-15	3.67856573971987	4.75925609127426	5.24687463816688	5.72802020032291	6.01036703668561
chr8:92721958-92722459	LumB	2.21258658221738	1.2276000316479e-20	2.57690270151035	2.52309652694877	3.67124214256639	3.80935266643997	4.00116205783753
chr8:117089355-117089856	LumB	2.21056497603364	5.49935673993515e-16	2.99373933048479	2.88072190364895	4.71447206515783	4.50720604485424	4.77277547309935
chr11:84688322-84688823	LumB	2.20882624336464	3.41787337857127e-16	3.13458417792954	2.93953114604491	5.14769938081531	5.1780591742569	5.33541677372589
chr11:69516907-69517408	LumB	2.20869593117157	1.17655315491513e-24	3.39954106607642	3.70109826034699	4.34570524118965	4.90910557644628	5.37520399935249
chr6:106545181-106545682	LumB	2.20862376338062	3.81480328670184e-13	3.12067393020091	4.63830804146811	5.46520758407853	3.84829393633664	4.12917833481131
chr6:151658658-151659159	LumB	2.20819609544041	5.11644933765669e-17	3.06295349832595	2.60704506081386	4.22519369698435	5.05033674518336	5.3982558165745
chr8:115520940-115521441	LumB	2.20796609671939	8.85014701372451e-20	3.03522460964744	4.10242160431853	4.58169916692294	4.90451873571848	4.8674944533705
chr4:84206055-84206556	LumB	2.20690028449799	1.50530481214378e-13	3.32157787716261	3.9127904810085	5.43920189987706	5.18316443649693	5.50226786115995
chr8:99896448-99896949	LumB	2.20560463819738	1.16225288951999e-29	3.33436694602867	3.53819717282093	3.86130062568469	4.27778859378404	4.60025742538574
chr1:203061806-203062307	LumB	2.2045952216512	1.00278622158436e-21	3.03680678808726	3.35182302387807	3.98212143668558	4.49641614698853	4.88459745230971
chr20:42556462-42556963	LumB	2.2039528541421	2.20748295572083e-18	2.84356104354557	2.54407526727139	3.31579703929989	4.68654324935472	4.57664703865452
chr11:103093171-103093672	LumB	2.20393934784377	2.30213009107656e-24	3.31186118043167	3.11614768467768	4.5524684621467	5.15524007141609	5.22550936511279
chr15:39611774-39612275	LumB	2.20385825093904	1.97032795314393e-27	2.60507943337429	2.20257696442736	3.51597315317915	3.71059704369323	4.31282364559237
chr8:116595627-116596128	LumB	2.2035743069077	1.2862674552745e-16	3.01125132885498	3.68212909290137	3.99095249437391	4.42325673345002	4.39858995152784
chr1:14080506-14081007	LumB	2.20205850995323	6.28295983993806e-16	2.69076572099126	2.25803979749224	4.31076626389869	4.36583850598536	4.33862040548604
chr10:101406721-101407222	LumB	2.20203275804025	2.14340650368517e-22	2.93200151083516	2.20992011159359	3.82455906437807	4.78696374516428	4.9184049010139
chr11:42204309-42204810	LumB	2.19965642233367	4.89032832039047e-14	2.82230513385522	2.50462592446974	3.79900279401988	4.72941899921563	4.88101069470192
chr10:37203012-37203513	LumB	2.19793690875237	7.07448638757335e-12	2.44949459858348	2.13795471942988	4.56125178095247	4.79772581228181	4.43297170011843
chr18:27480923-27481424	LumB	2.19688984920311	6.33729694859157e-17	2.95174904139258	2.73367537187543	4.77046983831238	4.40874595078984	4.82451845662788
chr21:18717550-18718051	LumB	2.19605313306967	5.24592951797686e-15	3.10117505605331	2.65486539188116	4.67518871579935	5.26989780446019	5.27586833498539
chr15:80439442-80439943	LumB	2.19458825381232	1.20698756886269e-21	2.92360144622287	2.46779880666142	3.65034630553873	4.44717265484857	4.78563470055919
chr8:117577224-117577725	LumB	2.19399418328818	2.36921931636345e-15	2.58434464814009	2.33904419195715	4.38021006177103	3.97295299289941	4.57413400119949
chr14:94450034-94450535	LumB	2.19322298198219	3.75229275431036e-18	3.0285550857417	2.5848637301376	3.82453022492459	4.65046095048655	4.90905067166703
chr3:129509728-129510229	LumB	2.1925544941815	1.98140297380101e-29	3.64900694292773	3.93162183317425	4.96358081212596	5.03499837284403	5.62899081933238
chr16:1572593-1573094	LumB	2.19211832773807	5.90375281666331e-16	3.68176559980933	3.84494774348313	5.5405178604977	5.42302429784301	5.80096233196852
chr5:895720-896221	LumB	2.19142891676288	3.24292354796795e-24	3.64141713328453	3.4638817880594	4.82879353894331	5.30126817178672	5.52216767042342
chr8:40405255-40405756	LumB	2.19055511785529	4.27885268854465e-15	2.862285182045	2.55808651419737	4.5971669567064	4.63226788585541	4.7259916300176
chr7:42767643-42768144	LumB	2.18967248781615	2.65278404360257e-18	2.8493244308414	2.32792921359229	3.54954297972157	5.00163099278432	4.63633148850408
chr8:124514274-124514775	LumB	2.18784602805056	3.50992039011937e-24	3.06336499114519	3.18747428520427	4.58155862429101	4.41077045495479	5.00010000941442
chr12:70795557-70796058	LumB	2.18738618120322	1.19429959877588e-16	2.70690198524256	2.0107078640966	4.48970353388811	3.78507215002324	4.45414688485058
chr2:225616262-225616763	LumB	2.18409329590557	1.73032131948287e-15	2.85592512707034	2.5097068228583	2.40653022281006	4.25867537732094	4.78795006325399
chr19:21854201-21854702	LumB	2.18405233587892	2.99466084693789e-10	3.18167080488104	3.45795662085332	5.53074792870136	5.60683509388119	5.76484838954501
chr15:49098527-49099028	LumB	2.18195749842522	9.7920938833374e-13	2.43275474895373	2.49423036400789	5.08917584239628	4.66700431180778	4.83173803234309
chr8:128297580-128298081	LumB	2.18181929698926	1.40354408053876e-18	3.24708503532971	3.89443137998889	4.04281065939527	5.02337255971227	4.79143897070508
chr14:95689379-95689880	LumB	2.18145009098641	1.78548516096003e-16	2.38156682339812	1.66009462769878	3.57999281494483	4.41038692394838	4.31085206266928
chr2:64977348-64977849	LumB	2.18100784111049	7.88019416956625e-14	3.64329473489395	3.2676090058168	5.42436934131425	5.83406790161825	6.10488057081459
chr10:116168740-116169241	LumB	2.18038392089539	2.76580854162011e-20	2.85228642761761	2.24919951276408	3.33328209320049	4.0666599738179	4.73322870064449
chr1:14081457-14081958	LumB	2.17982503178377	6.38359371543545e-17	2.5347473222081	2.01356924575008	3.52784031323263	4.12028184034125	4.11452250778675
chr5:29319-29820	LumB	2.17904496859574	2.10756068708169e-13	3.37146135490325	2.94529196658063	4.29097349066153	5.95094717667646	5.6991458886757
chr18:23985047-23985548	LumB	2.17841165076581	1.91202875391275e-19	2.61538697999769	2.77161774957551	3.00815028560913	4.60328358765903	4.45121649050647
chr8:116077926-116078427	LumB	2.17809120955312	1.53961781262828e-20	3.05046147336037	3.49160635332457	4.56770854587146	4.77184565398317	4.72203383695142
chr19:28074708-28075209	LumB	2.17808966738599	1.32595365044223e-15	2.83040545230336	2.49834877689165	3.27331399076832	3.70024637756118	3.87541907857827
chr6:149083940-149084441	LumB	2.17748709175958	7.58229796440428e-21	3.49301197158518	3.80072575912715	4.82069528879693	5.44078959652865	5.53335501300415
chr3:7119205-7119706	LumB	2.17622580915179	1.61223688389081e-17	2.51554504936568	2.03742894828353	3.31348471535682	3.98310981749252	4.39232386130608
chr5:173487148-173487649	LumB	2.17563557639246	7.44115672234673e-14	3.00989129278118	2.71987897759036	3.98778438587657	5.06531952762952	5.22305577494678
chr5:42272150-42272651	LumB	2.17372651704325	3.25528708803363e-16	2.43230517360419	2.0206360483629	3.75655366514349	3.64711871323077	4.0854245852486
chr21:16012939-16013440	LumB	2.17076592928318	1.0397023079665e-18	2.28070348878909	2.11530284526581	2.35290453925177	2.75007354345781	3.19461253557223
chr20:42582197-42582698	LumB	2.16723086361656	7.58994503983087e-20	3.00990547516159	2.55031391829536	3.9061370406959	4.67519961651603	4.71510777885182
chr6:131824095-131824596	LumB	2.16709664989807	8.13226990251104e-28	3.35091616096856	3.13910390694028	4.66912558066337	4.38205257456736	4.74371183644061
chr8:18345828-18346329	LumB	2.16693762204226	7.43785575033694e-11	2.7330730313464	2.24468149172689	4.59865707424627	4.5873203778627	4.95745389684105
chr6:21409258-21409759	LumB	2.16601369770028	5.3835506995932e-15	2.98889924986518	4.48305647339454	4.62393426990903	5.21496364704593	5.11469482566606
chr8:113307533-113308034	LumB	2.16570380516635	3.36614353912014e-21	2.61846883453361	2.60679400578895	3.30806976086527	3.76209354918291	4.33090176068306
chr13:81507983-81508484	LumB	2.16476072121641	9.81127085916513e-15	2.03738389217568	1.54874367855124	2.7119112861771	3.95350931652435	3.72656944146794
chr6:150342021-150342522	LumB	2.16364490985616	3.49829627197239e-14	2.9508992413035	3.84442562700599	5.95631915214291	3.92596615884738	4.86998882089748
chr19:40933574-40934075	LumB	2.16327379285934	2.55782697502503e-15	2.85941164457988	2.48569492867394	2.84851852127351	3.84916512006782	4.40970332832233
chr10:100831721-100832222	LumB	2.16311016480009	2.86054784303137e-14	3.52909942154573	3.00137432458617	5.77178843044082	5.42896526904007	5.80612780414646
chr6:33990803-33991304	LumB	2.16291927223335	2.88774983109661e-09	3.9278749701041	3.55339626758121	6.6016884204297	6.48889332002745	6.70164222658922
chr20:39158996-39159497	LumB	2.16160859902953	3.22355490382304e-17	2.77984382316702	2.14913439524812	4.35913465167243	4.82227829061361	4.79543761409729
chr17:80657870-80658371	LumB	2.16109122679101	5.37163769947222e-31	3.02050074310458	2.58102881594387	3.29376403578605	3.64643447795387	4.55306601061732
chr10:37412592-37413093	LumB	2.16092347401759	1.58912410250927e-10	2.67216234555654	2.26836416892194	4.6182835509798	5.35590323256967	4.7462080918409
chr10:22187601-22188102	LumB	2.15967954527513	1.15927252321687e-15	2.48747878605802	2.51038513634037	3.67782379268403	4.3347659274508	4.52745551668674
chr8:18311298-18311799	LumB	2.15960314454856	1.66436525181499e-20	2.90746935980172	2.18542778108436	3.45404029714645	4.63223072777158	4.7391324127199
chr1:224259898-224260399	LumB	2.15913707098421	1.10158842521747e-12	3.96760018669634	4.2406519779261	5.58800072673176	5.80583520089844	6.00520689445942
chr10:116671198-116671699	LumB	2.1591096338016	1.56689047870605e-12	3.47952672357818	2.76347274959072	5.11922984738583	5.80661015361534	5.87103269694159
chr4:107267570-107268071	LumB	2.15873795096926	6.33747663924272e-15	2.48733725447545	1.62709139370452	2.85429574344751	4.32069407660399	4.44837092102407
chr15:39719701-39720202	LumB	2.15774922647554	2.71262091600741e-18	2.62541572335648	1.78507515968367	3.94823663807138	4.21991030593618	4.5802893856033
chr6:151632943-151633444	LumB	2.15746593521774	7.78970836612874e-14	2.7893423813743	2.22634129559618	3.96106596818816	4.5993109844615	5.05305131780834
chr22:46492510-46493011	LumB	2.15593341071912	9.63692126020634e-17	3.07300140578279	4.5544401593927	4.57153414007235	5.07662046845523	5.34601422637826
chr7:123619994-123620495	LumB	2.15576770496199	2.75672860016711e-16	2.94093733551053	2.985201717617	4.99993460963674	4.43544184995182	5.25775852191385
chr20:19487501-19488002	LumB	2.1557038655693	2.22321016293528e-16	2.72541765904547	2.70907493280162	3.79244029181405	4.63252227639316	4.82593023620658
chr3:129512046-129512547	LumB	2.15545090057892	4.08959347839629e-16	3.48162716223668	4.43694471379322	6.12655257296514	5.37566955473971	5.65004758426508
chr8:125061157-125061658	LumB	2.15508231937445	3.06039955382107e-17	3.10143397072778	3.47722210811745	5.09596917710296	4.9441307142311	5.12615661175598
chr9:128482167-128482668	LumB	2.1549673227308	5.55098898214005e-29	2.66860141486114	2.56156426272818	3.58503366832735	4.16414656465141	4.35971364994754
chr22:34071124-34071625	LumB	2.15345120317295	2.15046037078519e-13	2.44062107054508	2.27745132523579	3.94317891691396	4.46810981461382	4.33357211856495
chr12:66443689-66444190	LumB	2.15324614495179	4.35057301362716e-13	2.72104460387182	2.6264934459743	4.46446088155399	4.50785268949942	4.74542753487152
chr10:37378484-37378985	LumB	2.15231507270336	2.00104655572525e-12	3.17101754032821	3.10544623792104	5.2280454614709	5.59824041302957	5.25020312910517
chr2:131551132-131551633	LumB	2.15136132104938	1.06773835706521e-25	2.68433187270768	1.96386664083648	3.35858441064345	3.67085555693988	4.50730219443411
chr21:21062989-21063490	LumB	2.15091124230599	1.16405536450719e-16	2.90448300290322	2.67363445481958	4.87265019518897	4.97616423696343	4.87182773036504
chr3:57634241-57634742	LumB	2.15081581272038	2.34179114256334e-26	2.70856220007346	2.67269182160883	3.43758679560363	3.93528153699104	4.09920146074781
chr8:129848018-129848519	LumB	2.15050304433068	4.84223121038006e-21	3.49055910398173	3.90466351044136	4.57724580149635	5.02705964608974	5.14463264077357
chr6:92766359-92766860	LumB	2.14928897288088	7.91093192993893e-14	2.22450342443712	2.28593963104534	3.23666851349146	3.49743101707128	3.74738894563923
chr1:219530725-219531226	LumB	2.14915179610153	1.8723437369505e-14	3.2204251799404	3.18741103053292	4.86225142826254	5.40634654054096	5.304580756649
chr17:67990917-67991418	LumB	2.14913302914297	5.37632964372222e-21	3.78000920267737	3.42067992012436	5.50535914982405	5.35117524761344	5.80459951566859
chr12:88425960-88426461	LumB	2.14851653303037	1.1050145927041e-19	2.71773429473997	2.26402036520334	4.21752863299747	3.87319202746913	4.63841426358188
chr5:174146919-174147420	LumB	2.14849907454549	2.03103201613341e-10	2.92283701464983	2.28655151544151	4.90912625233039	4.6554636139638	4.99017653670876
chr10:37203995-37204496	LumB	2.1472642185262	2.74516587146974e-11	2.43025260233411	2.05326326208228	4.34469555492424	4.81902820869148	4.3534543235013
chr2:131547678-131548179	LumB	2.14711030099261	1.42144988182055e-20	2.55724932981975	1.97875161421286	3.38756658528997	4.1230432190611	4.62510565303293
chr1:85203701-85204202	LumB	2.14549128095563	9.7371874867055e-16	3.3603051314462	3.64198732065089	5.511006802525	5.35397984655808	5.52517423570834
chr22:27070514-27071015	LumB	2.14400366349685	6.91227103836455e-22	2.7945942592788	2.13792293744238	3.56043852511079	3.36555729304987	3.8097035117545
chr19:15975750-15976251	LumB	2.14305928235221	3.15238679817348e-15	2.76075326259413	2.62826231071663	4.09982557664356	4.61185134302547	4.89442629195515
chr1:244955412-244955913	LumB	2.14218392605996	3.59850555034298e-19	2.77236979166603	2.71686027771836	2.77862512350314	4.07614930105219	4.26414612033965
chr12:44853666-44854167	LumB	2.14124813741139	3.66628937802606e-18	2.86859550377131	2.0846413448619	2.89068134585216	4.47676828843077	4.49064043579206
chr21:40387343-40387844	LumB	2.14067287869315	1.51850548504094e-19	2.63914361898695	1.83133885736756	4.33209768902976	3.29635391269892	4.38885382226567
chr5:134969367-134969868	LumB	2.13989067635847	4.50322700009801e-19	2.94739657518638	2.8258161343999	4.87239261040212	4.84969186846704	5.03879795002439
chr10:37413399-37413900	LumB	2.13965980420876	8.02972698938331e-09	2.27422170263379	1.89494329735575	4.16908897660955	4.90059509094733	4.33645967677799
chr10:9065656-9066157	LumB	2.1391931556452	1.61976976968614e-10	2.26572090701238	2.13609716525645	4.37583643041346	4.37754274485208	4.59760862156791
chr21:40316021-40316522	LumB	2.139030496228	7.67773714629369e-21	1.94962345837438	1.48782549376283	2.15143021836357	2.52813808267747	3.2308708936584
chr11:38937654-38938155	LumB	2.13618719818248	1.16793983315497e-14	2.85423558266296	2.54863082948363	3.19472286013379	4.67342677312003	4.53584823197819
chr7:113171381-113171882	LumB	2.13605189961383	4.91088167009468e-16	3.1211913987758	2.685234773031	4.99729943896808	4.86763340751727	5.20988427892338
chr6:129622207-129622708	LumB	2.13558383467509	1.94211171061928e-19	2.69169884906431	2.72911058985444	4.16055607806891	3.82706513697161	4.50721202720216
chr4:48298401-48298902	LumB	2.13544687022157	3.00396416215412e-20	2.35353599568383	2.71189781019975	3.07542164927636	3.9482981968914	4.0869764803267
chr1:44153926-44154427	LumB	2.13453307852212	1.07097333078299e-15	2.56856932441653	2.32846545226215	4.83932786392249	3.81219379995012	4.36864027703446
chr10:110435166-110435667	LumB	2.13304737316294	8.93018400476364e-16	3.23601807763045	3.16052937527721	5.87713028381366	5.07211433014242	5.58603556680217
chr8:57537722-57538223	LumB	2.13279062475126	1.51227895499025e-14	2.93553393360892	2.30636884695448	4.66988757564976	3.84347657931302	4.74411485844215
chr2:31561005-31561506	LumB	2.13017825286425	3.18872168340758e-09	3.01717633039225	3.10685083809945	6.34522277136618	4.93687657894075	5.38039257978964
chr5:11885336-11885837	LumB	2.12927685407148	1.16675335626244e-17	2.41463600235115	1.926877758724	3.26182881323787	3.41617681653018	3.8504704196075
chr8:71599769-71600270	LumB	2.12922839866005	5.7393498004879e-15	2.60372733122707	3.54939673995666	4.44343161858721	4.13422101200179	4.43456087517474
chr10:87007703-87008204	LumB	2.1291884667313	5.29518515379599e-08	2.99879880781662	2.7050444887338	5.73402536315621	5.36014811231935	5.8322529759487
chr17:20690329-20690830	LumB	2.12847119434647	4.87382278796669e-15	2.17869084891102	1.59739423596781	3.90697914080523	3.86564212690647	3.78671871314771
chr1:210518791-210519292	LumB	2.12748362276584	1.7558610332985e-13	2.8924574916866	2.77992104557893	3.69734399758343	4.99593350359844	4.69918815066436
chr4:112319824-112320325	LumB	2.12661197425529	3.45801524458637e-19	2.8876583599349	2.7328382413163	4.3985608796537	5.02020342061539	4.78966342135632
chr5:15392785-15393286	LumB	2.1253952036275	2.79678689468088e-12	2.4275149378237	1.94924206698006	5.11472563742866	4.05878021395199	4.65573526864096
chr11:69481394-69481895	LumB	2.12537279667535	3.4131409502444e-18	3.94227586742698	3.64031659292006	4.91974785061488	5.17569666401382	5.79923510698736
chr20:42480908-42481409	LumB	2.12509746181005	3.32085640164005e-12	2.64706193425038	2.25929989336443	4.3646128365218	4.88013000676795	4.49923996897038
chr8:117251244-117251745	LumB	2.12509386005478	3.726255212167e-15	2.34144904478805	2.07706959138329	3.80627592429537	3.96033787953512	4.28806993154729
chr8:40355471-40355972	LumB	2.12472866546769	6.08291492425236e-16	3.04242865007792	3.91916342720231	4.84266483447949	4.4081075906708	4.61133967644279
chr1:184446363-184446864	LumB	2.12394648219683	1.93795743858553e-14	2.83106673168341	2.50879197096341	4.85608899043081	4.98414667050379	5.06217621573873
chr8:99531098-99531599	LumB	2.12388962389728	6.51278422815843e-17	2.57091722055364	2.28413353542503	4.4593033969176	4.21812820565835	4.51387364434405
chr7:143432015-143432516	LumB	2.12341743775401	8.09723858459637e-15	2.90301937874779	2.55199787792972	4.39391005287233	5.46486321106941	5.10776938325004
chr4:7832550-7833051	LumB	2.12021853218527	1.28255449510952e-26	3.33614830247767	2.93929094559131	4.12074074998096	4.96688243445127	5.31637355296327
chr10:37195646-37196147	LumB	2.11993007287371	6.30203281755009e-09	2.4095661378233	1.69591532836242	4.93973415430519	5.14752432995998	4.77034567928845
chr1:224299777-224300278	LumB	2.11822140954499	5.75343185482336e-19	2.81111338554429	2.64836004889947	4.83841219491137	4.24879578824943	4.70648316261639
chr2:100056537-100057038	LumB	2.11737382279044	1.69987528222709e-12	3.32550333086388	2.48475623849063	5.24333327203999	5.56055952086619	5.74834701591977
chr10:37196516-37197017	LumB	2.11731805822636	3.57990570951145e-09	2.62228296227297	2.11907906760484	5.35577069563721	5.32203518819717	5.10736372637056
chr2:179114591-179115092	LumB	2.11722276963998	2.09281073524995e-13	2.91440667278605	2.9087162008956	5.13456251962006	4.92369895087699	5.01902948146072
chr7:33313054-33313555	LumB	2.11707168874239	4.17798663849002e-15	2.53028622562856	1.78739405630014	4.08685774559722	4.17485238055429	4.40226688548289
chr8:124739612-124740113	LumB	2.11645937077428	1.1411294463285e-19	3.54636450934047	3.55285638517986	5.50696633772054	4.82374808094195	5.28303989739117
chr13:83680308-83680809	LumB	2.11544309042128	2.56059224343825e-13	2.69859720234922	2.43144068231784	4.51060351148463	4.90120627057678	4.87420215231338
chr17:72934969-72935470	LumB	2.11411388076019	2.94386464045021e-22	3.17877815593659	2.8846055347147	4.62508299487297	4.83997786915506	5.19074897104594
chr10:37183668-37184169	LumB	2.11378398121223	2.00965416990064e-09	1.93496807144291	1.42692244391384	3.63674589776474	4.02542931222678	3.86074866538699
chr1:219531253-219531754	LumB	2.11309913536332	6.97005565790096e-13	2.86802726430015	2.87724598781923	4.56756996999361	5.02295653663043	4.915743035343
chr8:68733093-68733594	LumB	2.11110353957962	4.65437120520829e-18	2.62933542609676	2.41838571497802	3.03906496538938	4.19806562651313	4.33887722592154
chr10:37411726-37412227	LumB	2.1110191649632	8.72604302449695e-10	2.20622870960549	1.8586044120576	4.06975614659465	4.49466043124571	4.13475237113608
chr8:94589302-94589803	LumB	2.10999759460185	4.31405774295239e-21	3.37581047654478	3.53232840489055	4.24789778598897	4.34533726181931	4.68620437698747
chr10:37416344-37416845	LumB	2.10607597874497	3.71627336179776e-10	3.04643436161693	2.58570770835239	5.20125965498536	5.69119621517958	5.06048459534935
chr20:42569935-42570436	LumB	2.10583594378684	4.45161097338716e-17	3.04220967552681	2.62803897417286	3.80302024097522	4.84569782678205	4.78472342323286
chr8:111781790-111782291	LumB	2.10571400007694	1.59927587187175e-15	3.05407882007912	3.13652144767642	4.72239094084772	5.12610209955584	4.79625296579344
chr20:48812006-48812507	LumB	2.10547421071452	4.38396699652676e-09	2.58270549836306	2.24999176911791	3.91099951154255	4.08345234772163	4.59981302798806
chr10:37204923-37205424	LumB	2.10518666330774	1.25602883519372e-11	2.92858839009098	2.51055381812877	4.90843894258166	5.41222523420947	4.9949517839849
chr8:114476236-114476737	LumB	2.10475215985564	5.69600007261813e-11	2.86997614871865	2.65831276509279	4.1806943129428	3.61020539141742	4.39029677811409
chr10:26987848-26988349	LumB	2.10441187588023	4.24656273862281e-23	3.32451313185941	3.19713379554938	4.79747305069661	4.77745391051949	5.20530874966378
chr3:158680849-158681350	LumB	2.10273694797223	3.33080676868184e-10	3.26116720893846	2.85815271785419	5.46845179308299	5.5697457579004	5.72612523214823
chr6:158465818-158466319	LumB	2.10255151607465	1.2626894940293e-12	3.27133450334662	3.01233760523509	4.3973307252657	4.89324427442256	5.29865558614937
chr4:35770714-35771215	LumB	2.10244018172673	2.21563576141681e-10	2.17243149273958	1.95355755145665	3.83036547299436	4.53171177075419	4.48488112723764
chr12:80504285-80504786	LumB	2.09959367727974	7.44062280037868e-16	2.55829435523035	1.92856339077279	3.22050507122521	4.47398133704595	4.51476856938235
chr5:97203199-97203700	LumB	2.09954866720906	1.75627289767198e-12	2.60319555217104	2.27398272037495	4.51092947525492	4.91153362614683	4.73877206537294
chr5:155070627-155071128	LumB	2.09879306479975	6.97066791623826e-18	2.61549938689358	1.69980450984665	3.34161099888943	4.33899887183017	4.56758922847747
chr4:3779427-3779928	LumB	2.09872067631176	1.82018635229788e-14	3.58668221581618	2.72206906455736	5.07721392017899	5.08727315869033	5.45459652243193
chr11:69529742-69530243	LumB	2.09781669284265	5.18832824673977e-28	3.59391388989623	3.7328358140212	4.0545226173895	4.51038321919559	5.08247379433208
chr6:131847909-131848410	LumB	2.09771756127733	3.10010607385855e-17	3.0507854369864	2.66900219203516	4.53981188992654	4.24355560541219	4.54840021918337
chr3:103388498-103388999	LumB	2.09729397746805	2.45542271732889e-20	2.73495933931683	2.66618669020533	3.24823377682078	3.89110584817755	4.26381779929184
chr15:39732837-39733338	LumB	2.09720788813019	6.60389794299248e-15	2.6287872070388	2.33933842501492	4.23356556011485	4.75780118913851	4.82304770693607
chr8:102602254-102602755	LumB	2.09663206193741	1.07519144430309e-24	3.90709077010856	4.5143183001995	4.86810427928485	5.3263633959997	5.70377303790727
chr8:117231221-117231722	LumB	2.09621219274592	1.02955110353927e-11	3.10513377047162	2.93966847894191	5.77847642049063	5.14313249532986	5.43277477658609
chr15:39619932-39620433	LumB	2.09614412741709	7.31346803341288e-15	2.47555951302678	1.68096477339203	4.45736007634023	4.06503257308715	4.65710121514667
chr10:17449993-17450494	LumB	2.09451031147779	6.9806513147982e-14	3.18339179349587	3.34210881266153	5.13582232089653	5.69968456143584	5.46870412078439
chr11:104591106-104591607	LumB	2.09254285930616	2.17168190588629e-14	2.71243299938259	2.13674218179564	3.84085747409953	4.72966929297018	4.53671875716452
chr1:211180189-211180690	LumB	2.09248818760664	1.42848544072376e-07	2.65253461926225	2.44819099988374	4.03873507770613	4.10679606967386	4.66174407877734
chr5:173563122-173563623	LumB	2.09236432728218	6.00718285246464e-12	2.93629113258058	2.23113442604872	4.07662512758502	5.15351180471664	5.06647088183163
chr20:23524884-23525385	LumB	2.09131562328979	5.34814602662656e-17	2.57234518524343	2.19244413712026	3.0049989176976	4.49211061074077	4.36571213904932
chr4:39117319-39117820	LumB	2.09080478159278	5.27129704965299e-18	3.06836333243733	2.78869999737956	3.75251258684008	5.14874086140209	4.98376112764748
chr11:36682696-36683197	LumB	2.08965105392142	1.53667715482199e-08	2.83254049095326	2.15526325534821	4.17236094487743	4.72390345453347	4.94824011764497
chr1:209537992-209538493	LumB	2.08935808596487	1.85588365664804e-16	3.06653136030205	2.98768451483741	3.71869018227052	4.94059171955973	4.92304898422043
chr2:131606316-131606817	LumB	2.08932171962251	2.56972677086905e-12	2.75151985225275	2.0586793107302	4.09131983144311	4.21713081721781	4.91223170801331
chr7:118621801-118622302	LumB	2.08877939477314	3.47866851726668e-12	2.54699118157154	2.32655103670221	4.65512921865792	3.67943009870068	4.62932314907995
chr8:68927288-68927789	LumB	2.08864312990011	2.77414515284127e-19	2.90099824735582	2.78756732180987	3.16916047163863	4.08507778743233	4.50961989691927
chr19:40938867-40939368	LumB	2.08448910423075	2.01326886702166e-16	3.11403210397377	2.98462291662236	3.89847706271815	4.34636075119936	5.02143063998799
chr13:73730978-73731479	LumB	2.08405407327008	4.44914183442691e-23	2.78608930599507	2.2139705169379	3.4581880873381	4.07414563461817	4.19511625673277
chr1:209537463-209537964	LumB	2.08365387110666	2.9573998192338e-16	2.98622200094866	2.74725393162259	3.57172245212282	4.99284973022866	4.92668358965931
chr8:77813337-77813838	LumB	2.08307730900105	1.80065784459811e-12	2.79697161686179	2.24698958821454	3.79219098473116	3.73094589064002	4.35535692629613
chr11:78606631-78607132	LumB	2.08246762868641	3.19198609429061e-10	3.05776107319327	3.38742675225434	5.49219197483963	5.48926308233098	5.25134180325695
chr20:23448593-23449094	LumB	2.08222415779257	2.04876956029048e-32	2.70967979244492	2.53389444534989	2.89879591114258	3.6242677587567	4.04949793328358
chr2:131596475-131596976	LumB	2.08140609774698	3.32006388197505e-14	2.65923382114392	2.13251574728593	3.64357791694461	4.09205974195523	4.62896859700129
chr1:111054508-111055009	LumB	2.08002284090449	1.79400235095207e-09	2.15251275721466	1.95884271637735	3.67588032783156	4.51042744897189	3.98228198004323
chr15:46573744-46574245	LumB	2.0799829552369	9.38295799942713e-16	2.27368055401392	1.66157098042174	3.11383194577403	3.85979726584323	3.96126896708298
chr2:131565415-131565916	LumB	2.07749201304269	3.07303338295923e-22	2.56664389900802	1.85967234890475	3.43223128627265	3.44353100785609	4.33722236457505
chr9:81320366-81320867	LumB	2.07543749976027	7.11226492238182e-16	2.74318091728433	2.51963827346916	4.58087902349867	4.92324723890894	4.89729306787723
chr8:120279613-120280114	LumB	2.07495632068683	1.37724361913524e-12	2.61723853464957	3.00557506039718	3.99515255283607	4.38357239653058	4.52704334285154
chr14:43649870-43650371	LumB	2.07456297866379	2.45531204066204e-17	2.71300121231518	2.07919826204085	3.62837436921858	4.29546526012487	4.67279279997742
chr5:178079437-178079938	LumB	2.07317483233907	1.1960122361695e-21	3.25620427421787	3.49549438625459	4.99574906520052	5.11887767643984	5.42102525949687
chr10:76927111-76927612	LumB	2.07299570055735	3.22349161607156e-11	2.42764619272154	2.03376325135578	4.91109238753686	4.17013594171402	4.45835733867407
chr15:61271077-61271578	LumB	2.0727948542233	2.22420863910315e-09	2.67432866343731	2.43569334008427	5.26587744578536	5.22068948994599	5.22276428143549
chr8:85889342-85889843	LumB	2.072719059541	1.67995968189333e-13	2.30068671214919	2.35227245961599	2.72733915016045	3.81386685536764	3.77278665733243
chr20:42891647-42892148	LumB	2.07218760505024	7.91530039014467e-12	2.9774887275578	4.39505172679059	5.28615110509238	4.75600114838881	4.9575385731876
chr5:37549413-37549914	LumB	2.07061625424301	3.70841553836131e-13	2.83580430619375	2.37434851918316	4.21405003228022	4.43994433313971	4.6515863277763
chr1:185101386-185101887	LumB	2.07023190456268	3.41909950879829e-13	2.6601288236749	2.86869430945187	5.07531908684119	4.75557133390592	4.80414168203668
chr22:46534691-46535192	LumB	2.06915911499674	4.05019993023374e-24	4.41925697449943	4.27575377667918	5.01120058094616	5.71188676618621	6.24550896985129
chr16:30060297-30060798	LumB	2.06863448599708	8.80299333459744e-15	4.53373823301769	5.75738288560037	6.81854537621815	6.78700906215235	6.86352167775483
chr12:80652038-80652539	LumB	2.06854640833481	4.82549461981171e-21	2.3787210943584	1.61996426404614	3.13469406517755	3.34681910976347	3.7696905158729
chr1:211181985-211182486	LumB	2.06692405284381	3.91479378507474e-12	2.47597790885387	2.8040598726592	3.12474324395887	4.01164651771588	4.2688314810504
chr10:9034308-9034809	LumB	2.06645436343128	1.13705133225264e-15	2.55586607326088	2.35589005977182	4.07937232998895	4.09080117918494	4.64570993948012
chr8:115782323-115782824	LumB	2.06619524187083	2.72978251722683e-15	3.05048683600837	4.17415656591817	4.9501332375821	4.61241573228907	5.20903129062038
chr12:107764638-107765139	LumB	2.0661781600036	1.85872102162177e-16	3.89447921952069	3.29923183688601	6.91121491428622	5.65570052819661	6.0914683494067
chr8:92998823-92999324	LumB	2.06607705080758	2.77229902475208e-09	2.96459666576803	2.51368502110527	5.17112676862861	4.74106020887553	5.11392751122632
chr9:126677419-126677920	LumB	2.06589612550078	2.89493327983869e-18	3.45453601141304	3.54953970854156	4.96881583080392	5.33083561687602	5.59418664427055
chr5:96455131-96455632	LumB	2.06532067390542	1.03834094611711e-14	2.81454122560642	2.27508619472381	2.89054678811805	5.05337948479901	4.65954695144673
chr16:12898520-12899021	LumB	2.06374688236252	2.58279379055883e-15	3.20627258724146	3.29968644073063	5.25891278662787	3.79038427209303	5.17363242545157
chr2:100075611-100076112	LumB	2.063282808772	1.56290337211592e-18	2.74330033482494	2.1824933072029	3.32287862834641	4.68975364421126	4.81845654944259
chr12:5635426-5635927	LumB	2.06196079490637	1.13029297335414e-19	2.61623400747483	2.1817493881408	2.88137710073413	3.93914473069724	3.66582563149175
chr10:46835825-46836326	LumB	2.06195802837404	0.000355004258706883	1.21118626740764	0.736094801313988	3.22035517639122	3.31172637916714	3.53433109086477
chr1:13577668-13578169	LumB	2.06122962646871	2.26276812950255e-20	2.66979274640336	2.25933786419888	3.27070366124523	3.88740997639803	4.13018748669745
chr8:40529866-40530367	LumB	2.06059156046461	1.64740872471543e-15	2.91559005410473	2.49414137136654	3.9023808764801	4.34690299682244	4.38437536770471
chr18:14465992-14466493	LumB	2.05989706120818	1.44599937643691e-10	2.23028059072818	2.40013402760789	4.39523422348692	4.51481053567454	4.41417274214733
chr18:4338324-4338825	LumB	2.0596973272008	4.08059323836049e-12	2.66042770049304	2.29431086835145	4.43484714499759	4.36141061522803	4.16688326002115
chr10:37161065-37161566	LumB	2.05931690538246	3.77497962535329e-09	2.47894447227593	2.09337396812839	4.83265067819798	5.0836594348323	4.64690448300034
chr4:166012403-166012904	LumB	2.05854373368565	2.33281489741522e-12	2.8567060646674	2.43220887987967	4.1847945827154	4.08855080184559	4.7398994695512
chr8:40206274-40206775	LumB	2.05848481137012	7.10395531623575e-11	3.83207310570121	3.30814156893901	4.55582514471779	6.38566031714154	5.40986485687418
chr1:217604903-217605404	LumB	2.05752596591847	7.00760674227558e-21	3.06396225502613	3.44397660084155	3.77467726952021	4.56393998509946	4.73122070171252
chr19:34088266-34088767	LumB	2.05524149554654	1.15168097667824e-13	2.32587824371768	1.8983799720409	3.35418688226531	4.39486091199557	4.16735907998557
chr3:123451134-123451635	LumB	2.05479526302613	4.36071142264291e-17	3.59011425809499	3.06540275621416	4.65987794934612	5.2206246234139	5.36459518344116
chr10:1429381-1429882	LumB	2.05453138002726	1.4953467641275e-14	2.78207166161659	2.41964111051521	4.43957987916571	4.01319429530451	4.34577224686342
chr12:93874704-93875205	LumB	2.05309444546088	4.89448080797141e-13	2.54952589811817	2.00074983796101	4.63041854281303	4.14195580380397	4.6144375311171
chr20:47011861-47012362	LumB	2.05160720230686	7.16831605962767e-13	3.39990613977058	3.45024810786817	5.3502271791602	5.12900633712395	5.36525416271135
chr10:22183064-22183565	LumB	2.05046650892184	2.62377990393465e-08	2.52796580341795	2.26189405643822	4.69421250177473	4.6610182133681	4.94903022050045
chr11:130604476-130604977	LumB	2.05017080064093	7.92280830840297e-21	2.94969237133118	2.78594027905623	3.47106572207396	4.3198548619898	4.69506263452171
chr2:168876902-168877403	LumB	2.04986259427381	1.48970368016759e-12	3.03053398799426	3.39235653877908	4.88107458496205	4.86324916461609	5.06969164764363
chr3:189098136-189098637	LumB	2.04912694772629	5.03063670316439e-13	3.11818712225295	3.24601281399748	4.04975999433877	5.5166368023807	5.47586808114406
chr8:142333831-142334332	LumB	2.04866841031355	3.75229275431036e-18	3.39812638626887	3.79899352245659	5.39356704481989	4.7476788560508	5.12372788778824
chr1:204758590-204759091	LumB	2.04775961705268	1.08492519548576e-11	3.50007572921785	4.9777611483364	6.34989025428608	5.84358718322738	5.86288084490974
chr16:20147782-20148283	LumB	2.04641412503374	7.67664650785057e-22	2.84552490032043	2.55338071356161	3.62214297320435	4.34330501030007	4.57885650008566
chr2:131546054-131546555	LumB	2.04589939560357	2.32302502886994e-18	2.22650764748373	1.90106288054304	2.96611219946785	3.75261128042668	4.02646186962077
chr2:131629688-131630189	LumB	2.04457129748515	2.00250180358399e-24	3.20196118167627	2.93161840162513	4.01885630728855	4.15286869626018	4.95932745855144
chr4:140752675-140753176	LumB	2.04244354175525	5.64695713459285e-22	3.81850621288814	3.20189152711197	4.77318433917072	5.7348590528406	5.87046258474144
chr4:117203275-117203776	LumB	2.04224347512951	2.16287359039773e-13	2.66861357579583	2.30271296364796	3.57933062865527	4.44099412559083	4.78616545876019
chr1:46901127-46901628	LumB	2.04167740169055	6.66427445548585e-10	2.83413690935035	2.85282713682837	5.73437929686378	5.04246970882066	5.20054512160574
chr19:33993431-33993932	LumB	2.04000963530841	2.45531204066204e-17	2.42826248498072	2.21108819664766	3.79283691181947	3.20455179550875	4.0291366600036
chr13:25599907-25600408	LumB	2.03925891920155	2.11177811845977e-12	2.93269091270074	2.67739106477864	4.71201411713121	5.34243548886175	4.95721746855088
chr8:17516911-17517412	LumB	2.03782804750878	5.4820484317157e-11	3.01161231587499	2.44817039466098	4.69291007832411	5.01841543327905	5.1939684636737
chr2:129945579-129946080	LumB	2.0370668164694	1.44589516201004e-15	2.75555648316008	2.40421375386219	3.69527917950746	4.52505335127647	4.63832078520007
chr9:37798703-37799204	LumB	2.03620007820407	2.24929273501298e-14	4.060706118764	6.02583015614708	5.75185285910341	6.19416997263748	6.18558657109251
chr10:115710164-115710665	LumB	2.0355826296805	3.15498913269995e-18	2.6690487553713	2.13667770358336	3.20166093185751	4.27781063122298	4.55758849105764
chr14:69331518-69332019	LumB	2.03348750196081	8.43361468379876e-19	3.38849962885249	3.47825700652613	5.09239735523187	5.17096860190869	5.37381192742827
chr6:23993039-23993540	LumB	2.03347943829969	3.71459141986029e-12	2.52528505849812	2.18909090055305	3.35677803661221	5.0637787687498	4.61887418374073
chr3:4886370-4886871	LumB	2.03311030758475	3.1311073558444e-22	3.26166577444986	3.03947244667603	4.26880022898467	4.24387594184393	4.93004680134564
chr18:65636840-65637341	LumB	2.03229491378123	1.96903683905409e-11	2.99521805096215	2.45196760078878	4.79316851476485	5.12327331895172	4.96555138502103
chr8:125553385-125553886	LumB	2.03219705196843	3.3904186572056e-15	3.67214461804385	3.96248538719866	4.62054812142338	5.74399333627737	5.32648730567178
chr6:33991547-33992048	LumB	2.03127187229927	1.46500565340018e-09	3.02011730489139	2.78584214244823	4.67372677871018	5.43409133143335	5.40114887565281
chr12:91542076-91542577	LumB	2.03097136933651	3.91803669654047e-14	2.59095139854677	2.11176923761525	4.33617253335497	3.92688655697238	4.18178822800956
chr21:38071288-38071789	LumB	2.03061822091675	5.97380087278827e-13	2.71019771539422	2.5727970869246	5.5773143495042	4.21311938556072	4.37320561126677
chr8:18328497-18328998	LumB	2.02933271673344	7.90207452855119e-13	2.38721215270977	2.02130564398818	3.94088135900776	4.11754197301565	4.37958551842103
chr1:77092729-77093230	LumB	2.02878463979811	2.82456163478315e-13	3.23153923233292	2.5319878589297	5.25643921802805	5.38889482306726	5.35174180458326
chr16:78080714-78081215	LumB	2.02668248463865	9.73858512985105e-17	2.47164466718766	2.25880522658494	3.34845180511458	2.39387897425109	3.29453938332513
chr6:637945-638446	LumB	2.02379485494081	1.04918216216297e-20	2.70309577389841	2.57270890276486	4.15090079988128	4.09564177913781	4.42875646295163
chr15:71091483-71091984	LumB	2.02379337437066	5.0964246379343e-17	3.62336690592393	3.29586770803635	4.47769728713831	5.05209580933693	5.45496461330569
chr8:115780681-115781182	LumB	2.02249142685057	4.86792189505659e-08	2.82948600188419	5.51313312779219	4.92589109117824	4.93381612191002	5.29422281596103
chr4:17753704-17754205	LumB	2.02248795447643	7.28133701816921e-10	3.1847085322394	3.06041196351811	6.16815072289042	5.36282637454334	5.43678564685864
chr1:198947396-198947897	LumB	2.0211634725095	1.34116543439025e-17	2.64747624634364	2.85636061189019	3.98864528819545	4.04530474436416	4.29075910356079
chr4:40239314-40239815	LumB	2.02043889748586	6.60410012369027e-16	3.65112870649796	3.23256706525904	5.07932762524319	5.32537490085085	5.57089951488002
chr9:126667183-126667684	LumB	2.01996340214932	4.68780087074296e-11	3.90080803782183	4.55391359226104	6.89250525875806	5.96327163376411	6.26663920388642
chr7:56180859-56181360	LumB	2.01981139648394	2.22607260149145e-10	2.52744475316452	2.33306231594481	4.19949194991568	4.88459094435688	4.52389658367655
chr1:209524638-209525139	LumB	2.01937636128556	1.5242843183739e-17	2.59831077130843	2.75001305102076	3.27211227211758	4.02592637219208	4.38097750887344
chr10:37379035-37379536	LumB	2.01931552476853	3.25051306834926e-12	3.39917648837885	3.12771473917893	5.36724677828163	5.75222111819196	5.24033275903241
chr13:72175739-72176240	LumB	2.01818566745613	3.61600951622799e-08	2.59452821050799	1.89551204472097	4.42486769077676	4.73990210358242	5.06022134521445
chr11:24457966-24458467	LumB	2.01719602494984	9.90937402092558e-12	3.07351459955562	2.36876890764177	5.29851229723082	5.02301029856858	5.24239823907172
chr2:172582791-172583292	LumB	2.01650736777889	1.40865755401528e-14	3.24568436459655	3.03790958925701	5.13266293518445	5.29231655372936	5.40289030193538
chr19:40932264-40932765	LumB	2.01629687232253	5.67549322696428e-13	3.17183840690132	3.08022877741068	3.23986489452667	3.99924229696058	4.75006716748454
chr1:30502144-30502645	LumB	2.01518987506697	1.53388579866319e-13	2.53485418370671	2.14148477886538	4.24632214013732	4.30025730811292	4.50476390854919
chr18:32087983-32088484	LumB	2.01435575568875	5.49464576737212e-17	3.82535177580777	4.18890297352521	5.64371881092411	4.91996727120069	5.57661464082815
chr11:69513992-69514493	LumB	2.01340223881475	1.20698756886269e-21	3.07809134856439	3.31776710356399	3.8462069307065	4.44969215389293	4.80463074401013
chr12:14900490-14900991	LumB	2.01214491522414	2.18307055911518e-16	3.42809682840441	3.97011757711959	5.52349131995108	5.22086668434801	5.4487195120621
chr15:83202100-83202601	LumB	2.01160397679264	8.62309375912209e-15	3.16782867305553	2.62719771621863	4.06510435554993	5.09298259449556	5.13134559640218
chr10:92942163-92942664	LumB	2.01066966263198	7.74387276615055e-15	2.92829451249156	2.33510018812742	4.53032984355067	4.88915570721675	5.01340090676724
chr5:71750326-71750827	LumB	2.00909375692117	1.07233808642365e-12	3.50322570444103	2.54213224646343	5.55168645580934	5.81373653297505	5.81226187643776
chr8:116584058-116584559	LumB	2.00798335847641	2.33004503134164e-17	3.00279213975928	3.94249241669876	4.2152237105899	4.28108732184011	4.46315667539585
chr2:158188918-158189419	LumB	2.00733775993972	1.3490480381447e-16	3.92398288779018	2.89024402376884	5.25405968790828	5.56203474631694	5.9668408698781
chr1:13976411-13976912	LumB	2.00681894815929	9.08007328233056e-11	2.29261783787961	2.38176081616862	3.42076091024893	4.21620849413698	3.63767904313342
chr4:91272342-91272843	LumB	2.00640861580566	5.2107091930469e-14	2.57525383427301	2.01248917761333	4.59130004885163	3.43505026637074	4.14996314167827
chr16:9242354-9242855	LumB	2.00625746737701	3.69823904310503e-16	2.62307066583167	2.61540325128411	3.89472324760466	3.69719223206088	4.0719307414883
chr20:42886014-42886515	LumB	2.00619239275191	5.98040014222e-17	2.66270154010905	2.39112217565274	2.83181066934297	4.27512905012237	4.03139884633681
chr1:241800685-241801186	LumB	2.00462036045184	1.86056179120993e-14	2.6932096684224	2.74244891636318	2.94119261841559	3.91459424953938	3.78719349249963
chr4:157251418-157251919	LumB	2.00453928726733	6.45472099082999e-13	2.92170866889717	2.37963021456584	3.38023012315952	4.77359280117908	4.58987127115294
chr6:16991447-16991948	LumB	2.00428875114101	3.53829743389499e-16	2.64769848126858	2.440437629421	4.4474116929457	4.51537943961883	4.37914457748827
chr1:204562497-204562998	LumB	2.00378733967831	1.77836721197441e-15	4.08238849567255	4.7631067700578	6.07305172930616	6.0376469774625	6.1924021969953
chr8:87070558-87071059	LumB	2.00346237477885	4.66703163455659e-18	2.80250767687459	2.72109199633724	3.52023745054917	3.95939804161491	4.28628329715492
chr12:96262659-96263160	LumB	2.00219693284678	2.95678930304706e-29	3.38953526817068	3.08725647398751	4.49950730211001	4.62421869021996	5.10332549607902
chr2:216750765-216751266	LumB	2.00146179640982	2.97210706979589e-07	3.0541071679227	2.33652597450088	6.22080594605308	5.26127097063771	5.68744774326381
chr8:144688917-144689418	LumB	2.00086876360718	1.04539711397917e-11	3.94828033253092	4.77086723146312	6.10698333329333	6.23440587479916	6.11252630870832
chr15:39615378-39615879	LumB	2.00078400099213	2.70765173758693e-22	2.46996901543038	1.72045931340046	3.47692984265552	3.93993747063566	4.22577367940048
chr6:152036636-152037137	LumB	1.99749056966545	1.10687346859114e-16	3.00920380714839	2.75464235018228	3.73505758963072	4.70874250704103	4.87382738658403
chr17:66967849-66968350	LumB	1.99667350822533	1.83063528400439e-17	3.90898763474985	3.62539958645519	4.97718866978924	4.75981030751215	5.6960694962454
chr15:91432094-91432595	LumB	1.9938292697119	9.26402696166717e-14	2.63838144289646	2.11075949940699	4.58045975107635	4.37456274950413	4.38973068543417
chr14:24375710-24376211	LumB	1.99359361987834	5.71860429351128e-22	3.81470970769931	3.74086839530608	5.06358128198254	4.7822148386524	5.44595776366617
chr6:78292263-78292764	LumB	1.99305013294943	4.96465121783119e-11	1.58857846655187	1.10142478485848	3.37462736017593	2.03007085138953	2.90181174774031
chr3:82217100-82217601	LumB	1.99123632429946	8.27562495752074e-12	2.37873886743077	1.85073125702732	3.38189700123352	3.96874161530703	4.30460507181464
chr10:37408065-37408566	LumB	1.99066307485749	7.73350870234219e-10	2.33521885754931	1.76031041119937	4.22452275225047	4.60217853698815	4.11065613783347
chr8:125071175-125071676	LumB	1.99033022183098	6.98181918093298e-22	3.52467718779698	3.54317195749237	4.90080359897587	5.06556161919515	5.44868756349376
chr1:58288310-58288811	LumB	1.9892951557062	5.08397315805989e-07	2.8758800878927	2.36659788771856	5.50834730968883	5.12548244893627	5.51164469532811
chr1:164605539-164606040	LumB	1.9892083293975	6.39130496002859e-10	3.56287613167134	3.80011632880083	5.74195159391133	5.77260534401487	5.96812813062363
chr18:71205923-71206424	LumB	1.98880715819809	3.1832164961401e-13	2.11006839467163	2.0621037292726	2.1960884949559	3.34493899233319	3.10157587212954
chr4:97718198-97718699	LumB	1.9883641760493	4.23444373426388e-16	2.0863898572175	1.64144838390203	2.40079694896915	3.06992388114212	3.44395203279631
chr8:114538386-114538887	LumB	1.98748318344131	8.13761990376734e-17	2.70015730876647	2.51657582821236	3.44397294851793	3.64785146807623	3.65821374057568
chr9:126616484-126616985	LumB	1.98748013807849	8.94898509339724e-16	3.66732294522722	4.33390416518973	5.6676550759164	5.6303708193658	5.86462975231809
chr17:57410136-57410637	LumB	1.98635912414684	6.93011747714876e-21	4.01354135391952	3.229029009949	4.83354556022997	4.6488984476808	5.57891823169639
chr16:27555901-27556402	LumB	1.98581194137801	1.33602988705918e-10	3.33625564940961	2.82969206396769	5.04674920933998	5.17717645986481	5.52713234140704
chr2:131667993-131668494	LumB	1.98568319492213	2.26990142282895e-20	3.29151915032471	2.72693233001572	4.08819960252973	4.02798666247602	4.8943382683554
chr3:140199719-140200220	LumB	1.98537121161221	6.75208428269337e-12	3.20240873139846	3.3028570922168	4.9809409711529	5.36150668623119	5.23521727059751
chr3:158651126-158651627	LumB	1.98501728741588	1.66388001845165e-12	3.20503164250726	3.25009373439339	5.6656718230928	5.52031968457989	5.26325332503902
chr6:170329945-170330446	LumB	1.98433419315675	1.20254787693501e-20	3.08423935330977	2.94650227292657	3.49214798240836	4.36780056214283	4.47588271048044
chr2:161867300-161867801	LumB	1.98382872770278	3.78369958251821e-18	2.25630490296601	1.97408280614887	2.77274494152413	3.60518987737051	3.91992695622539
chr8:125063789-125064290	LumB	1.9834748266715	5.03806700155791e-18	3.33131601539553	3.33823963968317	4.68848116866911	4.53551228545469	5.19041378475923
chr8:79912602-79913103	LumB	1.98284688148964	1.69547722003134e-11	3.40178731636521	4.42322939716275	6.00264309592014	4.5447188164211	5.24788147776385
chr9:126642826-126643327	LumB	1.98279628327508	1.22296141097625e-19	3.35497417199488	3.48479008452391	4.66968314251986	4.81147714269739	5.16807563948219
chr2:131551906-131552407	LumB	1.9826451711293	1.96893358469426e-22	2.54861198888097	2.53551351739797	3.17714235997881	3.52119319858174	4.28116920893284
chr16:54940552-54941053	LumB	1.98141967005989	5.39796755127686e-16	3.5163672420525	3.95047643690978	5.05252856786655	5.36901227569151	5.65274411047697
chr18:73937510-73938011	LumB	1.9813399381964	1.43571131014908e-12	2.84975334857973	2.7660670927719	5.29249497735821	4.77906118569665	4.90524608748916
chr20:22961265-22961766	LumB	1.9810408570038	6.16066348262971e-15	3.12337916770444	2.68173671923809	3.95259028172506	5.2322900193108	5.09130069404887
chr2:131633384-131633885	LumB	1.98091612305898	1.37530900354267e-22	3.14476872358125	2.90479045257102	4.13427949877425	3.86293625742407	4.84941455950271
chr10:37417096-37417597	LumB	1.98044334302691	5.28034832162519e-09	3.2646449304731	2.88923965264605	5.32237294480572	5.95245010393332	5.39036049370396
chr7:120591812-120592313	LumB	1.97990706417031	2.35789479109079e-14	2.92454295454263	2.40981490369908	3.28435286753724	4.2896249163998	4.35181335503271
chr1:221654402-221654903	LumB	1.97981575643132	1.31301808772787e-15	2.80779431027946	2.7653784159557	4.46063397984416	4.59148539245613	4.73582242288377
chr5:4017113-4017614	LumB	1.97956617703384	6.74822939845472e-16	3.07709258434359	2.92205810884093	3.5748312197537	4.86325861783119	4.55750716931737
chr18:34765518-34766019	LumB	1.97916233284468	1.90492858710966e-13	3.17581826567785	2.72262717150363	3.50769449683244	3.94825791644181	4.55277829752378
chr6:65767406-65767907	LumB	1.97903030703072	3.44941701060182e-13	2.61988886324067	2.33703336238868	3.83237584453773	4.47026829233996	4.62095506640616
chr8:116016811-116017312	LumB	1.97781733956794	6.36516593205332e-22	2.83506521077821	3.14727250821995	3.45767351722421	4.50775745604177	4.42415687696816
chr12:74871146-74871647	LumB	1.97733257681459	3.47094034450147e-19	2.58151311258996	1.99595009598723	2.90334763548739	3.67843752320575	4.15065514177068
chr8:18323056-18323557	LumB	1.97655913419775	1.40804298678082e-10	2.51104330692424	1.70053711685287	3.52401151480138	4.40358344402948	4.52176213778191
chr4:137055264-137055765	LumB	1.97653542105801	1.50417725244452e-19	2.34247456281973	1.95055640956688	2.78990797775937	3.13563718257196	3.58624875739205
chr19:7808028-7808529	LumB	1.97626777873005	2.13621465858742e-15	3.5640528491963	3.45405860616721	5.93694467095217	5.15447057223104	5.6496996228212
chr8:82877295-82877796	LumB	1.97593016348181	2.80124373587025e-12	2.97135811978281	2.83817183766245	4.55071659757762	5.0214284779475	4.89506587749891
chr16:19937869-19938370	LumB	1.97512245478785	8.00477772155157e-18	2.67291922743067	2.60253438462135	3.3686705099636	3.69089832008774	4.0024695468886
chr8:67714473-67714974	LumB	1.97443001263006	1.32104870216847e-15	3.3489743049337	3.02166086190161	4.75307328985254	5.0019684176868	5.16987254647219
chr1:34946163-34946664	LumB	1.97434152192037	4.07545439845429e-10	2.66836197331377	3.02976914873668	4.67896988837649	4.40485232234396	4.5260345118523
chr6:15446924-15447425	LumB	1.97431103956162	3.03267629800805e-20	3.74863520576801	3.59516679567362	5.3944092945257	5.39962292313341	5.57297657835546
chr6:72271605-72272106	LumB	1.97405232393665	4.42316197203271e-12	2.63313572610555	2.23548186164274	4.01988945584542	3.84626970061353	4.55839002371935
chr20:45423712-45424213	LumB	1.97395143972907	5.43116281769955e-17	3.50339657784739	3.30779322641961	3.77136761154359	5.26534782776365	5.11063879142939
chr5:77946438-77946939	LumB	1.97288564178774	2.56215946222102e-09	2.9171252595069	2.82184724222451	5.45489548794931	4.53071461296676	5.08746659583061
chr7:881459-881960	LumB	1.97257098011481	6.78260807711433e-12	4.6788315797738	4.49973173135345	7.04951604054967	6.86086700736876	7.06652751866021
chr2:200537539-200538040	LumB	1.97187647997736	1.14583877782291e-18	2.87611752553895	2.32198345388578	3.89503537608664	4.26817318327337	4.67267978474781
chr1:234451618-234452119	LumB	1.97181220777748	2.68281790128024e-08	2.86754838550264	2.98085951996886	4.78079511324466	5.08631180208368	5.41493748233022
chr7:69774537-69775038	LumB	1.97124483934908	2.7994344605468e-17	2.88818584933287	3.54952013763485	3.78367698341221	4.44047130078621	4.784536738837
chr1:209534998-209535499	LumB	1.9699067904473	1.10292467926398e-17	2.98891190185852	3.00467196387101	3.51054555644578	4.43034050594636	4.6608242732562
chr6:131847388-131847889	LumB	1.9698277068845	5.28568151560299e-19	3.20881207034532	2.66914082210534	4.35715596962732	4.09375959805384	4.35787679631912
chr10:113582162-113582663	LumB	1.96813154559372	1.57629187620171e-16	2.76540867050445	2.63125897659154	3.55627082342834	4.10570959418858	4.36649965225701
chr11:15616111-15616612	LumB	1.9668651891062	9.89154421040264e-09	3.42947908150898	3.50516031524071	5.47399175421823	5.56395188072806	5.96129160683678
chr11:37687019-37687520	LumB	1.96637806096671	5.61058239074451e-14	2.70532956247957	2.30309830682658	3.73703842481621	4.74908908060324	4.52300374380178
chr10:8073061-8073562	LumB	1.96610809451273	2.19772164909983e-10	2.8925591772553	3.85856154958307	4.65403650989393	5.08596773148997	5.24429690691839
chr3:8727011-8727512	LumB	1.96576684648199	1.78125551444036e-15	2.89991022911713	2.47923788902852	4.27439761160602	4.53180328780645	4.65965377997512
chr17:58639219-58639720	LumB	1.96576274428839	8.5832304983147e-28	3.20497641633615	2.83621548550153	3.52297803007953	4.09019529864995	4.87673626680417
chr7:38732007-38732508	LumB	1.96573252321364	2.70765173758693e-22	2.99995510873442	2.96209779914247	4.02544104975508	4.22987828604101	4.59904809973918
chr6:34252325-34252826	LumB	1.96538981608013	5.80047511914132e-13	3.33563390269081	3.66041184347991	5.66712782238491	5.26656402307747	5.38010611917454
chr10:37380609-37381110	LumB	1.96428803558502	5.25767849517222e-11	3.25969834459517	2.95025312894379	5.12784106730366	5.63464054581223	5.23434641274681
chr1:30486857-30487358	LumB	1.9637993186912	5.77025131919779e-10	2.49318170770535	2.26648472099417	5.48959728553332	4.32708811043012	4.47149485371304
chr8:47607078-47607579	LumB	1.9629422163659	6.63822304809952e-16	3.62279476775831	3.14577159010123	4.39886487260141	5.19141407403362	5.29150809976142
chr6:40708558-40709059	LumB	1.96164129174219	5.50476935081885e-21	3.05182121800024	2.79324352262486	4.23093914216715	4.35300929744643	4.73913411186195
chr10:38363371-38363872	LumB	1.96153981205034	7.61857526166687e-08	2.20524619200793	1.78888935437468	3.20011185481037	4.36073122755353	4.25552248858825
chr4:40153767-40154268	LumB	1.95947359669965	8.97005219055862e-13	2.49650491564145	2.10451470319581	3.65680330588541	4.11706546314151	4.38081855620291
chr12:23023992-23024493	LumB	1.95876854325191	2.84434716065918e-13	2.06406817125545	1.61517831681808	2.3973447037788	3.44235652962018	3.49196048485388
chr13:46762441-46762942	LumB	1.95860253900004	7.03289782641802e-16	3.41100705305308	3.09067300299671	5.73178563966911	4.93654596028922	5.11511505341917
chr16:56368457-56368958	LumB	1.9585721373987	9.46240127040008e-15	3.40260589884301	3.26663109692367	5.34813572086609	5.0644021112731	5.47258006104657
chr11:39589543-39590044	LumB	1.95787261618819	2.62517859413891e-16	2.73110570091918	2.7715657815446	3.24034993059644	4.3384868540898	4.60916773072453
chr2:240065939-240066440	LumB	1.95733148827285	2.85284816363127e-15	2.21989565022791	2.03856517512163	3.74708278180663	3.81108302105409	4.06429774538618
chr11:129018398-129018899	LumB	1.95690220507985	1.81882326827379e-09	3.10554891072503	2.28770060978556	4.56625887608346	4.96067081728594	5.2665018677433
chr10:37377881-37378382	LumB	1.95672215081987	3.18738034852493e-12	2.87192120595126	2.74215323735075	4.6158594682845	4.88599444926608	4.6727519807138
chr6:87095145-87095646	LumB	1.95555736499081	1.27378886428252e-11	2.3881862787977	1.88621555907903	2.06607276963961	2.94373880577968	3.21032981777418
chr1:164245466-164245967	LumB	1.95539780339563	3.03441793421133e-10	2.65352083999241	3.1051336389059	5.32111286095919	4.5590182677163	4.54403881255886
chr10:8071584-8072085	LumB	1.95523825538303	1.95127128493404e-10	2.91885493115471	4.03113535223058	4.64729529265297	5.22216341591152	5.28979042343841
chr6:148257770-148258271	LumB	1.95452773396277	1.55331216862801e-06	3.0702949980783	3.14468663149915	5.43873579671045	5.32862759551042	5.43857000829642
chr1:144533371-144533872	LumB	1.95435316048955	1.71671289234242e-10	2.4219068603907	2.59479351215697	3.86556386237997	3.37115323471532	4.26546507106375
chr2:236874739-236875240	LumB	1.95216437301046	1.72364451004628e-17	3.41575023640511	2.71105638934139	4.90173309895167	4.70653052460267	5.29239553531744
chr16:20316992-20317493	LumB	1.95072591590986	2.7449583981764e-12	2.73229240085157	2.12915253852777	3.12234327583342	4.8732990535419	4.68501392910934
chr9:121082368-121082869	LumB	1.95006920204206	1.70094119388954e-22	3.10490161439119	3.03704386770837	4.15884869249209	4.37837496515975	4.87875677576251
chr14:43035650-43036151	LumB	1.94953921375587	1.83637071430997e-11	2.19254668918534	1.40474450817588	4.54927277364553	3.54699889572759	4.03620978604958
chr1:218650451-218650952	LumB	1.9493574713822	4.79666714415407e-07	3.04935503809819	2.7437995566086	4.63213336357629	5.01586007667871	5.13835666905383
chr13:85716199-85716700	LumB	1.94910272443017	5.29468679194591e-12	2.83210893448484	2.46138527380462	4.1745102260553	4.46880915664062	4.77879858258751
chr5:100560425-100560926	LumB	1.94890319590951	8.34915221347122e-19	2.98884880983643	2.09537978806477	3.92939246804912	4.32382417449971	4.78333062522005
chr10:22049570-22050071	LumB	1.94844848140935	6.07704037274273e-19	2.51525651864952	2.41939328879899	3.55098343823712	3.89017133787142	4.13280995602352
chr6:151913036-151913537	LumB	1.94718887443626	1.78882999810627e-13	2.59503558606264	2.54782866041232	3.07634412980074	4.20079802745366	4.47712523065162
chr2:131580077-131580578	LumB	1.9470741954529	1.17594679260901e-15	2.95319113659923	2.37308392728102	3.45858245883257	3.74418375758591	4.5106819282336
chr13:66038033-66038534	LumB	1.94682125353152	2.30628068807238e-10	3.25901815379863	3.23249276192523	5.31769772783759	4.56771886621558	5.09753127042831
chr15:87520415-87520916	LumB	1.9464247558399	1.38190284526665e-10	2.52420385631408	2.17528694678512	3.11234428106692	4.11895269317723	4.13445581375813
chr11:120657272-120657773	LumB	1.94638867978408	2.78551123895805e-10	3.48044748517704	3.1223116437172	6.45375036208553	5.3194064113654	5.47137958719277
chr10:73676732-73677233	LumB	1.94613986444351	5.45723819466786e-05	1.93023448268321	1.10083586660423	4.43321739685039	4.12999277155323	4.62123559476378
chr7:42234753-42235254	LumB	1.94550410121867	4.38159995196658e-10	3.46526397161593	3.33254201527349	5.46044270531034	5.57899827702257	5.69097295273649
chr3:8710719-8711220	LumB	1.94534941749419	3.74084253094427e-09	3.32001268623838	2.45604765854759	6.37612973956094	5.67663170041149	5.84365272047577
chr1:30417275-30417776	LumB	1.94520946366462	1.44589516201004e-15	3.05840646470665	3.00798100972834	5.28638360470037	4.72192622571569	5.10079824961829
chr3:8492466-8492967	LumB	1.94502873497105	1.2383285403048e-21	3.371335502976	3.4397579165539	4.54494261558662	4.87852464181457	5.09076940109393
chr2:131566539-131567040	LumB	1.94444470373414	2.00213740231024e-20	3.07695271037957	2.75464708011277	3.77110647396315	4.0158047577002	4.80022747425623
chr16:28323674-28324175	LumB	1.94443650174658	1.62153317348443e-16	3.94773232719186	3.60654734266063	5.90488667639736	5.44273360966607	5.9789714412054
chr2:57669444-57669945	LumB	1.94420516678654	1.32132391568055e-11	2.32494258001674	2.71691147518118	3.62185615016601	3.55210536303036	3.95231718920449
chr11:102991701-102992202	LumB	1.94369093387909	4.98035720396139e-14	3.18449751040341	3.34608369424455	5.04509115919422	4.99862197791324	5.02160487458077
chr6:151974955-151975456	LumB	1.94364519279851	3.62480217451803e-17	2.69980357166521	2.66762099640791	2.9219311518704	3.93772657359144	4.45967053244199
chr5:90556849-90557350	LumB	1.94311735722185	3.09082037600651e-13	2.98051699022199	2.10665123328712	4.56218005119232	4.57865124003567	4.4057489474678
chr7:52725412-52725913	LumB	1.94266394412606	2.75632517289434e-10	2.99023804896833	2.00432951516385	5.43654273000191	4.4786084377331	4.96571545657928
chr2:164092112-164092613	LumB	1.94220074463934	2.84006673201988e-14	2.5033832334581	2.14012768963494	3.44332883269191	4.00905861716821	4.32495755086784
chr10:37377284-37377785	LumB	1.94194744830463	3.32085640164005e-12	2.78392767007509	2.33922871464787	4.45135159402685	4.86537403515347	4.53410014156201
chr22:44645004-44645505	LumB	1.9418870454194	5.80649375402721e-09	3.77286825326787	5.30166979745272	6.12574602125285	5.44845901267616	5.66163354546334
chr20:42571567-42572068	LumB	1.94146004775462	4.690963509592e-09	3.10924382483295	3.07299418354946	4.63879361929656	5.42560393919506	5.01188327209732
chr3:8327803-8328304	LumB	1.94042009630295	4.64531671895604e-12	3.22415517912296	2.5263223792581	4.78449590008394	4.7692791834421	5.29719318436323
chr13:85971344-85971845	LumB	1.94024309830051	3.28035606972766e-14	2.69017014862311	2.51038632111044	4.03273032506858	4.60384781379252	4.64655980532701
chr15:39719118-39719619	LumB	1.93866334977966	7.96906494767889e-15	2.48425017647419	1.67992163285999	3.87176087152226	4.12962358906778	4.35410842862648
chr20:23600523-23601024	LumB	1.93846273169209	1.83416103475749e-19	3.10810932254269	2.86691643655929	3.37013619624499	4.82647824289888	4.7472109580672
chr6:17390193-17390694	LumB	1.93783117109908	1.25541438892463e-14	3.05804492513416	3.48327349480337	4.22133392532377	5.020883794988	5.08546584022816
chr1:18703824-18704325	LumB	1.93761757662279	2.09740879383634e-14	2.80389119178796	2.68995456406258	5.39010201360164	4.04628557655339	4.53419976385769
chr10:116199998-116200499	LumB	1.9374261599284	4.98358376731482e-19	2.82418586369804	2.36220709340904	3.19765744009155	3.92465256499847	4.51577188100241
chr12:96266887-96267388	LumB	1.93716065468906	1.60162108850134e-25	3.74769559899397	3.55385926904031	4.78500148361994	5.06162914713137	5.46185852301966
chr1:209545717-209546218	LumB	1.93591459723499	9.70914309520703e-13	3.10072013256959	3.04621379146135	3.67040082123133	5.12159105540589	5.0960726801858
chr7:81167950-81168451	LumB	1.9341142980434	4.0581830617506e-18	2.80047784344336	2.79850565178998	3.53079113805517	4.17464957076611	4.44055505705365
chr2:205895380-205895881	LumB	1.93328736599193	3.62480217451803e-17	3.22907698286298	2.84539205419459	4.6273552624369	4.58924033868457	4.86656443727504
chr8:121433376-121433877	LumB	1.93270776023778	4.96032131152343e-19	3.01051684281363	2.69988620259467	4.02122475865319	4.54524819688364	4.68833007939945
chr19:40934352-40934853	LumB	1.93119483415878	2.46149551873171e-13	2.86995473566268	2.20120861696269	2.67840925167823	3.82924264189565	4.32734439693437
chr15:89693542-89694043	LumB	1.93042399380329	2.84961054571904e-24	3.1628839316136	3.3957755829368	4.28040912535063	4.66383718114714	4.87630293254579
chr10:101282835-101283336	LumB	1.93038341410508	1.4793322986475e-14	3.05396182437623	2.35865371754047	3.64925220999153	3.90272797318798	4.30550103427586
chr3:180582061-180582562	LumB	1.92929394627846	2.33907443181772e-14	2.60182414011049	2.10745275504218	3.87862095104649	3.95711330158699	4.50842777966625
chr2:31514907-31515408	LumB	1.9284975431587	4.9419460435456e-12	3.14404646574534	3.3291805297936	6.06076820803797	4.72384205525857	5.03773712180007
chr1:165604579-165605080	LumB	1.92830313760928	7.30058149448059e-15	3.05723737570287	3.03938095753669	4.56584978705517	4.79189833715078	4.94212220180378
chr5:173565523-173566024	LumB	1.92750564636311	6.88175952715045e-14	2.87453729193338	2.63180698458374	4.08433825579734	4.86120673954908	4.83955430945933
chr17:58900453-58900954	LumB	1.92620672831075	2.45531204066204e-17	2.75922989487113	2.68821977830553	3.94990931612688	3.3364239990073	4.02508859787199
chr8:76843255-76843756	LumB	1.92601415116395	2.15046037078519e-13	2.9530018111405	2.58552842564382	3.73100700426551	4.30988215228794	4.18226625516767
chr10:37418160-37418661	LumB	1.92576158874721	7.621859356591e-09	3.24245127046214	2.80172106906572	5.2425652118169	5.66922793088087	5.2918440410159
chr2:154673114-154673615	LumB	1.92424624451786	4.10335544964053e-21	2.75243804476363	2.4007673677787	3.0501195726162	3.34256904834001	4.07171804207785
chr6:139856576-139857077	LumB	1.92383206329915	8.61576396769491e-11	3.20716529664527	3.41459091903079	5.24365021908856	4.96433897498686	5.2943378492995
chr16:8679111-8679612	LumB	1.92320183334825	2.40514991994285e-10	3.94432876625539	3.74558831034382	4.82635504427906	5.66181230879593	6.08954946661702
chr10:56231379-56231880	LumB	1.92275422493553	7.11854762235857e-15	2.90150174586308	2.98797950229807	4.27034628064497	4.27094094389515	4.67202653553536
chr12:28455197-28455698	LumB	1.92257334116794	1.71160195411017e-08	2.52235867993646	2.63608714298409	5.25311560137984	4.42487938420725	4.47239210425145
chr9:25523807-25524308	LumB	1.92255691215786	1.47874368679883e-13	2.6532986037593	2.49441983667951	3.89857459192388	4.048206167857	4.42655457132092
chr10:37206098-37206599	LumB	1.92237491461534	7.0450964317104e-11	2.70315450584042	2.28127344821741	4.64930417025243	5.02439171267641	4.54854903717321
chr5:173303206-173303707	LumB	1.92223563466449	8.64882026398341e-15	2.91467574712592	2.74023875162948	4.60214146723367	4.76122068131281	4.87440330762127
chr1:162792495-162792996	LumB	1.92128124562019	1.13132407079079e-19	3.6829125195277	4.27470395398415	3.95718051205505	4.86377200802874	5.31627789041254
chr4:105932931-105933432	LumB	1.92027637421636	6.66830581867573e-16	2.69756191142011	1.84974880505922	4.41314602905458	3.83788168962228	4.48590800342952
chr1:215488907-215489408	LumB	1.92022371479677	2.07580199759265e-16	2.38835021032335	2.08709284956999	3.08626856096803	3.76622659795044	3.89979169691372
chr3:56391751-56392252	LumB	1.91993590784372	1.16991330671287e-15	2.26287866323796	1.50444540573769	3.02793980278305	3.50287350334884	3.61188068404542
chr6:130828061-130828562	LumB	1.91933870575909	7.31201676928574e-15	3.024415578231	2.15865470706477	4.0349618981337	4.292278318219	4.51407131718208
chr3:103308343-103308844	LumB	1.91742259979346	1.06568159170234e-15	2.35722925319485	1.94127206622804	2.28452174181466	3.04087852457152	3.40659440305946
chr5:2696077-2696578	LumB	1.91719115839736	7.621859356591e-09	3.20318796561279	2.70538305281296	6.32043683476305	6.03303362527617	5.65173452377697
chr15:53748281-53748782	LumB	1.91614970992918	2.10756068708169e-13	2.50978272425449	1.52558044950716	2.05860987472014	3.43832678013592	3.52745724655364
chr10:37408943-37409444	LumB	1.9151522090232	5.59679474947788e-10	2.88885525559095	2.48183118925747	4.78824858502388	5.30221406973091	4.71104577298034
chr8:92571171-92571672	LumB	1.91466223299352	8.39963771711657e-15	2.93797364445528	2.71890335636933	3.98826754141091	4.00313999620467	4.37912643831419
chr13:41903234-41903735	LumB	1.91427502126903	1.58704814122213e-20	3.05633050578515	2.68815542727884	4.07170822486872	4.5416330341852	4.6181876463322
chr1:76819963-76820464	LumB	1.91424764655676	1.28966841409126e-12	2.92060574223128	3.47077167518072	4.96734592167253	4.6611252181042	4.75461611375812
chr5:25809529-25810030	LumB	1.91353288063097	2.37463714285439e-16	2.38155726671463	2.00109835190712	2.12651643863794	2.83396001908556	3.2907005267754
chr1:215489988-215490489	LumB	1.9134368179907	3.74628812231615e-14	2.77187384959399	2.63903316111559	3.92805428639891	4.45431208415176	4.40806843235284
chr12:88479931-88480432	LumB	1.9127833173711	5.42511829193384e-20	3.34301422735582	2.6412271217437	4.67405450809654	4.15873889278207	4.62261359975778
chr17:64319528-64320029	LumB	1.91175950144426	2.22263412435211e-15	4.03864169626957	3.86617777742009	5.76597496320835	5.59654016603738	6.00191891311162
chr2:232654677-232655178	LumB	1.91058496943179	5.57422501032625e-12	3.91038847135251	5.44865370055112	5.57469182232142	6.16417642321839	6.10081321620383
chr1:29944777-29945278	LumB	1.91054063655689	1.11036215290475e-10	2.93669421505816	2.66697656618516	4.49427325012053	5.29026660516906	4.84791310313126
chr20:17061136-17061637	LumB	1.91020650032081	1.37181690014389e-11	2.74356179101522	2.17336407630128	3.82669345470757	3.79162051099243	4.34299083469078
chr7:99971091-99971592	LumB	1.90916151417429	5.81655933694147e-09	3.83356289218315	4.21548030397959	5.41739699119128	6.08946984644948	6.21247577574903
chr2:52910279-52910780	LumB	1.90872593867677	1.15552166588282e-12	2.63812961801078	2.74566734146177	4.76709127300341	4.45355701498597	4.33598578971407
chr7:65473580-65474081	LumB	1.9087128522058	8.95383332239474e-15	3.26900504274515	2.76729869340162	4.32457797837416	5.02676733366124	5.2580941488951
chr8:71370146-71370647	LumB	1.90866968852958	1.95959696097447e-12	2.73126270301835	2.65395357366547	3.96265322934811	3.85801223780999	4.42523676034087
chr3:71540039-71540540	LumB	1.90839069323324	2.56789064827537e-18	3.04876630216798	2.96668297036206	4.60655166467754	4.33956930620658	4.84727620094007
chr2:57543775-57544276	LumB	1.9083399856677	1.39256744818024e-14	2.34816778747867	2.12913514463747	2.74884392371035	3.26869922916415	3.47586155031325
chr19:57845982-57846483	LumB	1.90827721752289	1.75702805882685e-20	3.36918906451228	3.19718497634838	3.92712229805642	4.56341323187459	5.0999106768521
chr15:38591960-38592461	LumB	1.90722535648337	9.37417840135193e-22	2.85868617692034	2.77145929922388	2.85924093527535	3.87299824734352	4.32039696594317
chr7:115129714-115130215	LumB	1.90715900752212	2.49412756349629e-13	3.34049118356415	2.84975070201983	4.68507232425902	5.28108808226107	5.27347120426606
chr19:40944188-40944689	LumB	1.90678913675656	6.89918984147261e-15	3.04604234731192	2.69502561309004	3.92591432171044	4.65346791330661	4.95418930578036
chr17:75780471-75780972	LumB	1.90617411395075	2.58279379055883e-15	5.80570124252822	5.4722325208586	7.84195043520985	7.34439647479439	7.82607345144352
chr16:52655828-52656329	LumB	1.90609667298389	1.31301808772787e-15	2.953849858551	2.48914222354732	3.92188749655992	4.12542066452675	4.41593427690614
chr4:137563619-137564120	LumB	1.9058652999751	4.06072074277319e-18	2.74225728307352	2.28460544508492	3.48840713102525	3.95573191968574	4.19551416290407
chr11:69531380-69531881	LumB	1.90493097005992	8.34198592846367e-22	3.51092763753067	3.77330246815945	3.90333600646587	4.35435840783039	4.84677367975094
chr1:209525182-209525683	LumB	1.90446385739856	1.08815952272566e-14	2.79903190236305	2.60415745133238	3.65081061984669	4.23002075801599	4.5338260625334
chr1:80130817-80131318	LumB	1.90430041482079	3.84713929293284e-14	2.7546700369035	2.33450418198283	4.07258376014717	4.41095492645654	4.61385544646629
chr2:154845881-154846382	LumB	1.90415554565917	3.28035606972766e-14	2.84640581825737	2.42843950628009	4.42928306039671	3.86860077790578	4.43054517617625
chr2:182019849-182020350	LumB	1.9029843502875	4.42097558556888e-19	2.56077170924627	1.61187341069554	2.45964916792457	3.11553736177182	3.664633354138
chr20:42476898-42477399	LumB	1.90230957064091	2.23035678904591e-17	3.33754098330719	2.89644993982729	4.24145412627974	4.8312206423065	4.91289635951747
chr13:81506724-81507225	LumB	1.90202869535834	3.32426245457069e-13	2.61401842462513	2.00389173757282	4.02171254286582	4.35877841908255	4.4004720619864
chr1:164579890-164580391	LumB	1.90145638000724	4.38387871486991e-13	3.06818387852819	4.56133957888612	4.58834905184337	4.87044232983425	5.17551424653429
chr12:1840127-1840628	LumB	1.90140968349711	8.82491364597166e-10	3.38699966885535	3.40765836510282	5.48874021927069	4.55825354230201	5.18799939949183
chr20:42628793-42629294	LumB	1.90130623866506	1.34231469140704e-13	2.54836281736306	2.20602513806048	3.42131840469073	3.89974555417252	3.92044945600778
chr17:62888751-62889252	LumB	1.90079244676329	6.16066348262971e-15	2.89768525525892	2.59405916004946	4.30231624069561	4.22040104158334	4.83359805857937
chr12:91424399-91424900	LumB	1.90047330248999	5.72967574815769e-18	3.19768856566077	3.27301691386674	4.71448434938598	4.38989959295871	4.8679146912842
chr10:116197677-116198178	LumB	1.89970282598904	5.47660772186762e-20	3.09321678055067	2.65192973367434	3.67803944751529	4.05123637177233	4.83120527910774
chr5:73518755-73519256	LumB	1.89942764802271	1.10775417196535e-25	3.40175596868529	3.08911277072736	4.06082819764713	5.08228570790711	5.04647473914644
chr15:87807945-87808446	LumB	1.89926374623335	6.15677721643437e-07	2.59830252652724	4.26997219314128	5.67204604269776	5.12915457470399	5.13322411289853
chr3:97257880-97258381	LumB	1.89926231758236	1.0460870183736e-11	3.31720389689219	2.98375314195692	5.93675662272289	4.66593853756062	5.22812614126506
chr2:74866650-74867151	LumB	1.89790112295905	5.78279764630968e-14	4.31251771269091	3.93575127760013	6.573357052259	6.00978549298575	6.42909585308721
chr14:38329165-38329666	LumB	1.89560270835858	1.53024421585346e-09	2.85736666074697	2.30388812961138	4.68178621245698	4.05920855985094	4.58782467324775
chr10:37382082-37382583	LumB	1.89553589647611	1.52073688743549e-10	3.01488288502844	2.90484723433488	4.73189400283907	5.25304115567518	4.76127511440943
chr7:148390324-148390825	LumB	1.89542825010058	1.98442057430282e-09	3.06840737257905	2.63145032822617	6.07347797966098	4.48739886537892	4.83215265300333
chr19:16045092-16045593	LumB	1.89536031474479	5.42511829193384e-20	3.35710677305472	3.68629954607969	4.84482477807937	4.85514375700828	5.19399822143323
chr13:22983791-22984292	LumB	1.89464439252511	9.94357314396072e-12	2.907833319007	2.48401696477425	3.95339836262209	4.00755649685657	4.36044722760868
chr5:66671968-66672469	LumB	1.892150940042	3.66089576512352e-10	2.89809183996153	2.01399417662152	4.58523482014156	4.58382837318893	4.88292822650159
chr16:16856511-16857012	LumB	1.89113117722754	9.93984285697911e-17	2.84609651145835	2.37894930706977	3.65655495875978	4.24661868092041	4.44875435245077
chr2:131558986-131559487	LumB	1.89064985762351	1.80182000389242e-14	2.73847617580381	2.38810195214629	3.24736594659446	4.0032345303835	4.55441925328502
chr6:152039983-152040484	LumB	1.89047057191542	2.29431431344486e-16	3.29450575892363	3.38768941090712	4.02024718987011	4.94932452261996	5.24752423987438
chr10:37382681-37383182	LumB	1.88796258941135	6.58880589607661e-11	2.64368526598075	2.40656958964665	4.23851143037679	4.85511865110874	4.36781932601202
chr2:237927952-237928453	LumB	1.88779809400828	6.43506753864971e-17	3.31165823120211	2.85359001297522	3.61149508466237	4.69843324681834	4.92071122682804
chr8:115412160-115412661	LumB	1.88757953919243	8.48563799098391e-14	3.14610734803785	4.52192763904053	4.31660101585654	5.08365289093887	4.98130786370291
chr12:6412648-6413149	LumB	1.88667731868509	1.56888787956398e-21	3.39855935583373	3.14184021024609	4.23046656749849	5.24590955910326	5.13651165424573
chr5:168460731-168461232	LumB	1.88666702110874	6.65743166122095e-18	3.35654153066355	2.63510369488118	4.95455144585042	4.28340736770326	4.91076046626076
chr10:37200232-37200733	LumB	1.88625610227398	1.11080956585813e-09	2.35741701502614	1.91114739537312	4.2265590945142	4.61180826247496	4.19224054053488
chr2:141738756-141739257	LumB	1.88571462420352	3.32089654900247e-10	2.68850839871367	2.04731547742117	4.44432265698784	4.63906796281198	4.73733300106742
chr11:78127326-78127827	LumB	1.88522699784293	4.23444373426388e-16	3.02477723863686	3.23919366883771	3.50844440015904	4.08796469249942	4.15625234727271
chr17:66963390-66963891	LumB	1.88410359790321	3.77097608557042e-15	4.1351881877423	3.77999893517769	5.16906230440498	5.21921597963921	6.02925256022335
chr2:76715972-76716473	LumB	1.88387066068522	1.46804242475608e-11	3.06776442441468	2.83729782832028	5.30727981216075	5.3616955890591	5.08063223561922
chr15:98748601-98749102	LumB	1.88381910886965	1.32845166924897e-12	3.59687347389819	3.44109106194343	3.82507605531124	5.1813906929188	5.60282146913056
chr8:116919748-116920249	LumB	1.88354690272085	4.39227590188481e-14	2.6829018300316	3.34532429176279	4.49167965888756	4.17434369518011	4.28322583089136
chr13:34852519-34853020	LumB	1.88147855477722	1.51682125524123e-11	2.7203205872385	2.42475398382547	3.61400858780701	4.8419555329565	4.17090627726209
chr8:115599257-115599758	LumB	1.88146599007369	7.08366387312339e-13	3.47221861347887	5.51482033196385	4.93995021323839	5.59153110537279	5.550972210095
chr8:18278151-18278652	LumB	1.88102724256142	2.50956642617435e-10	2.56484637421091	2.12485542318942	4.63790399484212	4.10251440963704	4.50615095250236
chr16:78050924-78051425	LumB	1.88070479008058	1.51232550014718e-08	2.5545856555567	1.36989511277935	4.71065971891848	2.85985956437325	4.12062597067771
chr4:72210416-72210917	LumB	1.87824729097315	3.13484236630613e-12	2.93459827075469	2.47512174261925	4.51448371451985	4.67141006766703	4.8160670126731
chr10:37410396-37410897	LumB	1.87824078047307	5.76861430692417e-09	2.45796827635559	1.9348257498922	4.38185507597303	4.69637110941503	4.10945956110702
chr8:18325350-18325851	LumB	1.87807444083313	3.1684829622182e-11	2.58101324993345	1.87401795977829	3.68495116389315	4.52271834385058	4.30055348571139
chr2:131554118-131554619	LumB	1.87807381892366	1.89955426333878e-18	2.88320600973856	2.45257297947562	3.61541063361446	3.92465021713496	4.57657225266264
chr2:236742120-236742621	LumB	1.877933297734	6.22852697051379e-19	3.19775756993705	2.84957507447905	3.90050656507267	5.08710161886907	5.05922717930026
chr1:79291013-79291514	LumB	1.87783996805435	3.40989385252835e-06	3.23903445068061	3.94186024687956	5.67508039811271	5.53620590943375	5.55739466824421
chr6:706040-706541	LumB	1.87701209627042	1.1762899391398e-12	2.97469306480447	2.933695351333	5.16996479106589	4.45373523306191	4.55698805097588
chr6:151969979-151970480	LumB	1.87691509666566	1.70394375126698e-14	2.82315021774358	3.09612063597006	3.45642449320053	4.28385864493044	4.63586011057812
chr12:53946383-53946884	LumB	1.87687129671338	2.78676932868036e-18	3.08109906615737	2.95876587923223	4.03997618873055	4.67501107873289	4.67797987943949
chr2:154762144-154762645	LumB	1.87649863538507	2.24473576455413e-19	2.66528116850235	2.15010274054161	3.67432338609793	3.55646925934489	4.10765394047389
chr8:74575310-74575811	LumB	1.87533794761599	2.29626050372141e-12	3.25920792923002	3.38239823302917	4.51077288220392	4.85392651229521	5.21095554080334
chr7:34490977-34491478	LumB	1.87486114393729	3.48149263567245e-12	2.96616389579827	2.56003002038998	3.32808426984338	4.58458563637872	4.70000496359531
chr19:53775471-53775972	LumB	1.87450835707223	1.48235813610605e-08	2.78759442329654	2.3504495760683	3.99387352584149	3.63905899654179	4.1873056664501
chr12:96452291-96452792	LumB	1.87432609324791	8.19907167000824e-11	2.96587965371874	2.51398505245395	4.29247141420347	4.3975883118443	4.67892817927574
chr18:14842569-14843070	LumB	1.87371369143083	4.84568020094132e-09	1.91062035498982	1.4458141466476	3.57957234773094	3.7767193716845	3.84867469101723
chr5:136712457-136712958	LumB	1.87365086038919	7.28133701816921e-10	2.48937260150639	2.34441630693132	4.29999811514162	4.67764706375275	4.3825750611446
chr5:21686712-21687213	LumB	1.87353119215608	9.4226665432065e-16	2.77801425171503	2.53194690665102	4.32054166312289	3.59179155921232	4.3366944753629
chr2:173844828-173845329	LumB	1.87308173702449	2.36921931636345e-15	2.85331560629308	2.58453892891047	3.83938164826019	4.94197216360174	4.53215051195712
chr20:43394209-43394710	LumB	1.87213831715072	7.57029829715772e-13	2.7843441165363	1.99249589490069	4.26704723851701	4.10320451928743	4.21868751966503
chr7:93811174-93811675	LumB	1.87157364027238	2.13991655708216e-18	2.67846823994957	2.34385062857685	3.00497202718079	3.52115132536723	4.09171152390774
chr11:72791102-72791603	LumB	1.87141673518813	1.29982812222377e-23	4.33061632812721	4.20418739709203	5.81178425071253	5.05721639837855	5.58666950366847
chr11:41782663-41783164	LumB	1.87128357706947	1.37579409562181e-15	2.67261638944359	1.9499122127056	3.28771807028862	3.69310254770577	4.16703915116156
chr5:7660843-7661344	LumB	1.87043332731216	6.63962277233317e-09	2.90317749225138	3.23013526692558	5.97256292648137	4.42195482362555	4.79300988296543
chr8:139742947-139743448	LumB	1.87010177278214	5.21895806298187e-12	3.60267013575405	4.61808049436471	5.77250580136226	4.53654062523989	5.02772908995256
chr16:14473424-14473925	LumB	1.86899207184433	1.09755865997325e-20	3.55620018741959	3.38851004482758	5.65292153636113	4.48821532967487	5.23121313363694
chr4:125273056-125273557	LumB	1.86881205149338	1.91997532395041e-13	2.29239467969321	1.42069120886017	3.24855059520326	3.26708057119857	3.7952745029385
chr5:173317771-173318272	LumB	1.86870118294861	1.70170459326514e-16	3.62974204698791	3.41805503179041	4.19201493754385	5.3190402749168	5.17345910718414
chr3:80016180-80016681	LumB	1.86867868549839	3.60995032899868e-14	2.64392863624815	2.14296865118449	4.09536222164214	3.35110464542523	4.24429170674691
chr15:87292878-87293379	LumB	1.86858892647594	9.01786790235715e-15	2.63076158425749	2.49533430045913	3.09679673341124	4.07605616888292	3.80988023283348
chr3:8707556-8708057	LumB	1.86857537334442	3.82647247037258e-09	2.64966927854758	1.89343737300463	4.78275297260503	3.85732747344913	4.51385056090786
chr16:18216713-18217214	LumB	1.8684649202095	2.38979291963442e-10	1.91107561801621	1.79954749761034	2.57428481514535	3.33960375292491	3.29997832316776
chr12:114555285-114555786	LumB	1.8682841874288	3.18410440372406e-08	3.15415099451945	2.65353522814964	5.84285739137167	5.19993581407235	5.39071808845945
chr9:105549307-105549808	LumB	1.86772864298823	5.77588773053778e-19	2.5877521575366	2.37907552136272	3.23625293361725	3.60517455934598	4.04778061537479
chr13:64905385-64905886	LumB	1.86747943162828	7.03541305985443e-15	2.19109491955021	1.69087859445607	3.1112094883442	3.55675756482722	3.74643761426935
chr9:92857155-92857656	LumB	1.86708226607719	4.74098004027796e-18	2.96769945188822	3.21573240418858	4.75790126897735	4.30413978869912	4.7926478586911
chr11:116398394-116398895	LumB	1.86582477514047	6.34768551395334e-15	3.13344038550973	3.17639456693749	4.85965720126897	4.82944382200096	4.92890914292706
chr13:96105005-96105506	LumB	1.86554228208034	7.19193563873177e-10	2.97110621644663	3.44801753799526	5.75744946649144	4.46369687225519	4.9899804704342
chr4:142575869-142576370	LumB	1.86500292202352	1.47879040888362e-17	2.72045030636059	2.12595699237955	3.81900415320464	4.14581656594849	4.35514005490237
chr12:116734351-116734852	LumB	1.86418281642751	1.97406764536409e-11	4.21804597468368	4.12689609685468	6.0670411307206	5.44551782949861	5.56906216596451
chr1:36750727-36751228	LumB	1.86402816087412	2.30550159838613e-08	2.84418066934961	2.85092360798424	5.52322078112659	4.89603230449679	4.95617294208558
chr21:39320826-39321327	LumB	1.86333435111315	5.7897248768381e-23	3.11466365572107	3.64897495762331	4.59094464780862	4.409323075827	4.76041886865315
chr17:63257797-63258298	LumB	1.86234867124962	1.62756176088377e-19	2.65013927964379	2.70553828389081	3.6960164073818	3.76721445454897	4.27996861351544
chr17:54409951-54410452	LumB	1.86141608349805	6.40231626023012e-08	2.76532647706229	2.07974738736895	5.35298712167407	4.38363361088897	4.721813961917
chr3:4882733-4883234	LumB	1.86040746112242	2.77967158773517e-23	3.16145933516472	3.12723465301768	3.66553993064891	3.77480060162009	4.47564936085471
chr8:8740792-8741293	LumB	1.86002042286037	1.59724182757541e-14	2.86632423127154	2.8753704854811	3.78466481499305	4.37674671362308	4.44166952811743
chr4:102758220-102758721	LumB	1.8588300847801	7.20247171045702e-13	3.95284525170747	3.78955991764409	5.35973767721297	5.1726870308459	5.73853458018044
chr5:174057515-174058016	LumB	1.85877634569482	9.80856284360859e-13	2.86094312659004	2.46714588690292	4.87615090257405	4.15122126251957	4.07044872351408
chr4:140751764-140752265	LumB	1.85843701449424	6.39938658053308e-18	3.09818078714715	2.60722737038962	3.8042190779389	4.83299006245015	4.86526282560584
chr16:61395364-61395865	LumB	1.85812011884592	2.09193321297609e-09	2.60927190177782	2.39694664040007	3.94594622724716	4.1921950263925	4.16442980998892
chr14:100022040-100022541	LumB	1.85765496408565	1.08755706059511e-15	3.29041502855517	2.93822885370594	4.51316883880071	5.29728412690997	5.27398798183789
chr11:60757982-60758483	LumB	1.85763588798667	1.76554786889935e-13	3.1691321311844	3.25990239696943	4.95304258584994	4.27763282441883	4.86201037500919
chr4:48853062-48853563	LumB	1.85751478275138	3.53358410085898e-27	3.08080881526639	2.75212288496373	3.40322809542603	4.11349168213288	4.35790954684647
chr10:37310193-37310694	LumB	1.85716056488234	5.58948150064005e-11	2.80577503429879	2.36915161207004	4.33975871009334	4.74745006805375	4.5039935118455
chr1:211433292-211433793	LumB	1.8560938017692	4.06749621697986e-10	3.02350015852045	2.5358611569215	4.73485724931898	4.41935303997508	4.91156806440118
chr8:138277429-138277930	LumB	1.85589989236398	1.67796452290117e-16	3.41720768138952	3.02035694366843	3.43785371223677	4.0523146022838	4.29938151833308
chr8:117178311-117178812	LumB	1.8543684620221	1.01459140514743e-14	2.9261875878343	2.93398068700377	4.01766616397141	4.24578537151432	4.28888501929805
chr4:8796115-8796616	LumB	1.85417911172342	4.60099539022278e-09	3.10673828257138	2.52990049205633	5.54455502797501	5.25808676944772	5.13029517804306
chr21:28550153-28550654	LumB	1.85382226323627	4.4344626413174e-07	2.69793221927286	2.49029880738749	4.52329553884581	4.3356453817433	4.38993795593161
chr2:154494188-154494689	LumB	1.85237095098605	1.98124108112392e-13	2.92716731670902	2.35842024154438	3.70040721821413	3.72164400637776	4.34950380314777
chr1:91794715-91795216	LumB	1.85084507128657	1.18850630813333e-18	3.48366546939269	3.85691330730483	4.12612044026548	4.5110562068779	4.84435057080407
chr19:40948751-40949252	LumB	1.85077719600129	2.14680845693897e-11	2.91546689586117	2.82306414634757	3.03545958957071	4.03644182402635	4.47715871257719
chr2:217092150-217092651	LumB	1.85053574550889	4.34896846291909e-12	3.2497903335024	2.97089721625408	4.35035336083138	4.86875284384522	5.4165503742567
chr7:42292096-42292597	LumB	1.85047232491191	1.11279581146158e-13	3.17164704283954	3.24556094599476	5.2732722064778	5.21975610785076	5.19666480961805
chr3:98241391-98241892	LumB	1.84983247414366	4.95430431109176e-13	2.60995897304952	1.83377475705247	2.67863248712025	3.19966203812733	3.48996393591206
chr17:15385330-15385831	LumB	1.84907789987441	8.93632266094526e-09	2.8633256758641	2.69365196528662	4.4436967268236	5.09933062290559	4.96692858640125
chr17:72676343-72676844	LumB	1.84790340992662	1.61058064834828e-13	3.2983807510229	3.23985395205002	5.26529831459285	4.6941025542152	4.96513454890476
chr7:130598018-130598519	LumB	1.84751700017475	2.4164970946085e-14	3.03756210074804	3.08461311411074	4.73422448515761	4.98604602959955	4.8557532102331
chr5:85524989-85525490	LumB	1.84693984142837	3.73446776148663e-15	2.44237930417642	1.61873565884744	4.05350662073637	3.30335226547554	3.48724039086862
chr5:139144943-139145444	LumB	1.84628601898349	9.14511552917318e-15	3.05557222054227	2.94258295375542	4.69641064518306	4.94708475341589	4.89537087172305
chr14:21910101-21910602	LumB	1.84613035177349	6.47733509945332e-10	2.77102196926374	2.12764562797294	4.86458064827837	3.92170768090926	3.8300840471119
chr3:148818045-148818546	LumB	1.84559279396024	2.7905266137359e-13	2.52846427581107	2.41104968063342	3.07836493785358	3.69118765807856	4.16012824049756
chr11:69518983-69519484	LumB	1.84556982116724	2.68684609659704e-20	2.94686524127483	3.00002359940418	3.65981457856236	4.17143521769798	4.52827256477631
chr21:36584911-36585412	LumB	1.84379807616978	1.24017439508733e-08	3.03660614562564	2.57852312773303	3.99651453527836	4.7906099979465	5.05314623731713
chr3:194243104-194243605	LumB	1.84260006350347	2.87458473110353e-15	2.97129819318919	3.37424289558077	4.66887156087403	3.88166651852232	4.2726765145892
chr2:131585768-131586269	LumB	1.84230359084605	1.56756152993468e-22	3.17785669555098	2.83576366621421	3.6988876728335	3.93161887463803	4.83098166154627
chr2:225285190-225285691	LumB	1.84208814539383	3.49109617341453e-12	2.40298370977742	2.00062677901439	3.22974855145519	3.76088231978551	4.19810031821132
chr8:70270472-70270973	LumB	1.8419946210884	6.50662189952031e-11	3.35375620777649	3.19568342138808	4.26612287740694	4.77804121679342	4.97400084865741
chr5:145427988-145428489	LumB	1.8417964197251	3.1015586945284e-12	2.81347723257514	2.48610295194458	4.84308547108454	4.78633529089617	4.80752160309819
chr2:131557896-131558397	LumB	1.84113400240824	1.98615407304168e-14	2.37855487245961	2.01206267087424	2.93759946061071	3.59326306387576	3.94994914650011
chr16:753433-753934	LumB	1.84080091502473	5.44734095885955e-25	3.66022201161824	3.96183403403923	4.1866147193481	4.6866722711973	4.93194743397543
chr8:69026345-69026846	LumB	1.8404937370445	1.23236547494003e-11	3.52803564793528	4.63496798106163	4.89617557213218	5.2601594481346	5.38593023232355
chr2:194326068-194326569	LumB	1.84014451810233	5.70155234012898e-14	2.9029174606772	2.60470561791227	4.75498517945611	4.35653520856945	4.59484975941645
chr2:100099128-100099629	LumB	1.84012103437389	6.87264394296367e-11	1.82874951576923	1.21812092502315	2.18994769554064	2.99481566495923	3.32378575026421
chr7:122893677-122894178	LumB	1.83965414089984	3.65646500438995e-13	2.68827416496645	2.37584269972316	3.89199320536371	4.67275472978238	4.60283844507878
chr10:37143413-37143914	LumB	1.83854812219377	5.32080134571843e-17	2.90266292527074	2.34911812673702	3.81060505897286	4.1917055243065	4.31473385871821
chr20:47506325-47506826	LumB	1.83849286340901	2.41231595391821e-12	4.11578833399218	5.36867004399533	6.38171593016066	5.08514343102776	5.98212988796596
chr10:22115079-22115580	LumB	1.83843561582458	6.83337578037448e-08	2.21426094756267	2.44140483564574	5.12171945093644	3.99334953505605	4.21354898263443
chr15:79203891-79204392	LumB	1.83799761758911	1.98442057430282e-09	2.47124612095677	2.52144726780948	5.22044820197363	4.52644631079392	4.36751333179405
chr3:89525633-89526134	LumB	1.83786383974801	1.74007184911296e-13	2.89642632493068	2.32679741548088	4.14431733032234	4.078041873641	4.55005794761427
chr10:37376095-37376596	LumB	1.83747623065469	2.06045426141034e-10	2.69749040885104	2.4257338414284	4.41364084326184	4.79890327838237	4.39565385579625
chr10:37140202-37140703	LumB	1.83739160767891	1.35316000536862e-16	2.55482638860109	2.17422035423192	3.14823590673298	3.60928145390679	3.8212491707757
chr16:663874-664375	LumB	1.83695439507068	1.34958514223964e-17	4.47138589941294	4.64860954825679	5.6466575571956	6.28785643736903	6.10982023642916
chr1:217745116-217745617	LumB	1.83687696169588	2.71736319642877e-19	2.47576370917205	2.15383666948922	2.45601096662245	3.18276094412697	3.59028845644507
chr11:120285171-120285672	LumB	1.83671986314847	2.39133377289489e-13	3.21906692847368	2.72556550564081	5.80780381375382	4.58205702606459	4.93279830156118
chr8:30253015-30253516	LumB	1.83610214149899	2.72625934339039e-08	3.53481961010338	2.81854546184879	5.84550317302405	5.88297467442569	5.64927008927433
chr14:99986288-99986789	LumB	1.83582072284071	2.41034272268761e-13	3.27542547163663	3.18390039393802	4.71975463345212	5.11752238810518	5.15415349433321
chr4:108312478-108312979	LumB	1.83397847468442	1.81800305685997e-09	2.90943534016387	1.80345089927519	3.166313019803	4.16024106259557	4.33767539322364
chr8:71679493-71679994	LumB	1.83343436974255	1.05407800783883e-15	2.80253395298129	2.56178324747769	3.42157146866408	3.9884382281185	4.32592437453298
chr8:117145635-117146136	LumB	1.83310723112871	5.50879194895552e-09	2.71047392528793	4.05357676586416	5.60309662064262	4.23724810779504	4.2973913635144
chr7:143087773-143088274	LumB	1.83253640125812	2.02514137340264e-11	2.53319722254436	2.10324325464702	4.05729907582959	3.83085218446405	4.12639877030072
chr10:9066616-9067117	LumB	1.83208891334058	4.14817014731058e-11	2.76990759483885	2.5402160590938	4.27822897296734	4.80901953750761	4.72942234764022
chr8:99903826-99904327	LumB	1.83134815522431	1.40300338272344e-18	3.09850293145019	3.12136235512685	3.96970679677021	4.5080626306133	4.7458339007761
chr8:116647943-116648444	LumB	1.83068391083664	2.33422195723025e-15	3.2294302702998	3.42485963053376	5.08057970944013	4.85666085615057	4.83361546729052
chr5:44541295-44541796	LumB	1.83058221950777	2.81357523367676e-12	2.93228244691574	2.35154278851618	3.36971187540464	4.77120820020255	4.73446586315438
chr10:2464517-2465018	LumB	1.83017095191807	1.6908039451088e-11	2.55269436474594	2.51785107453265	4.38689097933206	4.2538096316337	4.16126675080064
chr18:63257893-63258394	LumB	1.83009492226273	1.60142120793137e-16	3.46446567769828	3.26828991947434	4.01465996298515	5.57280054776531	5.29638536347463
chr8:130482060-130482561	LumB	1.82954090915825	5.41469938368307e-13	3.04903031663562	3.30581300351394	4.3792828802064	4.58148205865953	4.56662947939588
chr5:166598447-166598948	LumB	1.82897109070429	6.81450728685834e-13	2.52183567274361	1.94003385127246	2.88185381114342	4.09262224266692	4.03307509386668
chr20:33638703-33639204	LumB	1.82827161739282	5.08643027557285e-17	3.70840311639617	3.84244324911983	5.56996274327415	4.70571545895509	5.19601638785048
chr8:89203219-89203720	LumB	1.82820601259235	1.840594959436e-07	3.28354838122252	2.55750252432686	3.6679375985961	4.98249017558518	4.7714292870757
chr19:57842368-57842869	LumB	1.82815010036401	1.18858995312734e-19	3.71813218293868	3.36677038366846	4.30685221481791	5.0049744269213	5.32657512241871
chr8:95095513-95096014	LumB	1.82803083563374	4.96339835793926e-17	3.33340022958645	3.46404500837179	5.26806868909232	4.59104577374029	5.20654298582446
chr4:149859040-149859541	LumB	1.8277119148128	2.205439628225e-12	2.34760061285875	1.7889452842138	3.27128155631458	3.31539007468297	3.81568593783422
chr4:54593480-54593981	LumB	1.82747676787767	3.98434951461702e-10	2.77352599888683	2.93945845331424	5.15529882391156	4.18583552007258	4.25574534584608
chr21:36333198-36333699	LumB	1.82743505636637	5.49623932596067e-21	3.59478425194135	3.53466456731792	4.99598421971916	5.01056137456757	5.15288632882467
chr4:168432247-168432748	LumB	1.82697387138265	4.7541588139174e-13	2.73450333076419	2.30834234259139	4.33154596413821	4.04123405022351	4.47511092855612
chr8:123172969-123173470	LumB	1.82686930434147	3.58727172632092e-08	3.35408979398543	3.16077723634521	6.07718752303399	4.53184786237421	4.89684164131129
chr2:205200390-205200891	LumB	1.82682866446331	2.36752067252153e-12	2.52466624601428	2.05497983903855	3.6231508945595	4.47165404581223	4.35746054998651
chr17:75355486-75355987	LumB	1.82664728007358	5.76859030166032e-18	3.58858278905041	3.20369621120481	5.41759376000475	4.73675185355607	5.23266385120981
chr8:80069671-80070172	LumB	1.8255716521584	2.19213169385046e-16	3.64721330140593	3.6986576475772	4.61381425093617	4.60582640176395	5.36418676213122
chr7:112260879-112261380	LumB	1.82542824389299	1.16675335626244e-17	3.17794961372152	2.50606315050198	4.1729104269542	4.33259709920768	4.52596971766514
chr2:193677213-193677714	LumB	1.82447443354458	2.83383344718458e-14	2.9385967936287	2.66845236828831	3.45983373031497	4.11302875891135	4.5438719970896
chr6:40648829-40649330	LumB	1.82356378767346	1.58465014230494e-12	3.01719078262992	4.03406085562108	5.31947928344428	3.57128492439932	4.50896284583039
chr20:48860683-48861184	LumB	1.82344201707246	4.2217978757863e-26	2.99424929674606	3.03241111693367	3.663818775239	3.99638810273713	4.4358114770291
chr9:102473927-102474428	LumB	1.8234357369337	7.43834802384551e-16	2.58084029358524	1.76644917301868	2.9404935775951	3.37259115174985	3.63707341832764
chr1:26404669-26405170	LumB	1.82303392868673	1.89365729222614e-09	2.92307137037398	2.32920899509904	4.5615483855325	4.92372211498681	4.7414232360622
chr15:88138466-88138967	LumB	1.82299638990538	5.41901106091254e-15	2.71665952800825	2.49966945118165	3.1250679906562	4.03483371828686	4.0693805341827
chr17:68294989-68295490	LumB	1.82291527666142	3.51165162010352e-20	3.59832921366689	3.80844936650251	5.07698872914299	4.64138915809108	5.30675666011258
chr8:88959925-88960426	LumB	1.82287633909242	6.7468924913014e-11	2.76225793009441	2.70488888056693	4.36782057971748	4.28391442067781	4.05769038735634
chr11:87924045-87924546	LumB	1.82161874793285	2.64443755739173e-11	2.78860231394546	2.30422436671638	2.60100089744855	3.9182404081221	4.21382064789403
chr4:172266981-172267482	LumB	1.8215312911263	1.80648041792368e-12	2.64594673032016	2.15303786385875	4.24629096168689	3.86976586359511	4.05209633523503
chr9:38240024-38240525	LumB	1.82152847560937	4.190629420701e-11	3.15706419591469	3.96232600499346	5.44490707827331	5.41465060042926	5.14482436871439
chr6:707482-707983	LumB	1.82150159377141	1.55380978146964e-14	3.14869546281074	2.86395655013805	4.25577115987905	4.38481622354936	4.74440497829237
chr20:33815637-33816138	LumB	1.82142301976157	9.61844129674285e-20	4.58916977947017	4.44637850056302	5.34136362361476	6.12336329874944	6.21709851336399
chr6:151901619-151902120	LumB	1.82087484546902	2.17324720909591e-10	3.34179006490741	4.04842749475945	5.48290721933617	5.11540933757159	5.52485688158084
chr1:18488883-18489384	LumB	1.82015234966071	4.39450314141257e-12	2.89857526129989	2.25067697757797	5.16730690209833	4.25496830297193	4.57545322103694
chr16:54163203-54163704	LumB	1.82004816206417	1.3682707120545e-16	3.10853930557825	3.03560217122638	4.30849114267754	4.34465580523337	4.69127541608834
chr1:14459441-14459942	LumB	1.81975990731938	1.51614809340856e-08	2.35296709603686	2.84145991087476	4.18197418251906	4.17066824118294	4.05041248973372
chr1:180347819-180348320	LumB	1.81856975938494	3.50704571197345e-13	2.88123028502381	2.90012175769806	4.15161305732716	4.4318158789229	4.43540347581426
chr10:1494095-1494596	LumB	1.81840768238397	2.65281582268808e-07	2.33275035503059	2.13754212349508	4.57719888435719	3.52841015388929	4.03058295699426
chr15:21328045-21328546	LumB	1.8177653296869	0.00496414529343789	0.776368372251966	0.422522518601798	1.79701857411496	1.65724717155349	1.47460671404802
chr8:117341703-117342204	LumB	1.81773244656721	8.70141860803737e-12	2.29748667718367	2.01974670684609	3.48691253513552	4.22749759683622	3.98371058261133
chr1:223303200-223303701	LumB	1.81690477312494	1.12757382592316e-10	2.75787268150618	3.09119060001973	3.77399266150541	3.08932374745394	4.08844325799082
chr6:167910575-167911076	LumB	1.81687172451531	3.28035606972766e-14	3.9024935999359	3.46785097206752	4.77183644716055	5.53355723574056	5.73242699211675
chr8:117385220-117385721	LumB	1.81667678734848	1.72854131994905e-17	2.82138905634507	2.74189197432442	3.66786857745482	3.7028665397806	4.10412740263307
chr17:40579442-40579943	LumB	1.81646554857929	5.90009764715628e-13	3.53677028152265	3.4686757871382	4.86817919899584	4.96419884981491	5.33607044527167
chr14:49508065-49508566	LumB	1.816366012391	5.55940722839544e-15	2.87238765360057	2.62745879200397	4.42325976262832	4.13875476388577	4.25043578961739
chr8:115987119-115987620	LumB	1.81580288682085	2.77551777692757e-09	3.34310295789289	5.18149175166987	5.47871858674883	5.16152868612101	5.32789465382702
chr8:39255722-39256223	LumB	1.81510166542507	3.26952782596432e-10	2.60035377698278	2.08878860060944	3.65658811461207	3.59619677317407	3.81424807601321
chr10:91299872-91300373	LumB	1.81500262964523	1.49650329930578e-17	3.36579974320246	3.31700178921373	4.27124431082857	4.26356247108351	4.80613182162378
chr1:18487016-18487517	LumB	1.81362854655899	1.40402525951584e-14	3.05743606043314	2.87434846720277	5.14711258551861	4.54495850964955	4.70557437421726
chr10:83692052-83692553	LumB	1.81299125860493	4.97252315788862e-11	3.02435032374145	2.4131051179133	5.26678088177906	4.65830241192048	4.80770810814144
chr10:99443378-99443879	LumB	1.81291138097211	9.29375064697806e-11	3.04647979943245	3.40182067180245	5.51367428887062	4.47808230239762	4.64989621032183
chr10:50007631-50008132	LumB	1.81224559444815	0.000240829500814534	2.64968915860684	2.05524176421029	5.45825562512866	5.12762288727638	5.71974471911463
chr2:131660132-131660633	LumB	1.81215442944717	2.46415869329443e-22	2.98977448513083	2.59276845507863	3.71334772136516	3.7795529639749	4.45626682014708
chr6:151898985-151899486	LumB	1.81200442687593	3.13193543786852e-12	2.83615049502862	3.38587094797475	3.71884327095678	4.21884421594557	4.77547648206851
chr8:93441059-93441560	LumB	1.81192031071487	8.15139108317913e-19	2.5876887732488	2.41480559895209	2.74211899079377	3.25199278218801	3.53110851118659
chr2:141510890-141511391	LumB	1.81162869241044	9.7371874867055e-16	3.13110627760476	2.62751973382596	4.55332970855694	4.68683840908816	4.73333119924541
chr20:53865255-53865756	LumB	1.81056011162924	4.0295225485329e-10	5.38872614138249	6.19098533980526	6.92668981260255	7.02612740279405	7.35801415581406
chr17:66933349-66933850	LumB	1.81055066481035	1.52220560416877e-25	3.2734613197772	2.95080767181541	3.56038638091684	3.41986955919939	4.69543282006999
chr10:116137276-116137777	LumB	1.81027178593128	4.82301296872196e-13	2.78435660817945	2.34140151818138	3.25273769694822	3.76772930454862	4.53812505467072
chr1:226698557-226699058	LumB	1.8096956094843	5.75146164385577e-12	4.55721095952483	5.8470030737818	6.64707957713488	6.09161440704512	6.60525783057423
chr5:105616542-105617043	LumB	1.80802575372952	3.80544931337702e-10	2.60362951577342	1.82837844861933	3.44921805509238	4.06728128399865	4.50141753495438
chr8:116084977-116085478	LumB	1.80785501324539	1.73365038690426e-14	3.11453036534932	4.27121855897238	5.01726936589296	4.52346579890345	4.95706154565387
chr17:68298497-68298998	LumB	1.80722848619168	5.19195758837888e-18	3.32068183196121	3.54521956182516	4.87032481303789	4.41926941632411	5.03032234882834
chr11:18078854-18079355	LumB	1.80643506368046	1.3094083399181e-12	2.6164642062785	1.92731321664419	3.91861587175021	4.6799085305141	4.45511892678885
chr17:80434223-80434724	LumB	1.8062542620145	1.04044839694771e-23	3.38786524619803	3.26399162342162	4.61796117600348	4.38644700567631	4.85846586440713
chr4:35870706-35871207	LumB	1.80598736023052	2.44433059533116e-10	2.5438793072319	1.62927584792738	3.28662555362552	4.39655251714226	4.25826183913911
chr9:125340743-125341244	LumB	1.80571639428459	7.43303669702732e-16	3.06788017708805	2.78094360459465	4.92589192865978	4.8145713785536	4.83816006206083
chr8:18343661-18344162	LumB	1.8032873656597	1.17594679260901e-15	2.54149458367551	1.82398672064799	3.46686086238941	3.47291534748261	3.76577503510289
chr8:85223245-85223746	LumB	1.80283641005352	5.92806573552107e-15	3.62426899055335	3.95425177527627	4.95706079265531	4.94332350188564	5.03129778115011
chr1:217848992-217849493	LumB	1.80251701376746	8.77685881828033e-15	2.31750539127056	1.78368683403285	2.55828708331222	3.91658973438413	3.48027330942999
chr8:133619494-133619995	LumB	1.80205352679076	1.47199351184484e-14	3.10828704821664	3.12151246556861	4.38362157815431	4.7588957238386	4.75838001940991
chr7:140983128-140983629	LumB	1.80146207100019	5.19351131377485e-14	3.4071418198824	3.02301532672979	4.50704559346731	4.54929790090661	5.09677059468538
chr12:67967101-67967602	LumB	1.80134315705581	1.16641771370503e-12	3.0683304743865	2.33692668175771	5.34184603559881	4.61861684559093	4.7503593505126
chr13:65065450-65065951	LumB	1.80108172137203	1.9624354468817e-12	2.60107979798207	2.11696205224438	3.95547810789472	3.2590074154926	3.77536853305239
chr8:134690127-134690628	LumB	1.80085366180433	4.83675167585027e-16	3.70018484645186	3.92393257166783	4.86769060321787	5.16768340319956	5.33773072571935
chr21:28167170-28167671	LumB	1.80041947041125	4.86349491626787e-14	2.95417261320297	2.32799410953893	3.69585062801482	4.06371752157821	4.39075023696413
chr3:4624853-4625354	LumB	1.80000218321278	9.49421921232963e-16	2.79768482787691	2.41880303733292	3.11678685423824	3.91574495669434	4.25064723226382
chr19:16081067-16081568	LumB	1.79973710813864	1.27294256551186e-17	4.61006816762019	5.23425745265514	5.4310748348453	6.46944047467863	6.50423718518699
chr7:135777032-135777533	LumB	1.79972286097193	1.08768905781604e-06	2.24426087610116	2.10372602763486	3.83586399102643	3.91891079577944	4.40280247988108
chr2:156072700-156073201	LumB	1.79922887746281	4.9332640998789e-13	2.69315331809919	2.35098626294096	3.40418242034325	4.4201019280192	4.50139495712424
chr6:51330476-51330977	LumB	1.79795435748388	5.27588706385293e-12	2.95960850543779	3.3063889415551	3.9740238163242	5.15117208329106	4.62586595547742
chr8:135347610-135348111	LumB	1.79782395063516	8.06275208909898e-10	2.90381773171688	3.26088093643676	5.13334586689988	4.44267933587081	4.35969750533408
chr17:59126221-59126722	LumB	1.79587760485665	6.93758135813452e-13	3.28700329661756	2.75027678052407	4.14208374785908	4.55989240025813	4.79812088489548
chr7:13317219-13317720	LumB	1.795428697129	1.57206503885852e-16	2.39949960679042	1.83630702593984	2.85670253087993	3.35554138089643	3.69277087558409
chr5:85525502-85526003	LumB	1.79517338454719	2.15239055898594e-13	2.33675712949174	1.87049561690677	3.78059507952317	3.31891578241324	3.67588781870203
chr7:53752248-53752749	LumB	1.79512108303704	4.14057434181542e-16	2.76663311961014	1.9636599820825	2.96818711237983	3.63819415264885	3.96281710433455
chr20:57159553-57160054	LumB	1.79509494209626	9.06380567754731e-14	3.29308719507791	3.04763790756569	3.9985219735765	4.53641638460747	4.61799400204713
chr2:75037473-75037974	LumB	1.79494315750732	9.06075549912101e-11	2.644456809757	2.34944106473643	4.21166290049207	3.93616898506814	4.38400577712417
chr9:83000683-83001184	LumB	1.79489165457504	1.47389294284377e-15	3.27401274365335	2.69758318693945	4.05904437899634	4.39167724265882	4.58268513312954
chr18:38764099-38764600	LumB	1.7937482940828	6.26636513310154e-09	2.58522504019018	1.97087225629486	4.07429246116486	4.19664015991134	4.12596747006108
chr1:232283305-232283806	LumB	1.79325077066053	7.94734184649917e-14	2.92797590574423	2.96667653067616	3.86621238146685	4.34921554735418	4.54249669682144
chr2:174660923-174661424	LumB	1.79307676633939	7.82392365826707e-19	3.74148571262781	3.59712966738578	3.80649660657367	4.11858994030621	4.57993240678618
chr8:68692519-68693020	LumB	1.79224669525566	5.59722638230595e-16	2.63080220791513	2.33562297124055	2.87615504418381	4.24495848582822	3.9949261445273
chr12:66651397-66651898	LumB	1.79212628763355	4.43814697322156e-16	2.59706040194493	2.19207205676138	3.57235574086009	3.38495653937033	3.60326117572859
chr17:56170046-56170547	LumB	1.79008042878045	9.41414874929923e-08	2.98363428261214	3.12784485235589	5.79116984417234	4.49518277498145	4.45133708441312
chr16:62963843-62964344	LumB	1.78968800134949	2.32815754389705e-12	2.65451758705298	1.9436096288258	3.38818792248783	4.29201322071153	4.34575735184619
chr12:33600040-33600541	LumB	1.78957880751729	1.81733015732071e-11	2.64932495913683	1.9568696030136	4.03485207054025	4.09799423745709	4.14293598763195
chr8:144000216-144000717	LumB	1.78946415964368	7.79558513424111e-20	3.88530801342222	4.30972887965035	4.93830028952869	4.84093850502856	5.27872800410815
chr8:118116622-118117123	LumB	1.78935932776548	9.96687033785452e-22	3.55138807409881	3.66020148089311	4.70379662082467	5.03283004992305	5.12053844704123
chr2:131542559-131543060	LumB	1.78789052988847	4.41736485515121e-15	2.47462005618468	1.59632402087755	3.2871485946863	3.18107407765265	3.95383612006655
chr12:124895093-124895594	LumB	1.7878695870487	2.80196084704776e-25	3.82593729881662	3.48488927456305	4.58665597960613	4.84446725580692	5.08098250501162
chr3:189582146-189582647	LumB	1.78779330179913	2.076863553668e-11	2.67981372149038	3.6546076527498	3.97163483584514	4.57577095103771	4.11788840304024
chr4:149214179-149214680	LumB	1.78746301674646	5.78134214985055e-15	1.94871348252906	1.31943253602355	2.42966705630913	2.8876288467713	3.40248937157288
chr7:146880886-146881387	LumB	1.78706357147929	2.53694222790737e-09	2.26947301517877	1.75388506845007	2.6916386476618	4.04633561018336	3.65538852819256
chr1:36754664-36755165	LumB	1.78689895587856	2.62091656554249e-11	2.90404896600512	2.91644561040218	4.92152968982271	4.43331488339971	4.70763776020025
chr4:790585-791086	LumB	1.7860804337639	2.69251494447689e-16	4.44062740165391	4.05615998484687	5.3758923433779	6.05868993157077	6.26565785422071
chr19:57845303-57845804	LumB	1.78555862918726	2.38882321456873e-21	3.56642005672911	3.3015122782562	4.31408348566636	4.71574017336897	5.14945083855599
chr12:121404715-121405216	LumB	1.78546761911527	1.40442481776721e-10	4.05507571565004	4.24601219118005	6.21020715054714	5.80126706658929	6.08031271278422
chr11:77912554-77913055	LumB	1.78542821310044	2.69043281526601e-14	2.66773450835998	2.65648560365231	3.81332226345682	3.83653644543031	3.71122717095469
chr18:36109098-36109599	LumB	1.78477434421626	3.56206363842001e-08	2.87679698074258	3.15542661883417	4.44051173976974	4.91979473146414	4.94845134942884
chr9:126674809-126675310	LumB	1.78348851754552	2.57977644279231e-17	3.19083277320119	2.99772483553	4.60100256470404	4.88565418674724	5.00084922718485
chr8:131699667-131700168	LumB	1.7821165544302	1.27237131054287e-12	2.97459948877448	2.67864172243086	3.16032958954049	4.15805761078682	4.47880766668152
chr18:54316391-54316892	LumB	1.78141531049994	3.16898247412739e-07	2.77258538729549	2.11088686797182	4.49910617430004	4.39634157995543	4.4893965767155
chr9:21049734-21050235	LumB	1.78113999268406	7.46216733292379e-16	2.5561302927796	2.62802431073017	3.34594888439035	3.66258934981866	3.9052665218841
chr22:28963563-28964064	LumB	1.7808347576003	9.25595393536785e-15	4.11322353709041	3.43494709659227	4.8291306841486	4.93142184510187	5.23557901266032
chr4:3459837-3460338	LumB	1.78070161798658	6.33628642913368e-16	3.32326968189058	3.03409527177722	3.80151474756293	4.96167478761867	4.9406149084867
chr10:8064768-8065269	LumB	1.77931640971202	1.09135653142484e-08	2.81316366112249	3.61856570906353	4.57716814081322	5.00227768000685	5.01847311527877
chr8:115900149-115900650	LumB	1.77881601626332	1.77348143974324e-14	3.14563403131964	3.26564071699718	3.7001839882699	3.94472903637932	4.26872869442881
chr1:210729910-210730411	LumB	1.77852092487286	2.72689532406111e-08	3.08246301553577	2.75786135307007	5.2678045079454	4.65137516270476	4.95107555788982
chr10:37324260-37324761	LumB	1.77793918826041	2.2066719904797e-11	3.03380418504157	2.30738709298449	4.55878240705549	4.99450066704068	4.65272420827345
chr3:141743229-141743730	LumB	1.777866400004	4.90461470804757e-13	3.135821349556	2.87507186919538	3.67749629403443	4.91437836443654	4.84842645583756
chr11:18694922-18695423	LumB	1.77773125375741	5.40609177062995e-13	3.3539344770566	3.29012091911857	5.63882462400378	5.15133894857768	5.06943921282049
chr3:85779205-85779706	LumB	1.77760078697302	1.42873376685009e-18	2.66061644767722	2.28982325912765	2.67602922740657	3.55061359079219	3.88568669541673
chr1:209536293-209536794	LumB	1.77748851896179	2.03843501045367e-13	2.84775019439364	2.58881416565404	3.3842775715686	4.45916010213609	4.56607941149148
chr1:210516639-210517140	LumB	1.77740701110839	7.96049885079074e-10	2.92420907276576	2.5871814755422	3.43332241130134	4.76218008573302	4.22037256130436
chr2:64980515-64981016	LumB	1.77709862152905	4.75535099793187e-12	3.44735518662383	3.32766528433371	6.44805177435802	5.12202903702327	5.2931809677169
chr1:57110426-57110927	LumB	1.77682616840476	2.26669224907986e-10	2.67096003856442	2.2968885281912	4.19574432613842	4.50258344465972	4.13263232789391
chr11:69477070-69477571	LumB	1.77662085187678	4.30610562664388e-10	3.52767541121764	3.47911637065118	3.81718488574317	4.03031535021242	4.64266590107863
chr4:14290290-14290791	LumB	1.77643928037791	3.08341420900753e-09	2.36039514560119	1.56490046641628	2.79051684172898	4.55350121778376	4.31310278187525
chr5:15766232-15766733	LumB	1.77580942344215	3.61892130497768e-15	3.11210674864831	2.73155770274145	4.14639801981092	4.29012975369832	4.75438158279335
chr10:37300103-37300604	LumB	1.7756771252691	1.63808171910775e-10	3.03817177449046	2.61990466773443	4.67499982889467	5.15074685905819	4.57558549126827
chr17:68300457-68300958	LumB	1.77531248586789	1.95036476574958e-17	2.91931956191986	2.94599358645711	4.18164736721654	3.91772001992455	4.54757200283377
chr7:51902067-51902568	LumB	1.77525521922189	5.25211776760364e-11	3.03995245226083	2.51179837303237	3.15751891558247	3.7978210983935	4.2002719826769
chr2:41297738-41298239	LumB	1.77518982309661	3.55781090588634e-09	2.5397142111923	2.9345431890682	2.87391316156657	3.44079116268316	3.41938437285891
chr14:43464949-43465450	LumB	1.77518345257376	1.47215864282393e-07	2.23276444586681	1.56105777504974	4.16745368358549	3.94997304487013	4.1861732602081
chr2:236692347-236692848	LumB	1.7751077212126	1.19151994491711e-12	2.99755719266745	2.39054304876999	4.18046087219333	4.41429511082042	4.75849787399706
chr2:230105620-230106121	LumB	1.77508139691398	1.49226475485787e-08	2.53341972695471	2.59783584620279	5.46553189122101	3.46971434880677	4.19102914026347
chr12:82408836-82409337	LumB	1.77489155842948	3.82823286143968e-09	3.65688123969702	2.87957131038993	5.6966599258367	4.93671786434056	5.51683615735955
chr7:138813880-138814381	LumB	1.77351560083612	8.00101188541199e-13	2.77513532094553	2.59222845958229	3.44859868972376	4.84203716090355	4.45025597756887
chr8:100104563-100105064	LumB	1.773281366697	3.98183527398794e-09	3.35452318283258	3.01669856398105	5.47793340352106	4.89354777039209	5.04199754206336
chr14:49957395-49957896	LumB	1.7729410313871	2.00475954719972e-15	3.92215078861161	4.02523049137944	5.94292783464546	5.13045859952852	5.57596758579532
chr7:110575617-110576118	LumB	1.77290546084494	2.28863877246986e-17	3.21102440981619	3.01163506283033	4.31197670055238	4.09922890354742	4.62199194391385
chr10:25384562-25385063	LumB	1.77265795593608	4.60591800807952e-11	2.55668490020116	2.60050480444934	3.52979751635045	4.2420797033359	4.28527429775221
chr10:37407009-37407510	LumB	1.7725626723834	1.41719115772611e-09	2.57075092083709	2.30096626236015	4.20895828637716	4.69737391449479	4.22042400614832
chr2:57092945-57093446	LumB	1.77233391889366	2.09041510888899e-10	3.14180334162458	2.85178760498025	5.49348526290512	4.70838133210514	4.95311516483162
chr16:77998340-77998841	LumB	1.77221798278397	3.08018552591292e-12	2.96873733168307	2.48420031235457	5.39241275260901	3.63074711812803	4.70786211439292
chr19:40950575-40951076	LumB	1.77219272830461	3.18228844204422e-09	2.82875102647346	2.6396137151751	2.82377634973967	3.66453314574221	4.41632660835297
chr8:98333186-98333687	LumB	1.77028284770154	6.65743166122095e-18	2.64587986784686	2.58151640004162	3.7914577428402	3.33014398989762	3.9805391513653
chr10:37148395-37148896	LumB	1.76984408560788	1.94214315242941e-10	2.61549992953607	2.0957352627184	4.2223894493077	4.33531953879356	4.20623437000853
chr10:37005579-37006080	LumB	1.76954238937725	3.83061042218873e-14	2.717341057791	2.73094970619555	3.90074272115257	4.40327964114807	4.47449430385709
chr4:73448729-73449230	LumB	1.76925989106083	3.71354510669392e-13	2.50620952552282	1.82284568501733	3.60747589578163	3.25537092737229	3.57835812817613
chr12:24451899-24452400	LumB	1.76830766149801	1.70435414145612e-13	2.73868364868533	2.12465221940654	2.8657680240849	3.93613667929789	3.89074451716142
chr15:74980128-74980629	LumB	1.76819504882461	5.31080257645235e-13	2.95395188279747	2.38329026259536	4.09717237817268	4.92449536001477	4.63323168874512
chr12:88423474-88423975	LumB	1.76794666145752	3.6243870693798e-15	2.18087501938161	1.68753707648308	2.97070896183664	3.02874133680348	3.4526029320252
chr6:7512279-7512780	LumB	1.76779640659047	1.36318611913948e-15	3.21787901746504	3.41252546215351	4.44266335628652	4.63175089642291	4.65382445703357
chr4:143036366-143036867	LumB	1.76779538555422	1.2697551032833e-10	2.43505659736501	1.97446198714646	2.2826647108613	3.1294136855733	3.72399336289517
chr12:88820697-88821198	LumB	1.76756884912917	8.68348999670679e-15	3.01292262136393	2.62426746224159	4.72028672191919	4.41135821598365	4.75209682320406
chr18:56365487-56365988	LumB	1.76722952974272	2.06805310919482e-09	2.56236727979055	2.07805725503836	4.1610477467301	4.54968074228073	4.31445511622544
chr8:125068485-125068986	LumB	1.7671860586648	1.28835384192701e-17	3.2089107566837	3.27629269622503	4.71159547531689	4.57316369999129	4.8971544685324
chr8:117101137-117101638	LumB	1.76711087994199	6.83904573799569e-14	3.17518302132983	3.03538445517669	4.44147529264303	4.74938371666084	4.79607772711431
chr16:69583260-69583761	LumB	1.76659768798759	6.54838743864995e-17	3.29933185177442	2.86311365306819	4.16165800019325	3.92277232641444	4.52486288859671
chr11:63250121-63250622	LumB	1.76526785822502	5.43707986480366e-05	2.70599904081362	2.01364706981453	4.44258374493119	4.37848920617502	5.12481415742858
chr9:126699906-126700407	LumB	1.76511032849981	3.67668889949878e-21	3.46015039977624	3.99045800422991	4.85297510146867	4.83695068506625	5.21312018590862
chr15:69407635-69408136	LumB	1.76498320699211	2.22169108363366e-18	3.44189281105911	3.34099303481789	4.54842647526208	4.80148198319686	5.00262036261136
chr5:105953596-105954097	LumB	1.76489351995888	7.07547477285186e-08	2.55236101732073	2.05089374481339	4.44223024897966	4.14209151684765	4.46427725615818
chr17:43830671-43831172	LumB	1.76481454995224	1.41895868406909e-18	3.99429895640434	4.06977721399984	5.77905476666298	5.0902721970479	5.46264500765538
chr16:15263333-15263834	LumB	1.76446864019391	4.18112432284709e-12	1.91140617966498	1.73516251075292	2.47605030000002	3.11367259462132	2.95850022202444
chr10:37321514-37322015	LumB	1.76408921462717	5.76338833488135e-10	2.79117531227161	2.51761153777254	4.60889372644512	4.9513330016451	4.51463441777583
chr6:4498971-4499472	LumB	1.76401681743529	1.98800194392025e-14	2.65715325275539	2.56115830584427	3.52279622715668	4.26740045760812	4.20224650330523
chr8:92571693-92572194	LumB	1.76373880088002	1.12179516555278e-12	2.72518753715639	2.68592517953763	3.45587033417412	3.5146440953643	3.88270303350512
chr18:14865904-14866405	LumB	1.76307304522223	1.53823678011866e-10	2.55173945648323	2.22655419501214	3.61794032763641	3.21370055405359	3.66282743743378
chr10:37420188-37420689	LumB	1.7626685837719	5.65726733777604e-10	2.58451748152861	2.25758868647184	3.8608872506945	4.61065840407124	4.05745198569492
chr11:123037305-123037806	LumB	1.7626104152453	1.4806598974755e-18	2.68495696858755	2.37476296886286	2.9742094909346	3.54916327405907	3.62601250776643
chr3:85793342-85793843	LumB	1.76168642992684	3.30494134544828e-14	2.50050442574837	2.0142089348673	3.00652481159876	3.44733567371352	3.82409566571657
chr3:86054710-86055211	LumB	1.76166744301517	1.62594977813607e-08	2.66211233377521	2.15203585437108	3.24348630473411	3.64679374561708	4.00501665504296
chr17:68303092-68303593	LumB	1.76131814433153	3.67668889949878e-21	3.29469597785969	3.09594281996513	4.41050930807667	4.12266875302316	4.85525745527282
chr17:63197595-63198096	LumB	1.76103323792565	6.50981659571018e-19	2.98102235400197	2.5225796754951	4.14339715620423	3.84494201540495	4.3740345914898
chr12:110983737-110984238	LumB	1.76074602773415	8.31032819063138e-09	2.82681541549323	2.37602688742767	4.75313993881413	4.5494068241287	4.69234358022848
chr10:37419315-37419816	LumB	1.76070055114744	3.46057580283247e-09	3.09365374473787	2.85548037255683	4.53874224773829	5.27565492144682	4.74267021780277
chr8:117237804-117238305	LumB	1.76069631354833	3.51253362459886e-15	2.96009963453598	2.69549264941873	4.62282724169087	4.35441207603229	4.63310363467013
chr7:152671918-152672419	LumB	1.76040770588106	3.3014900377505e-16	3.04906308378996	3.52065196627178	4.4055129587443	4.42994342926275	4.69685641258166
chr8:71722767-71723268	LumB	1.75975336802981	1.01462897608888e-16	2.80207007947774	2.44773304490041	3.06045447014867	4.16452205285522	4.24328017865975
chr5:15562043-15562544	LumB	1.75962925885054	1.94106023516664e-11	2.48911227704013	2.1349474405658	2.49248965474893	3.31417144856233	3.56375752309912
chr20:43416137-43416638	LumB	1.75957788818975	1.75959684489298e-17	3.39510704028012	3.03003239704594	4.28061089638111	4.01584909210061	4.52221544749323
chr1:30460956-30461457	LumB	1.75947702562779	5.20730991936201e-14	3.0020909464858	2.43882049526272	4.47365641800196	4.77843856856767	4.63880863904385
chr2:41340040-41340541	LumB	1.75908868676978	9.04973286235515e-14	2.51077657833947	2.16988979431728	2.32744306419176	3.3356601090106	3.56350067009382
chr16:24936369-24936870	LumB	1.75885416322501	1.88972199331397e-18	2.97538656818487	2.88489924507934	4.67621370397	3.78290661685408	4.41059367512982
chr4:95123335-95123836	LumB	1.75849974469634	4.52903314421588e-09	3.03969735682256	2.26870252611656	3.3072064243564	4.2094864504864	4.34018902149119
chr8:122684189-122684690	LumB	1.75782996524236	1.02485894405897e-17	3.36526471370082	3.03750199566651	4.68824137543427	4.20494762844024	4.66370562950534
chr22:48244746-48245247	LumB	1.75726047853666	1.02833487199553e-08	3.0678390660696	2.48526208732233	4.93150398003779	4.01423432306987	4.2048222489891
chr1:232270104-232270605	LumB	1.75717057090184	9.48935654117995e-20	2.96923306079361	3.29100490072123	3.6099913817871	3.65138130306465	4.41646446506183
chr5:15411823-15412324	LumB	1.75707933758158	7.33959143978859e-14	2.91289930730386	2.4228443697933	4.22630028603253	4.1104826566012	4.41991739919623
chr1:43830760-43831261	LumB	1.75631569868839	4.45706230336663e-12	3.74805980568328	3.59397746329524	4.09314152626817	5.21124066530111	5.14844177128655
chr12:51085682-51086183	LumB	1.75607787453895	2.51391815793269e-19	4.22837424863545	4.06537005693629	5.62176247595563	5.99073733050183	5.88895661852179
chr21:32061662-32062163	LumB	1.75542290835758	1.72997806910709e-14	2.53707678527596	2.32055178342763	3.51021896288193	3.43904577707602	3.57161829362966
chr8:115661431-115661932	LumB	1.75531424262132	1.8491466609734e-08	3.54063616291674	6.00440362734499	5.05903226938971	5.55837225459044	5.60740099134915
chr5:92042212-92042713	LumB	1.75502165979845	9.22363106797222e-10	2.71095739108005	2.26143654959261	4.49412398179631	4.56124124498059	4.54527482199956
chr8:80750411-80750912	LumB	1.7546824883582	5.72967574815769e-18	3.8364430052839	3.98023455215476	5.14563931107794	5.05617930421809	5.36465877400105
chr17:41534870-41535371	LumB	1.75454471556591	2.2797686191029e-13	4.0392071696069	4.50993669450635	5.10140701278178	5.5603976644941	5.83485603989247
chr11:69652925-69653426	LumB	1.75373654248754	2.21122734135428e-12	4.27967724697994	4.7400194708568	5.12085965560889	5.18550974787415	5.78458350295671
chr8:124496979-124497480	LumB	1.75366846916044	3.01685724468061e-24	3.30617523074509	3.84292129642695	4.15102971592616	4.42981878167184	4.73149402672087
chr6:64460794-64461295	LumB	1.75230601566517	1.02880283348169e-10	2.5105841181231	2.26343495543011	3.97036549052762	3.72545230361123	3.99523335916201
chr19:16172366-16172867	LumB	1.75208917947081	9.68836692470972e-18	3.50475884705396	4.36180763828016	5.16355498373207	4.81032228292829	5.34446844090201
chr17:79825508-79826009	LumB	1.75198565020968	5.2672882140345e-22	4.1278877576526	4.18404225872348	4.98627097847997	5.08246841662034	5.52119153510746
chr3:85767019-85767520	LumB	1.75190979616803	2.99641964267844e-14	2.72167765798987	2.02354690301764	3.75629578903556	3.60494263957174	4.14353919587437
chr3:8294106-8294607	LumB	1.75159323717022	2.20816196747592e-11	2.90437869224768	2.41791744985148	3.95067603851799	4.86794786044951	4.77055157219111
chr10:8062933-8063434	LumB	1.7510256702521	2.22915735495089e-08	3.30734187695923	4.04958642491154	5.2132302902862	5.50199221924031	5.5341968281472
chr2:214379735-214380236	LumB	1.75079728951616	2.23505664694786e-14	3.33074639783361	3.85851196782798	4.81130165033996	4.81855977937135	5.22271436894999
chr8:112661739-112662240	LumB	1.75078097102805	2.87356622306661e-14	2.52532422199592	2.4037439470072	3.52867115714861	3.38254217270359	3.826885513085
chr1:191938685-191939186	LumB	1.75049167928918	2.23310456514174e-07	2.50353782386608	2.6652707452473	3.54809821885517	4.16729208413198	4.46377641684532
chr1:188548095-188548596	LumB	1.75035731356344	2.93653246412485e-07	2.38391107384483	2.27669323025992	3.28768666370291	4.65976278282562	4.38000934382562
chr10:37323371-37323872	LumB	1.75019257265748	2.21590487941604e-10	2.90835013126881	2.44165809163893	4.78745912685543	5.01308477230354	4.59790623897427
chr15:96000963-96001464	LumB	1.75016213334739	6.36477994588435e-13	2.7022494087587	2.75395184915039	4.43965651438698	4.05957625636995	4.45345730402607
chr8:40501405-40501906	LumB	1.75012547042542	6.53243773398517e-13	2.64056245506957	1.93424619178027	3.0305661516692	3.66172605006126	3.77333817591608
chr16:14076578-14077079	LumB	1.74968476682835	8.06783754593693e-23	2.99125208522184	2.63640228322647	3.43507915765939	4.22356951237307	4.50501064418285
chr10:107610321-107610822	LumB	1.74951101571851	3.07984909200985e-11	2.89929552606885	2.3954903867064	4.95857443701188	4.46843375380348	4.74571979015547
chr12:95879268-95879769	LumB	1.74921466171206	3.17817525340508e-18	2.85339485596708	2.29938697665995	3.52002302382462	4.12091151413904	4.12252238868011
chr10:13399693-13400194	LumB	1.74835080056346	0.000107688262124917	3.32499022138893	4.14646340247229	7.22739216594888	5.40346346604257	5.35645197812759
chr8:100007014-100007515	LumB	1.74729520473265	2.88364006396838e-13	2.56975014250701	2.45518653932666	3.49960027005365	3.440245521004	3.78923573592001
chr4:96332059-96332560	LumB	1.74729359171623	3.17117152203967e-10	2.54625450948464	1.86631675242696	3.80954845284855	3.77715102905491	4.22042719356472
chr8:125253023-125253524	LumB	1.74726450840868	2.09768142716162e-14	3.69918571600953	3.51502346134979	4.57123585863305	4.53460386738796	5.15977238495427
chr10:120886519-120887020	LumB	1.74695167760845	1.87609962086717e-14	2.81677569199166	2.46002310050057	4.47409147681195	4.21642718165995	4.24060923216844
chr6:78622360-78622861	LumB	1.74655269362073	1.16071743510168e-14	2.06579801363126	1.82397734606975	2.42705495994362	2.37654043698723	3.12951574336141
chr6:151935211-151935712	LumB	1.74649432843827	2.44105413852048e-14	3.02046118544519	3.02962435719118	3.52223265918896	4.36825206496991	4.77350687903935
chr6:20487554-20488055	LumB	1.74628266549053	4.75776807896291e-10	3.23754446012211	4.02804647826255	6.04733296061461	4.17868660757393	4.78622519532456
chr20:56898523-56899024	LumB	1.74551867772994	6.19458037816333e-09	2.65509410783431	3.16876932435679	4.94561639034416	4.60325306393975	4.45794534035306
chr15:39605692-39606193	LumB	1.74486450354904	1.4258854943621e-22	3.10672487066275	2.99190981423545	3.61894180160278	4.29829780378849	4.66375800976099
chr8:103422483-103422984	LumB	1.7448238032787	5.46239804611593e-17	2.70341117572874	2.9868099067661	3.06468049604966	3.34197079533572	3.52971485483657
chr10:37307969-37308470	LumB	1.74406707467326	2.11906027496741e-10	2.97619607090672	2.71944935444307	4.8675877996556	5.05628257402316	4.65330736105039
chr17:68299164-68299665	LumB	1.74363563709137	4.42004735073541e-19	2.9003974032198	3.03389527186528	4.26479526496488	3.82842368985491	4.45883588950832
chr4:96115466-96115967	LumB	1.74314442534443	1.09782276954274e-14	2.78621669924852	2.74082169957493	4.40511264765624	3.69772184745078	4.3247559755092
chr11:69513166-69513667	LumB	1.74256441955849	5.27862598823647e-18	3.32689010376337	3.58279124502315	4.005396898921	4.25246630907277	4.79951644586322
chr1:203088549-203089050	LumB	1.74229188520647	4.71081241585395e-17	3.21922958498532	3.21903052331094	3.80471366898404	4.60510030032692	4.94972279833154
chr16:27737958-27738459	LumB	1.7415471098028	2.61530090312644e-14	3.66182544268114	3.9635466553555	5.37043565392625	4.65240102733667	5.19512783635078
chr2:155157045-155157546	LumB	1.74124784729306	4.54062249771354e-16	2.94928327253549	2.55338194844801	4.43623592836445	3.65592102943355	4.37331183658318
chr16:1617941-1618442	LumB	1.74124757751141	7.40399373646011e-23	3.61158611012429	4.12211043663783	4.95595391759623	4.15013327521697	4.85174336553687
chr17:82760399-82760900	LumB	1.74111986683987	1.78126999781991e-17	3.17411748132308	3.25396778556744	3.31088543169196	4.06000076356755	4.48424056578071
chr9:92988877-92989378	LumB	1.74107072381512	1.09969864401081e-12	3.40743772370844	3.38148126699764	3.93645431628161	5.27179054958688	5.23820447930723
chr17:67990190-67990691	LumB	1.74060364891913	7.53845113013612e-20	4.09519048820441	3.76123081639611	5.34982914697389	5.22632030624914	5.68159745434114
chr10:37217949-37218450	LumB	1.74057984613575	2.46492123773482e-08	2.56505809939212	2.16244455147969	4.31045067427013	4.84615088803538	4.32881307819246
chr2:88206824-88207325	LumB	1.73971052445299	6.21769861267599e-13	3.00373651103023	2.63788095006808	4.31506809794714	4.7042610300013	4.67060824354259
chr5:28505116-28505617	LumB	1.73965234943872	3.28541402005166e-11	3.19416113571062	3.22115167332124	4.93709868832653	4.61856213682997	4.6175980094323
chr1:66388176-66388677	LumB	1.73960701768671	4.74883446410768e-08	3.1171518976293	3.63840839633528	5.70243692536269	5.49288753738342	5.20601484102494
chr8:85651077-85651578	LumB	1.73927155413596	2.37897163750732e-07	2.90038587285275	2.66442089672048	4.22711032263204	5.31454163635701	4.51265590144653
chr17:65901478-65901979	LumB	1.73873030393611	9.56549970478514e-12	2.54815121373207	1.95228523238711	3.32188094561476	3.81049090760352	3.87363021864011
chr2:241764244-241764745	LumB	1.73871866844345	2.36119468659562e-10	4.11187782394465	4.0410756494377	5.93448847261751	5.44568867761691	5.62373819644597
chr8:30675610-30676111	LumB	1.73837120226472	2.2770495008424e-05	3.30023686276475	2.5210841433429	4.10518356162744	5.09484501954324	5.34047977722643
chr8:99888631-99889132	LumB	1.73801144079582	2.62746268906866e-16	3.69279074815943	3.85449904371212	3.8129669877336	4.76151391966085	4.83896319041998
chr9:92987527-92988028	LumB	1.7376981277758	2.28651241512606e-14	3.6942050916992	3.76477833119314	4.50350583150593	5.35134366164343	5.46569817937162
chr11:100357139-100357640	LumB	1.7358969116416	1.48929869572054e-13	2.64978128566192	2.73358607874525	2.43681239429565	4.17393762689199	3.98783635599775
chr16:12866965-12867466	LumB	1.73544801294912	2.62096581602856e-17	2.93362446266511	2.6010830646381	4.14841052740421	3.93337233669854	4.40227437672416
chr7:45414192-45414693	LumB	1.73519630577404	7.83002002435096e-12	3.4100239842135	3.05296001736953	3.77684125586153	4.31959743486134	4.79259295667701
chr9:24373585-24374086	LumB	1.73500907572805	2.90668755733004e-06	2.66437061914442	2.1723689267016	3.88921119583792	5.23603579056219	4.06763127691842
chr17:68325823-68326324	LumB	1.73472309118431	6.18901915310664e-15	3.44781772228411	3.57284010382174	4.53601622388945	4.42493217187248	5.19846514105193
chr18:45781294-45781795	LumB	1.73388626649727	5.03694037182292e-07	3.27042173999568	3.55099509077654	5.21186608483221	5.41680448039818	5.20605827419163
chr12:116391456-116391957	LumB	1.73380123457658	1.02697443010249e-13	3.41693024416231	3.36574477184679	4.71092227431133	5.18070418042049	5.24496278334691
chr5:113304168-113304669	LumB	1.733172050113	7.76526418603094e-14	2.81295802069744	2.33171130684668	3.35864070411503	4.82771754508801	4.43285000186205
chr11:116354967-116355468	LumB	1.73301898175227	7.04239276821386e-15	2.62257722514187	2.00679165609831	2.65488243417228	3.30431784906117	3.35099948879621
chr3:67518238-67518739	LumB	1.73263964961544	6.79271624605025e-09	3.09745303171769	2.88890306750377	4.80861410135899	4.78574738428513	4.79604627454379
chr3:85804220-85804721	LumB	1.73232774426298	3.38445782316081e-14	2.15527903229597	1.44756835611688	2.21770909400362	2.50230953829641	3.2496664113095
chr9:105289256-105289757	LumB	1.73222178871908	3.57392523802125e-14	3.45743679975179	3.3025616853161	4.29280989153913	4.77845902572672	5.11122169599578
chr10:37354441-37354942	LumB	1.73196101367741	2.26352217406223e-09	2.76860725530261	2.43140350606904	4.52644691630972	4.88644241643894	4.35681156479214
chr11:69527777-69528278	LumB	1.73160061833549	1.46804443758898e-17	3.05328505324862	3.02017087638	3.47513797895023	4.03163359424264	4.43007868068117
chr20:50727240-50727741	LumB	1.731489097149	1.29576340893754e-07	4.91386661428796	3.86828352237226	4.46617345244539	5.9661888012305	6.52245397691434
chr9:106109019-106109520	LumB	1.73089854569719	2.99399345898113e-11	2.74896368100798	3.38908262678291	3.38436127072344	3.72164827889244	4.14886087409413
chr5:58206933-58207434	LumB	1.73019648803248	1.48943879921365e-12	2.91551981025715	2.30694937023952	3.82845085553275	4.61916563376356	4.58192131196292
chr18:71208502-71209003	LumB	1.73006430626062	9.26464693126065e-14	2.3858304918895	2.03504195298772	2.08933481511316	3.20920476267924	3.38992214814332
chr4:788403-788904	LumB	1.72831913654031	5.95366036742272e-18	4.65848381818129	4.12996391626744	5.44083237814958	6.24966816840997	6.39013707336489
chr8:71721933-71722434	LumB	1.72716498078189	2.08365828123626e-07	2.78928612850639	2.26730393405412	3.68476492305948	4.5188739941373	4.65134252489944
chr19:57806580-57807081	LumB	1.72688387237407	4.48490775914528e-14	3.8486080018268	4.13923675410311	5.16223369102185	5.3147219085871	5.51692097372696
chr18:26772628-26773129	LumB	1.72664932090907	2.22175605008342e-09	2.82715530067659	2.46468078349382	4.36542430072886	4.93144678648243	4.72397573119114
chr16:18218843-18219344	LumB	1.72595907775382	4.29513716111096e-10	1.75299432565282	1.53696427812379	2.11309665305302	2.64834195829183	2.6761555906068
chr11:69231549-69232050	LumB	1.72580980394658	5.53265573853686e-15	3.39778423780074	3.38126759254774	4.00785339593519	3.74993886227141	4.37865278771989
chr22:42461819-42462320	LumB	1.72579797898817	8.15765950571617e-09	3.16817329067584	3.32253448854541	5.18677326675539	5.14816148554964	5.05597623573124
chr8:100539793-100540294	LumB	1.72568524309812	4.75192514098924e-19	3.77076685967342	3.77979839840669	4.60613383664858	4.83869974387064	5.13708284072943
chr3:180992404-180992905	LumB	1.7255677871611	5.59509542392267e-13	3.30795498069493	3.17039669369101	3.84796661823117	4.74425884943599	4.88171285701244
chr7:4831197-4831698	LumB	1.72536748493857	2.06625922294785e-13	3.24350409710929	4.19144286011254	4.57193303779904	5.01447459469647	5.12117339380436
chr4:103933351-103933852	LumB	1.72496231517969	1.0830224469575e-15	2.69866191122285	2.44559316332226	4.13209381187296	4.03918129851639	4.32497300479089
chr1:102836928-102837429	LumB	1.72446022502386	3.50780629546108e-09	3.27947667253916	4.34548096174718	5.65848658379815	5.0537708611322	5.29545122037181
chr1:175300694-175301195	LumB	1.72430986878705	5.34717985887283e-12	1.92970801838728	1.71223845232753	3.59824373263932	2.95730415310832	3.10504063362683
chr10:46356118-46356619	LumB	1.72407232340962	0.000825448795587148	2.23397261226981	2.15164731735897	4.41235095735996	4.39262857855918	4.91447853837396
chr2:176847514-176848015	LumB	1.7239555384683	9.31247007667332e-09	2.68701748245309	3.07611379154274	4.64985777295536	4.5181843689356	4.43828247920326
chr20:2774802-2775303	LumB	1.72337489134577	9.767936052568e-18	2.80328502306503	2.98346536324514	4.43169184171742	4.06656029906088	4.33103476352573
chr12:66237657-66238158	LumB	1.72316900350693	3.45801524458637e-19	3.56122014396834	3.05475296050506	4.66909591597396	4.63915289518232	4.95735314273788
chr5:173497632-173498133	LumB	1.72258515597156	7.93052849338965e-14	3.29932505912112	2.91682499474699	3.83929955972616	5.21676484874917	4.96597775790331
chr3:14912892-14913393	LumB	1.72197057324532	1.91997532395041e-13	3.50382975812538	3.52753800089175	5.06126366049706	5.05994274911492	5.10552837846284
chr7:140971612-140972113	LumB	1.72161637319019	4.23500517565777e-15	3.02441420219715	2.7406576534795	3.54204259752496	4.0393395466835	4.53873256820107
chr11:35983184-35983685	LumB	1.72155394892471	1.06480781071279e-16	3.07768344137415	3.16966572261675	3.53806144419942	4.35727253949305	4.53950144384446
chr1:202400050-202400551	LumB	1.72069419172143	1.43294624512514e-07	2.9823597055092	3.66599821776258	4.67357198013998	5.17487273297429	4.64370487965164
chr10:37304841-37305342	LumB	1.72042100124466	4.00729382587157e-11	2.75376913650637	2.33223270327595	4.08937981135893	4.70710019666771	4.38098674224974
chr5:44035510-44036011	LumB	1.72036305081306	8.54151493692393e-10	2.96197935120975	2.64979780522491	4.30409701291295	4.75353786493687	4.64049534151887
chr8:90130822-90131323	LumB	1.72031722875518	1.73591744825738e-16	2.81475683799513	2.58776736770507	2.71449623661528	3.74950746413161	3.92498977369587
chr17:57216163-57216664	LumB	1.72003154689135	3.06719186367406e-11	3.31075708504755	2.87803506929667	4.58583044373657	4.9308935831248	5.23844497188861
chr4:95012343-95012844	LumB	1.71988240817024	4.77448759893363e-07	2.58503318876919	2.15407330776176	2.60273224862604	3.2388025690663	3.62966312456009
chr1:206866568-206867069	LumB	1.71963778452664	2.55213245343038e-13	3.21013754484774	3.28198741564856	4.84321920318035	4.85572849439493	4.86532187052677
chr6:167891842-167892343	LumB	1.718588827123	3.21138768134189e-20	3.35867084171768	3.17832041641518	3.64873972953497	4.3164623716892	4.63627145292837
chr16:78052283-78052784	LumB	1.71824328465949	1.00349022257915e-13	2.62396505456161	1.96086491162493	4.05529861559036	2.83902574270845	3.80945166954976
chr3:57802546-57803047	LumB	1.71786959859487	6.10748238496754e-13	3.91271657933566	4.86504799465317	5.65303170203588	5.8261641873498	5.63483023801124
chr14:50924188-50924689	LumB	1.71739757264002	1.60251307697542e-12	3.26003379031017	2.7714906442628	4.24095484147374	4.38821617725568	4.57446769545116
chr8:121967767-121968268	LumB	1.71734384937974	9.17310416846506e-09	2.45652682221325	2.24116071219548	3.07361161893861	4.04893262303937	4.19133380356444
chr3:103387374-103387875	LumB	1.71596178835587	6.51724688802359e-17	2.84631324523705	2.76451225897332	3.19427883005704	3.8485095408478	4.03875399055329
chr1:209544746-209545247	LumB	1.71542081520172	1.48929869572054e-13	3.35574361995117	3.38545210699825	4.16328795822424	5.03749442551411	5.018605095991
chr20:52239047-52239548	LumB	1.71500860035856	3.41500664261118e-10	2.81112149388377	2.09969941779569	4.38911363450913	4.24788574544298	4.3304624013713
chr8:54997493-54997994	LumB	1.71499775325325	1.09102170652751e-08	2.93322415596161	3.12933905626131	4.31171651857631	4.27965515859246	3.66730702310863
chr5:69208425-69208926	LumB	1.7145679505016	1.39011342363886e-15	3.23206464435166	2.66580683122736	3.85032781688254	5.17979703120542	4.83651813340811
chr2:54938762-54939263	LumB	1.71434388662124	1.92709699465756e-11	3.31501242904117	3.82323714530286	4.4577520469665	5.17784137815578	5.05934209032085
chr4:95064155-95064656	LumB	1.71434293131093	5.12516659758402e-12	3.12029860577744	2.61020190970245	3.23273620500821	3.88466987825568	4.12060410857973
chr8:95070605-95071106	LumB	1.71371184474074	1.77320138617785e-13	3.29227288875918	3.8302813513856	5.3041328028105	4.42420697173929	4.96227546990299
chr1:165847453-165847954	LumB	1.71313969962999	1.82054398134838e-16	3.30619110456151	3.64529388419703	4.45408016210129	4.75507802590336	4.63936506394332
chr8:95148428-95148929	LumB	1.71237743070173	5.06244886269811e-18	3.34123429322679	3.25658321273743	4.33956203555443	4.15655040167637	4.76231496135955
chr8:54050600-54051101	LumB	1.71192313684846	4.67650246859766e-17	2.95480870567447	2.93254417987997	3.77543087902719	4.46659505722433	4.3258940697046
chr10:37375382-37375883	LumB	1.71173439266832	5.16040605603064e-10	2.78081631083096	2.58702857454639	4.34470176635042	4.81642943936375	4.25570657046051
chr1:217806350-217806851	LumB	1.71120314159717	9.24936286500717e-13	2.9917540398254	2.5172455052834	3.52814719669351	4.94212668294871	4.63241272688379
chr2:156804763-156805264	LumB	1.71052987496934	1.79253936079542e-10	3.09626521054038	2.50824778726967	4.63854404685406	4.7223266992724	4.72527489324105
chr6:106426924-106427425	LumB	1.70960099676704	2.13518171022607e-15	2.886144231938	3.03990440098621	3.62692908190638	3.77096243773852	3.76166774363382
chr12:80711741-80712242	LumB	1.70954069361164	7.15454693105306e-07	2.5060878997185	2.04534983396462	3.37232713055237	3.4681106043629	3.91554370757741
chr8:127333718-127334219	LumB	1.70901584064075	4.77546020172969e-11	2.92167575024677	3.32824463903033	3.69216097035374	4.56785276374406	4.34960513751904
chr3:186842978-186843479	LumB	1.70888138009892	2.70642948426612e-10	3.767409551499	3.84771407261915	6.1308587937969	5.65313879641672	5.67735444286489
chr4:6632340-6632841	LumB	1.70885565741957	3.45088086320456e-12	3.64533688950167	4.42306968272807	5.63300147622582	5.42173201113556	5.48737470452122
chr13:49335971-49336472	LumB	1.70878471706293	1.57194803050265e-09	2.66133993097091	2.44073737508498	3.86350831524782	3.47230686294089	4.1012287478434
chr16:10083287-10083788	LumB	1.70791970728737	4.32141395384831e-09	3.36835345533103	3.11641493725948	5.54454743245481	5.12015695849174	5.08103164922824
chr10:8066725-8067226	LumB	1.70780011241264	4.53574053695865e-08	3.17874883517532	3.79607805893971	4.92208079617184	5.25534515189519	5.32529742780392
chr8:28091199-28091700	LumB	1.70759143142777	5.17168840112613e-11	4.06988326773043	3.71633973046035	4.22864291436382	5.90144305884857	5.44015754709362
chr3:156152849-156153350	LumB	1.70741721027134	1.12539761697435e-12	3.14794263631251	2.9354395747059	3.3157385042994	4.80102208381876	4.48250897232622
chr10:37226448-37226949	LumB	1.70709384061759	1.79825075935868e-09	2.86244663767463	2.38339843418242	4.79955494550344	4.76342130869699	4.45269968521316
chr2:163367825-163368326	LumB	1.70579491987455	6.62459474016349e-06	3.00001049748427	2.69566394097226	4.87728630123069	4.61796835477241	5.26208031339817
chr1:45855831-45856332	LumB	1.70564054784857	3.13855030238654e-12	3.02787753477589	2.69530420102972	3.83216118547203	4.13150042800951	4.45489561807218
chr13:77090980-77091481	LumB	1.70557872766766	4.22379500808316e-09	2.81076965362193	2.67849345701957	5.20570797560226	4.35970599441063	4.42013575731045
chr10:37228794-37229295	LumB	1.7054586166074	5.31399206815813e-09	2.86580920765104	2.75577809139	5.26365714496658	4.8365999814368	4.58135874501956
chr2:99944404-99944905	LumB	1.70540040673417	6.53378357995964e-14	2.94503127646373	2.62254851364741	3.15290138271903	4.2156506388342	4.22310147692487
chr8:29115753-29116254	LumB	1.70488391474802	5.78134214985055e-15	3.77606384510265	3.7121696971203	4.67895542764968	5.27524215238837	5.07132451630179
chr8:117250060-117250561	LumB	1.70484785734068	4.99592735558274e-12	2.5873404838885	2.30171634830175	3.51073901723652	4.25978471342636	4.19072035072462
chr21:32732538-32733039	LumB	1.70439316375206	2.04546564742281e-13	3.64803222881812	4.73170202780062	5.88078673417768	5.05794882940076	5.33509776354473
chr9:37799702-37800203	LumB	1.70427373269086	3.40170061512703e-18	4.82398602342486	5.39057886454092	5.50607640970826	6.40899836674481	6.40329931687447
chr8:114923025-114923526	LumB	1.70412283741908	1.21010737329575e-12	2.84005420437242	2.89066007957858	4.18036574067959	4.42585144309689	4.38674690061042
chr1:211392042-211392543	LumB	1.7038135361029	1.02702438551142e-10	3.04670691563008	2.78153090987008	3.84464463749341	4.15682567839553	4.51877759553059
chr7:146880165-146880666	LumB	1.70359274355285	6.4311576229927e-11	2.70836577584273	2.33650622107032	3.12950626908631	4.33839219388471	4.08935242859602
chr14:50436936-50437437	LumB	1.70235060147179	1.14755709224325e-17	2.74779506790574	2.58216484117039	3.38231624105328	3.98665705674942	3.78949584400796
chr11:69532189-69532690	LumB	1.70226770116333	4.53879491701455e-19	3.05488910159152	3.02126338853601	3.2712524764528	3.90577843010965	4.31086288680627
chr8:101120668-101121169	LumB	1.70200523252088	9.9794593360265e-22	3.85882383771125	4.28377780326404	4.17650258949775	4.57633475992151	5.13548476777062
chr3:155782532-155783033	LumB	1.70133447711102	7.90909973487077e-10	2.96610087866477	4.25421078239828	5.02951043963231	4.41739886760257	4.70440456704337
chr19:16003483-16003984	LumB	1.70121979314242	4.13078933102678e-15	2.86150950701077	3.35879716943983	3.22773832942248	4.19976288005474	4.38777585414151
chr9:126614590-126615091	LumB	1.70101305244618	6.8671624159791e-13	3.8077225330796	4.86095938567048	5.89531504894723	5.53013410731797	5.65774667689218
chr16:1573755-1574256	LumB	1.70071520507604	7.14080250205828e-15	3.24438059383443	3.24658487042861	4.79661744398768	4.76175043623707	4.85557992065809
chr9:126701604-126702105	LumB	1.69939502504753	6.81755267739463e-20	3.60377401860895	4.04944805874428	4.91160677764327	4.96674470803312	5.31491179350795
chr8:37864792-37865293	LumB	1.69930061877865	1.43401238230687e-09	3.85170322799788	3.86985162089806	5.0915414538747	5.76798328638093	5.55976305408745
chr2:131680749-131681250	LumB	1.69920735666705	3.84327177836931e-19	3.05124245938724	2.9258252003059	3.46016350687774	3.77095716859088	4.38420252498759
chr10:8076922-8077423	LumB	1.69917356535823	1.10075047191319e-08	2.56351065042661	3.20461209773242	3.87232758666374	4.84827051005129	4.53312214709297
chr8:95069717-95070218	LumB	1.69821444963245	2.03023023928802e-10	3.47078940011788	4.43428876064548	5.24846790268957	4.54752756433313	5.19129875467083
chr22:40954250-40954751	LumB	1.69706998348809	2.43337525601879e-23	3.41408153968298	3.49326385185919	4.51813784368334	4.70761883113001	4.77658657336521
chr3:180331180-180331681	LumB	1.69692029414182	1.18447601726286e-13	2.91312015403714	2.78870092159502	3.32635040654392	4.3304784591225	4.10438626581255
chr2:169112177-169112678	LumB	1.69675719423285	6.18162677924309e-16	3.23294117991257	3.42375920495916	4.05235995653084	4.50487170565219	4.70862675319557
chr8:126565088-126565589	LumB	1.69636717600862	2.79894706731418e-14	3.88816638147035	4.42516359869333	5.78034701132622	5.31856607132964	5.5806314401907
chr9:88968602-88969103	LumB	1.69569710022993	1.50764870580355e-14	3.3181165692991	3.16966812180743	4.51323165090133	5.04232205403302	5.08779084215089
chr2:131679654-131680155	LumB	1.69568074339363	8.45533783238673e-23	3.5057712095932	3.23994165690284	4.13567418411998	3.95525035814118	4.82663020024869
chr12:114530360-114530861	LumB	1.69500410876799	9.58982598766096e-07	2.54383426668086	2.36606570161503	5.35169933983251	4.79522217449892	4.65272288491186
chr10:113116204-113116705	LumB	1.69449485564459	1.41437939184584e-12	2.95603084364151	2.51043777663232	3.81034410830905	4.62101551981994	4.4706483714612
chr6:78476508-78477009	LumB	1.6942483959457	6.36594143415728e-15	2.50391321576138	2.70719351185093	3.1183445107578	3.52176250583278	3.97056488157632
chr2:57499165-57499666	LumB	1.69412121307149	1.75789533142021e-13	2.82836494418521	2.73954878126221	3.46121933797079	3.88829780047306	3.98539214352083
chr17:40576690-40577191	LumB	1.69410906974391	1.53620144770665e-11	3.35412786744405	3.14893502267443	4.58749954570236	4.84613296977469	5.18298966031975
chr4:29630360-29630861	LumB	1.69370451395484	2.39731218270976e-08	2.64254272319211	1.95917324204047	4.05406316561388	4.30073514700824	4.25620316116291
chr13:107818883-107819384	LumB	1.69360127364471	1.10957679523759e-06	3.242953892983	2.41359859358658	3.39173620392523	5.37367788521882	4.77766469527838
chr2:129326593-129327094	LumB	1.69328343954568	4.72403036709865e-08	2.53509813081356	2.31536211972558	4.40507103673023	4.41237854049733	4.30973217611208
chr8:68935088-68935589	LumB	1.693044441156	2.32243894485415e-10	2.74827749047955	2.47055348795143	3.61780279079679	3.75917229649998	4.3833647712146
chr17:44022904-44023405	LumB	1.69303443830079	1.88833445223765e-07	3.95258874294921	3.63664692314757	4.0276678084287	6.06964449014551	6.03085989178808
chr1:245802997-245803498	LumB	1.69256230803697	3.48920559775457e-07	3.12274946480983	5.11597748267046	3.45776318462134	5.1751410176077	4.60311392049522
chr13:92984121-92984622	LumB	1.69246231192074	2.80572711411952e-13	2.85692195177472	2.5650708912167	3.26173412875238	3.94636400960503	4.12758824145398
chr14:93471053-93471554	LumB	1.69232967476536	2.62902157872403e-09	2.38355316745346	1.59200168723916	4.93882780083292	3.4820253500157	3.80485245091481
chr10:37406481-37406982	LumB	1.69152026897575	8.33345437048391e-10	2.73978730477269	2.44170203867205	4.14047609799733	4.67006470050198	4.32808077573131
chr1:160156342-160156843	LumB	1.69112109589315	1.05290432079059e-11	3.260862574708	3.14270528436606	4.82050377370731	5.15985914055761	5.06421060624201
chr16:28322876-28323377	LumB	1.69107267157959	3.17179961756894e-17	3.58531209682323	3.5047895767125	4.99793625467368	4.57657983475226	5.22611030680879
chr10:72453145-72453646	LumB	1.69101232634512	3.33790161141904e-16	2.87722486615927	2.32376313116404	3.72791473462557	4.20742114497331	4.52440759712704
chr8:97228380-97228881	LumB	1.69060636114321	8.46585455527327e-11	2.8277232962011	3.17035908853281	2.91858841311093	3.26121221731474	3.71633178562301
chr10:37138500-37139001	LumB	1.68999502263606	1.31686716007513e-14	2.31782770099893	2.23942453665301	2.40657771544984	3.36016681082185	3.53052624269838
chr11:60825721-60826222	LumB	1.68959187951034	1.90836106519159e-13	3.46809027636377	3.62230497885963	5.78082961594773	4.76233713893335	4.98150935568906
chr11:78297329-78297830	LumB	1.68952107232199	1.49120473825215e-13	3.30537283810877	3.10387050829187	3.67685608822778	4.22258973376729	4.29240526806716
chr17:70869906-70870407	LumB	1.68939136701443	3.71459141986029e-12	2.36675450539133	2.0462528932838	2.35573878675892	3.65667631674582	3.56911403421238
chr12:99857644-99858145	LumB	1.68915713438009	5.63575018119507e-13	2.46929016008198	2.10351594534527	3.57158486906256	3.71464703541553	3.94807416648785
chr4:157433468-157433969	LumB	1.68915311570195	1.80081153916301e-12	2.03411851783539	1.99375929730354	2.17724177398535	2.43033513178483	2.90358868028438
chr19:40929934-40930435	LumB	1.68828450519127	4.71281136048288e-11	3.00286641668122	2.40568725072815	3.67370428951664	3.96544617329744	4.56321107709255
chr2:164093033-164093534	LumB	1.68756608882929	1.34700839245359e-15	2.56048704589836	2.05994452745414	3.60716749014653	3.60596384784693	3.88841288296496
chr5:14083998-14084499	LumB	1.68737475557637	1.10203394587782e-07	2.85499602607135	3.13986850115613	4.39007091291139	4.36338626519086	4.16821948557324
chr14:100033368-100033869	LumB	1.68736543880676	1.1762899391398e-12	3.52725186808785	3.49395193221784	5.57392588337238	5.09502565252353	5.3419884460214
chr1:155040210-155040711	LumB	1.68729925690581	6.08501471198909e-14	4.26818831927174	4.73942620320269	6.10442919349722	5.68413700350007	5.97649332564821
chr14:105668819-105669320	LumB	1.68614029589092	8.34915221347122e-19	3.41795223002154	3.1901702177084	3.92283622156056	4.26783128611356	4.59473177697112
chr21:39449632-39450133	LumB	1.68572605332169	1.25266044208089e-25	3.69485145859056	3.94698169926793	4.6935272303366	4.82001312285119	5.13862077410374
chr19:7820501-7821002	LumB	1.6856635293652	3.38324703366399e-16	3.44404122875428	3.73384637090507	5.07806895172028	5.07777199612525	5.15329657265389
chr8:28147111-28147612	LumB	1.68503471276404	2.77413436160304e-10	3.26427304153039	2.5982106804767	4.56397946338068	4.6011876041599	4.84037599512592
chr14:101148399-101148900	LumB	1.68487383723326	1.74959865678734e-08	2.81117155984222	1.8815898162111	5.08046092273666	5.23422930104657	4.74741058763159
chr1:245995174-245995675	LumB	1.68481974428577	2.71279684466276e-09	3.55675674835018	3.7506165069208	5.64079725579557	5.51059987453431	5.39567640352026
chr11:77911516-77912017	LumB	1.68363104355491	3.56801984658429e-11	3.02948573462747	2.62318824501088	4.47795295119321	4.21746606550332	4.13418792481763
chr17:72818488-72818989	LumB	1.6835959887422	4.82549461981171e-21	2.61795256481158	2.45256388184972	3.23342795063194	3.5648022088237	3.86069310790863
chr18:36099212-36099713	LumB	1.68330604336626	3.20242210824953e-13	3.17491261446567	2.90974278687705	3.80603529519465	4.7183764398466	4.79972727031537
chr14:43650688-43651189	LumB	1.68322758504489	1.49844019824522e-11	2.81146320966511	2.39374420034528	3.77313534005007	4.37147425188886	4.55986293707124
chr14:31806223-31806724	LumB	1.68320753517166	1.01432271047242e-15	2.98292872997928	2.40639001897791	4.07335857594627	4.56404643561017	4.41659278976331
chr8:114918783-114919284	LumB	1.68296017218511	2.59594732989386e-12	2.87106659335955	2.87327546564112	3.83323794104068	4.65573061057383	4.5389656334036
chr6:672698-673199	LumB	1.68204933614178	7.68887882634663e-15	2.62931459365179	2.12736734047	3.21613559524262	3.72988389259634	4.07420295764233
chr2:53620299-53620800	LumB	1.68194803440277	3.09165497244553e-13	2.99923428262598	2.87801642354389	4.55894213614912	4.49820415758342	4.46666199323878
chr3:13476675-13477176	LumB	1.68194528910176	1.03551567708819e-20	3.98163144328946	3.87966365373347	5.03810364539708	5.43571361512596	5.57279927961105
chr16:9233193-9233694	LumB	1.68171067006696	5.279701529676e-11	2.1757426009641	1.73981992326182	3.25243651043154	3.44616806358512	3.45028672875979
chr4:59630915-59631416	LumB	1.68146467412735	1.18353335380379e-10	2.62873941041648	2.15848088484816	3.46621440590319	4.06303159741292	3.95222422175552
chr17:5264077-5264578	LumB	1.68070101307666	5.46163014385289e-11	3.22615965720235	3.94679565630234	5.08042782050216	5.09511342219094	5.08367990743538
chr17:62710896-62711397	LumB	1.67968807220524	3.66242439119173e-24	3.23840339685679	2.84219439015213	4.07932313090804	4.08286646827291	4.63630973634111
chr17:14736587-14737088	LumB	1.67941947861565	5.20653145722116e-13	3.3081147127081	3.84002013046937	4.42461635825069	4.71658850130322	4.66272854910881
chr1:145579610-145580111	LumB	1.67892262035898	5.45961806916388e-11	2.4097946240062	2.41966955043361	4.3145585751751	3.30632526140401	3.29074173798931
chr8:133293359-133293860	LumB	1.6783887848535	1.3517284621407e-10	5.56961651486428	6.11443277006453	7.46536072459661	6.74896830199818	7.25521481073519
chr11:93935769-93936270	LumB	1.67826486900435	3.9009571627388e-09	3.37995930651932	3.65324857308391	5.28140796241952	4.64608107596256	4.85878094117165
chr4:91278629-91279130	LumB	1.67792211189631	3.28541402005166e-11	2.78039143777881	2.40449489896882	4.34128883981055	4.10833064380086	4.1340749090063
chr14:37601862-37602363	LumB	1.67732585268627	4.29827497647027e-08	3.84307183629058	3.37329189893718	5.63751653813498	5.51642807522246	5.81966531235062
chr8:57853879-57854380	LumB	1.67705417896924	7.40582231963788e-11	2.80288413025545	3.24641533944956	3.56128549689931	3.65561466131693	4.3118323962501
chr8:94534938-94535439	LumB	1.67694726271393	1.55865361259876e-16	3.01464581434951	3.07329958374763	3.5438410740075	4.19389865423155	4.29144609538739
chr17:62816430-62816931	LumB	1.67692563206637	2.51391815793269e-19	3.03451484739846	2.55068680898557	3.82848859709112	4.02442947770076	4.6412810941448
chr8:115603825-115604326	LumB	1.67650875623243	4.87932347048771e-11	3.49005969547957	5.31271226139868	4.83810355186001	5.42503631589657	5.33278353351681
chr19:23438518-23439019	LumB	1.6764978882434	2.58932502702849e-09	2.95707149390996	2.60015236960428	4.00815766590252	4.36453300295826	4.41478178884152
chr16:80543718-80544219	LumB	1.67635108288106	6.60696061685775e-10	3.08422396186518	2.50887203683565	5.50814773716771	4.87553207332042	4.94506390477217
chr3:5074486-5074987	LumB	1.67599668467393	4.99185471607661e-12	3.11965173735883	3.08759460483731	4.53991575300922	4.4415905253332	4.75496655418147
chr2:237485164-237485665	LumB	1.67544122669771	6.05818042009579e-08	4.7550356258624	3.71585215175948	6.77912526355581	6.62088739500786	6.92613795359154
chr3:196918941-196919442	LumB	1.67449447968855	1.31108335003235e-17	3.33723669410732	3.30136294945672	4.62337490079756	4.48763421572773	4.69944169597194
chr7:42400345-42400846	LumB	1.67408400311874	1.85705389633761e-11	2.45601197881808	2.58892542900844	4.19085366762154	4.18891257916771	4.04436742222628
chr14:105625988-105626489	LumB	1.6740546544822	4.01522725465563e-12	2.86262935544474	2.85300548820682	2.49662390064681	3.35650724320881	3.67642304327398
chr10:9108786-9109287	LumB	1.67271306944818	7.57029829715772e-13	2.78081382023801	3.00507397621887	3.91863765562261	3.94521071865846	4.32597080559636
chr3:13456306-13456807	LumB	1.67260160161836	4.37471386444557e-13	3.33009851945071	3.0418307530495	4.18609647603426	5.02648203748132	5.05737555260211
chr19:57800670-57801171	LumB	1.67153081774955	9.14088186556874e-12	3.97987086299078	4.47222140569283	5.33913673560189	5.51033736862139	5.68800997559198
chr8:93318040-93318541	LumB	1.67096113335841	6.86574097649596e-15	3.21522659298612	3.08997017045327	4.29024173311365	4.09190258981098	4.42467244218499
chr2:20077817-20078318	LumB	1.67080479857388	6.78260807711433e-12	3.50251221430723	3.8806033092374	6.02402513628137	4.87815053556088	5.14482158445102
chr3:196806988-196807489	LumB	1.67071406130934	3.69551176938308e-17	3.02166783344697	3.08734155131427	4.40676927927467	4.38587571054093	4.52617286133332
chr8:95086719-95087220	LumB	1.6704514070735	2.67306108274062e-11	3.69850187964953	5.12175227628889	5.81354822062187	4.62746135082185	5.26243690076757
chr21:28208325-28208826	LumB	1.67040672140446	9.14088186556874e-12	3.11358318933953	2.37983479131461	3.85151643236369	4.09936181138964	4.37075176045513
chr8:72106678-72107179	LumB	1.67008872221729	5.33628573473157e-12	3.0364948162612	2.66038588964256	3.95088551519079	4.06400204831692	4.33868153546711
chr3:180274466-180274967	LumB	1.66962012381935	1.38190284526665e-10	3.05420386977594	3.02444137413961	5.05466526596856	4.30361490613815	4.73156818371985
chr2:131591487-131591988	LumB	1.66944776979669	3.70730668568261e-15	2.85410643487809	2.8797749847848	3.80027751226997	3.37493345600369	4.23219240237518
chr9:125999067-125999568	LumB	1.66891668702979	1.40394465712196e-12	2.95892955062066	2.89687714165687	3.89686303168341	4.09669510601363	3.84541038067676
chr2:100055725-100056226	LumB	1.66832651688034	8.38774028906815e-11	3.12442455328896	2.26442730575892	4.31924462170617	4.98223364090576	4.91697278433437
chr10:34401341-34401842	LumB	1.6674905944738	1.56083283533641e-11	3.15041865363895	3.25988682150716	4.49754187126863	4.46818699747583	4.76026846333663
chr15:39602066-39602567	LumB	1.66721589134202	2.85120909007839e-21	3.19653544925569	2.87899150340633	3.62549345924631	4.07634257137819	4.62907824173131
chr8:124873899-124874400	LumB	1.66615671413665	1.86224097617624e-08	2.85398316384177	2.89164012329264	4.71248236019858	3.59584358180865	4.03481279467901
chr18:14784769-14785270	LumB	1.66610269885813	2.70285969774794e-08	2.38267746938971	2.11192706875922	4.57551267611945	4.19168915901714	4.08416816758675
chr6:89016443-89016944	LumB	1.66590083872819	5.37542017322026e-10	2.23296508914349	2.14573577508461	4.127837622149	3.57331352616872	3.63159858608117
chr17:68294115-68294616	LumB	1.66550387617078	3.20335324381504e-11	4.01227873085431	3.72744593151289	5.49729582065068	5.16770819825751	5.7429158914064
chr1:160176571-160177072	LumB	1.66546972978006	2.8723513361934e-08	3.705228896255	3.64021880147089	4.88494282085729	6.0413127031942	5.63379124955288
chr2:163174142-163174643	LumB	1.66538490974487	1.38075716220781e-13	3.04498880283167	3.05960264178275	4.71173820356877	4.70433174952122	4.67781543432889
chr13:51929637-51930138	LumB	1.66507697101384	6.8242325354823e-14	3.30061330041183	2.73880977280376	4.96103211375827	4.23267742507613	4.76112833085941
chr8:94584935-94585436	LumB	1.66490521745138	4.5039087352888e-15	2.85301396475585	3.16442025816978	3.5219307581299	3.71781948407303	3.99300943356223
chr8:37144006-37144507	LumB	1.66475839911839	2.59594732989386e-12	3.83984765420382	3.92952783395022	4.53363085238506	5.19227225622763	5.03007098775112
chr1:11387716-11388217	LumB	1.66453013482792	1.08484889892512e-10	2.89945546458778	3.0189455268623	4.62808869051767	4.38088615353559	4.33367434263845
chr10:37149349-37149850	LumB	1.66445977753185	2.86489387366614e-08	2.56282128817043	2.13012268458394	4.36061388678376	4.34648930746991	4.04933016882076
chr3:189567941-189568442	LumB	1.66326929439521	4.89448080797141e-13	3.35348974060049	3.53179227979342	4.08742385748525	4.69281073901505	4.71806070855457
chr15:98752345-98752846	LumB	1.6629547801391	4.47791437705024e-09	3.3317335162477	2.92581272456878	3.53333787512619	5.01120098659251	5.22719128895393
chr10:22168395-22168896	LumB	1.66264330252408	8.92257942276008e-07	2.69375811374705	2.06293613404029	4.83333649090443	4.28932994318626	4.70591974599014
chr17:41405545-41406046	LumB	1.66248946680065	6.39724847902214e-14	3.4564420473736	3.59336103933525	3.35221563872903	4.35357182463446	4.38957565656001
chr9:127229732-127230233	LumB	1.66159597734731	2.14340650368517e-22	3.64930763646443	3.86304106742983	5.1667921992446	4.66654436107376	5.05879347844974
chr1:46901649-46902150	LumB	1.66148723760142	6.65031762302497e-13	2.95559602245705	2.74076838524073	4.78420625715056	4.17612127226938	4.52239116267429
chr15:83651466-83651967	LumB	1.66127117693513	6.54105680610944e-08	2.93539214927154	2.39691085720397	4.69677308043532	3.93566889765831	4.33727601906911
chr20:57819981-57820482	LumB	1.6604684561688	8.31384242191484e-13	3.37568747113049	3.52442272430786	4.99932505370555	4.31886705033444	4.61830097845623
chr4:5115400-5115901	LumB	1.6600207467237	4.0689134312758e-09	3.01675976236989	2.13574901259584	4.77472416238887	4.53096454099844	4.6952893229165
chr6:23738263-23738764	LumB	1.65909707277942	1.509814056528e-09	2.60307017240381	3.23089462230629	5.00684879399025	3.5546211943945	3.82231602275341
chr3:150689668-150690169	LumB	1.65903772709568	7.83719792640183e-07	2.94868175592758	2.70469011959375	4.08449151836038	4.70027792583718	4.75937290963463
chr16:30048965-30049466	LumB	1.6584803626555	2.87356622306661e-14	3.7216176134092	3.50662168023343	5.45985629960308	5.18064461442022	5.4448641035347
chr4:28314850-28315351	LumB	1.65828603286207	4.24198080159081e-06	2.66759555207842	1.68536987990397	3.97287064909704	4.55060337043133	4.89867249802221
chr15:101384218-101384719	LumB	1.65789337397828	1.53565848633942e-15	3.28013149065189	3.67253060491525	4.33310129242121	4.47128368184089	4.70079150963094
chr19:11697393-11697894	LumB	1.65705327314526	2.45362323931094e-15	3.73978516456833	4.26668229953331	5.2838001615952	5.18738287680165	5.37959290891709
chr22:34037762-34038263	LumB	1.65692355364549	2.126149252102e-10	2.3223911319258	1.85627458212069	3.25634172886541	2.94310659559704	3.7080557096658
chr15:95772995-95773496	LumB	1.65639176556818	3.60836416068019e-08	2.47101233861775	2.02472140584794	3.43417173653778	4.19490234344423	4.08938673439531
chr16:9926497-9926998	LumB	1.65626453954776	5.40212267252929e-12	2.16443013671172	2.03518449969089	2.47782799883959	3.22534048915214	2.71046299808222
chr21:36596140-36596641	LumB	1.65453603721526	1.15663072617905e-11	2.78175077347805	2.7488717477148	3.83254892863873	4.206732549125	4.43353715478557
chr12:66444627-66445128	LumB	1.65429381170074	4.69740436001072e-14	2.63888943055046	2.46470496264538	3.97899093839325	4.08726802105235	3.87880316293539
chr3:21854700-21855201	LumB	1.65428901523141	1.68770959721549e-11	2.57972932789853	2.12403316761108	2.56065588707615	3.69922586069179	3.71490418869821
chr1:210798154-210798655	LumB	1.6541500929919	3.97738747600573e-12	2.67493053293243	2.89650329134427	3.81152035416293	3.34502073170469	3.86298954195627
chr1:36528040-36528541	LumB	1.65406584804016	5.13965789120488e-11	2.84771435593687	3.17369122119989	4.49600784194068	3.80758698781657	4.27726047217983
chr16:1646690-1647191	LumB	1.65399478173091	3.6243870693798e-15	3.40622208946473	3.80626867992408	4.770334539365	4.79525480563634	5.14702908581804
chr20:14422862-14423363	LumB	1.65341408334707	1.34196600585998e-06	2.90898841671393	2.18892726845063	4.48400472087303	4.29551281217996	4.54778453385059
chr20:42487691-42488192	LumB	1.6532090110398	1.84568849208273e-09	3.03478991923602	2.67712492583754	4.12657476871112	4.54909663520303	4.70148818980907
chr12:79116653-79117154	LumB	1.65192500151055	2.36963537881698e-13	3.01744565134749	2.39253229006085	3.1709061090145	4.26490998530194	4.24177810846114
chr18:36465857-36466358	LumB	1.65161702963349	3.39591901115642e-09	3.58791952148309	3.09169470321983	5.04342612092518	5.15288080852428	5.23243960067998
chr9:93090312-93090813	LumB	1.65131201970643	7.87234993107395e-17	3.92620384859757	3.81542903360849	4.47201969812882	5.45282231730803	5.46137893878406
chr8:113350824-113351325	LumB	1.65120226960663	5.07773028876607e-13	2.82041164082175	2.67114003516007	3.27116287861403	3.8768857312796	3.92459344214478
chr8:102646656-102647157	LumB	1.65099706913282	2.66473444679667e-18	3.6514742170906	3.7940118659783	4.71796321623372	5.02585920856405	5.13489756136487
chr3:102204450-102204951	LumB	1.6507716889793	5.8640494285457e-11	2.64620721334141	2.66710958370918	3.88822136938124	3.57346866771734	3.88514106417025
chr2:196965123-196965624	LumB	1.65070300396369	1.07904283541027e-11	2.93455732115574	2.13640290533407	4.39987392377032	3.47581968196336	4.10645350155381
chr4:82526080-82526581	LumB	1.6495182902052	1.12199131869123e-12	3.1637147201914	2.88832376176232	4.55596884659207	4.41935526998529	4.68385786202549
chr20:44788810-44789311	LumB	1.64895585136529	5.78134214985055e-15	2.71797676644845	2.20669144581461	3.76349992060415	3.13009949201367	3.95120008382812
chr8:140361620-140362121	LumB	1.64890700853343	1.27877264677871e-11	3.44326107901617	3.77806087435894	4.0768579807859	4.12911135225892	4.40148656537759
chr3:133386508-133387009	LumB	1.64874182109743	1.59395293394339e-13	3.39228398784686	3.13986068917926	4.65452033599649	4.35722542560052	4.8298039808101
chr2:131680223-131680724	LumB	1.6486845207119	1.59922393739289e-23	3.81580639072424	3.64545968227453	4.37815257311518	4.39523688777016	5.18806115320271
chr10:118970012-118970513	LumB	1.64845608881298	4.71118869234017e-09	3.29862642750496	4.00683715361083	6.04014910843911	4.9525798117572	5.03671377404033
chr4:151021501-151022002	LumB	1.64832689472314	7.60123511707348e-19	3.31994679933776	2.8758059083033	4.44327730741552	4.49515344513651	4.81336558507816
chr22:34638525-34639026	LumB	1.64795748375132	2.56872417437857e-09	2.50649221934254	2.10458480175718	2.89875636747759	3.29644198333294	3.40463026800897
chr3:151572851-151573352	LumB	1.64782704972949	9.51063086059894e-09	2.85010478387721	2.51062133638411	3.44453176268631	3.12125721918641	3.60599966828362
chr12:31190027-31190528	LumB	1.6473252008101	5.83877418489759e-07	2.04548723484865	1.86300720187575	4.83098729965063	3.22162818574178	3.44875210180254
chr5:78378636-78379137	LumB	1.64691293103808	2.16221832592509e-14	2.82206228352482	2.29942143002334	3.12880490263225	4.1877891858348	4.11629482114248
chr8:95193912-95194413	LumB	1.64636898935499	1.33112385777297e-11	3.73065570815778	5.26729953939608	5.11294349784078	5.24476974106907	5.36036134805545
chr10:104467369-104467870	LumB	1.64580993986307	2.4830586499296e-11	2.70320142229235	2.24176102470903	3.87336009448724	4.17028746653384	4.32738077683806
chr18:2385533-2386034	LumB	1.64531347785948	1.26004339764104e-10	2.65533846939089	2.84835231053713	3.22133529148704	4.21037295037709	3.87436838326323
chr4:168274803-168275304	LumB	1.64441681492428	2.2193272403809e-09	2.65890201422295	2.32902795178235	4.14840133970606	3.76311865710191	4.20075843029166
chr8:86469260-86469761	LumB	1.64400818933328	1.0852218490071e-16	4.05092280447065	4.20612840398609	4.68151618701014	5.3737349717708	5.47756465145121
chr4:140640231-140640732	LumB	1.6438958020152	1.54939612340384e-10	3.12765171579422	2.31500228736416	4.21871816755201	4.80864822317891	4.82315163890181
chr12:89241106-89241607	LumB	1.64362701204628	6.97728997134298e-09	3.01379663070212	2.38596868330948	5.62321995492448	3.85182923369886	4.4892419512731
chr8:99882612-99883113	LumB	1.64336962453419	1.07123798210309e-15	3.20890945066308	3.42880566546796	3.16915039318627	4.11776054030093	4.34500537269152
chr4:28260002-28260503	LumB	1.64288332857289	0.000106369524857169	2.46217712988894	1.52422096708213	3.32342960576661	4.61157465684184	4.75615886360378
chr5:71508646-71509147	LumB	1.64258428575884	7.43741908677997e-10	2.85877779244852	2.07221471579421	2.92076208175422	4.47763004172234	4.53005707784257
chr2:31559497-31559998	LumB	1.6424827310169	9.40639855810748e-08	2.8417733803796	3.0143174623069	5.35134538108969	4.46455495741464	4.57768342190974
chr2:197510927-197511428	LumB	1.64233866782711	2.15635224246301e-10	3.23538881449246	3.77995368848597	5.68227182788785	4.76711839186741	4.96985735236635
chr18:14752348-14752849	LumB	1.64158878376613	1.47246624113733e-07	2.85834492806827	2.71317500248347	4.36373656296782	4.02160902924622	4.34062946285423
chr21:15207715-15208216	LumB	1.6415384557429	1.53250953693834e-18	3.36905713160413	3.53145491795404	4.63043432598325	4.48099940259655	4.80324756341267
chr14:82366790-82367291	LumB	1.64134304261667	7.83242580322692e-14	3.13088784827697	2.64821121593161	4.48305219086654	4.29654078218539	4.47009908077627
chr8:120182312-120182813	LumB	1.64110411454844	2.27905251680243e-11	2.89144718973285	3.53621569542969	4.89640604415718	4.20135849540057	4.34135449332695
chr16:53431662-53432163	LumB	1.64084648953952	1.02697443010249e-13	3.85259860994881	3.96675118170971	5.15187179284441	4.82766705036388	5.40873356118811
chr1:203916745-203917246	LumB	1.64080077360805	2.76642012652172e-08	2.94914741685732	4.58638045948402	5.12521052835031	4.53359442785762	4.79366643953849
chr8:110567997-110568498	LumB	1.64061768936192	2.87455199921432e-14	2.54699283405169	2.52107388816565	2.78247632284339	3.10364058734794	3.68862821793245
chr3:104612617-104613118	LumB	1.64036689029217	9.48559607694025e-07	3.21983076057148	3.20749870910384	6.34098120263967	5.16118087342659	4.96276051765879
chr13:70444397-70444898	LumB	1.6401622557553	2.06045426141034e-10	2.44578693969698	2.13350392623495	3.08125517352028	3.94995791125077	3.66680254288048
chr12:70794090-70794591	LumB	1.63946877482644	5.79138121431036e-13	2.68765790083656	2.25715680753087	3.79247726141727	3.53613456285067	3.98596091588481
chr20:42613381-42613882	LumB	1.63933373124132	2.27758390472051e-12	2.79956677725676	2.68870871317416	3.72765922932619	4.19230433469249	4.20573998829382
chr8:125450162-125450663	LumB	1.63860025294471	2.32360683240117e-13	3.67551470172486	4.00820357452452	4.60019537093145	4.71862633267083	5.10605284334249
chr2:212096873-212097374	LumB	1.63819535426907	1.83317958211555e-10	2.86465073513437	2.27853167666314	3.7558826031288	3.74071476892628	4.45271809169781
chr11:20115876-20116377	LumB	1.63814459976595	2.28532212363342e-08	3.30335387028257	5.33653059519391	4.89421978029321	5.4333044103493	5.22560911106311
chr12:88470063-88470564	LumB	1.63787433285386	1.81021259747807e-12	2.86990569126844	2.78824108057556	3.9697432087365	3.39831772547499	4.09587687360491
chr1:175279293-175279794	LumB	1.63755666852786	3.9298873306206e-08	2.79963668910767	3.65115986274226	5.08218969529852	5.10192491458133	4.38604489358791
chr1:1112213-1112714	LumB	1.63746516662329	3.09280567035954e-18	4.38381525202925	4.71156093303507	5.71217112283861	4.62586006246482	5.58802646287876
chr15:80197346-80197847	LumB	1.63732769055682	1.66137538744399e-15	3.24224129791931	2.84239564498109	4.2339749009462	4.48975406533375	4.79663329907394
chr17:66973286-66973787	LumB	1.63731598414827	6.74661565751401e-16	3.66984903431602	3.81909177507144	4.05535652442188	3.82098714875847	4.81131934322163
chr1:64564289-64564790	LumB	1.63696579508489	1.38190284526665e-10	3.15197436654284	2.9929055705559	5.03943781623279	4.77087065051927	4.83759930945752
chr1:150407671-150408172	LumB	1.63687317305036	1.27294256551186e-17	3.56598066507574	3.42611291716563	4.75813323637738	4.72925378449115	4.85351166005579
chr14:105769327-105769828	LumB	1.63680109056276	5.18711959204876e-13	3.02404802470672	2.76755964175199	3.05744385394874	3.36781880402139	3.69914814645338
chr10:127329668-127330169	LumB	1.63657616823392	9.13844446119954e-13	2.75566115153573	2.47148363541923	2.87352328455641	3.77128068032939	3.98323381012692
chr8:37562641-37563142	LumB	1.63630933726242	7.87244391522775e-09	3.93951424429289	3.39512803582027	5.22261050013011	5.71535713886625	5.7120718936161
chr10:37384000-37384501	LumB	1.63624599324707	2.33904828900848e-09	2.87248312335855	2.58471475266998	4.61752947845978	4.74605383521399	4.31418850915272
chr8:123667076-123667577	LumB	1.63606507073658	9.18533234004909e-11	3.3851984260007	3.79099641819198	5.66368039872346	4.5882366760009	5.02117647211486
chr11:69522572-69523073	LumB	1.63584192699032	2.28343714948588e-16	3.20662729942505	3.25639833913875	3.84802755406428	4.36164103944399	4.6332662018295
chr8:121967025-121967526	LumB	1.63535819452761	1.76494763557708e-05	2.78462798523903	2.4963724833894	3.60915645875399	4.61963105517298	4.81261682280353
chr21:27024898-27025399	LumB	1.63500329093995	4.5582299063736e-11	2.74459385320944	2.55902396960221	3.20012028708957	4.49911424160767	4.00744623294747
chr9:107382045-107382546	LumB	1.63464789146231	3.04205450053714e-17	2.64824149185012	2.37490263881759	3.81153214034589	3.3925553432521	4.02314292124646
chr7:28951300-28951801	LumB	1.63459451309721	1.13601562291693e-09	3.13409162104614	2.88690126875648	5.36066354999273	4.76411755636354	4.76836651593722
chr3:101955901-101956402	LumB	1.63453673692084	1.71430094739849e-12	3.0853971151099	2.93975524189737	4.46174257294651	4.38597763546358	4.38993500488576
chr13:44407734-44408235	LumB	1.63421478408818	4.77325441250842e-12	3.67421740118456	4.82656079143366	5.65306094520138	5.10421119720497	5.28287425777341
chr10:43675601-43676102	LumB	1.63419807336943	2.4316915732918e-13	2.92695225797637	2.96032556032787	3.90700952171479	4.10597112945578	4.47719064953273
chr5:103445642-103446143	LumB	1.63412524488898	9.96488526869539e-09	3.09454957669374	2.94352885127041	4.88532177511938	5.30343834954307	5.01900070744168
chr14:44991436-44991937	LumB	1.63379850362591	6.06935859558841e-14	2.8710899391049	2.47208586295944	4.66307917089204	4.05835319207854	4.24051907693354
chr4:140750794-140751295	LumB	1.63371477135639	2.31740721476508e-13	3.1154884238748	2.42344100126172	3.66145600275095	4.92311217782169	4.76273191072961
chr3:97204578-97205079	LumB	1.63352222310147	5.02560109478589e-07	2.41718638557325	2.04301572024183	4.1712600038831	4.18254205906293	4.1704846171491
chr22:46019261-46019762	LumB	1.63298954824719	7.0450964317104e-11	3.81127650701246	3.87408056085222	5.94574447648649	5.21631411448391	5.59472495447906
chr10:37152590-37153091	LumB	1.63190574248424	3.54087895620727e-06	2.56031218645171	2.23403094528166	4.4827215699551	4.76013794991366	4.36654629091894
chr8:69290464-69290965	LumB	1.63187233193476	1.24585216111298e-12	3.06450836199189	2.86724546923446	3.71577007573301	4.00153110814034	4.15398379370479
chr8:128270812-128271313	LumB	1.63168270043769	1.88336315805672e-12	2.99458409812305	2.74814907352977	3.317869745012	3.7925586775643	4.35078545357293
chr7:105999078-105999579	LumB	1.63143833851313	2.12733120096044e-12	3.21591134578355	3.10062265760673	4.6013449566142	4.91687814998457	4.88344305091568
chr15:57263439-57263940	LumB	1.63114880472404	1.79065701277252e-14	3.45800871680511	2.93632139265705	4.74935075882447	4.70326609702098	4.95112580190304
chr9:124673879-124674380	LumB	1.63110804428109	2.5117831533932e-18	3.06048247326913	2.480070812776	3.7959894842047	3.42238617359513	3.8170600790676
chr6:151938249-151938750	LumB	1.63102779832307	1.03003234291956e-09	2.71706113873389	2.86185629740831	3.18465694854504	3.78999773849997	4.35971258693409
chr3:106281173-106281674	LumB	1.63057312542147	8.60666680689188e-08	2.73623655655713	2.10895645306697	4.84189571593312	4.19953586780145	4.37045973504278
chr17:43539336-43539837	LumB	1.63056839091398	7.61463657669762e-16	3.91007325354601	3.63870166597961	4.87160495561007	5.20360852028379	5.4199657812551
chr6:80708562-80709063	LumB	1.63043007458492	7.80079807553917e-11	2.77166857624253	2.44139682398571	4.98159989021147	4.06785916928385	4.25278998174572
chr2:35461856-35462357	LumB	1.62985773328645	2.10891816676913e-08	2.57207900082508	2.35610636331932	4.17057963596595	3.70219919913386	4.23641488375797
chr15:39603990-39604491	LumB	1.62961333650869	9.74038092408114e-20	2.81375244469825	2.34349247201362	3.31305504853662	3.76942489130307	4.1452117029151
chr15:58360379-58360880	LumB	1.62706221975258	4.38846673764284e-16	3.13871240209709	3.41126475232757	4.19952145467696	4.44246496670409	4.44719687492217
chr8:94534314-94534815	LumB	1.62624858655741	3.45801524458637e-19	2.79384732179592	3.01838584530917	3.0616293429036	3.60659194124541	3.98383730561748
chr8:96354939-96355440	LumB	1.62607848049765	1.05772588315467e-13	3.75086595922645	3.6863889813601	4.58971185426495	5.01754620400981	4.91272337603376
chr1:203914956-203915457	LumB	1.62589710174087	8.78318621910913e-09	2.58504775254195	3.66725543287774	4.57684828544059	4.36948695564546	4.41574174735338
chr9:22455257-22455758	LumB	1.62575417463666	3.58841811746955e-06	3.08406530336895	2.80667221757924	5.08464425969244	4.57768525020865	5.06073833972592
chr8:117069569-117070070	LumB	1.62483698682682	2.84520057218415e-14	2.92054526389869	2.80312948980361	3.69710263762167	3.89282525876305	4.0528557314808
chr5:162286719-162287220	LumB	1.62462018466127	1.40804298678082e-10	2.50117166113042	1.8576498848162	2.4604254371731	3.98291163992809	3.84228589279287
chr20:33670799-33671300	LumB	1.62436311456966	1.38075716220781e-13	5.08669923600402	5.18920770051951	6.31919325519767	6.54543543848033	6.82241071252344
chr13:56706420-56706921	LumB	1.6242718636655	3.11797775276299e-11	2.50546181227706	2.22456835975085	3.68451039969147	4.06690306617321	4.06868630303692
chr3:10549849-10550350	LumB	1.62403214334059	2.20441256348736e-07	3.34619066163605	3.72958573759333	5.86150937156759	5.65828319793812	5.18758358205704
chr14:63666246-63666747	LumB	1.62384454305454	1.86501126754043e-11	3.07250412272546	2.58168731726564	4.41001014454008	4.46569440648138	4.43301804012655
chr14:96148585-96149086	LumB	1.62362041663561	4.37374937346004e-14	3.26996152164822	3.30839140931888	4.15643798502622	4.52127107002636	4.76003498138661
chr15:39613191-39613692	LumB	1.62296307379055	2.51076722411818e-16	2.50667333112565	1.70256238516051	3.29851414026003	3.52975186763781	3.89802933543741
chr7:19742327-19742828	LumB	1.62277489673275	1.82008657420648e-09	3.03886640541939	2.67738132997863	3.95168781632614	4.6831844193929	4.43431627593313
chr8:111965431-111965932	LumB	1.62224581427936	2.16667222830187e-11	2.45172581997569	2.4147898138675	3.47616301745659	3.3281610168762	3.64991800768335
chr1:26493930-26494431	LumB	1.62184250133097	1.14154131264045e-14	3.54995855123925	3.97906091044837	4.49094350100429	5.19175686336191	4.94936460930473
chr1:13714150-13714651	LumB	1.621642832816	2.68957948793088e-08	2.71830794941193	2.49863071310853	3.46482328075332	4.21110707613883	4.24070176652167
chr14:22508201-22508702	LumB	1.62154807865623	8.23532003660164e-11	3.18260390826452	3.00651172206948	3.91609323256723	4.69924189001942	4.4628510206373
chr11:70049262-70049763	LumB	1.62147205369443	6.63513233044167e-09	3.38834838094415	4.58475651614715	5.22325463519708	4.72972930292151	5.15185329891987
chr10:37302893-37303394	LumB	1.62121358338382	4.84166616226283e-10	3.1784068583214	2.78320167127705	4.65372002608791	5.04030301257064	4.5732298271862
chr12:81171609-81172110	LumB	1.62034585419427	6.77550260383865e-15	3.05600985027053	2.92384436518534	4.50397726761741	3.76764779100849	4.45438511958098
chr15:61392952-61393453	LumB	1.61992477267421	1.01025011289762e-06	2.53828429293252	2.93002178368229	4.95172463479933	4.73231970421445	4.3096935654032
chr8:68714029-68714530	LumB	1.61990363729681	3.74846665499093e-16	2.95198539699403	2.75335563670299	3.40272827007246	4.23052694080483	4.43515678767022
chr20:44848543-44849044	LumB	1.61987762785618	4.38462917221196e-15	3.08006620060375	2.25394170798569	3.77584029151939	3.63587940388323	4.25915029295725
chr13:85708891-85709392	LumB	1.61977317676008	3.80283487091734e-09	2.53976864594609	2.24869505078489	3.80929867170735	4.36480331857315	4.26886163447255
chr21:44571594-44572095	LumB	1.61948123069572	1.03340412816524e-11	3.13061029571386	2.99926851700315	4.50217940656	4.32886988402864	4.57322626521835
chr10:83225763-83226264	LumB	1.61886188665871	6.08263831719103e-07	3.13690951825402	3.12544615588929	5.98792623933728	4.34411568412332	4.76540881684066
chr20:51653988-51654489	LumB	1.61832388491873	8.99640869476225e-14	3.3178434195932	3.49803096673721	5.25079014507769	4.54025917717679	4.55874771519058
chr6:10142028-10142529	LumB	1.61791478587795	3.73888085684452e-08	3.05608903690815	4.04266204452831	5.65859412913362	4.66991073095078	4.94380883767811
chr17:38971602-38972103	LumB	1.61781346834357	2.1107019584895e-10	3.11304645484294	2.61112939258188	3.76956999172426	4.32328066342949	4.31007251238647
chr10:118381685-118382186	LumB	1.61738031427058	9.11053416799245e-10	2.21261219888628	1.64244279220125	3.70611672198528	2.50717074877842	2.81917962210073
chr10:123377310-123377811	LumB	1.61731686616578	1.18649275533061e-09	3.02013382136761	3.74681565610054	5.66727999254523	4.63997835540618	4.80539224041339
chr16:54164715-54165216	LumB	1.61688929448403	3.06255852108948e-12	3.23528348387372	3.29556151706222	4.87267011172263	4.53061675128172	4.75315790457443
chr5:92185523-92186024	LumB	1.61674956508326	1.90495545107988e-16	2.8677281882836	2.52406892276122	2.99633579706727	3.36054455598312	3.89051181106756
chr8:62658296-62658797	LumB	1.61631851366574	9.10499747304452e-11	2.79827201744222	2.50522657878466	4.24326485541491	3.70807247146951	3.6412643737811
chr1:164580827-164581328	LumB	1.61618850391856	1.78490014664594e-18	3.53596491337764	3.84779559398003	4.68981314841048	4.93447735329083	5.07551318911332
chr15:41204724-41205225	LumB	1.61493786100937	1.71671289234242e-10	3.06762648387493	3.19154991214534	4.54250136642822	4.36797793534139	4.66324402173584
chr15:40714186-40714687	LumB	1.61361503553957	1.13630709792649e-08	2.52251535287689	2.16181039066841	3.88880868543427	3.64465647501001	4.10608533824622
chr11:60892635-60893136	LumB	1.6132853512943	1.28603198136796e-09	3.9000260602474	3.71663129112609	5.16903440656642	5.10876682280558	5.64456766385313
chr17:54814316-54814817	LumB	1.61320708225202	1.28213990126167e-07	3.21759800950177	2.71555177879814	5.45186111255238	4.39053504684241	4.48179291413048
chr2:131541771-131542272	LumB	1.61308757003527	5.50521918097037e-16	2.39818127372169	1.84540887738747	2.85954144652312	2.70722429068227	3.45033838112487
chr1:207856859-207857360	LumB	1.61283001653646	1.01257993736326e-19	3.80105374346569	3.78339663855506	4.74250282252297	4.81164746502665	5.1334869317851
chr12:69418392-69418893	LumB	1.61272163679703	1.80271614604846e-11	3.06780023539171	2.13379011319121	4.02428038520253	4.07862224822489	4.58260142953564
chr1:152630631-152631132	LumB	1.61214933267726	2.8469532359885e-10	3.12677150995199	3.38595654438743	4.72096625505568	4.22869040658923	4.46090773969169
chr5:173661809-173662310	LumB	1.61188880832352	4.66520962181202e-17	3.17132573770658	2.60794958570074	4.51761320629638	4.53818035337402	4.70839658878075
chr6:74970383-74970884	LumB	1.61186229760732	5.17853838834303e-08	2.97715048750176	2.6919244093876	4.24335737351538	4.75587358067454	4.72928596305073
chr17:39505420-39505921	LumB	1.61075904245229	3.32901636843289e-17	3.23011206863528	3.06560888757843	4.26698179645437	3.52604687365364	4.11419473978113
chr8:76963395-76963896	LumB	1.61056382698715	2.77646342701791e-08	2.8564694002815	2.35544032560291	3.76022352988874	3.85644139784458	4.32403148222071
chr10:37302252-37302753	LumB	1.61042796692892	2.21261041207643e-09	2.7570465079865	2.34467946255528	4.15297202642898	4.69847956849081	4.26129506164905
chr12:76439643-76440144	LumB	1.61037616605389	1.38196567566848e-07	2.49355574397363	2.02170968608917	3.89577748459524	3.86881769305627	3.81787148863778
chr8:111351445-111351946	LumB	1.61028047303459	3.03377473050525e-10	2.29343811023409	2.16055794487872	2.79924312765202	3.25990938041003	3.44038858483299
chr16:30467705-30468206	LumB	1.61026628161025	2.299204737211e-18	2.9935129647826	3.69142257943423	3.71955977608896	4.30244272540157	4.32052740098142
chr11:69523093-69523594	LumB	1.61002292807437	5.77135234225202e-15	3.28550443738613	3.3768866966901	3.9292912645673	4.40197153182646	4.68929396790549
chr2:168795008-168795509	LumB	1.6098941057879	1.23170838837028e-08	3.14613089580255	2.17668426692753	3.54280870809549	4.24931430352201	4.59761912656348
chr14:73531925-73532426	LumB	1.60970925083017	0.000452869026669134	2.10366997531637	2.40380458159216	2.53740807081703	2.92254293126944	3.41790897161495
chr8:54074728-54075229	LumB	1.60967471983913	4.21178480835858e-15	3.31285422002223	3.58922952746533	4.51354447000575	4.16509170847671	4.58924525302295
chr12:96492096-96492597	LumB	1.60966840819307	9.18922410267928e-16	3.23965716602459	3.13760041298784	3.78609064009093	3.57946225032682	3.99994152909362
chr3:85522325-85522826	LumB	1.60913591926356	1.29486586605053e-09	2.54399297654313	2.29880760588683	3.54709145770033	3.26629886969355	3.70199885679017
chr2:176872566-176873067	LumB	1.60898902517992	1.47063173993768e-12	2.43583957429154	2.17348529448972	2.89121896204031	3.48139254755616	3.73530057506516
chr2:179339937-179340438	LumB	1.60850643617933	4.35871250025981e-12	3.44480154411627	3.90043822538626	4.5377706052244	4.734604976585	4.87718286154237
chr20:20039694-20040195	LumB	1.60801508248654	4.44147772580841e-14	3.17665507831149	3.06949541248181	4.23401343834278	4.65008633633153	4.57311719874614
chr8:68623350-68623851	LumB	1.60799721422094	4.0776103970515e-15	3.17427635110672	3.12387297348506	3.90933541333805	4.56199499108064	4.75539353543205
chr16:1292220-1292721	LumB	1.60793000258345	2.50199506348873e-18	3.26850730877915	3.20972795703754	3.88214188412487	4.09195429978182	4.45859317682996
chr1:112055444-112055945	LumB	1.60786470505111	6.79478008200964e-10	2.76580534042902	2.24055911402578	3.28745512405336	4.39657883755609	4.09753265107745
chr8:125067837-125068338	LumB	1.607605817405	5.68778530856782e-17	3.27478350580142	3.53325172716905	4.61208649757929	4.44758125610385	4.79408761650589
chr10:37400599-37401100	LumB	1.6068686956371	6.24592144724228e-10	2.8366699603639	2.56217321123081	3.95845562171217	4.55385281076565	4.28306687163591
chr11:54718370-54718871	LumB	1.60669250069104	1.17730711043142e-09	2.29127317976509	1.99353135994448	2.31929146887976	3.60495572010324	3.29677956517651
chr2:173833355-173833856	LumB	1.60557090259166	8.14073242394158e-09	2.52693492565121	2.43911893684471	3.10989313980868	4.57150862382003	3.89046568278153
chr9:135403028-135403529	LumB	1.60534335724529	6.74876526617435e-15	3.23860091641606	3.18484462993958	4.10884169478413	4.05388398339716	4.49285070848284
chr8:128092115-128092616	LumB	1.60506006201807	2.19436416765165e-14	4.17114595022746	4.74678999054725	4.95422402750009	5.05524415616829	5.50840237656264
chr15:63391517-63392018	LumB	1.60481046237748	1.18755200633119e-11	3.56972489505642	2.75707490027283	4.57255396426345	5.5378439638969	5.21089691734239
chr7:124034664-124035165	LumB	1.60440349061168	4.07545439845429e-10	2.76629023349282	2.21728964841444	2.89267418122881	3.1850160419736	4.04942750582244
chr2:176438620-176439121	LumB	1.6043640006506	3.9524378228203e-08	2.41300793885176	2.47522674899371	4.68106175731101	3.8373317966772	3.8597944401958
chr9:137485292-137485793	LumB	1.60327271842858	5.49126469241912e-08	4.08775491698944	4.21872620111738	5.32284480467286	5.6763183316698	5.84434474429432
chr8:17544521-17545022	LumB	1.60306249846993	1.42302977602717e-08	2.80037987405617	1.85984337201139	3.35662595529503	4.04999938708627	4.23469636047294
chr2:31528784-31529285	LumB	1.60298036598211	4.3387756982555e-08	3.17316559749998	2.99586203175697	4.62073509170311	4.07568289639937	4.53005709446324
chr6:102484125-102484626	LumB	1.60289614148121	3.23260255289701e-13	2.43738614811272	2.09633310863947	2.62783085296387	2.70713637561462	3.26703006078713
chr17:66939636-66940137	LumB	1.60225022791634	5.78134214985055e-15	3.06512779107973	2.85420243689832	4.11740829283717	3.52492876894246	4.35727479271832
chr17:68379684-68380185	LumB	1.60224491867728	2.77695294476312e-08	3.83091467515803	3.41536564338203	5.388444102596	5.30433977398212	5.69651278355217
chr17:39528325-39528826	LumB	1.60208872501595	5.74254370738382e-16	3.41901867288697	3.35778840885943	4.71805205718167	3.58524085440415	4.22402468254662
chr16:52206322-52206823	LumB	1.60187386550212	1.63966096668766e-09	2.81213777364382	2.36232232193092	4.23665916517315	3.8723145544557	4.1345732326727
chr20:51734859-51735360	LumB	1.60153900752074	1.06350813986845e-12	4.08435188574326	4.03130766938182	5.73398931167199	5.49588475469315	5.7624822977159
chr4:140633841-140634342	LumB	1.60139444040804	3.07742584175343e-15	3.46437357490183	3.1377868501972	4.3352584016307	5.14355332591037	5.089043379364
chr8:144667297-144667798	LumB	1.60103787388008	2.76431341235217e-16	3.42189811482969	3.72051394742467	4.38829713814613	4.66777821439412	4.76092173310062
chr14:43655821-43656322	LumB	1.60085150615884	2.06397903821864e-09	2.44653234495477	2.14927095702346	3.24368020934751	3.4774352427328	3.37918158353835
chr1:51032776-51033277	LumB	1.6002354278705	4.90187183390853e-06	2.80167459764387	2.7992723682595	4.36908924215186	4.65076898555985	4.76534956168128
chr18:36123921-36124422	LumB	1.60021263425611	7.87670645955149e-17	2.86832798768431	3.05538360497129	2.94585866307969	3.98459609137965	4.17561750827571
chr22:28826266-28826767	LumB	1.60009237726468	3.60995032899868e-14	3.3353065648155	3.0295845249217	4.69737145401073	4.75760625401106	4.82583615570156
chr8:99891463-99891964	LumB	1.59951059729051	2.69227584909401e-16	3.65161469283184	4.05606020107297	3.88189979275005	4.5625980312782	4.82869897784997
chr12:96310467-96310968	LumB	1.59947389779004	3.18526158225007e-26	2.98516222514381	2.77150815934372	3.3878223263755	3.50539037984089	4.22513076748563
chr17:31635077-31635578	LumB	1.59895479393116	1.48575237470528e-09	2.48590885496531	2.43898008421005	4.67144957153068	3.83762643269777	4.06991423980058
chr8:40407054-40407555	LumB	1.59879494645536	1.78267552330443e-10	2.89515804827551	2.88167371410324	4.23986300480906	4.10501599109454	4.22747266286211
chr3:103468099-103468600	LumB	1.59856945041055	4.34488588548454e-13	2.40523720065263	1.82282525522198	2.27061200103151	2.86413051371335	3.14608930404883
chr8:122020852-122021353	LumB	1.59851938884042	8.71699017188969e-10	2.92715078151623	3.07487751646689	3.50901175181332	4.49836506211352	4.42605182585032
chr9:128021546-128022047	LumB	1.5983055494585	4.03651509753678e-22	3.84545764358456	3.65492737228011	4.89864150275415	5.09907384191325	5.41947760702557
chr5:55211149-55211650	LumB	1.59781131663868	3.37881671780043e-05	3.01154880029087	2.21661819653987	5.41558789913971	4.95142263690567	4.92018793757908
chr4:95070362-95070863	LumB	1.5965151383329	1.46021716840613e-09	2.67602363396463	1.71829715966064	2.80830063221469	3.47325616427057	3.63927531461552
chr1:117196615-117197116	LumB	1.59617936622656	1.0970783513189e-09	3.03563924715746	3.57696961937557	5.18861892559486	4.32227500625335	4.58163355293014
chr16:30530210-30530711	LumB	1.59597811454472	7.16017210461564e-12	5.0736830094022	5.62811357503343	6.76788776231799	6.50453927025735	6.61490343276744
chr17:5286805-5287306	LumB	1.59548958277585	4.75049641991752e-14	3.61059062734692	3.35328725141827	4.9720169640139	4.70337778564318	5.14505177969224
chr17:57770132-57770633	LumB	1.59494316160506	1.3397524756895e-10	2.9371623159096	2.08208768313932	3.67386543246355	3.91078069030716	4.13554298013078
chr12:87441819-87442320	LumB	1.59491221387214	1.74787362540828e-12	3.16161307102053	2.71981615743543	3.80852629774654	4.36463458800686	4.74046028570317
chr8:124854414-124854915	LumB	1.59466156852806	1.56720811975914e-07	3.16919389246467	3.56160975163292	5.05991329061045	3.95202037145427	4.69790278073177
chr3:37179086-37179587	LumB	1.59398675129629	9.81559203218675e-10	3.52892368994521	3.24087155503032	3.52232763369092	4.82631679766065	5.03175094863014
chr22:34637742-34638243	LumB	1.59394902925661	2.46476995369426e-08	2.58123914092172	2.06295919541574	3.20846075785223	3.5131695558372	3.76202254950283
chr1:221714322-221714823	LumB	1.59387673670512	4.71284028940435e-06	4.65279699234413	4.42743323574679	6.97590930693447	5.54967863008605	6.05929013267904
chr6:141652241-141652742	LumB	1.59374852429309	4.89244258599427e-10	2.09421766435414	1.65259860157726	2.58595065232754	3.50417880280685	3.4599584904654
chr5:134304337-134304838	LumB	1.59329154284806	9.68836692470972e-18	2.65954544353089	2.11718254690282	2.67621186036296	4.00148920233462	4.03050459956972
chr3:161028426-161028927	LumB	1.5930892584583	1.52339794517088e-09	3.28983969921634	3.81670459934234	4.83257620646478	4.05655253058836	4.80090419602238
chr4:83749168-83749669	LumB	1.59290466166014	1.77736543763638e-12	2.58050708268499	2.43826583960872	4.13119933094229	3.73783690580222	4.09640796889754
chr22:43522260-43522761	LumB	1.59273421344774	3.88644769419106e-09	2.75527914574348	2.65309316935374	4.22562722762356	3.74080317259066	3.87460246132331
chr8:40457035-40457536	LumB	1.59258838194502	1.60416048229323e-10	2.79654653561135	2.63671122616304	4.01112275387093	3.97909611973222	3.93018744830692
chr10:9073797-9074298	LumB	1.59223323655641	1.52254478020972e-10	2.75839190996026	2.59952602219137	4.13532734939741	4.24132822996271	4.44954433017203
chr16:15442703-15443204	LumB	1.59217129153519	1.25387252431341e-09	3.84526522579075	3.31953927777965	5.64285860698248	5.48962959929171	5.47429114133104
chr11:66085650-66086151	LumB	1.59215280918173	5.90620803910303e-10	3.71353084576372	3.9464990672922	4.56493172510077	4.82976742672138	5.21157330770883
chr15:95888143-95888644	LumB	1.59205039984403	9.73635813097491e-11	2.71506328057963	2.63775110706305	3.69991931576294	4.12223034770258	4.12611313704917
chr17:72972665-72973166	LumB	1.59194714366482	1.78126999781991e-17	3.36941316018003	3.0314644697238	3.9701955753672	4.07863688020672	4.61294955199924
chr8:137141525-137142026	LumB	1.59144475394001	2.00453177259298e-08	2.40493134956018	2.13534173872993	3.45306720941059	3.60265475317866	3.60449752815971
chr8:74757523-74758024	LumB	1.59124436578073	3.51136980413762e-09	2.80361700458194	2.51945605798882	2.46485735045682	4.07845110606407	4.08689686954686
chr11:66505210-66505711	LumB	1.5905498565973	1.10060506672673e-21	3.1520256681604	3.06482306641842	3.76554998199131	4.1020277096488	4.38103133940995
chr20:23433782-23434283	LumB	1.59031684527521	1.17082901798514e-07	3.06184946259148	2.28388092767775	3.82115499207626	4.27561247757239	4.63372420343854
chr12:88418470-88418971	LumB	1.59012974971052	4.23129100815863e-15	2.82686917696823	2.12024916879422	3.99468860200073	3.67897057154953	4.03195504008867
chr2:168474527-168475028	LumB	1.58979153833333	2.40447682193689e-09	2.98141366845332	2.94787333981685	5.04563959216523	4.71737214181967	4.74155541035365
chr8:115659787-115660288	LumB	1.58969132076416	2.67424722829365e-08	3.28892011531581	5.33042826324544	4.73906352539588	5.33957902428448	5.15070154057345
chr9:113494285-113494786	LumB	1.58901189098772	7.97793385224631e-15	3.41677792718216	3.0757354347879	4.16824816305167	4.5727460658535	4.71184505315379
chr7:151856520-151857021	LumB	1.5889900044144	4.24444369283802e-13	3.33422732040571	4.31209162007328	3.79149210531019	4.17373648155474	4.69503655217013
chr14:50242381-50242882	LumB	1.58800888856877	1.532645069229e-10	3.02794128674046	3.14988034944564	4.83481490267732	4.22211973063817	4.32559653063569
chr10:125825972-125826473	LumB	1.58725266608809	4.58317323065731e-08	3.46562116404798	3.56170639802102	5.72411692199227	5.54008111019584	5.24394569798924
chr21:39328773-39329274	LumB	1.58661653001948	1.65085933908106e-22	2.89514075304063	2.71033614745783	3.43577394439193	3.59861812188708	4.05362007152631
chr17:66962443-66962944	LumB	1.58604021375393	9.96687033785452e-22	3.49402564212924	3.06361845187	4.16236430699526	4.08433873026953	4.89238121318705
chr3:4715540-4716041	LumB	1.58537831308186	7.62542930870344e-17	3.52232865985893	3.31758445908267	4.6704626690788	5.0496490020627	5.06206965160594
chr2:94748353-94748854	LumB	1.58523752543223	5.32474722892728e-08	2.09076968180889	1.41708552292339	3.25756187092832	3.76532315312843	3.32092804030405
chr10:19221366-19221867	LumB	1.58477766386909	9.37601085661614e-13	2.49709142525117	1.96596892298113	2.33123539007534	3.23887221363752	3.47805996851921
chr8:85223782-85224283	LumB	1.58462564759414	4.71317602458608e-13	3.62562068790407	4.14375513764821	4.90470161020153	4.74775836509199	4.81311136137392
chr16:14476084-14476585	LumB	1.58425684372258	4.15269451848219e-12	3.77376060339938	3.65148429225404	5.72571509616956	4.98158241225314	5.28951461436638
chr2:215232852-215233353	LumB	1.58405679597627	3.93307269612296e-07	2.66842209038515	1.88983550257509	3.85000662009416	3.55554961109078	4.22897391039182
chr6:75061906-75062407	LumB	1.58403372064698	2.03319902735969e-08	2.67280123594373	2.21744145629834	4.22120930645214	4.28732382074799	4.13445127996669
chr1:209751974-209752475	LumB	1.58364200658949	4.9332640998789e-13	4.09502213672922	4.32747908552619	4.87630187586775	5.89571376017755	5.71866684435792
chr4:94872443-94872944	LumB	1.58343309516672	1.99750611490759e-08	2.51796341300762	1.78002160686507	2.34342700326734	3.24911347613679	3.43762840289519
chr17:66970119-66970620	LumB	1.58329864464889	2.0632690704464e-18	3.33590488581206	2.96330768251773	3.88129003402431	3.79416719967427	4.63185092046301
chr6:82568970-82569471	LumB	1.58299057502098	3.16817384494535e-09	2.77866794337377	2.78715950089507	3.62374080922315	4.3531764311288	4.49387322070432
chr8:116312050-116312551	LumB	1.58256315901071	1.19064985668132e-09	3.159909619777	3.78437643804034	5.22735734462883	4.21636198972054	4.55826700801659
chr11:82355342-82355843	LumB	1.58247257510859	2.72892945009433e-09	2.65446863108265	2.18952384668469	3.82779755830925	4.75491644914095	4.13955793511936
chr1:241265284-241265785	LumB	1.58193066370473	4.22440923031525e-08	3.08299168126302	2.85039922252346	3.81415585254599	3.9419171649631	4.53787352614925
chr15:21516094-21516595	LumB	1.58100797104537	0.00941087412558025	0.684223608364101	1.69380766185902	1.42798917893365	0.618509758369391	1.08996165285384
chr11:69528805-69529306	LumB	1.58098071865257	3.24356660915786e-16	3.34835692062202	3.45846236239997	3.7029668599447	4.16457130279638	4.74318309572659
chr17:62708889-62709390	LumB	1.58051722588246	1.86258506843436e-23	3.33707148466744	2.94115404214049	4.15454304315103	4.19671004886495	4.59389726209142
chr3:179986782-179987283	LumB	1.58034835974649	2.26138295449787e-13	2.47596939804006	2.25235537290662	2.77454198193702	3.25728685978713	3.4117932106047
chr16:19281204-19281705	LumB	1.5799778230827	3.97915311718319e-15	3.34166671572439	2.87648286469791	4.77283924396626	4.63322532421286	4.71072861669891
chr8:116939608-116940109	LumB	1.5798836562412	1.17425798559463e-08	3.38752735261275	5.46212762271212	4.78156613273637	4.54512250871938	4.97635029764825
chr4:95163578-95164079	LumB	1.57873295606562	1.54210512653028e-10	3.21162740304178	2.70643948088879	3.50687830344362	4.17503287185038	4.28653609348408
chr13:93326336-93326837	LumB	1.578055086285	1.51010075605604e-11	3.05505686339842	2.67945478201719	3.06417786901224	3.98407570838679	4.30422048335876
chr1:189819750-189820251	LumB	1.57789935871247	2.22816216713823e-12	2.68546890603941	2.38620987085241	3.21245903185464	4.09977362335885	4.10346764234913
chr1:76752873-76753374	LumB	1.57736141017487	4.13568833661425e-06	2.4840472471633	1.8518889486262	3.29905868136109	4.52604424353308	4.25400168067774
chr17:54977711-54978212	LumB	1.57711959951466	1.06320037405111e-07	3.17629243065806	2.5672767769666	4.77960253760413	4.2334834150734	4.88635251710981
chr20:46783084-46783585	LumB	1.57637118220857	1.32033622964531e-11	3.36844037238049	3.21107572983731	4.67811599967715	4.88156433678564	4.92884413223326
chr4:69342448-69342949	LumB	1.57632515907178	5.93051178289851e-06	3.02261894501475	2.34230673032464	4.91155263433251	4.97382698070082	4.86058837948779
chr20:35347871-35348372	LumB	1.5763044955574	5.55190425703564e-19	3.36402527839644	3.19118867012483	3.76257150334958	3.96812566401738	4.51845249688376
chr10:37209852-37210353	LumB	1.57602736018863	1.91888577804582e-09	2.77916088677093	2.48668140814703	4.32562666209216	4.64088243635844	4.22487606915385
chr17:42740661-42741162	LumB	1.57598646069049	3.65328890965377e-11	3.90596333459558	3.64653800826175	4.52831664515097	5.75807772594339	5.50678778318745
chr1:40141056-40141557	LumB	1.57576389564564	9.16163195661339e-09	3.50483448519803	3.48339862936371	5.43142875863928	5.08150312934557	5.10108493056164
chr1:154686438-154686939	LumB	1.57513434128657	3.69805450681174e-13	2.89986509237608	2.75817213434124	3.85015766228157	3.83365643560462	4.13975452758203
chr8:37693182-37693683	LumB	1.57511126474219	5.14181402036668e-10	4.64821556746983	4.39582414119751	5.57442363919227	5.78812694252947	6.23272021128354
chr4:29371921-29372422	LumB	1.57485986573727	2.71210209037681e-08	2.68848327718803	2.46807005006433	4.17269411475763	4.38693399435616	4.12742883042443
chr12:63458046-63458547	LumB	1.57427804730688	3.34674263646703e-05	3.10170206401368	2.66233146984797	5.07811371865329	4.48484801838097	4.82567611793298
chr1:41858932-41859433	LumB	1.57410916994733	3.03565834457145e-09	3.16031856147438	4.3282714787153	5.90524930114116	4.52087093897052	4.87847736543579
chr6:136580086-136580587	LumB	1.57380414027399	2.71007200538724e-11	3.24362390755558	3.1658638026317	4.48944992717651	4.73689401711152	4.64318026299538
chr13:25608175-25608676	LumB	1.57374311667699	7.34252484486079e-08	2.74346964435336	2.20544290598157	4.93527311979067	4.51769416500012	4.28606306950619
chr10:37295383-37295884	LumB	1.57333245979664	1.37226095625987e-10	3.08297478527774	2.74854916691153	4.36734972507869	4.7603085045159	4.56605990128249
chr22:38554773-38555274	LumB	1.57277501233774	2.77891853104866e-13	2.71757352756753	2.91515188394347	4.27136460185392	4.11584487987328	4.0314382203444
chr6:158557733-158558234	LumB	1.57272777612113	8.62147979355201e-09	4.38180307077142	5.58119354786997	5.41172371304453	5.60893028632283	5.88926130909715
chr6:130954445-130954946	LumB	1.57256762482781	5.8793155586049e-15	2.80386505350659	2.79077574868498	3.55068714732561	3.48740982775575	3.76513497326285
chr8:96964030-96964531	LumB	1.5722127480686	5.55996771551356e-08	3.12436827034438	2.98482406074498	4.37586282540847	4.0179348710665	4.50690087069722
chr8:90145913-90146414	LumB	1.57221063164916	3.27788074921212e-12	2.45668634110755	2.30249212959352	2.75953575566145	3.16957183343731	3.45241223524384
chr2:232278582-232279083	LumB	1.57141975972225	9.47587739293244e-12	3.01387760236527	2.97343481008837	5.21917142991255	4.24219665944577	4.5423393611965
chr2:74861393-74861894	LumB	1.56998413567679	3.65063966229963e-12	3.97069921685023	3.90159253056818	5.51769027835498	5.48395461399888	5.46897408771482
chr15:71099661-71100162	LumB	1.56946933777267	1.35674972457372e-11	3.05769028501681	2.45337722012409	3.96173746686231	4.42764724602086	4.71022218743923
chr8:87413291-87413792	LumB	1.56894881978355	4.14398897358437e-12	2.32164154972582	2.23832612427752	2.86800543444915	3.07279677523046	3.38061024938993
chr3:54844954-54845455	LumB	1.56887839417113	1.39645915315724e-06	2.78212019710561	1.76858130196433	3.00059173506773	4.42184407600973	4.12871060310715
chr2:11558832-11559333	LumB	1.56690356743881	3.2156078165724e-06	3.12071657215854	3.66292825993383	4.25465828425263	4.80725955676204	5.20049173393131
chr5:119879346-119879847	LumB	1.56662015657328	2.74337240784761e-05	2.58129057400438	1.63448268434047	3.68827908031587	4.44677100993204	4.60250561941822
chr18:36115339-36115840	LumB	1.56646611577524	2.19737758403375e-14	2.93458601502235	3.13231701473483	3.45391473461577	4.202408385788	4.36064385624476
chr1:221033896-221034397	LumB	1.56587240216224	1.62315165433917e-15	3.01096130094478	3.14026474506752	3.22566725127749	3.76349960218229	3.98147369357554
chr1:195413881-195414382	LumB	1.56533484860333	8.24424887593386e-10	2.93658384190122	2.81719406141366	3.79649073007633	4.49014272882353	4.3413680052811
chr5:110834860-110835361	LumB	1.56494578862	7.19074112803105e-10	2.56597294418388	2.00006523294377	3.61787216186785	3.55786083562456	4.12535025462921
chr5:44573573-44574074	LumB	1.56455489771909	7.13762712019915e-11	2.62589744626114	2.3318483136642	3.42951461737178	3.85384248388343	3.92992387830885
chr3:69916472-69916973	LumB	1.56438091883236	1.2757474155266e-10	2.5939999835742	2.14379347346393	3.22390837358665	3.78277356896849	3.85468606212727
chr7:47747984-47748485	LumB	1.56427324112533	7.70488037448733e-09	3.24985574515018	2.73075397990017	4.91914319981109	5.35491686176109	4.94083652002068
chr8:124513772-124514273	LumB	1.56397166364467	2.03584935397103e-25	3.47980980411257	3.7184308655714	4.4451594788248	4.33179486535261	4.82760095773391
chr8:62929259-62929760	LumB	1.56367986530863	7.09867774413167e-09	2.78306555689058	2.65964913221128	3.6080100925378	4.53744167100902	4.22765575499419
chr8:37269384-37269885	LumB	1.56345405954627	3.00863547737126e-09	2.75743746604377	2.3624749709168	4.27908961344041	3.52640201552408	3.6847966580933
chr6:72842744-72843245	LumB	1.56299992422351	6.17263761546842e-09	2.25682581942263	1.9902304902899	2.74492817298935	3.4557534921891	3.52710326490281
chr1:164607399-164607900	LumB	1.56252468110484	3.031515486809e-17	3.99868549957169	4.49728202818921	5.26373253935331	5.04796519756448	5.42739377648348
chr22:19827200-19827701	LumB	1.56181085824545	1.56696172659714e-07	2.90520243349343	2.98398054219824	3.90982651846934	3.85846440124041	4.26533824396718
chr19:16074055-16074556	LumB	1.56171651709607	2.58078756882577e-15	5.06128990370638	5.95544878135946	6.22398724786191	6.26475841309275	6.62679105810778
chr6:17316584-17317085	LumB	1.56163172431549	2.30132436746386e-10	2.87976471140132	2.56003053344547	4.0328063475049	4.44546353675293	4.39978225773593
chr8:133854113-133854614	LumB	1.56139402277314	4.3568378383812e-14	3.10494395715231	3.39946955632378	3.86862238735161	4.43146907336015	4.49819031536705
chr1:53915022-53915523	LumB	1.56108309639015	2.97161910384218e-13	3.02883463045195	2.73453899694214	4.02784285378829	4.2416670604501	4.29675040350173
chr6:132998536-132999037	LumB	1.56106106251499	3.10555621960249e-10	2.74566205556525	2.61301337070973	4.4439004962085	3.51232846448563	3.73381287925442
chr1:207864784-207865285	LumB	1.56063692502796	5.055686255389e-09	5.22772766739124	6.49128531891319	7.63751986447003	6.46280054305546	7.05458770256958
chr12:14880996-14881497	LumB	1.55984839146803	1.06175366232804e-08	3.04698296926034	3.75771828369534	3.5811512727663	4.53220462698976	4.38552806132546
chr7:118253221-118253722	LumB	1.55948277320832	6.00518948324905e-06	2.54421693240213	1.81194114162284	3.45392456902735	3.95991515019172	4.35408755459119
chr11:69484653-69485154	LumB	1.55892358068325	4.21907477562737e-10	3.78050120017607	3.45501408399758	4.26140849290964	4.38798548511964	5.17856193464087
chr14:61509161-61509662	LumB	1.55869702855664	3.06719186367406e-11	3.79099242743276	3.4709542758231	5.30282655243241	5.2279695418755	5.27713103712039
chr1:163616845-163617346	LumB	1.55864643062461	0.000717347432192797	2.77185003004295	2.54803985069501	4.6920774607362	4.82293481361475	5.00282958806726
chr21:28113711-28114212	LumB	1.55846925909764	3.00810076747721e-09	2.32014675541967	1.81816886856562	3.07700969657445	3.44845476094183	3.46247814984661
chr9:36599271-36599772	LumB	1.55826186753762	4.45912355795517e-13	3.01510411997227	3.38422627357101	2.83160944419676	3.89964752759122	4.01016461032879
chr7:54186267-54186768	LumB	1.55791844846979	2.30737978650544e-09	3.16439366297139	3.00648338326042	4.44785829870029	4.40631663999369	4.61456625881311
chr2:1676961-1677462	LumB	1.55772221090912	1.91776997130144e-12	3.36816154150785	3.44996453465227	4.00403501679845	4.86605410427779	4.64079782555428
chr22:27244281-27244782	LumB	1.55703390310963	3.96349790301767e-14	3.02850392818639	2.45199428932387	3.5222985153692	3.43672753566292	3.97962530364968
chr3:65851174-65851675	LumB	1.55652350570041	1.50764870580355e-14	3.37222156416549	3.22656540785465	3.68309398843076	4.58917272610241	4.71922042421239
chr10:37165597-37166098	LumB	1.55652271167159	3.02199396003499e-06	2.20013103043434	2.05426892764662	3.76032829505992	4.12112452602875	3.83655632883102
chr15:39603241-39603742	LumB	1.55633223139963	1.61211771982465e-19	3.22994817331689	2.87308955793416	3.63198898643451	4.10597148467907	4.54835083850755
chr8:115724148-115724649	LumB	1.5562742492485	1.50594924805852e-09	3.1195934702983	3.79095815373435	4.68553664413302	4.01927892386598	4.40675992911879
chr3:20870509-20871010	LumB	1.55598206892581	5.41853270912693e-07	3.17358211638822	2.72225381685329	6.4035342088483	4.5891225380827	4.83075501424077
chr9:82568895-82569396	LumB	1.55582915286675	4.96104244996811e-13	2.80421901127722	2.56226138269863	3.5086123515563	3.68777901710995	4.12996058096681
chr17:41525521-41526022	LumB	1.55558386747316	2.9583222478991e-05	4.95347277672336	5.56914372428583	6.62075446526758	6.49539195325878	6.88452809224796
chr5:58075749-58076250	LumB	1.55525590056869	9.27388345299272e-11	3.27859536478784	2.66729406156634	4.51307612661701	4.55471260530154	4.74109696222126
chr5:34842428-34842929	LumB	1.55519398685633	3.86986505082167e-07	3.89907771923065	3.80699457389269	5.12105202547319	5.58461520633148	5.7300990594154
chr12:122569885-122570386	LumB	1.55504522916502	7.12225282039025e-13	2.77487095875234	2.41697774868299	3.06879064325192	3.93870921388749	3.76969761543179
chr14:59184923-59185424	LumB	1.55502547988829	6.33520535017826e-13	3.61919868776007	3.79227312151841	4.47072249259259	4.70703469068352	5.16819103080208
chr7:18208855-18209356	LumB	1.55488626904923	6.53271672087349e-10	3.0054540636508	2.6262344623258	4.15272660138696	3.74346410997601	4.36428432055558
chr3:5236240-5236741	LumB	1.55478434339753	5.68791439638317e-09	3.07025753120007	2.60021974865235	3.39780156686169	4.66745449413734	4.5684147579853
chr1:218490303-218490804	LumB	1.55454254938812	2.63003142175896e-07	3.59825656240558	3.72245751455327	4.49235071157597	5.27622056277037	5.35659968162781
chr9:74639834-74640335	LumB	1.55437847017213	4.32207982287007e-09	2.63193726705023	1.95583454517387	3.05924713654008	3.44585920131271	3.53071895465233
chr4:108480725-108481226	LumB	1.55433293696367	1.46191028586564e-07	2.97753040037452	2.52975664031654	3.76184813048174	4.55378069858856	4.72667933956917
chr17:54807245-54807746	LumB	1.55426683630396	2.14345408768786e-10	2.91664599904495	2.59574248073447	4.45239926148878	4.41867321468064	4.14906841323361
chr2:238693006-238693507	LumB	1.55400936419238	2.20930879460969e-09	3.01883592428947	3.18974162463842	4.83267528169843	4.16148182609121	4.41225791849488
chr8:67729280-67729781	LumB	1.55380777808957	5.78938801451095e-08	2.80631905158908	2.17773723368332	3.61617395095905	4.19252414548668	4.09664318614108
chr22:46466679-46467180	LumB	1.55356236022888	1.91997532395041e-13	3.43572237041131	3.33665632708219	4.98593625227646	4.81886857162448	4.94056644300869
chr3:136661197-136661698	LumB	1.55346277485607	1.53212392486192e-13	3.41585724248434	3.23373337385483	5.01692773937634	4.97784438019718	4.95103453177009
chr1:175671655-175672156	LumB	1.55343590777333	4.89380297877207e-07	3.23090446843044	2.89383317261862	4.1786451662703	5.35743846135876	4.73055931154389
chr2:72202765-72203266	LumB	1.55326670330725	9.54060815644227e-11	3.23211024776093	2.92474333994766	4.99301998519711	5.07891550999493	4.81642038066301
chr6:10314293-10314794	LumB	1.55287712226683	7.8525747709922e-05	3.86172512047737	4.35269576278477	6.43486169580858	6.23862671703097	6.23626891109055
chr8:101434982-101435483	LumB	1.55265676272682	2.38823845493846e-08	3.6700180435385	4.29617421885189	5.27560010402408	4.82600626688183	5.26219852196063
chr17:40651991-40652492	LumB	1.55249044875362	1.28406268515403e-15	3.19171878226544	2.59370222362272	4.26425189501749	4.39577963345119	4.57039231273869
chr6:7657398-7657899	LumB	1.55247414363898	1.90237761237851e-15	2.80723528263308	2.64258556734034	3.10015143208128	3.70418748917257	3.94129075982869
chr7:47634109-47634610	LumB	1.55245382850623	1.96903683905409e-11	4.04940354121969	4.20514904819988	5.32920095034055	5.15576012900186	5.33843842453123
chr11:128881247-128881748	LumB	1.55217313276884	1.05280718625226e-06	3.55335707635926	2.98524639946282	5.22951410421725	5.23647934875212	5.14018011422555
chr1:144456865-144457366	LumB	1.55202193292443	2.80732871495343e-07	1.89737429580201	2.62413880822812	2.94457384938986	2.35390645984623	3.30596500829063
chr16:82316731-82317232	LumB	1.55199028579007	1.39420998077006e-08	3.17307649278771	2.85595232406107	5.73524529506923	4.71278507935765	4.94417838254537
chr17:39139749-39140250	LumB	1.55187800307174	1.5399571508349e-13	3.88583424927194	4.19588693252838	5.33007742683547	4.55774238455532	4.81147578585207
chr20:42573585-42574086	LumB	1.55187742345432	2.70758216636584e-10	2.91899950593349	2.69707131148768	3.77052750047037	4.37880757805052	4.44480168416822
chr14:105644281-105644782	LumB	1.55169627884132	4.04403881257696e-14	3.46512188557472	3.4297733919782	3.81789719480919	3.97881365640716	4.35642384749368
chr1:210383958-210384459	LumB	1.55150883713574	6.65884951015303e-11	3.70312337129761	3.46712211095883	4.94985915756249	5.39043310167657	5.41002571141074
chr2:38152953-38153454	LumB	1.55080046247569	6.13535773201054e-06	3.41849847379298	3.23883361033348	6.68497328514855	4.85690522343195	5.39181638449196
chr8:95157899-95158400	LumB	1.55079971621004	1.02670131441395e-18	3.8895200305136	3.94785332935784	5.02847776523551	4.83521372767453	5.31112621206102
chr14:26326313-26326814	LumB	1.55059693679099	1.1899975972989e-11	3.07017141082505	2.72836355480586	4.39941855032502	4.43616588743971	4.52436143866776
chr18:36118341-36118842	LumB	1.54954146741501	4.03558743870262e-15	2.97256918122338	3.14782310772579	3.44172117680946	4.28829265686643	4.42879202305889
chr20:58558905-58559406	LumB	1.54941347149253	5.98607694500582e-16	3.30227411380542	3.33058971398963	3.5521674172528	3.75659055838024	4.20274719928118
chr14:105667763-105668264	LumB	1.54914604466757	5.65623793461267e-10	3.27514405609715	3.2370222984315	3.36330348950332	4.04941419663759	4.33361191973684
chr17:49718138-49718639	LumB	1.54907582307118	1.44958500913023e-11	3.24702546632796	3.04436663620872	4.98880832350932	4.68549908340824	4.78408261875134
chr11:69486043-69486544	LumB	1.54889077204705	9.81127085916513e-15	3.56784292078342	3.7030571587329	4.03753830049974	4.17345021993409	4.81839159177187
chr9:112352135-112352636	LumB	1.54874712062544	1.03369253589791e-09	3.55264579870309	2.9585759862799	4.33561846600725	4.89199616380614	4.9915192006625
chr12:13193089-13193590	LumB	1.54871171415947	8.97277466720222e-08	3.72753542505138	3.54317169556571	5.5580002528707	5.36144284808839	5.44033353089224
chr8:40186774-40187275	LumB	1.54795604508028	2.48188160093325e-12	3.1400889575059	2.86301286966371	3.87094000084169	4.36372708990483	4.32380450039442
chr12:45604539-45605040	LumB	1.547713317546	3.14860901321305e-08	2.79903282834349	2.29816162401257	3.84742894357892	2.87616795787959	3.90212738478506
chr12:90808507-90809008	LumB	1.5470562009428	7.31423583100871e-09	2.97058723634468	2.15266916624274	4.75032607933012	4.05973949016172	4.51411771606653
chr16:14474897-14475398	LumB	1.54638857589269	6.58245839485952e-14	3.53536317496216	3.67632622215799	5.39525787949915	4.63468489198599	4.94829094107104
chr20:50868038-50868539	LumB	1.54597595859985	1.10842942292681e-17	3.65388788061145	3.28006424947666	4.58564790200537	5.03697834920663	5.06373915043532
chr1:172112784-172113285	LumB	1.54586968204037	7.03463073652044e-11	2.69414967285079	2.27144688342213	3.61310387718313	4.30401766988331	4.24283804574028
chr8:93176980-93177481	LumB	1.54475036747677	3.83426453325638e-09	3.00401672192192	2.78775703634582	4.60885502541238	4.27789944835136	4.41061797262277
chr10:43538256-43538757	LumB	1.54395396265769	2.55590872228839e-06	3.050631842011	3.02476485974016	5.26381718446018	4.64352591699549	4.94652809620128
chr12:5638453-5638954	LumB	1.54389362338047	7.5095920903098e-11	2.61370257391394	2.6384035466394	3.52543750430842	3.39130825030564	3.4850494530358
chr4:173029025-173029526	LumB	1.54382313053714	4.73074479801098e-10	3.11219482565419	2.21724681090029	3.80436751356705	4.61780669667782	4.51818204326704
chr7:88725677-88726178	LumB	1.54371903829596	3.07742584175343e-15	3.05996549617059	2.53503255348473	3.1626637423393	3.94924151384041	4.35444738410685
chr6:151820942-151821443	LumB	1.54362276247059	1.19139049809891e-06	3.14571962019985	2.8040695776341	3.70566412044347	4.45791537397532	4.92196488559255
chr12:116494192-116494693	LumB	1.54359078977944	1.02485894405897e-17	3.45978277369435	4.10658987344285	4.4333843200793	4.64934109504483	4.8591157964496
chr6:151968544-151969045	LumB	1.54356919491886	2.38823845493846e-08	2.99632705076297	2.96186358297499	3.38292655770636	4.25876443830398	4.70232025030847
chr8:102636278-102636779	LumB	1.54345268376425	1.15552166588282e-12	3.47052608701887	4.55834857595115	4.47175170067267	4.50738215503684	4.83724530729991
chr8:70492294-70492795	LumB	1.54335130706124	4.59952569207458e-09	2.67752318998061	3.06595181033714	4.70055570361963	4.01193628803052	4.06013411892864
chr8:56228530-56229031	LumB	1.54331372163207	1.8470726052257e-15	3.01404309886047	2.98206206187143	3.57682117686112	3.88484533188151	4.03629277554133
chr17:66950186-66950687	LumB	1.54201545942471	3.18011029411772e-19	3.43654775910169	3.18196743804802	4.13944993547514	3.83073075734273	4.74939247866722
chr2:99777982-99778483	LumB	1.54147076837468	5.75731233462868e-15	3.12680945431967	2.90273881446271	3.48856666428016	4.1387959160561	4.22478700029015
chr5:104278373-104278874	LumB	1.5414235966437	1.01782607291508e-12	2.90489545076685	2.38458980774728	3.36861989898242	4.37130405299139	4.03580747420014
chr7:113870556-113871057	LumB	1.5413925663679	7.09604955239326e-09	2.89237550034767	2.37617410549645	4.65053764982369	4.46592452423391	4.48802804397832
chr6:77547124-77547625	LumB	1.54110414890899	6.3330051625369e-11	2.66969373980737	2.07928346883351	3.56766851360712	3.83772012622968	3.88913296964516
chr2:224906260-224906761	LumB	1.54101254234346	7.61929802385324e-13	3.13554004859252	2.9563098172447	4.06391377448075	4.73759853756842	4.68623987585123
chr7:143887630-143888131	LumB	1.5406420351532	1.00180571090991e-11	3.25871576668022	3.07227041730664	3.93447962371698	4.26551960411086	4.67655519966936
chr17:39533059-39533560	LumB	1.54047937670114	1.9454753782362e-07	3.31376774727931	3.53593648560904	5.59609119308698	4.16843668235027	4.68553526332235
chr5:168722635-168723136	LumB	1.54039063282539	5.8433405321565e-11	3.05352050868265	2.45035067694909	4.78046321619615	4.05392889635812	4.48639957142255
chr6:132947050-132947551	LumB	1.54030483650425	2.28343185909539e-11	2.30442354440567	2.09913230141347	2.81535584430125	2.97461420404678	3.17319466377781
chr8:106497394-106497895	LumB	1.54021129541838	3.00326368909075e-13	3.12497847128345	3.36891116264119	3.22011348712095	3.98547840378948	4.08042613698808
chr7:30058210-30058711	LumB	1.54020414108821	1.98436865132552e-09	2.63058035829405	3.17826492841677	4.91927695170831	3.4487513024615	4.01824471272299
chr8:18314981-18315482	LumB	1.5401949473022	1.1870764629832e-06	2.98629188159705	2.14403364879232	3.28085893527784	4.33267143707153	4.42269031041836
chr12:54682377-54682878	LumB	1.53984426401202	5.03981110078479e-07	3.16077275184198	4.2249257710494	5.40418529770007	4.50671993245138	4.32818485740343
chr1:191709171-191709672	LumB	1.53931828139792	1.51467445497821e-09	2.83357727697162	3.4229811433288	4.55916362887787	4.34260335783896	4.48956048883438
chr8:117159491-117159992	LumB	1.53924463697681	3.69892359425441e-10	2.74185750477938	2.43272300830368	3.31925316041161	3.85847697265129	3.96924945510132
chr8:95191937-95192438	LumB	1.53897094309011	9.33852646399755e-13	3.80200768748409	5.00976246928636	5.37061417390667	4.98877604870422	5.27549267761478
chr1:64872357-64872858	LumB	1.53893018469648	1.3188144995877e-12	3.07246243896583	2.3695830702243	4.19706677230322	4.52275835234991	4.52991483769456
chr3:103609435-103609936	LumB	1.53863339439076	1.08472862881205e-12	2.92766366001549	2.2389061622587	3.00739421455081	4.10947410346582	4.08436657546349
chr6:88676712-88677213	LumB	1.53786624546891	9.21660080683863e-08	2.70415015637932	2.73773241476246	4.94212267705934	3.82036009406912	4.07878005016214
chr13:83197664-83198165	LumB	1.53785846555488	3.37839598397272e-12	2.49717983505723	1.78249029253951	2.92639775012007	3.18149737375642	3.84276971498882
chr1:151718600-151719101	LumB	1.53752047807728	2.23645872129247e-16	3.7567348112532	3.8421397677204	4.70340022004254	4.89372687646833	5.01683404602445
chr10:37374265-37374766	LumB	1.53741735739173	1.39599017825499e-09	2.98860868943954	2.54009892630458	4.59506286938396	4.79297890506974	4.32276925399137
chr1:46837498-46837999	LumB	1.53689720012332	8.72907779557571e-09	2.51845959287896	2.21851813739466	4.61979585287307	3.71466482213731	3.58411656978757
chr1:76751734-76752235	LumB	1.53656302163344	3.59660334382328e-05	2.44931356228773	2.12653142976775	3.24264546502806	4.37156743521473	4.14939937211871
chr4:85437390-85437891	LumB	1.53634809438187	2.03579878244246e-09	2.68453212985423	2.02732518347854	3.65647380357993	3.37859950245907	3.86257878469035
chr1:41685214-41685715	LumB	1.53592821525429	1.69349418384405e-11	3.68306960287815	4.1768766695638	5.42732224048465	5.48232465742009	5.34184977255613
chr18:14534900-14535401	LumB	1.53573609974655	6.52821396499702e-05	1.58106159950176	1.04008652557264	2.65371470186434	3.46680471523761	3.17098964492199
chr20:43466581-43467082	LumB	1.53540341115879	2.72662350371292e-15	3.74827207578771	3.30522689789283	4.78395114284188	5.1625352600382	5.00528268114986
chr3:83615311-83615812	LumB	1.53529866600504	1.90981351251428e-12	2.65430572072777	2.26701402125224	3.32541250976918	3.53226030185881	3.98132493781204
chr3:4713265-4713766	LumB	1.53523141583693	2.50458846117606e-16	3.67763488946978	3.57493722883142	4.99068895567209	5.03284470553232	5.13023039246393
chr1:108813192-108813693	LumB	1.53423886772575	7.16140748674929e-08	3.80793524990077	5.95323464429008	6.01355588728663	4.92735541134222	5.54435043406771
chr5:116418119-116418620	LumB	1.53418108393814	4.01563591503208e-09	2.99180081513192	2.38044770077444	3.99627760901982	5.01943060249162	4.61013677903488
chr10:46128741-46129242	LumB	1.53355761400629	0.0114231053839184	1.67429336447279	1.14223837401877	3.68006078566474	3.7982349228473	4.15668034283602
chr9:126654187-126654688	LumB	1.53354747644299	1.171193749421e-15	3.38982844484245	3.53669887924346	4.58025659142329	4.35536558889379	4.83975004818768
chr17:67049341-67049842	LumB	1.53331463022383	2.60102129407674e-19	2.97367748156513	2.92086120902512	3.79318196397529	3.62182225208319	4.13882082465817
chr3:119575353-119575854	LumB	1.53312246876269	2.91015957197922e-05	3.284208975363	2.78680162813433	5.02430675345229	5.10364954514442	5.13876184863023
chr22:17287114-17287615	LumB	1.53310570044318	2.54309561127814e-12	3.22326168510129	2.69746278834169	4.7605909388102	3.51762073835453	4.22920887901465
chr1:178436838-178437339	LumB	1.53279617674253	8.71513523755007e-10	3.20083756282871	3.40014054154151	4.74560308392354	4.9795630638672	4.83440551915749
chr2:154700888-154701389	LumB	1.53252173832887	1.84845546854002e-08	3.00594238182531	2.29482315856659	2.91468504928642	3.22871652041507	4.02336391614468
chr1:155158836-155159337	LumB	1.53231008547479	7.30531626728901e-14	3.60268593324036	4.3203692252027	4.70372619199732	4.60701461754375	4.9757552864229
chr8:93160787-93161288	LumB	1.53223965041577	7.16777294063891e-11	2.7757041391176	2.65190889922271	4.53866453142178	4.17803083254612	4.17820654038844
chr12:92579995-92580496	LumB	1.53212833190464	6.52914724786063e-11	2.94524119518543	2.82406912717399	3.63540626016532	3.43180958883845	3.80665581278229
chr8:97854282-97854783	LumB	1.53202053329421	1.69435806500833e-18	3.49908017892574	3.56359159967555	3.64285561539321	3.67877096311549	4.27152808343088
chr12:115406839-115407340	LumB	1.53195606799021	4.01867768215842e-10	3.20607900764921	2.85769368175089	4.92038149881505	4.93639190118074	4.71457925847786
chr8:115804180-115804681	LumB	1.53140213952668	0.000404019959713913	3.076881084611	4.51685986139489	4.25852140496879	4.89647475647637	5.11060447223134
chr8:115443346-115443847	LumB	1.5306966592653	1.62573467966906e-11	3.76198959878996	5.36686965813735	5.00824046001053	5.44129595138513	5.37556163592157
chr5:98982532-98983033	LumB	1.53017712550201	7.0144037738801e-18	3.01534259989173	2.47025786714655	3.61814564830381	4.17860954788456	4.30745330390612
chr2:41143420-41143921	LumB	1.52969117753397	5.97587734347495e-10	3.04494947686042	2.57206975037162	4.09716516029317	4.30929024966131	4.35279991527521
chr6:149102706-149103207	LumB	1.52950398062803	1.67006480507051e-05	2.81966761470628	2.58893625935847	3.92469100463976	3.9780249337682	4.33518881697097
chr8:115601879-115602380	LumB	1.52945562305011	4.26238223214374e-12	3.38599439733614	4.66962476257663	4.44258372852421	5.18116428095212	4.93998960456678
chr5:170133588-170134089	LumB	1.52898733483398	1.47668853034704e-08	2.73577385287786	2.83483712560215	5.32947639914942	4.23359798815851	4.28895224571397
chr11:69526739-69527240	LumB	1.52876547597468	5.18684537427363e-14	2.58246886682267	2.7410369174023	2.8976928833175	3.37212010791455	3.83558363989933
chr17:66959008-66959509	LumB	1.5287094406707	1.01807580950643e-15	3.41650510369381	2.75889728299123	3.53873723513154	3.79032315216717	4.85746418986394
chr1:18703260-18703761	LumB	1.52852363995975	4.21020583170882e-07	3.62665111729371	3.20311279141265	6.07113943738163	4.76189197587219	5.22437528715415
chr22:29794750-29795251	LumB	1.52850132835875	4.45706230336663e-12	3.66968296942458	4.45148002434637	5.60487534553069	5.01399825892919	5.12320618161823
chr10:125165298-125165799	LumB	1.52807737550632	5.75731233462868e-15	3.5356025399564	3.11887763029537	4.51399574065117	5.03626377410701	5.03921109592671
chr5:153200724-153201225	LumB	1.52766534831185	3.45772361280002e-12	2.87530765649266	1.83496099122061	2.58643413490681	4.09740268022267	4.11358741389687
chr8:94587178-94587679	LumB	1.52757685173719	1.56823746403623e-15	2.9580096223832	3.23013175020261	3.70621562462973	3.59444325132908	3.99094724857448
chr6:4937800-4938301	LumB	1.52745120500045	1.401637677093e-09	3.43651403508696	3.44643268807831	5.72420276810396	4.53958158296249	4.74222911320302
chr14:24432935-24433436	LumB	1.52743681390505	2.59271958335237e-09	4.47961815693693	4.53780785594694	6.13431127484858	5.37632942331011	6.0182598502768
chr22:48169068-48169569	LumB	1.5271826940499	2.2727960639763e-06	2.98093280356954	2.17420731900827	5.67681947380961	4.05439229681096	4.27152207506497
chr8:115646123-115646624	LumB	1.52711731784	2.3469903775593e-10	3.36900686452269	4.95473572491749	4.34445087807816	4.98150967163419	4.98991748695624
chr16:2744615-2745116	LumB	1.52697080603727	4.1707676849562e-26	3.82902360388633	3.93599142086926	4.16422856397733	4.6459610187176	4.99181997269866
chr17:57214379-57214880	LumB	1.52638965485559	1.3436720716137e-09	3.02794544336042	2.53114745527954	4.26680091996958	4.43099282102624	4.64327994723622
chr19:28149717-28150218	LumB	1.52613408745592	1.29508844465486e-09	2.81173746011979	2.70176434427608	3.33098588013488	3.38401674969684	3.32253176456441
chr4:139458282-139458783	LumB	1.52600230852983	2.14361185761533e-12	4.26510859715921	4.31061527640717	6.16342598412633	5.55832160999499	5.90160899667617
chr8:99903225-99903726	LumB	1.5256541047003	1.9120366484622e-13	2.85826097697494	2.81620216990056	3.69089568256698	4.12599018976453	4.23347575739951
chr8:94495004-94495505	LumB	1.52565234508148	5.16318734804817e-21	3.22489049469463	3.68333784553862	3.48832193208375	4.00439112248507	4.12503365650558
chr12:61734388-61734889	LumB	1.52543957941462	2.33641326257701e-07	2.77592174507888	2.92373344574036	4.68529262536741	3.50563509989292	3.96075192327618
chr3:31445660-31446161	LumB	1.52537338374726	1.26374856999888e-06	3.15784455463874	4.87742265590648	6.00204136853605	4.444328625967	4.74884602320046
chr11:38971898-38972399	LumB	1.52505873808038	7.672368978902e-11	2.60762827975798	2.21526295343365	3.12967203755078	3.66669044877521	3.79080014168105
chr13:38684660-38685161	LumB	1.52465925483533	9.31623862768996e-09	2.55306535476191	2.2094306879817	3.46057392038412	3.80579941748137	3.85583918091159
chr13:71670294-71670795	LumB	1.52445022275052	1.30946858984738e-11	2.56684028658988	2.08484887016735	3.28546468181506	3.72632508172107	3.85349510485704
chr1:195459952-195460453	LumB	1.52408588916753	3.58637627196743e-10	2.57953808273827	2.51680581947989	3.09288107638072	3.7057585991428	3.84913103337119
chr11:129621865-129622366	LumB	1.524028212989	7.43570242627453e-09	3.19018862651493	3.92958187493983	5.38209936395473	4.64761517414917	4.4836904905998
chr22:27020726-27021227	LumB	1.52387051540722	5.40152075442177e-07	2.70989680795993	2.06028880013974	2.92326084290082	3.25582311042745	3.32322001665783
chr17:68348371-68348872	LumB	1.52386994351163	2.69906703455872e-16	3.32833113420982	3.40768009940378	4.27301130315373	4.52649741628138	4.72777113134702
chr9:126802320-126802821	LumB	1.52378304364557	2.03501586444914e-08	3.90266437005491	4.15206800292676	5.91908444075031	5.19742206646684	5.53462271899743
chr22:31077613-31078114	LumB	1.52332102606411	1.30522913108268e-10	4.20795531321526	5.24081888708289	5.84263516272735	5.00100943770753	5.32681378455261
chr13:59196219-59196720	LumB	1.52306982037244	4.36912760994765e-07	2.47751498260839	2.10206165953479	4.32480331290841	4.40566798008217	4.08372382176322
chr8:114537477-114537978	LumB	1.52292544720155	1.56422329454155e-10	2.61066035132973	2.57808735900136	3.66847503431636	3.46212329489987	3.6346079223091
chr20:54109035-54109536	LumB	1.52282008906956	7.44361138829006e-12	3.04255316253941	2.52006778095615	3.43660761177125	3.76283693678902	3.95920815107122
chr17:68349779-68350280	LumB	1.52251279527267	9.34621495473664e-15	3.30078403922405	3.14826814813979	4.14800697687996	4.09096960596753	4.70569922582328
chr3:17967984-17968485	LumB	1.52242625968608	1.94296586593761e-11	2.74258061529853	2.53363737729935	3.18927971356884	3.80805810038419	3.55243946235885
chr12:96262060-96262561	LumB	1.52204268781537	8.30595265241732e-20	3.81272638609568	3.67198337034901	4.8187131954253	4.79899893256523	4.97811309733241
chr8:58119078-58119579	LumB	1.52159774863344	7.16777294063891e-11	3.3047258667021	3.02730486108662	4.46196293516791	4.8287488070013	4.64320279310729
chr16:66474001-66474502	LumB	1.52146546153147	1.66328898338104e-11	3.97422533514399	4.89917159208575	5.94802800743968	4.94344606047115	5.2008569802066
chr11:67670662-67671163	LumB	1.52123290660689	1.84915531547749e-08	4.18232445185839	4.995525987363	6.79513468119343	5.3711700139897	5.70456473039201
chr18:36132718-36133219	LumB	1.52097096412198	9.19360246648027e-20	3.3631447080496	3.65046111844163	3.20422414814014	4.33298030715578	4.58519287452131
chr17:36190546-36191047	LumB	1.52088003940558	1.26561234388831e-08	3.40554581209222	3.16742351456879	4.99935707017407	4.50291114101537	4.69837361838686
chr3:183938845-183939346	LumB	1.52073141498738	7.07134882678375e-12	3.02178842982799	2.70397413297888	4.07557983190519	3.93448221537762	4.10087578309411
chr20:23872624-23873125	LumB	1.52065404303584	1.81422986812499e-11	2.87257801542563	2.34897920614367	3.25185691462726	3.44706354300009	3.85967745052737
chr1:217780079-217780580	LumB	1.52013832769813	8.584884947657e-14	2.58079004632252	2.61746941390922	3.00539455076974	3.0396146285021	3.43267210176912
chr13:83420638-83421139	LumB	1.51932820175243	1.17636124398788e-11	2.48527978496485	2.45703192280888	2.96411806613972	3.8172068226678	3.57747791516822
chr1:232163554-232164055	LumB	1.51915525738451	2.55372151494751e-08	2.7040058578426	2.57752507088967	4.0315253334142	3.94635233051558	4.16739326777513
chr2:130255658-130256159	LumB	1.51902126875933	7.40582231963788e-11	3.16175455161387	2.88441358892656	4.16388574170089	4.60954111599186	4.67044837435697
chr6:81440900-81441401	LumB	1.51894896627986	5.51230346159594e-08	2.95543095490179	3.33939394046505	4.37393875448293	4.03784799456797	4.3871944477149
chr14:68106403-68106904	LumB	1.51849540146988	4.0689134312758e-09	3.48440762889135	3.50649786460791	5.70800610571838	4.93800488290348	5.01008532912457
chr10:33945541-33946042	LumB	1.51842402625511	5.22070414058334e-09	2.59821474866883	2.35613931340209	4.23880165608997	3.545419008513	3.98095743699848
chr12:53803638-53804139	LumB	1.5179799794384	5.42596907908293e-10	3.28593366967802	4.14638607124239	5.10231251745825	4.85176180942173	5.04917679334395
chr8:112617726-112618227	LumB	1.51758234211867	1.06781357765087e-09	2.76128800851164	2.48213475769815	3.99239297618038	3.46729172554618	3.9452070173443
chr6:119854600-119855101	LumB	1.51714517006221	2.62640307691399e-11	2.68624099340319	2.50150546499671	4.26580200764404	3.21975810066486	3.78324178764646
chr10:17455092-17455593	LumB	1.51709582261245	7.37739239778581e-09	3.95231216743436	4.55589160577908	5.51516261514379	5.46869011069032	5.37155752001075
chr8:86198294-86198795	LumB	1.51707801167768	4.63028239125169e-11	2.7615169080549	2.43271347539008	3.40734148911562	4.14269163597857	4.28580163465434
chr20:18683237-18683738	LumB	1.51700017663882	1.8133927641419e-14	3.24962830145437	3.12785505027584	4.14591059929733	4.45610919024175	4.40326623563998
chr8:116118068-116118569	LumB	1.5168185253925	5.86598339023726e-09	2.67837754049002	2.93372277862078	4.19506185469369	3.78911580940326	3.83790312499863
chr17:50431194-50431695	LumB	1.51639808155918	2.36912486299622e-07	4.35353345989062	4.68087939084976	6.83053726286839	5.63076995392864	5.83111264957643
chr1:231481182-231481683	LumB	1.51586198830834	9.23610198047792e-10	2.85261935590805	2.84751164912078	3.84627766865634	4.35517801705368	4.25768126591918
chr8:112022089-112022590	LumB	1.51579523984284	8.04706142112339e-15	2.96538962601156	2.86925509585759	3.3397431201002	3.44925041096143	4.04707714093149
chr1:46907492-46907993	LumB	1.51490660750112	2.43836992297537e-10	2.62852503114733	2.72943307451098	4.21552343228202	3.7553735249087	3.96934614018739
chr20:14821272-14821773	LumB	1.51484738120259	5.148453918057e-09	3.41920806672186	3.96590693801249	4.34205782336422	4.72942875843962	4.58565162522553
chr8:52999823-53000324	LumB	1.5148188031662	1.49814090633714e-10	2.69117803628794	2.32980772661007	3.23898425557118	4.11871818429657	3.75509087827932
chr17:36919934-36920435	LumB	1.51481762037676	1.37715432269768e-05	4.14088686675044	5.73690240741223	6.50960733780185	5.11538587379055	5.77335548422471
chr4:140657649-140658150	LumB	1.51471993016915	1.47166683469126e-13	3.25286978238217	3.1865075566916	4.26591725606197	4.93810091943115	4.89122220892698
chr10:37384996-37385497	LumB	1.5145206813403	6.1141776456472e-09	3.32048250727049	3.04912942816443	5.16359684604293	5.21823881734239	4.73224373990939
chr20:59929282-59929783	LumB	1.51416449481228	4.21007931900715e-12	3.52705524123913	4.20598944171159	5.17271321296639	4.74220532962547	4.97753259742376
chr20:45701070-45701571	LumB	1.5136598816857	2.68744329886355e-05	2.76308399463034	1.6124434062564	4.49980992860482	3.94497082394487	4.67665223054328
chr2:724971-725472	LumB	1.51364944102246	8.77726582608451e-09	2.60157509631116	2.4572370865771	3.04589308497366	4.08111301751423	3.96824996802335
chr11:65178705-65179206	LumB	1.51359551590507	1.15074599414554e-20	3.94537378037481	4.01735341398511	4.94955226435437	4.36275203023202	5.14721882479857
chr8:18340491-18340992	LumB	1.51359415052602	1.14583911044011e-09	2.0789317773647	1.56177633844136	2.77424669866687	2.84799545455617	3.08438820894817
chr6:9510389-9510890	LumB	1.51334421446208	4.67256642593105e-11	2.78957757313782	2.81428299214731	4.57011480212454	4.19694064268216	4.37623106549844
chr21:31790890-31791391	LumB	1.51310008936601	8.86624925963742e-10	2.75160513295748	2.44596636617929	4.17937247391286	4.00051644714564	3.93914837196518
chr8:94092443-94092944	LumB	1.51290401135209	1.12287196468265e-16	3.11398964445502	2.88413690157748	3.3950376320075	3.79797943570264	4.14674342705081
chr17:73507462-73507963	LumB	1.51279711512275	4.86763768526366e-14	3.43475349900807	3.18467045311413	4.06196110655491	3.92744936867746	4.46654801264061
chr10:37248650-37249151	LumB	1.5126053806461	6.85468212318089e-10	3.13714296642602	2.8609469346278	4.42852146591734	4.87996609374991	4.43247169152737
chr1:115954493-115954994	LumB	1.51224793787061	3.18859790152822e-07	3.0584140188309	2.81224717299171	4.5220098986886	4.74596773001638	4.74643600549298
chr8:50826982-50827483	LumB	1.51223011107803	4.40318862744904e-09	2.76938454649839	2.11486868100897	3.21925615335037	3.57527985485876	3.8531589685674
chr8:120917178-120917679	LumB	1.51213497936363	8.97208134367339e-11	3.19208093860701	3.00912860121075	4.16062958953859	4.47653421739466	4.38025368965951
chr11:63589948-63590449	LumB	1.51212889028123	6.55608359220497e-15	3.79536897118299	3.60912686115489	4.96849932806993	4.84918938866411	5.1062196223938
chr18:23288958-23289459	LumB	1.51200397775739	1.32340047740094e-07	3.57758563406129	3.66631801194828	5.30869805471802	5.18345357929205	5.25549465983283
chr3:192469423-192469924	LumB	1.51197029178254	3.45457727366869e-09	2.91491460118979	2.25760121233195	3.45492639091909	3.52157214836465	3.92722491503147
chr7:99985349-99985850	LumB	1.51169748002624	9.94339024746752e-12	3.31360210855972	3.94057174142286	4.57851292996826	4.49366453642293	4.78515526558735
chr13:96248040-96248541	LumB	1.51168853627993	3.26856320809641e-09	2.96898531638934	2.63659790561808	4.86087225972367	4.00738359499324	4.24491325788602
chr8:128095232-128095733	LumB	1.51102418324138	1.96630928725895e-15	3.67956549797374	4.12210459768544	4.10483506352299	4.0021767472704	4.75642428206406
chr8:112977072-112977573	LumB	1.51097628225784	2.13498103620353e-11	2.34456667845247	2.24679194458931	2.39332243448222	2.96443783912812	3.36176368172368
chr4:140639584-140640085	LumB	1.51043010777557	5.8640494285457e-11	2.92364642796545	2.59971965444652	3.7375702767783	4.67081526425456	4.46938027029649
chr12:99851765-99852266	LumB	1.51034000643191	6.97025465563125e-11	2.70692367532512	2.62564709486709	3.95805138263533	3.73918108957687	4.09695404353376
chr9:97179557-97180058	LumB	1.5101893837249	1.66897588547401e-07	2.4294333195134	2.17596789473005	4.61643583194356	3.75964073822116	3.87440175831334
chr2:215981749-215982250	LumB	1.51003041612793	1.20137396468017e-12	3.78896246858968	3.91561263075071	5.23008908989244	5.36228209399656	5.42135445559054
chr2:41463183-41463684	LumB	1.50997657832348	5.5969138905827e-10	2.60309781858594	2.11749832741061	2.79625290341994	4.13979515231129	3.57963205638387
chr12:53249871-53250372	LumB	1.50973814317978	1.54659545508728e-19	4.15683378931176	3.86646660711482	5.2812212041318	5.27734588105993	5.50731232853299
chr1:37493787-37494288	LumB	1.50970450938556	1.80770458000157e-15	3.19076859259006	3.07716085644137	4.4459637556092	4.51144234956167	4.69080016534615
chr1:165328107-165328608	LumB	1.50948398623976	7.84529600716239e-10	3.43818139006958	3.05372589538109	4.46250693865994	4.8151315745155	4.93224603343111
chr4:7036781-7037282	LumB	1.50890143781812	5.59437168166983e-13	3.59546543040749	4.94342444212979	5.37568328832512	5.26768801062672	5.22718139582379
chr14:44594922-44595423	LumB	1.50854201017571	1.25839338805473e-09	2.73104925379688	2.30133623713267	3.80655278538383	3.89223909584182	3.8859492421553
chr14:63547692-63548193	LumB	1.50838833237932	6.20625019277591e-09	3.60444108662868	3.04231251355791	4.2172305536332	5.1951432198675	5.23024247514877
chr19:44861306-44861807	LumB	1.50815410248608	1.05945893647554e-12	3.30122841372885	2.85860386643223	4.17929664238849	4.6240082639398	4.65503237089811
chr8:116938945-116939446	LumB	1.50770923920265	9.3297692371622e-08	3.44660580105055	5.83848524235759	4.95553768975115	4.6020912258672	4.93731179735776
chr14:100038497-100038998	LumB	1.50638393586101	2.77345915885438e-13	3.5102214380571	3.42182772135361	5.13801920110484	5.04576246144478	5.07746254007285
chr19:39130302-39130803	LumB	1.50632090311122	1.41150443933902e-11	4.79270710593483	5.70816042697882	5.72167636331257	5.97159480898341	6.35413179782564
chr10:37465390-37465891	LumB	1.50624137876454	2.49226349883904e-08	2.98257766243809	2.68661297450047	4.22147117522653	4.78195196772568	4.10775066329638
chr12:115397726-115398227	LumB	1.50586924301036	5.5971042824836e-10	3.26436174892067	2.33666651181887	4.62090626544667	4.69841255997039	4.86634630889506
chr20:56568321-56568822	LumB	1.50582712739524	4.57922807208669e-10	2.97075669884663	3.04707693473652	5.13484594406142	4.27247348616921	4.46254454455089
chr12:26502829-26503330	LumB	1.50562586383136	2.95302805953514e-11	3.4824822845253	3.30048073249523	5.22454950017935	4.99051860694274	5.05357940413997
chr8:95157333-95157834	LumB	1.50421696300987	2.30495471490279e-17	3.86148722785789	3.97887785116394	5.11181904700668	4.64876943054046	5.2155802515698
chr8:115781489-115781990	LumB	1.50419231158791	4.32753980069146e-09	3.23101422789758	5.08573053575015	4.50270440841317	4.6132533503895	4.88202932933186
chr8:78526888-78527389	LumB	1.50410586278294	1.20731811445565e-06	2.76436866106803	2.3638274874364	4.64284195102883	3.45655079361129	3.95263327987135
chr8:118956936-118957437	LumB	1.50363703443056	1.01910229365981e-11	3.32179946094363	3.11620059538963	4.42321542066129	4.73543338451228	4.62388676034125
chr8:62613060-62613561	LumB	1.50328561989417	1.02989760778367e-05	2.77423300254936	2.50510759969872	5.12200674930688	4.46515650438628	4.13575349124936
chr15:86863929-86864430	LumB	1.50322993393884	1.06632619253593e-05	2.75105917214477	2.62637584603623	3.05802036419887	4.11820753391916	3.96310099417785
chr15:39584622-39585123	LumB	1.50289873458598	8.26762736554696e-14	3.71457753126909	3.58735178941206	4.21156773942137	4.81871518388073	5.15668178251395
chr2:214599280-214599781	LumB	1.50278222605303	1.87632452535578e-09	2.80038277201845	2.42043761249545	3.05500759437226	4.52638027205309	4.14122231006492
chr1:96255702-96256203	LumB	1.50276515364921	4.76513726184169e-09	2.43905157535911	2.29500895960436	3.48711466076786	3.88714671597625	3.80143712568174
chr2:45461575-45462076	LumB	1.50264966521791	2.72450684245739e-13	2.94582404453638	2.96578048688969	3.5190663451779	4.1246404574063	4.11987993797496
chr8:129977109-129977610	LumB	1.50256667894119	1.06538800361144e-08	3.61284964905357	3.68544934936717	4.79989290906683	4.24701936603257	4.9808959669619
chr12:119118576-119119077	LumB	1.50156271417166	2.04573798276113e-11	2.91440530741342	2.3332660573459	3.92171829256977	3.72151479434438	3.86175638294481
chr19:23536288-23536789	LumB	1.50124354714484	2.2901323561401e-08	2.74144065638279	2.8767138354125	4.77925135980183	3.94049443452219	3.85764495523897
chr3:128999043-128999544	LumB	1.50098726345918	2.19172774841821e-07	3.80651799055701	3.4354730490315	5.69877176262145	5.09348825344608	5.21385148169867
chr2:154704512-154705013	LumB	1.50090130275997	4.01522725465563e-12	2.90349471583558	2.19319767576567	2.73821706557896	2.95182302761154	3.81851058858962
chr22:24391890-24392391	LumB	1.50068640945934	4.17974403468785e-09	3.45700756771937	3.57566937574218	4.97011146815812	5.31621309741745	4.93980353255605
chr3:158910484-158910985	LumB	1.50062061120084	4.36060024116514e-09	3.17703181210547	3.37906289059678	4.20213019078035	4.89152244333687	4.4328797910027
chr16:20220163-20220664	LumB	1.50057893454871	6.11123736855264e-11	2.35860111397343	2.1864426328067	2.09047312990197	2.55070129811268	3.25419509590181
chr3:106680771-106681272	LumB	1.50042977212381	4.57522648800495e-08	3.13094467315919	2.94262916650335	5.46916381555227	4.7294064508106	4.87596804565117
chr7:93812042-93812543	LumB	1.49981909929417	1.80909670994939e-17	3.16195659821929	2.81431693179769	3.05634376358421	3.70843625413064	4.37663396299692
chr12:69472445-69472946	LumB	1.49918157576388	8.00654165853718e-18	3.27325677498206	2.78284666253914	3.60073781732641	3.87319394806708	4.25143760767645
chr6:33373059-33373560	LumB	1.49901309897528	9.62162589268622e-11	3.87500478582847	4.36892405082501	4.91978939823455	5.49834441142796	5.28835567008136
chr8:95152111-95152612	LumB	1.49863982019856	3.40381350338427e-16	3.64224408944477	3.46841276252815	4.80329307300023	4.32883307409024	4.85032113587214
chr14:100016209-100016710	LumB	1.49829813519332	2.76431341235217e-16	3.10672854208054	3.12147944510324	4.06533520520186	4.39901061354088	4.54250873562031
chr3:14822287-14822788	LumB	1.49785383831198	0.00013975352208752	3.11736727977426	3.82260530904391	6.53918254694852	5.11256078613435	5.16543703236428
chr21:40313163-40313664	LumB	1.49784598504265	1.88710003635932e-12	2.29763978710354	2.06279705125835	2.46489071817509	2.62346019253304	3.20189264798802
chr8:51120980-51121481	LumB	1.49777122312871	4.65813561619701e-10	2.95958813864428	2.57785130028217	3.96890403121001	4.29368975959924	4.20738010415374
chr15:95652576-95653077	LumB	1.49775285370397	1.2062741569047e-09	2.75166663311754	3.06844599778205	4.5175991426607	4.11622010745578	4.20364717036012
chr4:118990241-118990742	LumB	1.49738420418145	2.73882118786787e-13	3.34010716266599	3.46282174943972	4.50423201275778	4.51341337618168	4.87694477833449
chr4:95144005-95144506	LumB	1.49675779315891	1.88534893008414e-09	2.99260526454744	2.22233034788269	3.12276868627178	3.63712038459789	3.83201393980532
chr10:37306398-37306899	LumB	1.49631835636039	1.08339869533191e-07	2.90137063162584	2.08078656904938	4.22437010990539	4.7804027150999	4.34889951387876
chr18:39564677-39565178	LumB	1.49587377512884	7.25350004047534e-09	2.55330299911063	2.33175101179216	2.48582567101053	3.43716864993323	3.5148053579774
chr19:57808313-57808814	LumB	1.49546478184219	4.2538535646586e-15	4.025880603166	4.02992958880562	4.95621227038332	5.29610017502899	5.47774999275319
chr2:172582272-172582773	LumB	1.49512966088148	4.15144151064564e-10	3.38537870398369	3.21369025227479	5.03809199897554	5.00314602273418	4.95558423525931
chr2:172953310-172953811	LumB	1.49505920269497	2.97826115063366e-10	3.05163947767179	4.16973650685811	4.44415181050031	4.71433254442553	4.67080169159146
chr12:86970661-86971162	LumB	1.4950075919171	3.68410602691205e-07	3.68356052998668	3.05482023405971	4.94259521236733	4.40283916510393	4.73468401874261
chr1:116172573-116173074	LumB	1.49470213060182	3.76578587055272e-07	3.73775041303569	3.94304032607016	5.51152882964683	4.77486898440466	5.16250340131496
chr8:117098291-117098792	LumB	1.49469315490871	3.32085640164005e-12	3.00937716852607	2.89846541819789	3.91293401515788	4.14933249151997	4.33065812669553
chr5:11193705-11194206	LumB	1.49466992844652	2.96297703313869e-10	2.81803664804865	2.21769410627642	3.54820204589989	3.90569488635097	3.80633189871922
chr15:38876154-38876655	LumB	1.49406465693223	1.01188429005643e-09	3.42252228735214	3.98384529537136	4.47138577497593	4.9937566979171	5.0691669175031
chr17:37315510-37316011	LumB	1.49393876545118	1.48792240448382e-05	3.57339760492162	3.29629407711103	5.0442853662731	4.80325411354462	5.45889270110126
chr2:46621443-46621944	LumB	1.49392234372294	1.05485601402536e-09	3.18313937694649	3.06464093569151	4.04414184067348	4.50903602251934	4.74328426273873
chr1:145986929-145987430	LumB	1.49377803504006	2.73270492585651e-14	4.22136146574291	4.1302460621417	5.00505543878243	5.97631180660929	5.77716680619111
chr21:40772775-40773276	LumB	1.49373293631986	4.41153338732757e-12	2.77866639101476	2.52365905191602	3.2396101262253	3.15740495701668	3.382452893143
chr6:37291167-37291668	LumB	1.49326387273602	2.08723764396958e-13	3.13283861751158	3.16895457060149	4.14129494779632	4.49054226016214	4.51605799809192
chr6:45588740-45589241	LumB	1.49226229450143	2.60588940905484e-11	3.51811711355638	3.89969920861277	4.74774034656169	4.66503601942767	4.95646551593241
chr19:45742239-45742740	LumB	1.49186874871486	7.77515756424877e-12	3.58640951588486	3.526844497278	4.54752868988857	4.95898234307906	5.03048097785614
chr12:88521040-88521541	LumB	1.49184671024463	6.10057396709172e-09	2.33385004692522	2.00453543906167	2.83025240446904	3.37128734729207	3.58450912041918
chr1:77380376-77380877	LumB	1.49155957486606	5.25218228787722e-11	3.1023763428402	2.73562082591919	3.64887345619641	4.60395072677187	4.40264042032382
chr11:60401695-60402196	LumB	1.49134939679134	6.57788926340141e-07	2.89995324030165	2.67841908676779	3.60547958133994	4.32335882136332	4.30380120464677
chr11:7281736-7282237	LumB	1.49129444848248	1.05326611619523e-08	2.96065098167423	2.55641286801799	4.11566182233634	4.63273848524407	4.51668106372368
chr15:41271351-41271852	LumB	1.49104911820279	3.27554536054572e-17	3.39457610288842	3.38772830319058	4.45248672790839	4.64903205309122	4.58291725902579
chr10:9060958-9061459	LumB	1.49094435548173	2.75217036243744e-08	2.51053089858064	2.43035346360191	4.36828807401869	4.12461144127283	4.01485671391373
chr11:77578339-77578840	LumB	1.49078802958729	3.37261128344448e-06	3.08694107764835	2.63297733717516	4.1982737642693	4.11401343747345	4.36501553620023
chr1:145527843-145528344	LumB	1.48940482847767	4.14725007143039e-05	2.27880026926057	2.37819644819302	3.64113768920086	3.06019200252543	3.09089069949266
chr17:62801472-62801973	LumB	1.48924381221445	3.69892359425441e-10	3.34968928635825	3.14047845875435	3.91607581523962	3.80564254068546	4.7390889976342
chr2:74561536-74562037	LumB	1.48911475843119	4.81537240699266e-19	3.43444914629393	3.4784060208285	4.34856295299738	4.65893801263827	4.71663818976308
chr3:187626482-187626983	LumB	1.48910477340583	1.29490397391158e-07	3.00167237926489	3.14355843865882	4.36503490296795	3.89877618337645	4.2971046811324
chr8:95084490-95084991	LumB	1.48866845153583	2.01870911187688e-12	3.25933956523716	3.89757545538473	4.7846589437118	4.3262721681185	4.71083359125113
chr2:154710622-154711123	LumB	1.48838634409826	2.18163890484386e-10	2.80207229645535	1.93029778000981	2.5431113680907	2.90410579165084	3.73973323730878
chr8:133622935-133623436	LumB	1.48776683095779	2.9151718312513e-12	3.32165149459465	3.47607426353251	4.25356195604392	4.6495285458276	4.66523146939012
chr2:131679148-131679649	LumB	1.48758913670162	5.10806422091513e-20	3.48498358835512	3.01289205802308	3.9442493216231	3.96185563442381	4.67627556228392
chr13:28431766-28432267	LumB	1.48751626431114	4.40208288192143e-11	3.05394824220449	2.61917236129605	4.23473784836803	4.55412934160812	4.29613764097697
chr17:49099330-49099831	LumB	1.487215610213	1.38627301436623e-05	3.08374473951587	2.74529303342197	6.095833498466	4.42364554084158	4.76469007026618
chr11:72754576-72755077	LumB	1.4869476580601	4.10823101791128e-17	4.75528737386785	4.64790740750815	5.7010097199075	5.56658186300286	5.83271682426176
chr19:58061423-58061924	LumB	1.48681043745235	8.76952580184405e-06	3.57570105729462	3.29898974656772	4.96293801361724	4.57029897051177	4.97494697313512
chr4:138915609-138916110	LumB	1.4862736083357	9.86824131014218e-08	3.20326325774742	3.11450282747421	4.70039209927213	5.19674738383276	5.01316550087367
chr10:37470071-37470572	LumB	1.48625594229816	4.97675588490649e-08	2.74740330284575	3.00437995487169	4.38807707556596	4.26607998480696	4.14351636377209
chr4:33057868-33058369	LumB	1.48616548180553	2.25598680663058e-11	2.34339504521821	1.62391780923039	2.32101575185336	3.52720800462291	3.56596283149194
chr20:43775841-43776342	LumB	1.48608201761086	1.10421527371042e-07	2.89719769382814	2.96621504844634	3.19930487898494	4.50795360124386	3.90071046410757
chr8:93824959-93825460	LumB	1.48590079452369	3.60995032899868e-14	3.82815781430494	3.8519371553825	5.20062918446372	5.15610043017975	5.23356054642078
chr13:105796197-105796698	LumB	1.48587016140055	0.000137719536882851	2.97841113231487	2.34310562204813	5.13021808642205	5.00216697503589	4.77460423749165
chr21:40383853-40384354	LumB	1.48564108919753	8.4887616183729e-11	3.02409577686006	2.19982404393406	3.90112764524064	3.73057911466497	4.37970813528993
chr5:83494004-83494505	LumB	1.48550108543581	3.15765249292369e-08	3.5898565026506	3.23381978952707	5.34580059769933	4.62703124703888	4.85519943181175
chr8:133900026-133900527	LumB	1.48509699571401	6.22840098883358e-09	3.28125327979559	3.36859977627906	4.58721695372517	4.15229696944604	4.48882702976602
chr2:99938158-99938659	LumB	1.48468333951288	3.44984875750421e-12	3.18563296788661	2.37727361889389	3.49246141120772	4.25123866108395	4.3979863039784
chr20:38042517-38043018	LumB	1.48452751796699	5.02694103582349e-19	3.23361371441066	2.96781146624464	3.47649067278045	4.16587674327272	4.34460517445371
chr8:116654803-116655304	LumB	1.48420618800105	2.73693769058903e-13	3.47175845905215	3.73772211287909	4.2809956030582	4.23610065084764	4.38594756545661
chr17:80548529-80549030	LumB	1.48399887579148	3.73867310052875e-10	3.91357554998934	4.22224072749552	5.73898698935673	4.97587325143461	5.31928476465993
chr20:54197058-54197559	LumB	1.48355902479161	1.33447174901695e-09	3.6661532267253	3.30142919351985	3.64792824561663	4.04500606054056	4.45356230471041
chr13:41894925-41895426	LumB	1.4832146973343	9.14376363856229e-12	2.96745050960628	2.56110575348009	3.76910701889278	4.24803611545281	4.32631951195754
chr2:74572671-74573172	LumB	1.48196681709233	1.24341579684442e-12	3.22416595319986	3.36336470017398	4.55713637235873	4.42612288923591	4.5114466631203
chr11:20487037-20487538	LumB	1.48163284927906	3.82722017201982e-09	3.03872568458987	3.02947660622344	5.92218349924669	4.12365252550619	4.48021480254235
chr18:63228116-63228617	LumB	1.4811682452095	2.6471472145445e-18	3.58696424978883	3.4186247708559	3.4140875403896	4.70736412666644	4.91726364163842
chr19:33831792-33832293	LumB	1.48078956589931	6.98710183012624e-11	2.91788437811923	3.09559211281515	4.53143506391185	3.51281104977187	3.98419286550305
chr2:179439895-179440396	LumB	1.48069712656129	1.69987528222709e-12	3.08571272192074	3.16821352489512	3.98440677246943	4.25693114740207	4.33789169959038
chr6:71706947-71707448	LumB	1.48057001162382	2.31975478470905e-09	3.03773243474631	2.97605461135529	3.82364504888902	4.47567164160754	4.10463444353048
chr22:49857516-49858017	LumB	1.48038461127094	3.24456405265407e-19	4.10466332021996	3.78972866958264	4.99103541438726	5.13377858023426	5.31089551888346
chr7:110394542-110395043	LumB	1.48018886178381	8.55328949118099e-09	2.70351666014779	2.23353273345185	3.63876392828469	3.98755546849095	4.08768585795109
chr14:36748468-36748969	LumB	1.48017800356307	4.948680946834e-06	3.12636072237701	2.83209552117197	6.21614454608042	4.46242043111099	4.83774111722453
chr13:38647249-38647750	LumB	1.48016524220986	1.5705538514155e-07	2.84806450913198	2.11459853304795	3.7569426858561	3.81278519911546	4.04753622177961
chr1:221470169-221470670	LumB	1.48005355163854	3.22906867398517e-07	3.20898166825599	2.41428777242932	4.69832828072144	4.88707595023745	4.71633549553027
chr11:120504156-120504657	LumB	1.47992498281296	2.84156822949141e-10	2.82425682225864	3.10218193784846	4.49233119703677	3.65475391072131	3.84579604467104
chr7:144038331-144038832	LumB	1.47989150898736	1.25372137357493e-08	2.58443276477622	2.1993996401333	3.32943003831019	4.36078874646178	3.80395923559522
chr8:125071851-125072352	LumB	1.47962298861919	6.60389794299248e-15	3.30733963836351	3.41532063313622	4.48691906230387	4.53460788057278	4.74378381710139
chr8:95161822-95162323	LumB	1.47906338580572	2.35409934940838e-17	3.39217475935159	3.63669292452715	4.38667130756081	4.07772842079729	4.60449043772282
chr8:67705007-67705508	LumB	1.47878818381691	1.5578749352485e-10	3.20947521018896	3.10006895266088	5.00994395053782	4.43954962163048	4.61348744460938
chr14:88941402-88941903	LumB	1.47878253810694	5.24050119941613e-09	2.48725301235399	1.9429534531143	3.47621097964773	3.34807965152412	3.42511770967267
chr13:65716327-65716828	LumB	1.47877594972143	2.49507232372233e-07	2.30169761294182	2.43970484850224	3.59982267365458	3.74127505343798	3.54194392555994
chr17:80522473-80522974	LumB	1.47857154568062	1.66637171826237e-11	3.29955836008189	3.35606082859914	4.48463357754395	4.43934227362732	4.72025431569297
chr16:78052820-78053321	LumB	1.47856442516179	1.99941991508182e-09	2.51820928819523	1.83524369012175	3.97830814295379	2.93038536975497	3.4693260323752
chr18:36097590-36098091	LumB	1.47836865863541	3.11526353983574e-10	3.34081411236431	3.31122698181455	3.97505015110605	4.76900417916419	4.89127076277979
chr8:135296509-135297010	LumB	1.47835868827661	9.65548421702807e-07	3.20990913482265	3.64040058358938	4.17222235453089	4.65233618092908	4.41503635506488
chr11:37666896-37667397	LumB	1.47830998512891	3.4632759588259e-09	2.61051005866339	1.67742431531544	3.80229086950097	3.86811353323331	3.80437714342326
chr1:207027832-207028333	LumB	1.477726975253	1.29678206498675e-05	4.97262560552745	5.11030635886831	6.96732850336573	6.18633482247861	6.32117779078248
chr8:95572976-95573477	LumB	1.47729572822373	4.33054862086311e-12	2.48915795499118	2.59578608629467	2.67795659088569	3.32241832499943	3.40336477066844
chr17:70869380-70869881	LumB	1.47697077772	3.58390094317075e-10	2.35314106238028	2.34394863096947	2.15829000868607	3.48097736545267	3.4370084615352
chr12:93731431-93731932	LumB	1.47645888191209	1.3436720716137e-09	3.04034236671934	2.19807068364783	4.7789744754099	3.88608717101346	4.35179952053775
chr19:57791563-57792064	LumB	1.4762806376313	3.57683090691731e-17	3.2600670383727	3.17499186143847	4.15791804336915	4.2574789653532	4.64048781683031
chr20:50735226-50735727	LumB	1.47611039516889	3.98766892560081e-09	4.13961219318868	3.44289406582364	4.02963052875221	4.97957619870619	5.26552350362638
chr12:96946452-96946953	LumB	1.47599008926765	4.26875039695187e-08	2.76023556845582	2.57568024267649	4.28662266357308	3.91839928017809	4.17469131956275
chr4:140700961-140701462	LumB	1.47437897932876	5.35425757445714e-12	3.56196395650836	2.88735464279854	4.20226998183753	4.95092913178916	5.04643878089509
chr17:39529404-39529905	LumB	1.47412001384724	2.31500437458636e-10	3.18310293078308	3.29189515309737	4.7435461808076	3.71481752243961	4.36285493338531
chr12:19373546-19374047	LumB	1.47411154471228	4.05229721612401e-12	3.16851071536998	2.98060794720481	4.30720092872422	4.18128809023002	4.31957810822138
chr8:115600334-115600835	LumB	1.4739158288134	9.84945806510305e-09	3.22565390703872	4.73218433497102	4.30366020912476	5.10760290225556	4.77905980739345
chr9:97084020-97084521	LumB	1.47375110753202	1.45172865723139e-09	2.77310956778405	2.2889949057147	3.43945668038644	4.28702595543472	4.12986714732424
chr1:175526705-175527206	LumB	1.4735701476873	7.4049770639566e-08	3.36372318368143	3.50373125930224	4.59441787854037	5.10369068225552	4.90148034614896
chr8:88897021-88897522	LumB	1.47342020447488	7.94566017970514e-09	2.88780248313395	2.68092626962733	3.96313226110649	4.15050463185792	3.89780302089024
chr10:1531227-1531728	LumB	1.47314009632649	6.84907689547619e-10	2.85715301425725	2.77290225776503	4.30871555690066	4.03947352529782	3.99355405843843
chr17:68219639-68220140	LumB	1.47268240786422	4.49827452072052e-20	3.01478120402563	2.80808021362981	3.16432470046011	3.36447647695339	3.89332948163046
chr5:43872706-43873207	LumB	1.47261475308305	1.5439818931087e-08	2.72044858422254	2.23907029064351	4.0896775325283	4.23170848886654	4.17494982348039
chr15:90477561-90478062	LumB	1.47235845036911	2.53059662476786e-10	3.44691032341505	3.46048247681931	5.61900694281096	4.92303159169781	5.07817471544774
chr8:40469580-40470081	LumB	1.47210016937353	3.11701969923341e-08	2.62243076236667	2.31526015058859	3.40449120012094	3.39451950626858	3.53460004614994
chr4:95064712-95065213	LumB	1.47172470706262	1.54262238892894e-09	2.69940455850847	2.26665802237437	2.48607351667501	3.24115187421245	3.5499523228505
chr10:22390188-22390689	LumB	1.47124729705543	2.75548441247205e-12	2.88398462023489	2.69962820116363	3.29324671500546	4.03213245713919	3.97755898195356
chr4:140639060-140639561	LumB	1.47102547899557	6.35615110830526e-10	2.94057775566003	2.8679886791366	3.7853624944739	4.64868648495294	4.45003467877308
chr14:21287253-21287754	LumB	1.47077815834154	6.79271624605025e-09	3.04956691071245	2.94986189299053	4.75791004894973	4.53640269289792	4.58417107951324
chr17:80134214-80134715	LumB	1.47068370833959	2.70209770822896e-19	3.57022830974644	3.7494722053671	4.02591351886351	4.71087761011672	4.93289289514109
chr2:136669407-136669908	LumB	1.47063957383058	9.18067394221456e-06	2.96599444785201	2.58038339916692	5.67448446770933	4.69528316291753	4.27265458907324
chr2:41456914-41457415	LumB	1.47011207180428	6.33617000740295e-09	2.71027074931704	2.74272571096147	2.98300643628329	3.8191474499847	3.76544140899905
chr8:114010373-114010874	LumB	1.47003157024504	2.69461695825107e-06	2.95446859840088	2.40921087822714	4.27786000329316	4.24077894621062	4.21218857874926
chr6:52914419-52914920	LumB	1.46929835923545	1.11659059475198e-12	3.58521727098576	3.5635604586211	5.3844640336531	4.32752476759374	5.04711156298886
chr19:21855092-21855593	LumB	1.46911771902272	1.60296921382116e-07	2.75100528844059	2.94478422264577	3.87745751691362	4.41630216059252	4.27170295688587
chr1:152643890-152644391	LumB	1.46893017543037	1.79455648256602e-11	2.95344556484676	2.90906924008659	4.04889899538606	3.74599439914641	3.86795299622997
chr12:64878597-64879098	LumB	1.4682767745219	1.35248796627616e-07	3.21345119104987	2.36805174862945	4.90325141512516	4.4217711871959	4.80304814557273
chr1:56713007-56713508	LumB	1.46823182203291	4.06026776572998e-10	2.86855263376855	2.40053311011707	3.51401691502156	3.96457465446953	4.1277085698357
chr7:29097056-29097557	LumB	1.4673816258945	9.51145671210797e-05	3.37021936248561	3.44289912515918	6.8539127493131	4.64442842278797	4.93738808754717
chr17:68293432-68293933	LumB	1.46706929375866	3.5429738136343e-14	3.45841535351291	3.28746644196525	4.53159647570206	4.06661321025542	4.83646685073244
chr2:217082515-217083016	LumB	1.4662067741312	1.05325378638384e-12	3.27079706082542	3.17731496510596	3.70364196540971	4.37047079967568	4.74102325109843
chr10:114819252-114819753	LumB	1.46609944526346	5.10507940655762e-09	3.60510979993336	3.42395701450874	5.50103120901634	4.89899606070456	5.10244284355218
chr6:36153427-36153928	LumB	1.46606253281845	3.78131647738845e-09	3.36709831744061	4.71127930013613	5.80995294246999	4.71271343611906	4.90003735805822
chr2:223182350-223182851	LumB	1.46592067626409	6.48040295955968e-08	2.68459019603144	2.7121899566224	3.2251609402059	4.60522245706465	4.03501714236745
chr11:69533046-69533547	LumB	1.4658138859948	5.79138121431036e-13	3.31144298796979	3.5066799899157	3.44508917345444	4.1412991875982	4.54314325916671
chr10:115881928-115882429	LumB	1.46532963796673	9.39080050612093e-08	3.13515533606678	2.89795991421318	3.82392747817279	4.9039150348768	4.70380618676684
chr8:115608695-115609196	LumB	1.46518180905436	1.98617521666231e-12	3.39056466037932	4.66591612486046	4.23265795919323	4.90515382494194	4.89286199483002
chr12:93082392-93082893	LumB	1.46491658907139	3.97141860501442e-08	3.43859884744058	4.8657581406526	5.553754903318	3.90921672951062	4.46998652848373
chr6:31307345-31307846	LumB	1.46482222774351	4.57368891424119e-06	3.71289831973782	3.53570907487446	4.23255658955016	4.84529845096356	5.37925052797749
chr17:61724667-61725168	LumB	1.46474040827511	2.91557822754819e-12	2.37397666251813	2.32105203878041	2.9966701906008	3.3149207004318	3.50713461311515
chr4:140745188-140745689	LumB	1.46466646559599	1.7047136860793e-14	3.30781245171533	2.76049836884995	3.94502480734577	4.81770145665154	4.78964409341463
chr22:34435163-34435664	LumB	1.46440929686448	5.21119358578935e-06	2.55115396352188	2.23212540137646	4.42462128690054	3.80938817750954	4.01554854436384
chr5:75082325-75082826	LumB	1.46438439119111	6.50250237241432e-09	2.52356770140976	1.72456265010628	2.85258035620629	3.7570057558594	3.71240897344171
chr4:83904928-83905429	LumB	1.46299532100571	1.58789346473393e-10	2.97638276291475	2.35068457726867	3.94342325800168	4.44188586553969	4.38811194069363
chr7:158948354-158948855	LumB	1.46291964978029	3.02398595810656e-14	3.35627819231195	3.45410158380135	4.13359238679823	3.56327395728738	4.1658866061003
chr7:80943242-80943743	LumB	1.46277095093046	5.76861430692417e-09	3.55872054645143	3.35965736590073	5.05616406531861	5.09047717276049	5.1172482136277
chr7:14431679-14432180	LumB	1.46272130349045	3.47263002327112e-10	2.67412398187642	2.25679460957323	3.71115740318412	4.06585935205884	3.79457024562629
chr4:95071085-95071586	LumB	1.46257731188437	4.81945573108663e-08	2.6006128632801	2.04455783171417	2.5543782359576	3.1694702065689	3.47369367276599
chr9:35427977-35428478	LumB	1.46200695088895	1.82693396010959e-09	2.81807832914946	2.56882087348571	4.64323334169181	3.58929771467716	3.8138903626431
chr6:98652184-98652685	LumB	1.46157976133345	5.12673198917887e-07	2.55655471544292	2.2977410344306	2.63258839657247	3.43029297296759	3.35484805170911
chr8:121733389-121733890	LumB	1.46056680803014	8.22480485820304e-16	2.64908851022025	2.53525275072873	2.67153476726797	3.54915254676086	3.83331112429884
chr22:27380124-27380625	LumB	1.46024963301281	7.93390383589806e-12	2.91746977994924	2.54870190307273	3.38111340966834	3.79591835864371	3.70628731947234
chr18:65791738-65792239	LumB	1.46001538202379	5.4128697330706e-07	2.69930105041232	2.02076828114924	3.59454648189918	4.07541730247447	4.11860089658465
chr9:115326410-115326911	LumB	1.45946871876299	1.29511142639745e-07	2.93078307148733	2.49118733122257	4.16846452274198	4.7740725392793	4.48666110111315
chr8:128149041-128149542	LumB	1.45931001573672	4.86817642232181e-11	3.23761467708132	3.31198853766831	3.85320202888743	4.18315567538323	4.54856802137887
chr17:40575431-40575932	LumB	1.45924651371674	4.49104612083048e-13	3.19057945234979	2.85998053382283	3.90011193016818	4.29623124371443	4.65881709557562
chr4:100630109-100630610	LumB	1.45899754374445	3.93555799796961e-06	2.46295977116074	1.86969936746515	3.49888876110135	3.55900943580504	3.84151711651224
chr3:161454515-161455016	LumB	1.4589872745978	2.90213675919954e-08	2.83702029962328	2.66443612455267	4.21360712724944	4.15969948020957	4.27088527411777
chr8:121151397-121151898	LumB	1.45897887803899	5.11210142327598e-09	3.52913934545448	3.04371631654664	4.41877203683259	4.79022757590174	5.07529983724556
chr7:89686254-89686755	LumB	1.45845728803552	1.08862583388962e-08	3.11314785996085	2.51161035218654	3.92411968756687	4.53253012377257	4.49155162464858
chr12:33233873-33234374	LumB	1.45838776106474	0.000531499642017984	2.52673595001415	2.15580329624225	4.18866633232506	4.21736480088569	3.17877822374175
chr2:154482867-154483368	LumB	1.45827733967718	2.10694468513266e-09	3.12290668378548	2.20274374196052	3.70785941500399	3.67421076335533	4.23030620879334
chr13:61622291-61622792	LumB	1.45820384282848	4.30821285198156e-07	2.8998009315904	2.30999292381841	4.28545021929852	4.82244056843052	4.20305709739321
chr4:182768818-182769319	LumB	1.45818418886316	7.47959998061122e-10	2.78242826626642	1.94485972220164	2.71910004724334	4.04574104150065	3.72311105773765
chr15:69483325-69483826	LumB	1.45770387511001	1.23529538932262e-10	3.69352624857675	3.75891107072008	5.33810083221625	5.44425816632738	5.36055347214215
chr1:211499104-211499605	LumB	1.45764968101987	3.12550107133221e-08	3.61777193687445	3.92116421592205	6.61934008928339	4.7861841218133	4.97314547649712
chr4:108715311-108715812	LumB	1.45725091458568	1.75741835443962e-09	2.99366695384903	2.46034428020137	3.43305318984687	4.16646530382488	4.38992237945334
chr20:45447426-45447927	LumB	1.45682524290576	1.5710362949838e-13	3.77047663779543	3.38293371764009	4.9499929950796	5.21877516275787	5.24366782390627
chr3:146837082-146837583	LumB	1.45671405106098	1.19898620196504e-08	2.57919552771702	2.42585839349963	3.26709764398068	3.8168589309628	3.9677598882115
chr4:787822-788323	LumB	1.45664973675646	6.39938658053308e-18	4.44234882135882	3.92269108216781	5.10425427425336	5.65013814036829	5.88864807832432
chr20:52167587-52168088	LumB	1.4556586349826	1.61358237545067e-08	2.67210204138856	2.31249413094117	4.19073852108803	3.80646321712859	3.96135370879683
chr3:6709126-6709627	LumB	1.45543098056157	7.59095073401489e-05	2.63930153077786	2.04576431465978	4.12440786732034	4.52019448392832	4.4898363896972
chr3:23789308-23789809	LumB	1.45533138327137	4.95682139820743e-10	2.80897531870702	2.56789479668681	4.26396011854941	4.23967919483499	4.12891634009982
chr3:73170719-73171220	LumB	1.45521837875661	1.11617855627837e-10	2.67162686983613	2.41675611286029	2.78858123445794	3.65376364184234	3.49498443638058
chr15:39608088-39608589	LumB	1.45482947218979	5.21669502016351e-10	2.88449492961531	2.03810783620917	3.36620445256394	3.74813722724604	4.12831216829144
chr14:43673682-43674183	LumB	1.45447419680518	3.46558583808137e-08	2.63298138282022	1.92434133907739	3.72885460435111	4.01144749268223	3.90349830571699
chr18:32495810-32496311	LumB	1.45426539769123	5.05700602737614e-06	2.85850788727892	2.13483453815195	5.31911237962103	4.28316818244223	4.17731685736922
chr16:31430650-31431151	LumB	1.45410516566762	1.44173129164072e-11	3.74049841720361	4.1837382268582	5.18285394227682	4.97084970471779	5.12394120511792
chr8:126623525-126624026	LumB	1.45388198157545	3.11797775276299e-11	3.32221363962041	3.44112385271617	4.98621287653203	4.35140595975139	4.46229724757013
chr7:92074083-92074584	LumB	1.45355231761534	3.08731735541118e-12	3.51049311505416	3.20869697287132	4.2934594462714	4.90563457389307	4.89918717832547
chr3:4714950-4715451	LumB	1.45331734733368	1.82808547825275e-15	3.84896518365454	3.62045830954704	5.1414733411334	5.04601728182895	5.21545449321577
chr9:123321493-123321994	LumB	1.45297564550868	2.0632690704464e-18	3.99584054966307	3.8303318290585	4.85934961639181	5.01037698509053	5.2702050565513
chr11:78508786-78509287	LumB	1.45249235217577	2.4706657756198e-09	2.97880345348423	2.80958168588683	4.0726760533945	4.10110294066141	3.77403973704482
chr21:40313872-40314373	LumB	1.45244578971739	3.65006483331228e-13	2.31851874291047	1.66999049932038	2.32483605721819	2.75224715142767	3.36664291379426
chr10:1296024-1296525	LumB	1.45222587659874	6.65031762302497e-13	3.12106566111447	2.99169664608804	3.42040736778223	4.2696688336185	4.25282284698985
chr1:38441019-38441520	LumB	1.45213908696804	5.24957327476026e-06	2.29430686130684	1.68559490848578	3.33882103165071	4.19034907260473	3.74961688062279
chr10:45697711-45698212	LumB	1.45169699430549	0.0274092624738314	1.52204900231431	1.17755135496123	3.5329971530014	3.98914503224157	4.20659349598162
chr20:2477354-2477855	LumB	1.45060103755446	2.5480888039491e-09	3.37130179251181	3.02958036370557	4.58071980357624	5.21776116646321	4.8716075943971
chr8:138396840-138397341	LumB	1.45024625508212	6.32992764134383e-09	3.16397419999779	3.59207236756367	3.25748816610207	3.6161663870705	4.04130930593404
chr12:115484630-115485131	LumB	1.45005306704792	3.49465667067015e-10	2.6351972871068	2.44438653910938	3.59530421285662	3.36613179344834	3.64248639459913
chr19:48062611-48063112	LumB	1.44986119019992	1.47088327195191e-08	2.7598812602512	2.54009551330281	3.84553048306219	4.15723747234432	4.24131085585252
chr1:105199221-105199722	LumB	1.44985023601283	1.55594290740219e-06	2.73249767422581	2.61137257683077	4.84551115784696	4.7913245974838	4.12608411504774
chr6:34544140-34544641	LumB	1.44983237693555	1.57747879863103e-10	4.44020792028765	4.9485669949382	6.18691264440173	5.94463793944367	6.11047908868094
chr10:24229885-24230386	LumB	1.44963707394465	2.4552773536052e-05	2.84077477833352	2.83517350633333	4.24054057754181	4.40803664974322	4.57984013462946
chr7:80647547-80648048	LumB	1.44929742428334	3.02135767381586e-09	3.37649914261545	3.64681399969466	5.36227507891862	4.71200236496317	4.63995510425152
chr21:40384475-40384976	LumB	1.44923424932694	1.13021505823775e-10	2.91301086738501	2.43569220647135	3.61615052210415	3.39479619446164	4.16844154248747
chr2:211929719-211930220	LumB	1.44911996803664	4.11622328971987e-09	3.0425524622883	2.37572924745887	4.53706266571276	4.66014273450435	4.6699756810623
chr15:62487029-62487530	LumB	1.44889063817158	2.92977232149318e-11	3.12598867625012	2.98993604146608	3.78741855096369	4.23367218400465	4.46895182642339
chr8:116806485-116806986	LumB	1.44871488764705	2.08565610620249e-06	3.62277920681207	4.69773082793641	4.94471178875147	4.75057533911689	4.98805365860258
chr7:78529018-78529519	LumB	1.44870270358961	1.20168039783336e-08	2.60167287857278	2.18577382611957	2.23409254780996	2.87557144696419	3.30207441695194
chr19:57790140-57790641	LumB	1.4479496757666	5.2609391725591e-19	3.87777523766684	3.89252261960909	4.68101605264245	4.9241785670321	5.20833891391382
chr8:128423713-128424214	LumB	1.44788581337428	5.45268181382484e-06	3.15378954786193	4.26707866253401	3.93434953092064	3.99723383917523	4.3832073965315
chr10:37322307-37322808	LumB	1.44763922574368	7.55883255356649e-10	3.0245995457933	2.75094846413729	4.53459862462872	4.79055568484934	4.2456139952817
chr11:69659032-69659533	LumB	1.44763480527129	2.44439674921863e-13	4.03268018635995	4.10054406370758	4.76300038626615	4.66639968344632	5.21503137858543
chr18:36133324-36133825	LumB	1.44739487052148	1.36510231099456e-18	3.15845585666699	3.42261568445694	2.95560529072549	3.90886628273688	4.22067233446027
chr7:118625247-118625748	LumB	1.44692298066606	2.68355842897179e-07	2.66429922092536	2.49984858894396	3.11192161392002	3.33165355375173	4.08777381302085
chr2:100046287-100046788	LumB	1.44661096512204	3.67643575491155e-12	2.91286651709885	2.31936719329235	3.18388909840728	3.90697243810032	4.00444537017962
chr15:39582287-39582788	LumB	1.44636578950592	9.20608535300142e-11	4.90705784937316	4.86212438051422	5.55257577070326	6.10847972941651	6.45229674799561
chr8:115566165-115566666	LumB	1.44636229852348	6.25250533870997e-10	3.48019850291368	5.01224840135804	5.09032919140671	4.85321968614286	5.01326571124494
chr12:101219865-101220366	LumB	1.44587943752403	2.1718527366526e-06	2.70636193429136	2.68623655916076	4.69086741081297	4.20874248296955	3.95962275444735
chr6:119276979-119277480	LumB	1.445825549062	1.20322276723565e-09	2.62758289369467	1.99188250616073	3.15245114373137	3.66921692704564	3.62071624749307
chr5:103283073-103283574	LumB	1.44572019948273	1.2953678922133e-07	2.87055560301261	2.08542053019805	3.9611530507515	4.36996558365755	4.30142581984378
chr11:69650667-69651168	LumB	1.44543642059556	4.39763811506398e-12	4.49669700006721	4.89979250426511	5.05033332452453	5.32731569150517	5.68816798214925
chr6:14965424-14965925	LumB	1.44534010198328	1.88835440570544e-07	3.14304911931536	3.45178930070807	5.36727473414186	4.32825419952871	4.46575072495761
chr6:33713762-33714263	LumB	1.44525463351309	7.18178611865184e-08	4.3187384748122	4.36257514885191	6.06351859386301	5.72994173424378	5.96524381194284
chr12:25820735-25821236	LumB	1.44508728597586	1.55451742488369e-07	3.58161282839338	3.26046736303735	3.95191252574501	5.41498811972782	5.08723419955384
chr5:90809064-90809565	LumB	1.4448658089561	8.17307194379452e-13	3.16894198813898	2.69961887339371	3.66019793268223	3.7511266098679	4.12078039593245
chr8:65648445-65648946	LumB	1.44384474754003	1.1712351700226e-05	4.13685070919744	4.9640935098865	6.31587123873339	4.91598329327074	5.69758095439618
chr17:68317367-68317868	LumB	1.44364536692799	9.59268562241152e-12	2.70888878030811	2.41772599751839	3.3135693468276	3.13446523169916	3.85826656845645
chr10:37307467-37307968	LumB	1.44351796545809	1.19438233414101e-08	3.09584875414601	2.57275668328538	4.41717136410041	4.97317442287651	4.34378368503456
chr1:210151037-210151538	LumB	1.44312873636247	2.47942996083265e-09	2.96315653496386	2.69510004481094	4.18653722227403	4.12197116862618	4.12969542015921
chr15:75131998-75132499	LumB	1.4429647410472	2.00104655572525e-12	3.14194336001543	3.06815256534658	4.12104110184043	4.49867057170051	4.46920305991212
chr15:39661078-39661579	LumB	1.44284114346288	2.19380994317741e-13	2.40486383160741	2.32969829644043	2.61924512016053	3.31866780110777	3.35686947098573
chr3:85708280-85708781	LumB	1.44282851316927	2.31614799099565e-09	2.59714678199813	2.07810047586577	2.22679269027623	2.83539334908441	3.48684502711061
chr20:2717015-2717516	LumB	1.4423088578915	3.48852454951664e-10	2.29099152173584	2.12332103820783	3.77478571812364	3.28156278527381	3.39438224265826
chr8:142908914-142909415	LumB	1.44218769441193	1.47026158190583e-08	2.15791605286311	1.97116439590799	2.59175428459103	2.61132805731847	2.96282055073991
chr1:227893778-227894279	LumB	1.442053841278	3.22305022852209e-10	3.65547385929891	4.75042100388868	4.75487872606876	5.42505851907525	5.14680746594076
chr21:19487094-19487595	LumB	1.44196115430622	8.48938282407858e-11	2.58035224459496	2.46138904645527	3.10202534421544	3.39933941818665	3.61214433081865
chr8:18217187-18217688	LumB	1.44185987252335	1.0859322842579e-07	2.6640743097322	1.92083007796715	3.69487820834853	4.05832568658078	3.97489034884431
chr11:79346022-79346523	LumB	1.44108521482605	2.67164211476126e-10	2.88460759195397	2.80191747097132	3.56870947678925	3.94213168135665	3.72998104186119
chr8:113347152-113347653	LumB	1.44106983265851	1.29213547437081e-10	2.79518078875872	2.59816343793527	3.23122924774915	3.65593596209588	3.96039577168556
chr1:160201853-160202354	LumB	1.44090033155403	2.21476639392778e-10	4.00447870623757	4.1414277269894	5.04880708298978	5.48524186110277	5.47722841491197
chr11:120486870-120487371	LumB	1.44071582629927	6.20783613409758e-12	2.97403401335357	2.1765345258782	2.92694560522245	3.76995050398499	3.75924601785597
chr8:125064930-125065431	LumB	1.44053892104246	2.10478143624562e-14	3.21099827627001	3.54246514124097	4.16285022572191	4.22277243937882	4.58278394881501
chr8:131737294-131737795	LumB	1.44011548522394	6.43363777652598e-11	2.73498248509025	2.6911729357124	2.77343444491029	3.64881876364877	3.74714331701057
chr2:120372450-120372951	LumB	1.44001602261322	1.46042691042398e-11	3.43111222460404	3.10354364847952	5.35461475023123	4.72566081748309	4.78220546111891
chr1:209534448-209534949	LumB	1.43983457849351	4.258996592248e-12	3.2022124621142	3.25215128583063	3.5966476088325	4.41931062260966	4.52064527085563
chr19:57837985-57838486	LumB	1.43952382557866	1.50287937592409e-17	3.32140537933217	3.08893130480545	3.66950229763306	4.28583759362836	4.57359552768096
chr19:57789592-57790093	LumB	1.43927733279095	2.21719226524275e-19	3.79308185355998	3.80083534764949	4.54736972099661	4.7309711271756	5.03949104670709
chr8:87731961-87732462	LumB	1.43868647905013	1.24469536740303e-10	2.69490688689883	2.56360557973698	3.46626498853665	3.47433556938581	3.41532620251889
chr10:125623493-125623994	LumB	1.43863184850566	0.00010777925714052	3.38985281411906	2.86892084810056	5.49624200185513	5.58957932395796	5.46431722278655
chr3:148734875-148735376	LumB	1.43836504608176	1.3059652442474e-06	3.49609196854724	2.82687198312464	4.59232406189107	4.79035953056409	5.1756949968882
chr5:21015795-21016296	LumB	1.4382410371203	3.04229634200692e-08	3.11671651803478	3.34971389000485	5.72654835832694	4.18254373419663	4.44139487924506
chr11:80271816-80272317	LumB	1.43809782171091	0.000172078706040818	1.88072117621898	1.61189001333984	2.64676160173215	3.84397706288516	3.42377589184519
chr17:68387318-68387819	LumB	1.43767638634136	3.23690008623422e-09	4.16562083337245	4.82208112026214	5.67775630816406	5.54484002963466	5.77274195128119
chr4:77400838-77401339	LumB	1.43759381593986	3.09153285713435e-10	2.43516051554945	2.31406490095049	3.13626644782859	4.02057421108937	3.74423796008917
chr15:22875245-22875746	LumB	1.43715688632049	1.88295278343993e-08	3.30897263395042	3.38626195023273	3.49376670884885	4.9908714070961	4.51743632661699
chr11:70248302-70248803	LumB	1.43649480520064	5.0771294620306e-08	3.78913349774623	5.14905247672423	5.53010543085798	5.25784149490078	5.25325048805695
chr21:37055256-37055757	LumB	1.43609238328924	1.11210933331084e-09	3.15862972534717	2.80530900458472	4.18665438961953	4.27132827088306	4.49381481755108
chr1:217711390-217711891	LumB	1.43608235009574	1.16446158544857e-12	2.61334693635864	2.52908666184055	2.95371554242071	3.36640747930069	3.46876744126826
chr4:89454004-89454505	LumB	1.43582157068543	9.06722861850052e-08	2.67820975921484	2.30762454836412	3.52258858341118	3.79929053793927	3.95623947037265
chr5:173702391-173702892	LumB	1.43558716659611	1.25602883519372e-11	3.86508378682715	3.50657175221309	5.27564553755853	5.24558410060624	5.1136898257172
chr14:50924837-50925338	LumB	1.43556068701409	6.33993175905821e-14	3.3753506971737	3.29281641561984	3.90623820431616	4.06576260074355	4.53194355123951
chr11:67201983-67202484	LumB	1.4354454925412	3.4724957259009e-14	3.23031399554689	3.25177044929481	3.98067419379054	4.09904303462467	4.26953129536042
chr7:29482646-29483147	LumB	1.43462383064335	6.36746834001052e-05	3.09404149726854	2.22276606513553	5.54642006925291	5.04083553386401	5.05533114300305
chr5:104227365-104227866	LumB	1.43456477057733	1.36848430092755e-10	2.22398534008781	1.60952112328335	2.59479397881171	3.12579439649289	3.24346149000074
chr7:20553900-20554401	LumB	1.43431080745465	2.04612675190713e-09	3.07452345562002	2.74863628787866	3.48177379836042	4.31731838074874	4.22277636422655
chr2:152302064-152302565	LumB	1.4341723198361	7.07647922891214e-05	2.67371970656691	2.23749050468698	4.63223771578602	4.54276001656654	4.48994064258658
chr8:125072908-125073409	LumB	1.43412576011647	1.22504436809376e-15	3.12286346332848	3.46592751412577	4.1002946036777	4.11607579388435	4.49120671540698
chr8:131984368-131984869	LumB	1.43406825374856	4.4485321616266e-18	2.99462887876926	3.37517924176629	2.9858919549064	3.41027501222531	3.85202004486332
chr9:126912454-126912955	LumB	1.43385426979592	2.28302034225773e-14	3.19821565358962	3.03227548125119	4.17947529041258	3.78878235192398	4.13402861361511
chr3:57205308-57205809	LumB	1.43385103595989	8.19733276464328e-12	3.10021683466272	3.55360493306518	4.4305206200249	4.48305397866665	4.47584997748222
chr1:179511432-179511933	LumB	1.43384237538608	1.06492836315778e-08	2.56499325216611	2.48699141490958	3.86614093372311	3.84127777855032	3.94480481568275
chr11:78062745-78063246	LumB	1.43379938305771	1.58029914713859e-07	3.89182455270001	4.61747619889824	5.3077718440106	5.14726044261738	5.02717387477788
chr18:36126217-36126718	LumB	1.43376054617142	3.9741252522832e-13	3.76360657603175	3.86226869214825	3.70905561184885	5.06154338097366	4.96629606340593
chr8:86287999-86288500	LumB	1.43307985622279	1.15718340991523e-10	3.11742161623499	2.88444138744245	4.01211845753169	4.23412503347704	4.6320561107198
chr9:13095005-13095506	LumB	1.43277513915754	2.81114092707024e-12	2.97989255028029	3.39767207363192	3.96964325890605	4.23184133898516	4.25887080134706
chr6:663696-664197	LumB	1.43275864106121	7.74387276615055e-15	2.64476316037723	2.3744971384568	3.47349895001927	3.5644289178884	3.67464460384369
chr1:45854664-45855165	LumB	1.43267389493468	1.47485416561773e-14	3.78733240801526	3.99628816027415	4.84340578761952	4.3353365140818	4.91948629677071
chr21:36608578-36609079	LumB	1.43265413641332	2.43184906307952e-07	3.18317070331586	2.68380636770706	4.15299181877808	4.52384834549252	4.60046460541264
chr9:129755554-129756055	LumB	1.43237605941642	8.38035286227641e-08	3.49879110724857	3.4066750090434	4.20766053906512	4.95751236075277	4.88594349853347
chr12:67521333-67521834	LumB	1.43224252955606	9.09108517088969e-13	2.84732826247828	2.44900784025836	3.93281344200868	3.16362479865467	3.4158523132043
chr1:46839604-46840105	LumB	1.43173032349982	3.36876876354178e-08	2.62169353997555	2.12122736102395	4.41483845200538	3.7052918987723	3.70841125224971
chr18:14797095-14797596	LumB	1.43166712165222	1.52004704407632e-08	3.08825116198821	3.13599986547537	5.09740822061941	4.63266735878641	4.57685299336835
chr12:30639744-30640245	LumB	1.43161934241361	1.91888577804582e-09	2.75438174889406	2.30502122391784	3.88778934498057	3.85453152054343	3.9276566658059
chr17:39535007-39535508	LumB	1.43158527342791	4.89215776282896e-08	3.42983492531153	3.20738543690535	5.06169963206697	4.17407686007183	4.56951854119042
chr5:66495974-66496475	LumB	1.43150086446701	3.77257933874543e-07	2.76203256908928	1.91342801700286	2.70353692455496	3.49905139278721	3.87151544149795
chr8:88441707-88442208	LumB	1.4313582783458	3.19822959023791e-06	2.75255228047687	3.27215720654769	4.66079122924974	4.77561854570694	4.13898237365548
chr7:92166023-92166524	LumB	1.43092411181916	7.82763676600474e-07	3.07421692970583	3.22965217920819	5.13910501910558	3.77704295649048	4.35590702484437
chr8:125065449-125065950	LumB	1.43058128747868	3.37998301657435e-12	3.33319772557515	3.68558032336107	4.30980609823248	4.34571181457794	4.7041805414879
chr11:118523616-118524117	LumB	1.43053714578036	4.9780508600137e-11	3.57080583370251	3.6484438534462	4.28793299954581	5.03046879787257	4.97764701069274
chr8:40345109-40345610	LumB	1.43049033246989	6.55450784206622e-10	2.74865093868877	2.48078856089033	3.51445938723226	4.00947051971314	3.86958669346548
chr8:61784947-61785448	LumB	1.4303644250654	1.62594977813607e-08	3.5218684862233	3.08309407708011	5.01647011584842	4.9397575658162	4.89942209042905
chr16:27128430-27128931	LumB	1.43025129463636	1.75257764476139e-07	2.65602071913186	2.57966454686638	4.37083120915628	3.26747343010813	3.78076036626034
chr19:57800160-57800661	LumB	1.43023816289785	9.00404300898618e-10	3.57081246756544	4.05632030679798	4.79058471977741	4.90722330576357	5.03612720278074
chr11:35930419-35930920	LumB	1.43011816928582	3.47857967727929e-12	3.00101459641195	3.17194911506007	3.75455017517368	4.03608841726952	4.31059273321568
chr1:46128301-46128802	LumB	1.43008724683123	1.04952318208043e-06	4.64058862920991	6.78393932134119	6.96546114066664	6.19681559250014	6.48059859922695
chr8:123661215-123661716	LumB	1.43007300357383	7.07153836435484e-08	4.25567312229543	6.10977260067887	6.27924179224101	5.88435797704942	5.94452314689968
chr10:37305880-37306381	LumB	1.4300236849607	1.98004682404918e-07	2.95600205390532	2.43389519664005	4.0338210823424	4.76123536866252	4.20699751175048
chr10:5664077-5664578	LumB	1.42969744453757	7.32665135642562e-12	4.25298013679968	4.56999039597739	5.10224631925589	5.23047529500432	5.65544663332015
chr5:132810590-132811091	LumB	1.42960441617497	5.88618165442545e-10	3.6348260764713	2.81505278804832	5.09653747152692	4.93348015693325	4.67125750037299
chr5:64959519-64960020	LumB	1.4291747122061	1.77563561011863e-09	3.17709964030019	3.29291538026877	5.61676112168979	3.92444363811919	4.40063304896008
chr5:94437785-94438286	LumB	1.42910934964925	1.38671509769203e-10	3.04300537275938	2.02119376797993	4.11254042947975	3.89150886168393	3.94576446235429
chr12:43377432-43377933	LumB	1.4290505967988	1.11569616294211e-06	2.63332174616756	2.25421189102133	3.49151017586412	3.43630085696818	3.69879861455507
chr15:69481657-69482158	LumB	1.42850114049372	4.06354118989086e-08	3.33243067865577	3.01521587636123	4.84527054085469	4.914329002821	4.98870244490963
chr9:20778543-20779044	LumB	1.42847187020931	6.60991381052641e-06	2.90343272892992	2.58352621647971	4.71435822395706	5.00440796051157	4.63790229222359
chr3:78630476-78630977	LumB	1.42835308907218	7.01385344208795e-07	2.58238724755421	2.10755777590513	3.94159770819912	4.29495255595163	4.12896298498986
chr5:71645519-71646020	LumB	1.4283036145579	2.0941454058112e-08	3.23565759584631	2.49635964783069	4.1695016069802	4.95075723192288	4.74158710397391
chr19:20153176-20153677	LumB	1.428197522327	0.000250264348309915	3.72433414690594	4.72912967816567	6.08937043350279	4.99979800465823	5.65963950588534
chr17:39702101-39702602	LumB	1.42762082055433	2.1917639437666e-05	4.71428491013455	5.27832582711377	7.92719714450464	5.14955169375201	5.94326828071847
chr1:201851459-201851960	LumB	1.42757594877154	2.14918968518782e-13	2.78539595920096	2.63551560603564	2.77518091890355	3.55126649503814	3.94066607805723
chr8:18212273-18212774	LumB	1.42706104147194	1.71430094739849e-12	3.45304140545014	2.84593222066872	4.25133917933	4.6479211414381	4.73284857838018
chr3:159044506-159045007	LumB	1.42665894885691	1.0373827426457e-08	2.8238624827556	2.64415925262275	4.61311596022188	4.41957388081279	4.18269420331726
chr8:86468726-86469227	LumB	1.42653461149629	1.65446653483758e-11	3.86984614278688	4.06219935140772	4.54631031934635	5.12744646097067	5.17874268381919
chr11:69535797-69536298	LumB	1.42649142887919	1.86248297727457e-13	3.51107990066352	3.62390702811938	3.77232548755385	4.13924104502577	4.64448208877796
chr8:82429640-82430141	LumB	1.42631114238246	1.04457973523056e-11	2.66116412220572	2.40272694494426	2.52384407384189	3.167530200505	3.45044822947279
chr12:66590181-66590682	LumB	1.42629803971791	1.87558208175783e-06	3.1199354877168	2.61492518734189	4.73300734755658	4.35199262650633	4.31075006355095
chr8:88461758-88462259	LumB	1.42579767936062	2.59914465011883e-07	2.58540573678309	2.10578567753237	4.11816314150954	3.86904416858672	3.86560283969407
chr1:156718479-156718980	LumB	1.42504849089162	4.98624076855602e-10	3.33324103857473	3.94203871338689	5.06769138908464	4.50084980709195	4.77488264891305
chr2:123047110-123047611	LumB	1.42496759939597	1.12461371725636e-07	2.76118941462256	2.17262218320213	4.0515125745748	4.30272829517959	4.32113623510248
chr9:109335868-109336369	LumB	1.42456836156507	1.60288771159965e-07	3.23888829689771	3.70955226016345	5.2873591004706	4.68223700129559	4.88864492457855
chr3:109008640-109009141	LumB	1.42439988818123	1.43939156776917e-09	2.27823659335112	2.03712131603104	2.4852808915763	3.37269065243439	2.89888020805461
chr9:34406400-34406901	LumB	1.42427241015632	1.88151223162353e-12	3.27537044715461	3.34844213037916	4.64886007913001	4.30647682791582	4.49240002381269
chr14:76444473-76444974	LumB	1.42423675569792	9.3373369284179e-09	2.85691336821396	2.28822255028951	3.24732401929592	4.08670626834463	4.04543206919828
chr13:42537348-42537849	LumB	1.42355523855378	3.05648361448208e-06	2.73719218754113	1.78230208531825	3.95148276900593	4.82825303759659	4.10035153605768
chr6:10314843-10315344	LumB	1.42298570642106	7.27725797744528e-05	3.99647004092755	4.68565285409275	6.85890435992452	5.95935916060485	6.10800996321885
chr1:11352248-11352749	LumB	1.42264005997535	5.26205320491336e-07	3.2784407777152	4.07240705981937	5.55955821670531	4.77957964353265	4.73314754997219
chr3:128427567-128428068	LumB	1.42260476549999	1.01158025396761e-09	3.9282251178115	3.59138678838923	4.86505108296104	5.25027342849182	5.33069469537662
chr20:57756932-57757433	LumB	1.42259084541472	1.9002970205021e-06	3.16299277222149	2.90386327302104	5.1555437030533	4.5730426375727	4.60300602319019
chr12:57918107-57918608	LumB	1.4224887802382	2.38638539445885e-11	3.30251257313484	3.2304618953977	4.3992038284024	4.15525608008488	4.40056206309659
chr3:137489802-137490303	LumB	1.42238493842698	1.54244510301398e-07	2.57403370440665	2.1136325593183	4.31119199246936	3.30972152004868	3.73911956289531
chr18:58017181-58017682	LumB	1.42235055343189	9.51394766013811e-08	3.09016801394224	2.54124107362269	5.07491528799852	4.63635449305441	4.56598314132006
chr11:34560497-34560998	LumB	1.42211392564684	4.07545439845429e-10	3.40479281084327	4.18819556729723	4.70685711991704	5.01064660632288	4.89285557436462
chr8:117227024-117227525	LumB	1.42198548724166	3.97852463890707e-11	3.27469330748665	3.12640827881967	4.18262570107252	4.57415014009458	4.69360586544926
chr8:95139182-95139683	LumB	1.42157802172206	4.43814697322156e-16	4.05961787500269	4.29809153481569	5.24354595785036	4.70373229406672	5.18264700900945
chr5:51033710-51034211	LumB	1.4214403165807	2.89485291587911e-09	2.83281149036737	2.11027477198137	4.12375825666598	3.78678083607142	3.70009170394613
chr12:87795641-87796142	LumB	1.42143587167664	1.02532668234705e-07	3.07173630135601	2.84299685239939	3.53918436703127	4.25717975249311	4.03357448098759
chr7:143129851-143130352	LumB	1.42090697365684	5.63610881662124e-10	3.17707582420983	3.25922451124043	4.79408220585982	4.49283039031048	4.7462548079493
chr12:115443482-115443983	LumB	1.42087539374087	8.25712014775362e-09	3.2831783729478	3.17135566549974	5.18351871789366	4.81221859398713	4.80065973348089
chr12:66745069-66745570	LumB	1.42081986953287	2.38674218680005e-08	2.90266352531284	2.1798228644876	4.21373330854997	3.25263205244681	3.80720497747535
chr17:74132384-74132885	LumB	1.42077432995626	2.28649827708694e-06	2.80268418446626	2.49502507123784	3.55920965168213	3.39252544035904	3.9013704071752
chr12:96259438-96259939	LumB	1.42049124236623	5.27707711896515e-21	3.9165462106483	3.92023863810206	4.52597648958703	4.51079524161402	4.98613820426941
chr20:14820628-14821129	LumB	1.41996328178534	4.14864883197269e-07	3.23839163121878	4.55685342146827	4.07308696084338	3.93125700721124	4.25965558173473
chr3:56379701-56380202	LumB	1.4192653200485	6.63413758930041e-09	2.48814758353008	1.83339098675397	2.27555715355325	3.72267143043966	3.31706494004928
chr3:64264236-64264737	LumB	1.41919041157951	4.17704989043831e-08	3.57393048232727	2.69498782802712	4.89604525122452	5.03819236926772	5.13509926725966
chr17:40693979-40694480	LumB	1.41906722558219	1.38648372284836e-08	3.26498454415427	2.95937490183941	4.62437688912194	4.36340473393634	4.8688654735558
chr7:130308261-130308762	LumB	1.41881847949036	2.29260645746542e-07	3.34125089389938	3.70729264959084	5.08911495215868	5.382270769589	4.76375551577645
chr8:28148039-28148540	LumB	1.41867324655099	4.29212913118213e-08	3.23406116669259	3.03634803408917	4.34016364763478	4.09260528181735	4.56665647037783
chr7:40359477-40359978	LumB	1.41830522201321	6.61044135545661e-11	3.07442626737815	2.80796153077394	3.40499578596834	4.39925351326758	4.27914968532334
chr3:85777116-85777617	LumB	1.41819773367021	2.92561907695801e-11	2.46672326909659	2.17400121456102	2.38351209219321	3.0125429007865	3.28254312614828
chr6:21404542-21405043	LumB	1.4172978435701	6.19026040162994e-10	2.78149360334132	3.16758663752134	3.46962559078101	4.46408120507022	4.05099637146668
chr1:41878396-41878897	LumB	1.41692400711255	8.31423236672291e-08	3.42901534603732	4.23142638557829	4.79504912601178	4.51580280692531	4.86421637426618
chr20:43117940-43118441	LumB	1.41686956879666	1.16575493586261e-09	2.64777861440228	1.98486176387957	3.59027606689152	3.96338748784846	3.73263128635325
chr7:54484324-54484825	LumB	1.41661991720985	1.41139925804147e-07	2.90303411219202	2.77983315029097	5.02052249851013	4.09957941227714	4.24284716769965
chr5:178122975-178123476	LumB	1.41653462402419	2.30039600305184e-10	4.47124824181204	5.74949633310519	6.07214144843991	5.90507107116552	6.02912569234757
chr8:80076480-80076981	LumB	1.41650438736402	4.41795875622371e-17	3.86911111054622	4.10852802956632	4.84652681863106	4.55778491150191	5.18688778562493
chr8:58055853-58056354	LumB	1.41641795516742	1.11831453289363e-08	3.26103482624753	2.71481258065658	3.87670638605288	3.64461222313141	4.25988310582515
chr2:237503095-237503596	LumB	1.41622933173484	3.16007225544855e-07	4.0474805911152	2.86852864666013	5.95718108544453	5.8776686122166	5.85851827162929
chr8:18296292-18296793	LumB	1.41610625307191	6.20783613409758e-12	2.94684396702686	2.20761115316818	3.29328026795256	3.89872358669635	3.9948492033254
chr1:31294779-31295280	LumB	1.41576396831793	6.96264363885893e-13	3.60126821502126	3.70183422767117	4.15493672261716	4.5082819794036	4.65343555264062
chr10:37294306-37294807	LumB	1.41556294040287	1.509814056528e-09	3.08820312682889	2.72083643184698	4.29916467885717	4.57751150874357	4.42866921236424
chr2:52533682-52534183	LumB	1.41548728738593	6.14175046536492e-05	2.22413626814267	1.68542399364811	3.54517116959073	3.95809833369673	3.21819000030574
chr18:54425048-54425549	LumB	1.41487011026738	1.74798125871909e-05	2.67440451169433	2.08576143779731	3.94473459208314	4.57908274511308	4.30355540663657
chr1:200160261-200160762	LumB	1.41471525869856	1.22701102111169e-07	2.67217894740937	2.30177341646964	3.58942346805436	3.52167964482955	3.80689769962315
chr1:226855143-226855644	LumB	1.41471516343236	2.92680049400913e-07	2.76196701041647	3.99801206856329	4.61811745105517	4.03383910793334	3.91863167171015
chr7:40710686-40711187	LumB	1.41454990191357	2.5130045592352e-13	3.0627397945538	2.54403692078506	2.91991618399309	4.17269219591357	4.01020226044089
chr12:97158627-97159128	LumB	1.41438337773623	9.45283250034722e-12	2.77146848254239	2.21034305709923	3.00324882795936	3.3117451166208	3.68677152650147
chr10:78681887-78682388	LumB	1.4142218594611	5.31125877376355e-06	3.1928393953749	2.52023352057606	3.98482971592131	4.22470742082746	4.42941277371239
chr2:197846127-197846628	LumB	1.41418761726222	8.13892775948752e-07	2.87706963913904	3.09665838710981	5.12203814298543	3.93336170478717	4.23985856509892
chr3:102100938-102101439	LumB	1.41401531684576	6.00598279107876e-12	2.96089198053314	2.47923712356393	3.93245451234186	3.350751089714	3.91564275925648
chr4:145333116-145333617	LumB	1.41358685618517	1.00650813514451e-05	2.68187412550156	3.58264359507485	4.87695218984278	4.33432823145338	4.38931439139274
chr3:124853993-124854494	LumB	1.41331452066234	1.14425708670347e-06	3.42140869728655	4.14372767688721	5.29748723950375	5.17058833469018	5.06247230377727
chr6:137477163-137477664	LumB	1.41275629522937	1.07367829369984e-11	2.63846409369981	2.47512893970262	3.56447260379219	3.35160674797727	3.7347198336059
chr9:101175823-101176324	LumB	1.41242145512276	2.13501581827403e-06	2.94694613748344	2.34891826539643	5.1992337235008	3.54518194597888	3.82456635011665
chr2:217365550-217366051	LumB	1.41101968813316	2.11319644925035e-10	3.16339223763092	3.13547512192317	4.48161587350561	4.51456627902308	4.61795156743733
chr1:189847365-189847866	LumB	1.41033249809811	2.40452439824007e-07	2.92776908322177	2.74275229969909	3.90177778770339	4.46943677672775	4.18816765002833
chr16:15460409-15460910	LumB	1.41018565885754	9.61774746686797e-10	3.43417198876534	2.93672140177526	4.50189579178539	4.38369077902066	4.47546496114978
chr4:150844251-150844752	LumB	1.40984953783844	1.55329946595665e-14	2.60679494812924	2.2232395442047	2.89395550510026	3.67446630962352	3.82524946124885
chr18:62500915-62501416	LumB	1.40870437652533	0.000340261028322576	3.41245950289018	3.0603475615826	5.17576175594781	5.09713735808247	5.44859830019615
chr1:15979076-15979577	LumB	1.40854239237897	5.37542017322026e-10	3.25821987813285	2.82768032917101	4.07226095741394	4.55853269735077	4.50904201425263
chr3:180310806-180311307	LumB	1.40848987755815	1.49631020168967e-12	3.12720189924277	3.1386565668847	3.64913772973278	4.19832868622061	4.36148261257086
chr1:233736452-233736953	LumB	1.40848115477069	3.78781014242891e-08	2.92590235213628	3.22115326879173	4.07226081761292	4.5100357133216	4.2264664550033
chr19:29905296-29905797	LumB	1.40842874939101	0.000143178265315812	2.64283298146981	2.22449510588574	2.86615297317713	4.18526334528704	4.01591254269696
chr14:59311512-59312013	LumB	1.40828371389125	2.1266012889086e-17	3.44402679466465	3.04856689193014	4.49890405887927	4.47608673504833	4.73224788670331
chr1:246797559-246798060	LumB	1.40818052939352	5.89064288063757e-05	4.05265046409234	3.73613117776679	5.39832310696137	4.9376575390951	5.31342211912871
chr8:91612558-91613059	LumB	1.40773994331217	5.41939922500387e-06	2.68801482097532	3.18312711470045	5.35037684179591	3.7322149684699	3.98295201663815
chr10:37459170-37459671	LumB	1.40769415980157	1.35939151902903e-07	2.65829225855257	2.56215465653747	3.72910657745541	4.57350706839929	3.72373164540399
chr1:164606791-164607292	LumB	1.40762385408116	3.90898058746699e-18	3.52526495283901	3.97712404759258	4.27982465652849	4.47740256535057	4.76799768313648
chr8:99883893-99884394	LumB	1.40715375609655	6.43222379008748e-12	2.8848190354616	2.79062160347634	2.82402126552967	3.67487627320211	3.9081189504535
chr8:131745477-131745978	LumB	1.40693704273837	3.70257636390727e-11	2.85237007228857	2.83829906983667	2.8192679695664	4.16868094437948	4.09428368961298
chr5:173320882-173321383	LumB	1.40588590797285	8.31032819063138e-09	3.11990764555617	2.79202513423367	3.48877557099379	4.50993782387307	4.34855256414739
chr6:12876430-12876931	LumB	1.40585698274945	6.6634361415402e-10	2.45543264346516	2.46661652315697	2.89540923682046	3.44103399241161	3.14287956879749
chr19:12228552-12229053	LumB	1.40583237533791	3.04135888567253e-07	2.52317409887777	2.56222898579713	3.55246564938343	3.35836190789905	3.57691802997564
chr2:237558262-237558763	LumB	1.40580865451888	1.98044121072578e-10	3.8719212618554	3.09049907103603	4.61315006107892	5.22941723784796	5.4246506254567
chr8:110657030-110657531	LumB	1.40575504652384	5.03375397508422e-07	2.80967806511234	2.72498265802255	3.86217189688397	3.33393084391491	3.82442299111945
chr8:26428202-26428703	LumB	1.40563352103617	3.19599370192083e-08	2.53144619203886	2.04408490113452	3.35435990543559	4.23893408779107	3.67447134413327
chr3:55911225-55911726	LumB	1.40524568615833	7.97165416233495e-08	2.52842511448354	2.0083868292455	3.38798038687014	4.22779291052031	3.8613439344877
chr17:62711487-62711988	LumB	1.405206747535	1.14810715496792e-17	3.44434778233509	3.06901138116119	4.11710875613836	3.8999880654559	4.59139231344589
chr17:66954853-66955354	LumB	1.40506527232441	2.02272360392298e-18	3.60886209949134	3.49886887951312	4.08616519228887	3.8715302767468	4.79310843856091
chr4:86422248-86422749	LumB	1.40496326758125	1.30428208246864e-08	2.67686631621264	2.46487217865619	3.41402993020352	4.28106647261284	3.93943869610587
chr19:23439026-23439527	LumB	1.40487610498841	8.79177328210128e-08	2.84737137772492	2.74359086895391	3.5302542977142	4.03271300881399	3.95554810426989
chr12:53827261-53827762	LumB	1.40485395628918	4.56719241910254e-11	3.40127708652103	3.25030788033514	4.86035156826976	4.48773497117504	4.87226830089372
chr5:80471111-80471612	LumB	1.40483517975705	6.07608008426728e-06	3.28810788493345	3.39848109912923	5.43229291601614	4.58344989796492	4.96781751963315
chr11:11638786-11639287	LumB	1.40468084003969	1.36842720972532e-09	2.80948175493292	2.5300134566514	3.92627758736844	3.81258389317064	4.00208752650817
chr15:39575176-39575677	LumB	1.40463049610039	2.04372502081113e-05	3.68316895968665	3.40973991809184	4.60268551557101	4.82742741175567	5.50168026961116
chr10:37469548-37470049	LumB	1.40445758773177	1.18336488386694e-07	3.03773061706611	3.16114805225336	4.67341112406828	4.67308138493703	4.37317538338486
chr1:36764803-36765304	LumB	1.40386534607042	3.4159184264002e-06	3.15280055692148	3.45558852610677	5.5209644765994	4.76524677505074	4.68272369322391
chr17:41524875-41525376	LumB	1.4035187793237	3.2449796041871e-05	5.06943584937182	5.67444873217921	6.45090075407011	6.48877448489443	6.80030373326698
chr18:14796448-14796949	LumB	1.40346328081142	2.05720986730721e-08	2.56446218385651	2.90282512971642	4.27307811083903	4.04236684961405	3.98983286618528
chr6:67563621-67564122	LumB	1.4034339623184	2.94167950740492e-05	2.29281456880518	2.11783876393051	3.87052042076705	3.16157707994249	3.7054500098027
chr1:151349836-151350337	LumB	1.40331298955647	2.01469625880696e-13	3.89749098352837	4.53836521594447	5.19876029642077	5.19006959232702	5.2221713617997
chr12:69427672-69428173	LumB	1.40321125963852	5.35047520718952e-12	3.05419142376195	2.38710870910772	3.92337363002714	3.94463961775291	4.33185107710908
chr14:65183756-65184257	LumB	1.40245301670169	7.56612566633566e-08	3.5334784523138	2.94508905341992	4.96695569699488	4.66642122214912	4.76650106883736
chr17:30272654-30273155	LumB	1.40227171792289	4.27986400908246e-09	2.77678912206986	2.60311416067177	3.90073466379005	3.25709593874251	3.82684617452432
chr18:36113224-36113725	LumB	1.40219941037798	1.47420799663209e-11	3.13445622626311	3.07493709252551	3.50166829323836	4.34109825626496	4.43880144614991
chr3:149285269-149285770	LumB	1.40173371657821	1.05325378638384e-12	3.53615300712699	3.60393725927233	5.524165542336	4.10066101134844	4.76140718249541
chr17:5262889-5263390	LumB	1.40144269583809	3.94213394252468e-05	2.95073135828651	3.55781189156117	4.58723457465972	4.81263122509262	4.76516535275538
chr13:97491431-97491932	LumB	1.40097473094235	7.64846729122956e-05	2.81708717882314	2.84183652689991	5.5908002741605	4.37000385991607	4.63670080384454
chr9:112716835-112717336	LumB	1.40093428657215	2.76802379038555e-14	4.66329463741775	4.66138828052313	6.28515302073696	5.77329037917568	6.00268678612065
chr14:91590876-91591377	LumB	1.40092513023601	6.00621499811915e-11	2.7957045919244	2.51964660837939	3.31083409084137	4.07743637127582	3.91553412394864
chr15:88147897-88148398	LumB	1.4008107473644	5.5636994731644e-05	2.95046565192341	2.75648283162645	2.87729766720573	4.74241087262847	4.22127861769742
chr8:98132413-98132914	LumB	1.40041029464639	6.97372452928057e-12	3.3100441431256	3.52424695667738	3.83410189831488	3.54486304542662	3.99122332010441
chr20:48811433-48811934	LumB	1.40019520474717	4.86883852208248e-18	3.59262418945175	3.49369972643806	4.25069051842828	4.15438397698957	4.83153439377704
chr2:202549205-202549706	LumB	1.40008609781028	5.26275998422443e-10	2.88693279041462	2.84759426930045	3.39591518441223	4.15780753870421	4.02753017253354
chr8:138278160-138278661	LumB	1.39999372381669	8.85891321740968e-11	3.22408350823447	2.95716995586956	3.04203545440882	3.44602597709755	3.86706036771883
chr7:148769865-148770366	LumB	1.39975019999163	5.76646093669993e-09	2.64572347492514	2.67945023041697	2.86343988751365	3.66838720335073	3.57297377916124
chr3:4305855-4306356	LumB	1.39958654022023	6.65939909822706e-11	3.60299496515065	4.01767590186847	4.66169587723498	5.02197525867355	4.9746140616764
chr12:69488291-69488792	LumB	1.39933990597287	2.18175146619057e-14	2.99413528744169	2.39846667751352	3.86102852449321	3.66521933048088	4.12781397018374
chr1:225749733-225750234	LumB	1.39887798732616	1.85067620444444e-08	3.65092076571568	4.64210599216821	5.65625163158085	5.24216384365539	5.10190885702411
chr1:203087173-203087674	LumB	1.39886982822622	2.07954625006828e-15	3.18037754075981	3.42317634709534	3.59390373966288	3.90646433854528	4.43431245824654
chr2:99617625-99618126	LumB	1.39882380315462	2.10993867467542e-08	3.05682709229666	2.71141691359711	3.49171740609432	4.18449545110001	4.37511343734468
chr8:99923960-99924461	LumB	1.39823139461652	1.41031003125964e-11	2.81966691985004	2.81946871201121	3.33201752587732	3.50088102501218	3.89423807715757
chr3:79992225-79992726	LumB	1.39757084147056	3.89526407034968e-08	2.28532158777713	1.80137492827058	2.6582352213255	3.24532249171632	3.56230668637254
chr8:82619271-82619772	LumB	1.39752149397222	2.32351881875534e-08	2.75352397007748	2.4059165500133	3.37733145848368	4.47841224353705	4.08609106205587
chr4:147477318-147477819	LumB	1.39749385029157	1.75032019952165e-07	2.79259730201032	2.80340463400946	3.95755815880296	4.39650943074627	3.98087032040614
chr17:48759249-48759750	LumB	1.39695024836332	0.000520225411523683	3.22963774071425	2.64753409421219	5.73247557019781	5.30214580653218	5.18018692015197
chr6:14541118-14541619	LumB	1.39657033457082	5.55019146772075e-07	3.17839142056489	3.78600592902616	5.37617879960019	4.8328296298347	4.5518007349959
chr2:53988576-53989077	LumB	1.39655188639618	5.61007801729267e-18	3.58479110624562	3.8509668303983	4.69736196958728	4.68614893569093	4.92649363565376
chr11:101032564-101033065	LumB	1.39650322339926	3.43753111813025e-08	2.89446400325653	2.40929340678342	3.39744852905202	4.56373706152445	4.39072384610882
chr12:88038065-88038566	LumB	1.3962528559334	2.34014290593452e-13	3.75540943153842	3.1418003407653	4.4013006698816	4.57251884841465	4.93518310232082
chr8:127519347-127519848	LumB	1.39584486728793	0.000330155746099838	2.51777617236201	2.50439390762034	3.96725408812821	3.51221197279773	3.95037826227302
chr2:125792132-125792633	LumB	1.3958191542534	8.75221282949417e-08	2.9940669799312	2.77177477122478	4.32665710440115	3.90798462829928	3.97085331234101
chr8:131922726-131923227	LumB	1.3954219821276	2.40475871383712e-10	3.70893071641421	3.52673021017958	3.79829651117177	4.98000145651825	4.93142015904241
chr15:71117598-71118099	LumB	1.39530379089735	6.62753120930433e-11	3.54488695405739	3.38416698158767	3.91276243451549	4.82074175819011	4.95402069036459
chr13:27319971-27320472	LumB	1.39521627857198	4.97275689301686e-12	2.50693604836718	2.20625309331618	2.92036165652445	3.54686136822894	3.55227313144066
chr8:137215533-137216034	LumB	1.39501404511875	2.71259677610612e-08	2.89981167799871	2.97639888291795	4.07436196265833	3.79834744595541	4.05033663644505
chr1:177459050-177459551	LumB	1.39498795321746	1.6260936220911e-07	2.81211185232359	2.57522542637919	3.99628565061864	4.10969688562408	4.23366668588556
chr15:101248204-101248705	LumB	1.39449401047416	1.2429781936033e-11	4.04342034759106	4.83602026761227	5.6023024737856	5.26500612925145	5.44727961364117
chr4:40193669-40194170	LumB	1.39432710774631	2.45200247278096e-09	4.24893391620828	3.72285987185254	6.0615014746888	5.70049415802709	5.89288288980121
chr1:203281465-203281966	LumB	1.39402499970972	3.95896617694181e-11	4.27712022147176	4.1921534850251	4.69635175770611	5.9523028752508	5.59905149696666
chr17:56406988-56407489	LumB	1.39394643706192	9.99399928234799e-05	2.61563331800786	1.97447736994214	3.28334569763244	4.81071023691373	3.93135301012395
chr8:57606519-57607020	LumB	1.39384188056064	2.17462925046805e-08	2.67711594106707	2.54171694876059	4.16078585225188	3.73817451318357	3.78036479628961
chr4:128250942-128251443	LumB	1.3937658525877	1.44701869574494e-05	2.07878952617547	1.86343179779813	3.34933365431704	3.48508525697571	3.46716415269443
chr18:36138086-36138587	LumB	1.39375682340324	2.04367096586343e-15	2.51181096721792	2.59573700309808	2.55248530444177	3.16637847410789	3.56225478991874
chr8:95027772-95028273	LumB	1.39366293045433	2.81969892701679e-17	3.91253507557433	4.04738510185851	5.03347931186652	4.80631654968046	5.1345644132884
chr19:23404608-23405109	LumB	1.39344226495822	3.87109994239186e-06	3.67195791216879	4.41536860831822	6.46103126036991	4.97929545466843	5.1728084529741
chr8:143786329-143786830	LumB	1.3931171689879	6.39453866498685e-20	3.67285300667588	4.30078830227198	3.98871789685968	4.59915777152491	4.89969888928359
chr8:99977385-99977886	LumB	1.3930169500861	7.72224893351286e-09	2.63254247507501	2.65290693166122	2.84853094122289	3.82996151003837	3.72707970676779
chr1:169506791-169507292	LumB	1.39271567976733	1.69991048172538e-10	3.638232891932	3.44065880521179	4.68468025490844	4.71595529340542	5.03283405753489
chr2:30956281-30956782	LumB	1.39258851589071	3.39106061627618e-08	3.08673023328159	3.48412084129449	5.6364495923021	4.3714096839925	4.4164407635801
chr1:244559483-244559984	LumB	1.39253178419092	6.38665887108111e-10	2.42968487357504	2.06300228028579	2.9057700313768	3.45387190674471	3.71791171200886
chr4:85771933-85772434	LumB	1.39223113153029	1.0072197968754e-10	2.86403915296136	2.1054796947835	3.34505008901177	4.10773662150731	3.85959272859195
chr8:101612825-101613326	LumB	1.39149753059659	7.48167217392421e-06	3.65649560386916	3.69297573615832	4.93952160128364	4.71201817647032	5.21326025610076
chr2:131675217-131675718	LumB	1.3913272133576	4.84435852578729e-19	3.36745999300218	3.1384359227557	3.7985953898774	3.77636445173849	4.54277106598911
chr19:40947527-40948028	LumB	1.39107797620456	1.59883102609029e-05	2.72910164165908	3.34247104063941	2.72345204177446	3.90295700702204	4.19833416158758
chr8:115653570-115654071	LumB	1.39096781721698	5.91785056309317e-09	3.20259929189423	4.77334125754799	4.02123742336721	4.88051939529949	4.69012444940538
chr22:44794954-44795455	LumB	1.39085610506896	5.31974934007897e-11	3.22910906558185	3.3619014692913	4.86105906983512	3.41255510657551	4.11311044527922
chr15:39590278-39590779	LumB	1.39069125164315	2.30164085804363e-10	3.61096638830212	3.70342908549525	4.0031499238794	4.78353744653067	5.05130401067012
chr11:69494885-69495386	LumB	1.39043808876851	1.51808026714511e-13	3.48119313773168	3.68883064426226	3.85212937172176	4.44624160274986	4.5768372579347
chr11:66723555-66724056	LumB	1.39029858238767	1.45116215558365e-06	4.19554992833818	4.51281833458378	5.78634599217949	5.39636192251875	5.78456318061936
chr8:114983700-114984201	LumB	1.39015753100209	2.65870616148301e-08	2.62363792809665	2.40364212784289	3.33109560800758	3.97162892862094	3.79016624884335
chr10:43161199-43161700	LumB	1.38985009988662	1.78081756412866e-10	3.44213996954133	3.47967978553202	4.96025559614748	4.9367647667169	4.81471027739106
chr8:110580628-110581129	LumB	1.38969439181842	1.86202504578956e-11	2.52386323959634	2.19188333929071	2.912288592713	3.02685677753659	3.63550643783617
chr5:136768507-136769008	LumB	1.38946690084253	9.41414874929923e-08	3.50048791925969	2.78448272798039	4.47503948789046	5.29033778634048	5.03016170690941
chr15:48483691-48484192	LumB	1.38920267373702	1.63082380187944e-09	2.83059087411269	2.33176067879459	3.58060943862036	4.40058032864571	4.17384024325962
chr8:111437449-111437950	LumB	1.3882181120203	3.74073320230373e-09	2.84686100199105	2.55899875545088	3.34205495830855	3.49208867074322	3.88778137911032
chr6:149842277-149842778	LumB	1.38816918585165	2.74446996948893e-06	3.8979985104583	4.44712936929085	5.55749889753451	4.12469093462223	5.2025864435119
chr12:88523726-88524227	LumB	1.38806948050974	3.11521739414392e-14	2.85433666452909	2.4867851270394	3.51484503521728	3.43258716067198	3.91948726378668
chr3:128433553-128434054	LumB	1.38791379481516	4.91299937462567e-07	4.37205151151937	4.5600868092697	6.32067954136769	5.85503755480578	5.99503736094575
chr3:17256744-17257245	LumB	1.38784492006365	6.15309840297142e-13	3.08573152954001	2.90758846553556	4.37658500425662	3.66370271403557	4.08586118179999
chr1:203162907-203163408	LumB	1.38771743600685	5.76271118665534e-09	3.51564161381078	3.48300688031512	5.37852301829448	4.2782066080424	4.80796102200965
chr5:171029376-171029877	LumB	1.38760872254602	2.15972850108809e-07	2.33683501183077	1.93682220475467	2.67009157777576	2.94116826579003	3.16703192539864
chr8:40402579-40403080	LumB	1.38743914894784	3.67155004654199e-09	3.05585943017341	2.79803741800223	4.12199601705876	4.03529867128892	4.23170021405316
chr17:41422027-41422528	LumB	1.38722978987484	1.65858452617376e-10	3.53561180581799	3.3535785054779	4.32582861388486	5.01106393535344	4.97763638263642
chr8:99890822-99891323	LumB	1.38702796250431	8.39411331017909e-14	3.53490725893605	3.76844362035561	3.70091208290445	4.42612990832927	4.59641574015997
chr12:1934746-1935247	LumB	1.38702256635346	6.95363398805785e-14	4.15611871028751	3.99866914883045	4.83756945054174	5.18453476592491	5.32292472759055
chr1:151259389-151259890	LumB	1.38690664263564	2.09137382214861e-06	3.78370154366386	6.31979135012575	6.06203708567689	5.33887173593701	5.41690240019553
chr3:195585088-195585589	LumB	1.38687740071167	3.57429175741388e-07	3.54557781366373	3.77253181438503	5.17133606826363	4.19236801292182	4.6873175431662
chr15:82859374-82859875	LumB	1.38652979276093	1.29157354850375e-11	2.79532756687342	2.73248307531017	3.80482302533406	3.79113393264681	3.95521230384276
chr8:87663868-87664369	LumB	1.38650423761822	2.72249708443218e-08	2.95547535888884	3.16324616298364	4.34395088282977	4.42698474097813	4.27403557519686
chr17:74174791-74175292	LumB	1.38586195672164	1.43670036433813e-12	3.08794219498098	2.82627475775593	4.19231397040216	3.83015144913365	4.14494036036707
chr6:16780592-16781093	LumB	1.38572927993548	5.07920212611584e-08	3.53849324010587	3.87409790873018	4.78963627051995	5.32831712132942	5.02637706687598
chr17:50859699-50860200	LumB	1.38567580172635	1.698671192819e-09	4.06105885805991	4.09095807443831	4.948921602655	5.12399300330966	5.20031264444318
chr4:57796713-57797214	LumB	1.38555875362653	7.46437095033621e-09	2.66111035850692	1.95350957760776	2.68222200604143	3.70088424344851	3.33820035771844
chr5:106398670-106399171	LumB	1.38547282058479	1.1152527316452e-06	2.33225772362922	2.00960423387474	3.64506334967205	2.9271774145413	3.52976908297291
chr17:65755759-65756260	LumB	1.3852711454754	3.65540742448791e-11	3.40870466918977	2.66895373682155	4.16054683000063	4.18343086978343	4.66693203080442
chr3:160608827-160609328	LumB	1.3852620123079	1.06356262291422e-06	2.57583948444385	2.49790554910013	5.14781622560299	3.79150773096654	3.73382007288207
chr4:140692502-140693003	LumB	1.38513642582051	1.29284378241215e-11	3.35100482057701	2.69044538203731	4.28312168271866	4.80858361737591	4.80440440688122
chr1:31510260-31510761	LumB	1.38509959567044	4.34743288242274e-06	4.00998882790344	3.27562987417708	5.65580170901045	5.4949499102861	5.52021059619202
chr3:148816353-148816854	LumB	1.38500485614271	4.9978646321786e-06	2.18046785574872	2.18211537847595	3.02333129595204	3.30433037301061	3.57854719603728
chr2:34581134-34581635	LumB	1.38458166060947	2.97690566952987e-05	2.62509733842152	2.78026886404482	3.78836361204245	4.59642260096864	3.96484814710359
chr12:1815728-1816229	LumB	1.38445521185357	1.2356640928902e-10	3.42761368437403	3.64381429380315	4.82657472903788	4.14380663420026	4.62486626929477
chr5:58234528-58235029	LumB	1.38444691299321	3.41549684240419e-08	2.86400082126582	2.92409260275043	3.981214003709	4.60897306227975	4.30887267832941
chr1:203280301-203280802	LumB	1.38418658313991	3.4073489132574e-12	4.30653302239976	4.19767863185173	4.72215712688532	5.9426869963304	5.64087845312319
chr8:36836608-36837109	LumB	1.38401228438329	4.52391843002046e-06	2.66444930215134	2.38354879818621	3.18727588770152	4.15265893986876	3.75800395614536
chr3:149288538-149289039	LumB	1.38394618475507	3.11088844822138e-09	3.5548620729657	3.69864264222008	5.68768039691356	4.17247053193624	4.61841650462295
chr1:227086556-227087057	LumB	1.38363859817081	4.9245015615459e-13	2.91129868348337	2.98646109767047	4.11221415230223	3.98252919652404	3.92928243108752
chr4:95159538-95160039	LumB	1.38355783471607	4.41918361921191e-09	3.04878702608934	2.3082532481021	2.7787211190066	3.68763057180159	3.84386980580743
chr12:46258515-46259016	LumB	1.3833267018415	4.13726962509321e-11	3.70914516170023	3.52379980378655	5.58157966354288	4.79358040057195	5.20633590424304
chr17:39503468-39503969	LumB	1.38326182334906	5.66480284923961e-13	3.24361001997343	3.0518432631508	4.21686665643407	3.1068357449234	3.81410859957454
chr1:33148238-33148739	LumB	1.38314792354176	5.57763118283594e-08	3.24327264063281	3.31850965462325	5.43298233606448	4.65079356524759	4.76754025153352
chr2:223679599-223680100	LumB	1.38263827494273	1.05601507061111e-07	2.88585075961778	2.56977714284081	4.54929747875547	4.17792551692706	4.38091701285142
chr6:149842987-149843488	LumB	1.38233713255153	4.8972807746993e-09	4.37484046680875	4.93664402672496	6.33184723196169	4.78621941074007	5.58755604280786
chr16:14072411-14072912	LumB	1.38229071040177	1.89505677343148e-17	4.42290975233528	4.6693149448113	5.00729001402682	5.2905959154389	5.64865540766492
chr8:95149003-95149504	LumB	1.3819045830837	1.37097138692404e-13	3.44104205424296	3.36539273770602	4.48666888523999	4.23800719905614	4.68809498430755
chr8:121121085-121121586	LumB	1.38186355049377	9.86892253458337e-14	2.73142737060517	2.84999557979282	2.76572091841253	3.40617988223366	3.67921461579893
chr17:62708357-62708858	LumB	1.3810341651198	1.02357038523247e-18	3.38313946792896	3.08831685576243	3.93978570417118	3.99470165782067	4.45915208961438
chr4:151598676-151599177	LumB	1.38101875584457	2.33315362894449e-10	2.56968882140681	2.27407036286578	4.0386199660029	3.5955491450832	3.72535056953573
chr4:95179067-95179568	LumB	1.38095649995463	9.22830423799507e-10	2.71782650882132	1.8277836722298	2.63920476191193	3.53871723023635	3.50089284495756
chr10:9964748-9965249	LumB	1.38045909447338	2.96991796115057e-06	2.80847825958621	2.76033319104092	5.06087310122254	4.12930385347188	3.91427862811735
chr14:52568427-52568928	LumB	1.38044212367485	4.95562644500527e-05	3.30517523079555	3.55228717845193	5.57813872343049	5.12081103529781	4.74034987967341
chr8:122272653-122273154	LumB	1.38040898016661	3.82744711704292e-08	2.39251296896014	2.08499220988328	3.58386907880126	3.90259763115202	3.73785748270969
chr10:37316143-37316644	LumB	1.38038091785129	2.58511706385803e-06	3.19768743170238	2.55907812165712	4.82994638692813	5.39225335725004	4.65260235149852
chr3:103350580-103351081	LumB	1.38008340511217	3.8621119234909e-09	2.30704734684254	1.70861592464437	2.31937334353759	2.97323923258798	3.18877351829653
chr16:54161487-54161988	LumB	1.37983404045011	1.22429267264052e-06	3.04397049611848	2.57226721747671	4.26519671959316	4.62868517638451	4.43656834646805
chr12:1816291-1816792	LumB	1.37966989106359	4.16839285711212e-12	3.62027705622933	4.1425389006801	5.10415436170219	4.43666622413601	4.81052155676629
chr8:99878095-99878596	LumB	1.37923348511414	1.06034401004656e-14	3.53971981753	3.81423852006489	3.77848583685238	4.15736765279981	4.63577887204302
chr19:6019604-6020105	LumB	1.37913319780601	8.81108323454946e-09	3.81271061724049	3.67710949578473	5.45774142827034	4.78420334065994	5.22599518362416
chr17:30243221-30243722	LumB	1.37849638046467	1.7474502865514e-05	3.45770609017078	4.80327651554135	5.47583999720151	4.46053616907963	4.68022322023813
chr17:43826076-43826577	LumB	1.37825701458836	7.45230978392359e-17	3.21584295343164	3.63659910277804	4.050693604279	4.09072866946229	4.3590173678893
chr3:185524536-185525037	LumB	1.37825147290718	1.00524613103789e-07	3.21196589095881	2.93325205853787	4.21874381761789	4.4666233538049	4.64560423154498
chr12:89464343-89464844	LumB	1.37815904250354	2.59032550325734e-10	3.13009230677393	2.54417370620077	3.65312947987977	3.77434049900347	4.32920715676566
chr2:204880553-204881054	LumB	1.37784198637226	1.50577787075027e-07	3.34874634498676	3.72754446909455	4.48312419328941	4.56195284021649	4.70518750171408
chr1:210480690-210481191	LumB	1.37754933576843	5.35489184551136e-07	2.99970125768257	2.60858515564103	4.62821453989034	4.77189431244382	4.57977693376085
chr12:60714405-60714906	LumB	1.37701817714654	6.14278281257149e-05	2.52284661746047	1.70589839654559	3.61529914846541	4.23848057516484	4.00069704564495
chr22:34704453-34704954	LumB	1.37689230516365	4.44485034131728e-08	2.68395373857437	2.1793454207605	3.24105659669773	3.48654785486822	3.59367286141537
chr5:37254468-37254969	LumB	1.37678058978087	0.000555805405248755	3.37861547025247	2.6641956908568	4.25325502392482	4.78407305076118	5.30822917277828
chr10:115666142-115666643	LumB	1.3764627247008	8.3524707345939e-07	2.7680862253955	1.95282987224306	2.75414980487728	3.93857686278914	4.12715799226246
chr8:87763858-87764359	LumB	1.3760867339871	3.7930616045963e-11	2.91638960510193	2.92859838159786	3.21187039960092	3.28664481410568	3.8516563779393
chr8:125450669-125451170	LumB	1.37606147339179	7.11760050162462e-12	3.52308101921472	3.86151262747927	4.5596632773508	4.45863842617802	4.81317149379254
chr9:90430170-90430671	LumB	1.37603946573523	6.15554339790557e-07	2.74934126318029	2.4238814643082	4.19644391582009	4.43341180728148	3.96351563494996
chr12:122343490-122343991	LumB	1.37552540888878	4.32795187988357e-11	3.15329260459672	3.44352149657593	4.92051428780718	4.65396622729711	4.52291051926541
chr5:58095341-58095842	LumB	1.37538346892901	7.31135338102721e-09	3.20161753501905	3.03509976714346	5.01198187139918	4.41269746400257	4.55417679671726
chr8:118956302-118956803	LumB	1.37521497431329	4.32207982287007e-09	3.45808102363775	3.27487842893177	4.20354376739571	5.39328112586368	4.76301148690858
chr3:140892390-140892891	LumB	1.37514812941513	3.63414643501262e-09	2.36351300738887	2.00865628506361	2.91037313912498	3.4915959731722	3.33926317861031
chr8:68808657-68809158	LumB	1.37497689672345	6.05029351064289e-06	2.84795131379662	2.33655594965999	3.7190699791114	4.03060276603691	4.17480121550235
chr4:14878600-14879101	LumB	1.37481824206259	7.02288128374679e-10	3.42412499122515	3.39096756587378	4.63066689667537	5.02093549001306	4.97611355352734
chr12:25342988-25343489	LumB	1.37461053521994	6.09312495505107e-08	3.03471522940128	2.59531743047384	3.63613698204246	3.89576278808863	4.04897445058147
chr4:142596055-142596556	LumB	1.37419472224314	1.96879911058645e-06	3.4427330240003	2.81698210807199	5.41159356879277	5.00991130338058	5.15818988786236
chr3:51071967-51072468	LumB	1.37405909369968	2.2295360545581e-08	2.75008017982437	2.05074452921516	2.79658372196411	3.7991567287654	3.74132313080632
chr7:4888136-4888637	LumB	1.37400530438169	1.33449367431367e-07	3.25921599638794	3.08471708890773	4.37396990268033	4.9033881419938	4.77774314439548
chr10:5492172-5492673	LumB	1.37324163363155	1.69665477452743e-10	3.76464284771392	4.30361686648327	5.04689603512214	4.46029292368721	5.10620379765383
chr20:46780443-46780944	LumB	1.37292052595609	3.72055553095903e-09	3.15521166075216	2.62914632509702	4.5229477072662	4.13022377867502	4.53666853323089
chr3:128347809-128348310	LumB	1.37290113797728	6.03961401726737e-06	3.55272837691283	3.02982239674064	5.52742390865113	4.8859355389754	5.13354273125739
chr16:19483996-19484497	LumB	1.37260655178196	0.000861363844139092	3.23592056999315	2.64507071391309	5.90630981953735	4.79077292499068	4.89795847789246
chr6:109714524-109715025	LumB	1.37249980025289	2.61594004446242e-06	2.12391399734416	1.86273707156269	4.10571633828162	3.16706535549479	3.29123716912591
chr8:37564167-37564668	LumB	1.3722919853559	6.74253633074652e-11	3.71483539051116	3.39787262468741	4.53939842219696	4.57409730759849	4.94613103611783
chr20:17357754-17358255	LumB	1.37156374021888	7.11692466429399e-07	2.80353696944165	2.42038199037148	4.96109238327333	4.12789876511121	4.04695181353827
chr17:57296125-57296626	LumB	1.3714276619129	2.5894035667776e-07	3.81792395519481	2.88108712806053	4.60663829539419	4.68903429365917	5.18190661385976
chr13:28097463-28097964	LumB	1.37120639574089	1.38511039578814e-08	2.49951896583021	2.41145421603031	4.26235350195749	3.87007952675584	3.61071749214932
chr10:125355141-125355642	LumB	1.37093032662553	3.888889097882e-08	2.7948019481273	2.5458923956226	4.55189753227493	3.5331295604283	3.8756597755663
chr12:14255523-14256024	LumB	1.37089540291387	3.90751014006154e-07	4.56579719673822	4.42688238530864	6.42113012086819	5.82561646100859	6.12131239932578
chr10:8399678-8400179	LumB	1.3704622128888	1.55730884239252e-09	2.84865392816843	3.15652937722656	4.50963131789713	3.84627991985506	4.08638780622646
chr3:129969874-129970375	LumB	1.37030142763258	5.41778593249406e-09	2.99858082798877	2.51803810864213	3.58987585828815	4.12298558318998	4.17871309619751
chr8:80749785-80750286	LumB	1.3702696173267	2.93090992215259e-17	4.07549320158674	4.17953311609579	4.97148276568905	4.71903413624804	5.26366026994278
chr3:121814001-121814502	LumB	1.37015228719182	1.67807592007161e-05	3.04654767134223	2.59083005395321	4.77508044221339	4.13681261073278	4.36873371795138
chr8:73447178-73447679	LumB	1.37007320224859	1.18431790997025e-11	2.88943586278073	3.19658639033172	3.82069314105125	3.67522286913472	3.86011503692099
chr8:129301317-129301818	LumB	1.36998046752551	7.3409503669319e-07	2.22583293908159	1.91247786427089	2.68949862234311	3.7168272424846	3.39476751797988
chr1:46841254-46841755	LumB	1.36976583382094	1.43206366957062e-06	2.20784973231585	1.99242375576905	4.29099656687996	2.93373584344121	3.08957889729228
chr8:121732415-121732916	LumB	1.36970127055632	2.67790008819241e-06	2.41924787151177	1.6469492917948	2.36408635930451	3.66039144722519	3.68986246992794
chr11:78154839-78155340	LumB	1.36952084997331	1.15075042386238e-08	3.21928625470041	2.76433354213507	3.93817843194396	4.31906646795759	4.32081060638288
chr1:204001413-204001914	LumB	1.36950116188067	8.13807263591099e-07	3.14383696102744	4.51308330601733	4.73665784129142	4.11995451165897	4.37155200153461
chr8:99103173-99103674	LumB	1.36934320398418	1.11929315856554e-15	3.23826850475161	3.20089670729148	4.39051885132223	3.78225629001853	4.35306723164241
chr6:4115791-4116292	LumB	1.36913973649994	8.80397728190444e-12	3.01821948726583	2.5800462327649	3.46369716242656	3.98830226660428	3.94766102165093
chr6:51891741-51892242	LumB	1.36883135680602	4.66471389908048e-08	3.33038619426819	3.13615729751798	4.66535989076924	4.15100949843428	4.60267598354635
chr1:151126004-151126505	LumB	1.36866807201679	4.53759075495917e-11	3.14689423619951	3.44519959425368	3.74246973427898	4.25867625153583	4.40932716218364
chr8:86470053-86470554	LumB	1.36854279003296	5.79138121431036e-13	4.04494510516668	4.11719984112566	4.52713005988231	5.07616194060797	5.24350714831921
chr3:40161643-40162144	LumB	1.36842309512291	3.61354502799565e-09	3.16793201289661	2.25085033414102	3.00294119621795	3.87037591733493	4.06466961782321
chr21:40380300-40380801	LumB	1.36773154071976	4.62022718155303e-06	2.38700740307222	1.68554625098222	3.27464538255332	3.04189790307762	3.67155768767394
chr15:39583879-39584380	LumB	1.3676552938559	3.4332141961471e-11	4.42659333938488	4.42373851135773	4.86797237277971	5.53138518200169	5.78388967594233
chr14:95381104-95381605	LumB	1.36757576605144	2.62377990393465e-08	2.75811115776603	2.28850970790362	3.76785935876281	3.1531190292334	3.90724330726879
chr17:47673504-47674005	LumB	1.36710480759684	4.51293107743721e-12	3.4358201318217	3.44454488389003	4.42308179651309	4.42984012353934	4.5448909555923
chr12:88522291-88522792	LumB	1.36669961416129	5.84556765273021e-14	3.18745659495347	2.60894792061429	3.81842862986673	3.85417814022751	4.31594558730433
chr3:81895117-81895618	LumB	1.36610960330787	7.90285936129224e-10	2.80230932471193	2.14815739036651	3.16177074867177	3.49924609981393	3.64224652122857
chr12:68436646-68437147	LumB	1.36592972840058	1.04930549388707e-08	2.84740682594561	2.55353951754931	4.16524255919691	4.19404870644714	3.98243114778017
chr6:53480652-53481153	LumB	1.36587681057124	6.92800961507373e-11	3.10639103836318	2.94879173783299	3.423794851514	4.5706742012359	4.20254803609857
chr10:106410680-106411181	LumB	1.36558520696232	1.96768502189288e-07	2.65086766191834	2.02678885107056	3.33411299442888	3.95217104184528	3.91540093073708
chr18:14783569-14784070	LumB	1.36557921510732	1.10249445816055e-06	2.56702679044997	2.06132647233469	4.43155270730952	4.21607225357429	4.09053604356516
chr17:68316517-68317018	LumB	1.36549771124079	6.35346499865388e-16	3.28912829638166	2.9945188240034	4.17575317990037	3.80766621534253	4.36504385970392
chr1:204571606-204572107	LumB	1.36531194703796	7.51698159126364e-07	3.49043602262706	4.5088105265939	5.63231171382776	5.40264244987138	5.18405633794139
chr6:706955-707456	LumB	1.3651725564997	2.89000824569856e-13	3.91122645148851	3.74107992492649	4.90157498226464	4.88054032953597	5.05302523450671
chr1:179393923-179394424	LumB	1.36500215647087	2.77695294476312e-08	2.22032887829307	2.04780564147568	3.19600034146261	3.56958070127468	3.57742867588849
chr6:80673813-80674314	LumB	1.36393168591609	9.02279704314978e-06	2.8272788941636	1.96352310479504	4.24638388165956	4.2389349248205	4.33323200597249
chr6:131803592-131804093	LumB	1.36366425696796	3.4724957259009e-14	3.03270679687569	2.81177565080623	3.48090703172033	3.72141143315805	3.90527421398145
chr12:96260477-96260978	LumB	1.36303396606192	2.05714251692195e-21	3.85502071426748	3.80825365232021	4.29482384737953	4.73885169777136	4.96555067931749
chr14:37620276-37620777	LumB	1.36302979623654	2.98321677134086e-07	2.84344474589209	2.59910823659639	4.41995657266191	4.41562850367503	4.2341726361309
chr8:54075720-54076221	LumB	1.36279349745374	1.42039283233586e-11	3.26064974995774	3.35437571098109	4.49232198729967	3.88473596982235	4.33317402132572
chr18:15325709-15326210	LumB	1.36267720173556	9.1316544140954e-05	2.12766333395556	1.86451860420312	3.8750585815392	3.79314190474276	3.66277347533818
chr20:45874487-45874988	LumB	1.36251839335618	4.2127429101988e-08	3.67631007126248	4.80868982252309	5.9303167136938	4.79390004006154	5.21747915242329
chr2:43889307-43889808	LumB	1.36251689018248	2.95574860655379e-10	3.14203714145746	3.13698648465074	4.67782559028552	4.11790175404603	4.48899859741459
chr3:95001766-95002267	LumB	1.36246416041154	8.68715974106106e-06	2.60480168267468	2.10239106658764	4.77283290752206	3.54777382526772	4.08207491530243
chr5:7461141-7461642	LumB	1.36172828733697	2.86648124701437e-06	2.80626575668223	2.14910292564735	4.32182049334988	3.84409468316909	3.9124723326843
chr5:15342575-15343076	LumB	1.36170394332726	2.21981368713748e-05	2.70314047457082	2.33354662640403	5.74348509138814	3.02241436747433	3.87087617783794
chr8:93066145-93066646	LumB	1.36169596322963	4.15005869912537e-09	2.68574981390218	2.53743052913509	3.8174822668359	4.04249211472957	3.95607614503157
chr8:92729061-92729562	LumB	1.36157501137292	3.54689212468043e-10	2.72846567472377	2.70548972864089	3.09625878523053	3.45869573251714	3.40350205827773
chr1:232103047-232103548	LumB	1.3613995004643	2.26452674146636e-07	2.48858278229106	2.4320886773107	2.22481239393121	3.97264421675295	3.49165082182129
chr3:127113439-127113940	LumB	1.36103596315089	1.61475778766324e-06	3.19686479265127	3.19031746786319	5.31066930700032	4.69974555711253	4.59172567146748
chr1:190997418-190997919	LumB	1.36085614176163	1.68513005194159e-08	2.96411639497502	2.97017129660468	3.97182244483016	3.7482866558273	4.21513808729582
chr9:92666697-92667198	LumB	1.36056329595556	3.944345317565e-11	4.22974812315782	5.13487024800283	5.84767222451615	5.70094890751507	5.68608751521396
chr5:10017947-10018448	LumB	1.35980132407144	1.61827360414255e-08	3.20718671519468	2.54814534485773	3.68448074470382	4.30638549536767	4.41795245442101
chr8:100017153-100017654	LumB	1.35874470585346	2.41071170941801e-10	3.54984077966879	3.56947099461013	4.10706471400589	4.33748327479791	4.66826330582157
chr2:27420948-27421449	LumB	1.35828072566657	3.13006014458186e-09	3.42094765552697	3.66530504361969	5.01076084444659	4.38148609803502	4.81178160600208
chr10:56958192-56958693	LumB	1.35805792029234	0.000285032477271334	2.83813388541139	2.28044190703334	4.68197561565751	4.29261491842992	4.52948766772905
chr8:116642529-116643030	LumB	1.35779604487791	0.000132187648933855	3.34122508390381	3.18263716725136	5.19869467094681	4.45706886490375	4.62634767814241
chr8:86239717-86240218	LumB	1.35776641426902	2.107338300014e-08	2.76293212842634	2.507179306406	3.43245422588947	4.17718470741167	4.11527515553163
chr2:88206310-88206811	LumB	1.35774468995311	1.49393229045054e-10	3.10514751206709	2.88113333040985	4.26554487050167	4.42839306518361	4.36488646056353
chr6:11045319-11045820	LumB	1.35769139761859	2.01598263544479e-08	3.41849957804598	3.38711106657415	3.52627750652816	4.74870574406469	4.53861462880987
chr17:68327816-68328317	LumB	1.35747974533395	1.18463992766597e-13	3.31773663692028	3.34111735753591	4.23026513755835	4.10254327036522	4.54951141747243
chr1:232020336-232020837	LumB	1.35665134203748	1.49637630230727e-07	2.51927431115534	2.57954369178193	3.4909367081992	4.1515630975312	3.76918236573172
chr1:182263042-182263543	LumB	1.35649924428868	2.06016268285912e-08	3.13247596394847	3.11406612754809	4.53083403853215	4.79357546498287	4.59812721898299
chr5:178124941-178125442	LumB	1.35594551848203	6.25831220207171e-12	4.33605813873913	5.68023749518446	5.7653634890713	5.63292099822158	5.8197087239875
chr3:8448061-8448562	LumB	1.35581091404715	1.56824365352659e-09	3.21324079595462	2.59169216861378	4.65670908706263	4.20789880428582	4.49840716402371
chr12:14881954-14882455	LumB	1.3557017681778	7.63423357263047e-08	3.23854240760448	3.94170832070735	4.0483280808175	4.41234218854535	4.44797990674728
chr1:182608174-182608675	LumB	1.35565551821279	6.49914525920241e-08	4.01307161104293	3.89032556523069	5.55394573130278	4.67817520839103	5.32701756077897
chr11:69635150-69635651	LumB	1.35563135382454	1.66851999294153e-10	3.80886446430834	3.72721353167898	4.1234747965443	4.68555335087787	4.88567423597127
chr17:28541417-28541918	LumB	1.35562083646766	6.88744163198407e-07	4.12440808206517	4.14645290233826	6.56247570446798	5.57629499108984	5.66758353539517
chr17:28274842-28275343	LumB	1.35507106234974	1.37685630094559e-08	2.94678794897886	2.42289440282185	3.82331137352172	3.77100556828034	3.83944042590153
chr3:61064791-61065292	LumB	1.35495443829241	1.38043748466129e-07	3.15105963192261	2.53767252508304	4.84725792139764	4.43969121026241	4.4611341579515
chr19:40806040-40806541	LumB	1.35493432127534	4.65437120520829e-18	4.87730599209485	4.91589799040448	4.86713000392623	5.12519875293886	5.75819232205032
chr22:36806270-36806771	LumB	1.35465713717912	1.82900371450674e-06	3.16670907614	2.73198177508577	4.7623823156043	4.63410080807579	4.36492519217154
chr8:115933583-115934084	LumB	1.3545570883968	5.49255554969328e-09	3.06028910408208	3.54839155751578	4.26850004228613	4.3287637036742	4.38825827857971
chr10:129169051-129169552	LumB	1.35452899126634	4.64766076030091e-07	3.01817226211245	3.11461882909242	5.00023653182734	3.62177844526726	4.00811456849274
chr17:67661352-67661853	LumB	1.35442032424354	5.17677039688466e-09	3.15015824202612	3.29351802515407	4.64977936050988	3.84753745699898	4.14342747612576
chr16:2225799-2226300	LumB	1.35435048592149	1.50681084199226e-13	4.4124687871763	4.52587855732615	5.77974264051009	5.50921822395403	5.67539041535106
chr8:121318820-121319321	LumB	1.35422331020754	5.13961713762921e-07	3.12409764035801	2.64219080110657	3.5664954626068	3.97932327223459	4.24243373415584
chr3:155724047-155724548	LumB	1.35402480318108	2.16881766209005e-06	3.05533130805521	3.36522105265264	4.81952800518063	4.25824077951959	4.45935649768189
chr14:75543742-75544243	LumB	1.35360941280787	3.27731559991784e-08	3.58805126051504	3.56040346461389	4.89642112163843	4.91668613350739	4.98316046725927
chr8:128843451-128843952	LumB	1.35347392100853	1.17413706792109e-08	2.60165035226208	2.51252617349656	3.21940590622646	3.2646995434709	3.60734965157764
chr8:66711040-66711541	LumB	1.353357836617	2.02067222213207e-10	3.9300313847269	4.0414402768533	4.00363606454406	5.09208879649193	5.33989261637257
chr8:101462477-101462978	LumB	1.35298238684552	1.24254966160766e-09	3.27495413746208	3.90013118497984	4.23089319079092	4.00194819070047	4.5788584689976
chr5:123340243-123340744	LumB	1.35258848234366	6.50353052737422e-10	2.6492304669825	2.13861828754977	3.98925281871089	3.78002619788734	3.91965011653399
chr13:37594508-37595009	LumB	1.35230795057286	1.05387746304558e-06	2.84732040920235	2.54242089661588	3.96078599171896	4.50287788216784	4.38393924702827
chr3:43624850-43625351	LumB	1.3520662019536	2.25789094632118e-07	3.7986720265736	5.78296172357759	5.39703755622722	5.26928006794716	5.25842814449965
chr9:11680120-11680621	LumB	1.35169735423776	1.08620219983079e-08	2.46044534271599	2.07857166898922	2.75228625672794	3.37259378677181	3.22592973626001
chr8:116319566-116320067	LumB	1.35168502281157	1.7475930014101e-09	3.40282831790989	4.16536186152764	4.92977033374591	4.524444774316	4.74675740399607
chr16:1227118-1227619	LumB	1.35164213995899	4.01711418589221e-09	2.6631080478687	2.21765510782313	2.86022026151459	3.4210382854219	3.61500945919152
chr19:57799642-57800143	LumB	1.35154454815918	7.40208760025639e-08	3.73701327519042	4.58178267317654	4.78368666841817	5.05000957183316	5.26520152287927
chr11:34573801-34574302	LumB	1.35047028342551	6.98691779476161e-10	3.09189718729703	3.98849374637191	4.12886840332878	4.45424610429623	4.2949285459783
chr3:4701276-4701777	LumB	1.35017519497573	7.90614291443549e-07	3.08119467845873	3.14676517818676	4.94150443098728	4.57368967615622	4.50999634460532
chr2:100074174-100074675	LumB	1.349853881868	3.3896015420715e-10	3.21154600948743	2.57111128129277	3.65639577781449	4.63043501909905	4.62982374865126
chr17:64618783-64619284	LumB	1.34980555577101	1.57345437327395e-17	3.62448456274201	3.2264388223961	4.24122698781695	3.7308814040785	4.60237553550499
chr1:212148669-212149170	LumB	1.34974249179667	2.77020805616569e-08	3.67248973497476	4.40579389212998	5.39765803698576	5.08362243933247	5.17987470015779
chr4:691458-691959	LumB	1.34965348464302	1.82447405072111e-11	4.01772573988437	4.4201431043687	5.3389543157378	5.29568234425619	5.36990561708815
chr6:105407263-105407764	LumB	1.34952664272227	4.39754650333924e-11	2.93868464960029	2.77550426709657	3.09385224688136	3.7484617320458	3.69145718766791
chr10:10426726-10427227	LumB	1.34904831962505	2.90994019044544e-07	2.61982503215107	2.42107850493931	4.30323101954681	3.95067979572782	3.69217011098605
chr14:65563816-65564317	LumB	1.3488463091864	6.85318463496967e-09	2.95478532639608	2.27001314316506	4.5936256305986	3.75661320657878	4.23988232653524
chr6:3762743-3763244	LumB	1.34861867924406	1.67006480507051e-05	3.41823381519604	3.25892930569278	5.22377938726134	4.83456183240923	4.86762352968098
chr8:37600690-37601191	LumB	1.34850323353537	1.91384323809991e-08	3.95867699464976	3.44177249453875	4.43781246925934	4.67484556937367	5.07347736388853
chr4:95161650-95162151	LumB	1.34830323195232	9.33959813298025e-09	3.33848849381304	2.66292350118861	3.43027550319552	4.08305332955311	4.32351033580087
chr2:239989421-239989922	LumB	1.34818399654001	7.28363262160982e-10	3.42920173601639	3.35217864490547	4.96722316149205	4.43177681386871	4.62109998961854
chr8:76924937-76925438	LumB	1.34772054289811	2.40621496320194e-09	3.10275102864757	3.0216500357782	4.14680174784336	3.84402934591244	4.12810058180438
chr3:159031275-159031776	LumB	1.34767033972473	1.83156668509784e-05	3.05401445762371	2.74988332282252	4.79540152619221	4.81570291542798	4.59363547230141
chr4:82552289-82552790	LumB	1.34702160360105	1.92044873221813e-09	3.11842793143833	2.42074712228719	4.26393781424991	4.5762552317809	4.46682033023404
chr13:96519347-96519848	LumB	1.34693846404669	7.68916305751559e-07	3.17371007996025	3.16999890333757	5.80379893859991	4.52045147224475	4.11860260507236
chr8:115651985-115652486	LumB	1.3468965904469	2.22026582473221e-08	3.21211661256957	4.80932102851178	3.91843092286853	4.74920074824022	4.71502210524235
chr3:181947502-181948003	LumB	1.34670145941924	1.37863678492556e-09	3.35595964124572	3.03305775938549	3.89482794237109	3.84688337760592	4.55698559562541
chr3:189296485-189296986	LumB	1.34655457632331	1.2128485045481e-07	3.1274911669647	2.89051990544411	3.93151490455079	4.7822361526625	4.43226422168977
chr21:42391225-42391726	LumB	1.34594544162526	3.09472298621435e-10	3.73234771448543	4.3813267231486	4.09645192704549	5.0978926830608	5.06446656346247
chr1:244253513-244254014	LumB	1.34582500554789	2.77607679926381e-07	3.37093113503892	3.52159138378714	5.1400736470162	4.87509495704383	4.59924551169162
chr5:76413128-76413629	LumB	1.34551558740602	1.72380883729586e-07	3.07931808182313	1.95455900269093	4.81437551017742	4.57268884468459	4.46821908606681
chr17:65003640-65004141	LumB	1.34549450485036	3.08707521729403e-08	3.22646390632347	2.84264806018636	3.5575384874451	3.90805475541685	4.43484720632223
chr8:99889441-99889942	LumB	1.34536666177143	1.47420799663209e-11	3.17297932322173	3.47566368406444	3.48855742191739	4.16958865557097	4.3158149159255
chr4:96441218-96441719	LumB	1.34462577112358	3.64881902726575e-07	2.72383298656765	2.1738450792168	4.53804925280422	3.59425282690066	3.92405165495257
chr18:21327006-21327507	LumB	1.34459535519639	4.64766076030091e-07	3.3885434780849	3.90849558146553	4.95830244476616	4.58582079763863	4.66149976050777
chr2:215895109-215895610	LumB	1.34443238700138	4.55251542048545e-05	3.13329574086155	2.58777132568801	4.26916219740088	3.7923709632017	4.50115033796223
chr8:87580804-87581305	LumB	1.34401610602534	2.82577681710156e-09	3.03233420977597	2.93674034704602	3.61454717167222	4.31310039842771	4.01663690425726
chr1:222860168-222860669	LumB	1.34379713319123	3.14528070695978e-09	3.02138537450739	2.74782618932087	4.1972391526451	4.0816084822179	4.26469951944852
chr10:31105373-31105874	LumB	1.34373864956447	3.8099092676536e-07	2.93243432666268	2.65519156889274	3.26995922929665	3.83893613786835	4.15909188494469
chr3:85795296-85795797	LumB	1.3435851967633	2.52302979636574e-07	2.49004445600423	2.18716844757472	2.9236408634818	3.28180334306829	3.49791880769566
chr17:41524299-41524800	LumB	1.34355500086999	4.13415719107176e-05	5.13531842710734	5.7936459366787	6.46322019904482	6.56612854483206	6.82068706445006
chr17:39502715-39503216	LumB	1.34349896434994	2.60720150922934e-13	3.29048142028646	3.34821492458546	4.18415750448869	3.10513619916125	3.93615187618602
chr20:58053894-58054395	LumB	1.34321303637577	1.55440002491858e-08	3.34232705500665	3.86959758161997	4.86199988987021	4.70728133368515	4.50506619681896
chr7:140221393-140221894	LumB	1.34304283472858	3.22425399711705e-09	3.36504587460471	4.12561871756367	4.98559203739746	3.7347878407732	4.12625702909285
chr14:49324283-49324784	LumB	1.34265428268631	3.86087490101145e-07	2.69597518334869	2.50107360679353	3.57869762512815	3.12572638358992	3.7000737986762
chr22:21108354-21108855	LumB	1.34256857743626	0.000331316201802388	2.81789047554365	2.90446216482369	5.18909752328144	4.19194475337011	4.36599621806665
chr17:60352544-60353045	LumB	1.34228004869277	1.26142749623081e-10	3.0583853262255	2.60544707418161	4.21877344815088	3.89941426336942	4.33425211496546
chr18:14434252-14434753	LumB	1.34205477139635	3.09533071120288e-07	2.79206869705181	2.38883333710749	3.81321964093472	4.53440025355072	4.14918543509426
chr1:44642815-44643316	LumB	1.3413985067157	7.62594504415123e-09	4.03002632871633	4.01517769123621	5.71632073373151	5.11886480342398	5.29097068373871
chr5:162029464-162029965	LumB	1.34139572672803	2.40198042287205e-09	3.04244176562775	2.33001566322712	3.77681230027564	4.1165932876012	4.05608407174041
chr5:173330447-173330948	LumB	1.34118526995981	9.70823072030315e-08	4.11884065597638	4.1832457604111	5.23373492352893	5.64601397805015	5.60451377578205
chr12:63417481-63417982	LumB	1.34096740946381	1.1411020231415e-09	3.26134161405887	2.30607429948793	4.32663785621162	4.16526241765737	4.14416231029163
chr6:106147684-106148185	LumB	1.34094445865587	4.2193401939302e-08	3.32101862720307	3.44767564573079	4.21765551481144	3.55760747632521	4.08774535912088
chr4:174305890-174306391	LumB	1.34012212325684	1.27636319932317e-05	2.31991549278512	1.83978732019221	3.34262698084316	3.24939177204137	3.55142459267757
chr22:27258691-27259192	LumB	1.33998904131808	7.04623462948679e-09	3.04797367374462	2.86548913237916	3.76041391639917	3.71842210026661	4.01958693349844
chr7:152752572-152753073	LumB	1.33967634391703	4.49407455739431e-07	3.51835291451625	4.11317862834682	3.95882174544822	4.34377241911647	4.58488990119191
chr3:4769085-4769586	LumB	1.33966276571566	1.3781735404935e-17	3.18908404822328	2.88407098135603	4.00217833076496	4.39164699663953	4.38722187317005
chr8:39244214-39244715	LumB	1.33957199220483	1.45992751165586e-06	2.68836013198153	2.50805377981533	3.6709557598919	3.93442375513146	3.82915895712234
chr7:35731285-35731786	LumB	1.33952800346152	2.40965087339526e-08	3.20566599605173	3.03849590170834	5.12458421393615	3.98322234276529	4.21935389156716
chr8:85840120-85840621	LumB	1.3394419702298	1.31012407901907e-06	2.98819219597847	3.57711749158001	4.67949626486916	4.42925214451066	4.39691591937639
chr8:99107387-99107888	LumB	1.33937561254028	1.46077237110611e-05	2.76371979981792	2.51986334129977	4.20792387740386	3.83436535113277	4.33463791618946
chr9:14406551-14407052	LumB	1.3390477130045	5.32064879166618e-07	2.77552504577643	2.62926939289551	3.54124338316291	3.36767474839128	3.83416971865651
chr8:122785035-122785536	LumB	1.33877762895103	2.6473510112727e-14	4.40508860307336	5.08505211565461	5.9002637970519	5.21810642996348	5.55281773604007
chr9:120776662-120777163	LumB	1.33829083527712	2.21512925748658e-07	3.2831140179214	2.93939546000808	5.21733707169075	4.49257567060642	4.77714307388807
chr1:164568553-164569054	LumB	1.33818886091939	1.44985487880753e-14	3.03099220997801	3.1800728124025	3.57263422726857	3.94102661048882	4.02072755580646
chr20:42574307-42574808	LumB	1.33814332685221	6.04326385949626e-10	3.01691206932849	2.46724618933458	3.70496514287765	4.49571782544145	4.32855991998417
chr17:43904395-43904896	LumB	1.33736287389421	4.21988195862974e-13	3.38286939246925	3.88840284183128	3.56545889445965	3.98747576272971	4.40410995476614
chr10:102624007-102624508	LumB	1.33719947527668	1.38190284526665e-10	4.02834142598438	4.01859833098051	4.79245464963856	5.58670467365213	5.33053125510231
chr1:219527519-219528020	LumB	1.33670988601732	7.93385433915933e-07	2.84578163168641	2.56631267274022	3.65048838186531	4.54499054556271	4.04319388885591
chr19:47360780-47361281	LumB	1.33659347528243	2.62059947196199e-08	3.70104963082415	4.29124360079803	4.3844820748957	4.98723522243978	4.98812141917398
chr17:41009855-41010356	LumB	1.33652970916463	4.5264875084173e-08	2.87626353028606	2.37236958051815	3.62464491118389	4.04646725818157	4.16339106734838
chr8:117806669-117807170	LumB	1.33645596582811	4.16607088692045e-08	2.97458823960147	3.66523432724343	4.59437127504384	4.29073743790205	4.22003962295366
chr8:71703208-71703709	LumB	1.33639724616573	6.48052955272701e-10	2.69138987225636	2.69388446913755	2.91169535464638	3.48267773808661	3.45870273082558
chr10:37461844-37462345	LumB	1.33622801318516	1.93171604261403e-07	2.81787556698875	2.37567666337697	3.8189826251837	4.57732952702358	3.94233783069823
chr6:106855556-106856057	LumB	1.33620088833289	1.81186845622428e-06	2.91743137937159	3.06895032757813	4.51099060290159	3.3643285351771	3.70810438860801
chr20:720680-721181	LumB	1.33601731860551	6.8760702348729e-08	3.1045424062617	4.28776021466657	5.1453074324244	3.91231405659916	4.24126278698252
chr3:34016178-34016679	LumB	1.33584212260468	1.54189454781007e-14	3.06062775098543	2.68559644184804	3.30614953325087	3.45766260079479	4.01426060908223
chr3:102066466-102066967	LumB	1.33580036396921	5.72395729293815e-08	2.95260746981864	2.11267425719535	3.45480203034414	3.52429532727103	3.91960354787945
chr20:39857124-39857625	LumB	1.33559741768063	5.52027967863265e-06	2.65489495744322	2.06857048022979	3.73112719989555	3.50612788746251	3.77195609387245
chr5:35561826-35562327	LumB	1.33539721265791	2.77608138650682e-09	2.58761093920211	2.17682310530193	3.70389802630346	3.11795851346749	3.40217246769149
chr16:31268885-31269386	LumB	1.3352741767876	4.1443737328375e-07	3.2499632970276	3.46394637359528	4.37961416251838	4.86056546813592	4.73754300066565
chr8:95224524-95225025	LumB	1.3352671465721	1.38245041661366e-12	3.93267893228114	3.9856375058247	4.57207178471094	4.82057870738638	4.89570816807966
chr6:54756995-54757496	LumB	1.33519397631739	1.37863678492556e-09	3.13890361005577	3.5636094277179	4.73826565062388	3.43659860953096	3.74149122423269
chr8:128139105-128139606	LumB	1.33444820071205	1.96750960090763e-09	3.41028638398606	3.43302969253055	4.02215629779785	4.52297089772587	4.75530389580669
chr10:107749153-107749654	LumB	1.33424038501576	2.32058967381337e-05	2.95346587309471	1.81944570146519	4.70694351077627	4.00715795614199	4.24335928400854
chr18:36111474-36111975	LumB	1.33417230318306	1.48688015119054e-12	2.95415445737046	3.00929863159829	3.46651283946439	4.17777587498201	4.1699712147026
chr2:98373839-98374340	LumB	1.33415374797716	1.53889044107546e-10	2.80194267573828	2.36370879177445	3.92949701429815	3.78215881499835	3.70256763525199
chr6:53319981-53320482	LumB	1.33391245836872	7.77715998204264e-14	3.72571342466838	3.69640890341655	4.57538870627274	4.9108610933467	4.99277991699329
chr6:131718512-131719013	LumB	1.33388495573222	6.79968184765725e-11	2.50135673875562	2.35967478301365	2.86901882830493	3.14338771701991	3.3975127346541
chr14:38345915-38346416	LumB	1.33382265932908	3.25015982282732e-08	2.86973882533162	3.20945470274262	4.01892553316458	3.50787034384452	4.07545355842279
chr10:83691524-83692025	LumB	1.33360261450465	4.70425405985909e-08	2.95651483292212	2.66833085613935	4.61317327992164	4.29723458862382	4.42562013380629
chr8:66018768-66019269	LumB	1.33343379142027	2.52401244383669e-07	3.85385061191602	4.67794831887439	5.54011258871422	5.01219903031582	5.24847770855548
chr12:88521688-88522189	LumB	1.33271398828041	3.98198105320772e-11	2.90947794098555	2.24084683057792	3.2716464881422	3.6829130621254	4.08293464894726
chr17:40555530-40556031	LumB	1.33219467087754	7.48548694504964e-13	4.06593407035756	3.75628153998484	4.94934100870813	5.12427582654542	5.24921836853016
chr3:179462927-179463428	LumB	1.33202995417566	4.53357824781156e-06	3.35585271039884	4.21095405981231	5.0939408235951	4.69818660303937	4.9334665193625
chr6:637011-637512	LumB	1.33197872646099	8.8978203927076e-13	2.83124727018693	2.27701495939514	3.40762551931999	3.54640701122774	3.79061805148752
chr1:220521158-220521659	LumB	1.33196305748127	1.32769107951395e-06	3.38636869690862	4.55457663298384	4.97575361623018	4.34839064251984	4.81789840069376
chr3:85783779-85784280	LumB	1.3318727845883	4.75776807896291e-10	2.45534522101637	1.95340123633351	2.66735689600815	3.15870285799363	3.26421137503687
chr17:67053430-67053931	LumB	1.33181889128019	4.71081241585395e-17	3.31337784594335	2.74320558949737	3.75344273392401	3.57124901363002	4.45817964873937
chr8:86181307-86181808	LumB	1.33177010466972	1.04521361358668e-08	2.85569558738817	3.39459336477436	3.7596413330724	3.99855851212271	4.22555628483521
chr12:67992570-67993071	LumB	1.33066667083925	6.70013173895088e-06	3.03534623168805	2.09174246322743	4.34816809667945	4.47399075781533	4.55833371505693
chr1:164597755-164598256	LumB	1.33045817686299	1.08054515418899e-09	3.6267134453942	5.15523696569318	5.08193476259251	4.91538485666002	5.05563913597447
chr18:150816-151317	LumB	1.3300425022211	0.000101441960212585	3.11933049367793	2.9697934825983	3.9550454989083	4.22481427830529	4.74755195453279
chr19:21607843-21608344	LumB	1.33002451873242	1.82334155156591e-05	3.39584697025779	2.96959927779357	5.75042811939995	4.67193820773726	4.96000023781793
chr6:105583571-105584072	LumB	1.32998081699443	3.7930616045963e-11	2.74509903639873	2.84837659167341	3.36456961912844	2.73966470232131	3.21449899284351
chr6:5316892-5317393	LumB	1.32949109669953	3.58680490415175e-09	3.32694183264872	3.13074464861024	4.81041239945551	4.62723659156609	4.72499591606875
chr4:8721362-8721863	LumB	1.32908908922373	2.33049066411503e-06	2.51910720804804	1.97856333660432	3.82446483725372	3.7100364261254	3.7815035516952
chr8:40382574-40383075	LumB	1.3290352805012	3.32397851613162e-07	2.48740897206738	2.26879878305367	3.13696795140426	3.58639465035891	3.72838142330511
chr12:1574839-1575340	LumB	1.32861867387444	8.1883009535259e-06	3.78972775489486	3.89328264424387	5.6813001673864	5.06230228586573	5.46060766942326
chr2:73673888-73674389	LumB	1.32830894437783	3.86647655963709e-08	3.00742816204377	3.06037411716224	4.28429368310719	4.77167527422319	4.11285094961076
chr8:128153734-128154235	LumB	1.32753431007991	8.75145470878183e-08	3.75255558930978	3.59512043157717	5.10742877883997	5.0783284944322	5.18341216958564
chr11:69478122-69478623	LumB	1.32712788440588	4.44162817393587e-08	3.85386539220713	3.51931274646243	4.17205916011894	4.45004757073551	4.90130042539565
chr16:443844-444345	LumB	1.32711832482908	1.44820092703842e-09	3.51199110600261	4.41628843531288	4.34068727618717	4.05904693369429	4.56317089006123
chr8:128215031-128215532	LumB	1.32697479760796	2.05397807047741e-07	2.53548873436062	2.72492121955487	3.03350021317757	3.58279958930993	3.71803540876964
chr5:75081654-75082155	LumB	1.32672428027203	9.40158919382926e-07	2.90654572703731	1.89849976413495	3.31234148527154	4.05677170873634	3.8975094173458
chr6:159712833-159713334	LumB	1.32646988057032	4.99583425362905e-11	3.63757854025554	3.75382139371258	4.47921707751305	4.24394318094553	4.77218989443438
chr8:99881623-99882124	LumB	1.32646247839522	4.39991047977628e-10	2.90092374041096	3.21188730269933	3.00770178426158	3.66821208458841	3.70228312392411
chr5:136772890-136773391	LumB	1.32617084771844	3.35411430930894e-11	2.91597643387828	2.09489616105694	3.02631857879123	3.85630180622046	4.04140158788057
chr20:48227284-48227785	LumB	1.32610159618047	3.92120812685915e-06	2.76776674849425	4.51428007745939	3.74929479524565	4.07637927194165	4.12294651891175
chr20:17932550-17933051	LumB	1.32597641341694	4.68363957398112e-13	3.80647345876313	3.72624091113693	5.22806277824374	5.03172416879054	5.08060760723175
chr15:68696614-68697115	LumB	1.3259218041781	5.5327941368448e-09	3.56951479104226	3.37007742333782	4.21103430162111	4.33147581205804	4.40466009041664
chr17:8323962-8324463	LumB	1.32579005533818	2.1107019584895e-10	2.9697595619844	2.95362012323942	3.63585355490214	4.14432138832701	3.89773102196928
chr7:118422331-118422832	LumB	1.32575155528795	4.32550668553528e-07	2.20267285977359	1.86423015737922	3.51702275943172	3.03240379835324	3.35735729073156
chr6:51869702-51870203	LumB	1.32566264890848	1.64455409495708e-07	2.84003537475276	2.46958986205257	4.26363114822808	4.21981584222209	4.18743107447893
chr3:162458314-162458815	LumB	1.32565199277123	9.21226830830218e-08	2.97202249097359	2.88389776219165	3.8049783369971	4.21697706587317	4.02275673275842
chr11:69475520-69476021	LumB	1.32543836254209	1.05556312913763e-09	3.42325001575072	3.52810765333804	3.85947243283136	3.89310305172751	4.43643995201361
chr8:142987996-142988497	LumB	1.32493791165791	1.31205114493154e-09	3.63445817715787	4.52451565723501	4.22958564355718	4.04632245378478	4.35183841913913
chr6:75904992-75905493	LumB	1.3249118672277	1.1082238191417e-06	3.51967039592722	3.2469115930354	3.83364903360264	4.23875079513301	4.37845909554035
chr3:174864756-174865257	LumB	1.32471910087085	8.83598786823247e-08	3.25831554509715	4.55551653955917	4.79627110112451	4.65728183744396	4.61311535646597
chr20:42554845-42555346	LumB	1.32443960756657	5.32561177333663e-08	2.69348222436483	2.16374284605331	3.09774736507839	4.22909931586403	3.93126258446658
chr8:127179291-127179792	LumB	1.3243278269966	2.87711018239928e-09	3.24770013014275	3.69654955846962	4.20112987152034	4.49768948522688	4.25627945735367
chr8:137205578-137206079	LumB	1.32405960148261	2.15713107088013e-10	2.71136108283057	2.46504203132606	3.19628044204083	3.69152275140174	3.60709137878443
chr12:85956103-85956604	LumB	1.32394214886963	2.80838830089524e-09	2.65893966630158	2.05521711469175	3.03238259440665	3.54697995965329	3.73982957020224
chr9:80391837-80392338	LumB	1.32385223549176	7.88983163204868e-08	2.99656776638791	2.92559233143993	3.60397120821481	4.00397598041042	4.21415878878342
chr8:40243181-40243682	LumB	1.32332499205877	0.00333805930561962	2.39934884420325	1.96660827855446	4.53268767728083	3.86796525978885	3.87218413622681
chr22:28794813-28795314	LumB	1.32314958781933	5.2932664256073e-08	4.7815502258886	4.45761971283631	6.26506974115888	6.00232637566922	6.0246781820056
chr18:14862382-14862883	LumB	1.32296122411417	1.83538613066923e-07	2.68037701155157	2.37098389237443	3.5024041551739	3.11103425103831	3.53943534229624
chr3:2867448-2867949	LumB	1.32258797515877	3.22628997888364e-06	3.14631996605724	2.90150419457292	3.4980158203907	4.55264879717662	4.13798957208201
chr8:51795702-51796203	LumB	1.32232957868693	9.01343940533358e-07	2.81544851682108	3.03108026540291	4.07009426714572	3.47205345656499	3.85530657487061
chr10:101091706-101092207	LumB	1.32220485607293	5.24060360288075e-06	4.13394769590712	3.57022307619829	5.13862427470288	5.09436981991295	5.59071936868118
chr2:13985055-13985556	LumB	1.32179557029439	3.00782054135746e-06	2.89719989613771	2.66065694244604	3.32758597219622	4.9022796212769	4.39185130730191
chr21:22815412-22815913	LumB	1.32138011045384	1.61311505193658e-05	2.27238820844751	1.53866512636665	2.69291528413426	3.31960259232308	2.91143125160987
chr17:39540940-39541441	LumB	1.32128616482861	1.53155956475422e-11	3.18895149612442	3.24468851741397	4.26563472858903	3.3182649568273	3.92038038059679
chr8:114529909-114530410	LumB	1.32120809878254	7.76322596443136e-08	2.9039140142332	2.71339501001485	3.35387108937741	3.76937906922957	3.72336670886149
chr21:13426630-13427131	LumB	1.32103054574451	1.0777226600009e-06	2.86343703863528	2.84423323190496	3.90672794533658	3.90079914779025	4.04045332656686
chr2:100414615-100415116	LumB	1.32096322706861	7.09467609573152e-05	3.70927486752675	3.1831802387384	4.33488181190211	5.25179718549555	5.25822429243396
chr1:231964165-231964666	LumB	1.32089979781572	4.08550553949493e-08	3.25177894827457	3.26899121108012	4.93606829409832	4.2356152578506	4.36908343976238
chr3:31179727-31180228	LumB	1.32052514803521	1.24406620691597e-06	2.80040557761762	2.05044587631987	4.43322584593687	3.71325839253195	3.98583207708925
chr11:78377103-78377604	LumB	1.32048044481571	1.94918510200414e-10	3.26438562272284	3.26597945302958	3.97826025262251	4.22139609873422	4.29144163261744
chr8:101512277-101512778	LumB	1.31997723428055	4.92465546382474e-06	3.38202226442797	3.95205648770833	4.03696741882918	3.97536810572882	4.62919085152891
chr5:158626258-158626759	LumB	1.31978256187429	3.79550743765652e-07	2.83564105389548	2.58253170983845	3.72406992297067	4.19552593888468	3.81124974169042
chr2:125760655-125761156	LumB	1.31932890647148	7.35805169225198e-09	2.83789884043183	2.22403547266624	3.57840392148518	3.6236628575147	3.65152076341003
chr10:37331149-37331650	LumB	1.31906877931179	0.000129996902607127	2.44086415997687	1.90479452602378	3.73575911936852	4.20024815793805	3.810964794678
chr17:39507439-39507940	LumB	1.31880125696481	3.17997625284935e-11	2.85553254923414	2.78698399699573	3.57337872529557	2.81156208931669	3.16662771017063
chr9:21048121-21048622	LumB	1.31878540996673	8.50740176045872e-10	3.065032268265	2.99586757467838	3.46494816581384	3.94404835373708	4.10000455973211
chr11:73193230-73193731	LumB	1.31833758212314	1.1701044623724e-06	4.61078856646096	5.60729942626627	6.87722741712613	5.96615745250968	6.04383969983784
chr9:117401432-117401933	LumB	1.31832222921742	0.000315078494973339	3.23575848654587	3.39763593323006	5.58173941617038	5.31262139029229	5.14301832129752
chr18:59971962-59972463	LumB	1.31823364418368	4.89275732624097e-05	2.90556578817334	2.43512901179614	3.50840539530925	4.19600563929659	4.31784574736592
chr17:39537577-39538078	LumB	1.3179739300762	1.74139716461495e-11	3.15207929744713	2.84555884220238	4.14906788279689	3.45304145515002	3.79458545898723
chr2:219400470-219400971	LumB	1.31792185481501	5.68387377422648e-06	4.14783605229043	3.95253506163447	5.78081138961389	5.78752043963562	5.88565683973165
chr7:99950309-99950810	LumB	1.31779975445839	7.64521103176749e-07	3.49654005066102	4.25146342424785	5.08091106259046	4.90785200175452	5.0097612071818
chr2:216674589-216675090	LumB	1.31771657411264	5.04885700386949e-07	3.70390095297152	3.83234996951839	4.08017520216931	3.99646316643198	4.56532025776168
chr20:45423180-45423681	LumB	1.31759749660274	9.31373921887496e-16	3.59079228406885	3.27432240356621	3.82960572909035	4.61873432624605	4.64754061266364
chr11:77270895-77271396	LumB	1.31725939291783	1.37523551570619e-07	2.94735241331473	2.54158487502739	3.54584190603725	3.97221566233057	3.79277782937875
chr20:59902357-59902858	LumB	1.31666947185354	2.7878326096053e-07	2.94789170344584	3.00019036530781	4.7291332095897	3.37917552948208	3.77738908886208
chr10:74643515-74644016	LumB	1.31659734478635	1.71785697233675e-06	2.85666626982857	2.59939810981859	5.21544925215161	4.2267647250316	4.32416330925898
chr17:79830258-79830759	LumB	1.31640509267339	5.74059477505832e-12	4.96243036952866	4.57163640770726	5.94127077832269	5.7221054288289	6.21960194238678
chr1:246420706-246421207	LumB	1.31610175291199	2.1129214139723e-05	2.91619973287466	2.46792728464779	3.68828993885424	3.85216622641958	4.18249030401705
chr11:69537615-69538116	LumB	1.31605294222684	3.40595911699765e-12	3.36114691330742	3.63959335424186	3.60223092478937	4.0707760167385	4.45340422223576
chr10:1488089-1488590	LumB	1.31593208076541	1.64126366912363e-06	2.66926605792511	2.55591339186638	5.13722702593051	3.58018411677266	3.74586204961573
chr6:100944599-100945100	LumB	1.31585239882216	0.000135928321938468	3.454649820928	3.39193994861529	6.23187127116813	4.51921840763789	4.84327579019563
chr17:57821606-57822107	LumB	1.31584005197475	6.677736272811e-10	3.1852022526197	3.18424879161938	4.62894801820131	4.28976348795683	4.60485762109153
chr7:34210951-34211452	LumB	1.31541490652863	1.12839045279442e-10	3.32801041266649	2.42018475288445	3.88684166405332	3.89397121130783	4.29914023661506
chr4:95162816-95163317	LumB	1.31530266440274	6.16138836539319e-08	3.19801039152863	2.73068860617692	3.04073135067612	3.95818879967986	4.06016481970126
chr16:28322332-28322833	LumB	1.31529002749627	2.31739211989608e-17	4.21468574001865	4.23332333724064	5.50910802761007	4.92020715344761	5.55305553527367
chr18:13545525-13546026	LumB	1.31479528295292	7.17499265487168e-12	4.03145829274398	4.19124459350541	5.26664427280448	4.70827066577733	5.21345318910876
chr2:64976298-64976799	LumB	1.31468344996534	9.7735618960311e-09	4.34598913748436	4.06360184526497	6.0351265208891	5.58807949694733	5.73430648273158
chr5:15350282-15350783	LumB	1.31448077491537	1.3221183557157e-06	2.93891525775564	2.47741331396956	4.83055103789094	3.84482616472431	4.36711828800783
chr4:94994671-94995172	LumB	1.31429509693607	1.49359185257047e-05	3.13181745377976	3.02137862385347	4.01318383911095	4.10117656718824	4.23479156911876
chr2:55149752-55150253	LumB	1.31415243413701	3.28512349646087e-14	3.6682361821293	3.60786680923893	3.89384773748116	4.02405351590751	4.33815282055822
chr5:44651321-44651822	LumB	1.31411018240689	2.04741528180047e-05	2.64581784868281	1.9851684793687	3.3292311362779	4.27333671453975	3.91522431350924
chr11:69476086-69476587	LumB	1.31395222908382	5.28348013323307e-09	3.52193969735535	3.48685384289881	3.8452930304876	4.08592763364289	4.52144152182754
chr7:52798343-52798844	LumB	1.31383132897121	1.24978212398153e-06	3.25285069959933	2.82849540715109	3.65096641150663	4.32322064718569	4.45632983590851
chr8:115663890-115664391	LumB	1.31326060395446	4.46160152263739e-06	3.82136679085832	5.48444287801014	4.97631505145896	5.01763055103623	5.18809086626902
chr13:77144433-77144934	LumB	1.31325408336448	3.84496113220041e-11	3.41048409440309	3.37782924869224	5.04571398639935	4.75074625762863	4.61503884305709
chr2:232649187-232649688	LumB	1.31303584312488	1.88423523261005e-11	3.67880158128332	4.37985164951647	4.88335341733403	5.06625284401142	5.03169529750074
chr17:39508489-39508990	LumB	1.31293287734906	3.33642991066049e-12	3.51487817234824	3.54793962341839	4.54332477318616	3.323379230408	3.81694119778906
chr8:40443828-40444329	LumB	1.31284493620915	1.60200774500755e-06	2.53615008680282	2.30021033046599	3.54735132641456	3.25112360600865	3.77447900542725
chr14:76893215-76893716	LumB	1.31263603099513	5.03178448763526e-08	2.82696711100721	2.80075555987871	3.98252833543192	3.96960724123128	4.14727663581188
chr8:92634144-92634645	LumB	1.3125908544515	1.06356262291422e-06	2.52284452617838	2.4092098425082	4.25055293888687	3.50137263572312	3.80225082817188
chr1:29860146-29860647	LumB	1.31252334624939	6.67163373146485e-08	2.69702752606428	2.27847614102139	3.30568371519222	3.44730895808243	3.79717759022311
chr16:3252940-3253441	LumB	1.31243111385966	1.08492519548576e-11	3.34852095883899	3.76320235364974	4.77276823140648	4.35998353762659	4.37430420872167
chr16:14075303-14075804	LumB	1.31178979751049	3.38324703366399e-16	3.37103761536283	3.15452557732627	3.59249737582872	4.1065813557534	4.3807017042158
chr8:95111879-95112380	LumB	1.31136555992787	1.00111152427166e-07	4.35408905303061	4.91057369808592	6.04748956675713	5.42507324866393	5.75561298534518
chr4:9699079-9699580	LumB	1.31123974020363	6.21525830813855e-08	3.48348382057949	2.79474202432416	3.51465894904445	4.37388021655529	4.70962824690509
chr8:118239216-118239717	LumB	1.31099832258698	1.95192820191798e-09	3.07895781368257	3.87317911886148	4.46350542231954	4.04998492157104	4.2503762755222
chr2:40124598-40125099	LumB	1.31088015046051	7.64519497300104e-05	2.93910866074332	2.66772956786324	3.89849294081848	4.36821281431762	4.44128974690284
chr1:207043226-207043727	LumB	1.31079332446584	1.87994097747992e-10	3.31674978785005	3.54530078114328	5.4496577940429	4.29195157519339	4.45655796002191
chr10:38282143-38282644	LumB	1.3107185000348	3.73932418410116e-06	2.49969781348487	2.66780045999343	2.82877385097003	3.62885229265682	3.59651889909425
chr18:14485801-14486302	LumB	1.31033818524935	2.75245308073796e-07	2.4960675044295	2.42646195831451	3.52294861616056	3.74881672639433	3.59488175217946
chr7:100735662-100736163	LumB	1.31028142175006	5.20274945402885e-06	2.68817814277542	2.64611558864045	3.68894187975092	4.06985517223265	3.85513341155515
chr18:14864803-14865304	LumB	1.30894422946112	1.19959692660409e-07	2.39580259112131	2.06259300508899	2.93656505749539	3.23614648481663	3.34621074637856
chr7:74154572-74155073	LumB	1.30890469633059	1.37642552438564e-05	2.63914828143063	3.41096447062979	4.83458121019601	2.94168031548366	3.49180255519385
chr1:117015662-117016163	LumB	1.30875499895984	1.30055885951277e-06	2.87048972094721	3.17352102236148	4.72872972293619	4.52966100588948	4.34489120597356
chr14:44197809-44198310	LumB	1.30865784971372	8.34080438666966e-06	2.49658489471184	1.82163792121536	4.53157820221963	3.23519006237691	3.79559297738953
chr15:39591137-39591638	LumB	1.30835775990103	2.40514991994285e-10	4.13762223649911	4.0616400541489	4.61490077635505	5.13331735562231	5.45983694932889
chr12:88481394-88481895	LumB	1.30816295028346	1.06505145314396e-10	2.79124304692249	2.22594923528661	3.81202502812571	3.51774269617961	3.76841133295867
chr7:90603240-90603741	LumB	1.30807752961243	1.53079986003303e-07	3.35917434222227	3.39626555515202	5.25835970787811	4.43310309091751	4.54549696902798
chr20:4459003-4459504	LumB	1.30806385179996	1.61275270165687e-07	2.59010671232724	2.83709987583262	3.84814114783929	3.04319218923381	3.3441582900724
chr2:181688700-181689201	LumB	1.30803251221183	4.26888604342206e-07	2.85253711500874	2.41513818435817	3.33047169613955	4.41837412219598	3.94189019015846
chr21:27785288-27785789	LumB	1.30792378974213	4.43801835644553e-07	2.93521062936575	2.54366230520129	3.61050948149984	4.55948597754584	4.18115292041685
chr17:16170611-16171112	LumB	1.3077874101858	8.94681967906364e-07	3.0757771754019	2.53727848071211	4.83881655775029	4.40417606238229	4.44598910978661
chr14:79325811-79326312	LumB	1.30747904669426	3.67906453637816e-06	3.16449523168669	2.23863678687543	5.10022426991457	4.82668670712423	4.68009612878523
chr2:138787709-138788210	LumB	1.30740498950485	1.51827482762793e-09	2.95260984621521	2.6811481779089	4.05824260616545	4.10135875878682	4.13463808255694
chr15:39585199-39585700	LumB	1.30725299239906	6.94271277312724e-11	4.21537913039893	4.04715392365739	4.69431416339213	5.19798961282689	5.50936004124185
chr16:4173865-4174366	LumB	1.30719872109782	1.14878630952787e-12	3.53574248706195	4.10740510746094	4.744172994135	4.15675902955055	4.77293643899937
chr4:95133761-95134262	LumB	1.30716387156486	1.65183075627978e-08	2.93093904422065	2.44108710708077	2.79754412471193	3.65219984572155	3.87625467294717
chr8:138372584-138373085	LumB	1.3067665078988	8.06275208909898e-10	2.81592845338247	2.94482728215285	2.65282513826605	3.20526002601416	3.47072014311144
chr1:150288788-150289289	LumB	1.30661570028442	2.37949600172672e-13	3.89597639385175	4.29094992291745	4.56984224298429	4.89675366823927	5.01783413452872
chr3:89529751-89530252	LumB	1.30656403858319	1.63862467165125e-06	2.49291041606497	1.67141354048736	3.36572000437944	3.59291471043984	3.57995842821402
chr4:140730929-140731430	LumB	1.30647156794663	8.82160790477069e-11	3.66667250776599	3.36085595089585	4.24880342192242	4.8970853530763	5.03304761857692
chr6:12815206-12815707	LumB	1.30584821362847	7.32774583046251e-07	2.6027676235473	2.21914065935052	3.14483947503889	3.88280345674654	3.73999193459475
chr1:184581522-184582023	LumB	1.30574071730918	9.54253814642073e-06	2.710218015982	2.28852756028617	3.38408205796426	4.06189322552063	4.02427065490245
chr16:60220805-60221306	LumB	1.30494849480899	1.34949915517222e-06	2.32306587079917	1.6899028798633	3.8326425810959	2.88276326683857	3.22011884562622
chr11:69482245-69482746	LumB	1.30471847574613	1.34242799210298e-10	3.34868463144922	3.30073749543102	3.53487508393968	3.89347090729893	4.45864687464363
chr8:38432488-38432989	LumB	1.30459551858049	2.11272215840283e-07	3.41568101521147	3.95171577489678	4.5590091748285	5.19389342801259	4.68355130041928
chr17:82100372-82100873	LumB	1.30376917001811	7.35525564809808e-10	5.97243484541519	7.45176470012623	7.46853922358497	7.1649347089001	7.42090717527871
chr3:85799551-85800052	LumB	1.30364522363459	4.35570601193232e-10	3.0839500801847	2.82796137051266	3.20206854931753	3.44458022963646	3.92771012139735
chr16:27233452-27233953	LumB	1.30336951667586	6.47733509945332e-10	4.08759482908398	3.76913952277048	4.92052042105484	5.22740471063178	5.33162750221423
chr3:172132779-172133280	LumB	1.3032559891092	1.58316532185027e-07	4.29777012370473	4.34934012989029	5.96365433133828	5.38449777853095	5.66781487564983
chr3:195605822-195606323	LumB	1.30296431691506	2.83992517147376e-06	2.47851302894944	2.40099415003624	4.29629074756007	3.4409125970842	3.64644873779741
chr17:67051126-67051627	LumB	1.30279191410975	7.91154875151487e-15	3.36046952174297	2.62151652522122	3.95805483861526	3.8100050559283	4.37376102939636
chr6:4493569-4494070	LumB	1.30275631637701	5.41268378103101e-09	2.64585375559073	2.07981422106507	4.45406239532518	3.48355492654879	3.79349835922629
chr18:50140137-50140638	LumB	1.30269896369376	4.86153442379846e-07	3.16248638837538	3.17493887280363	4.73341539136774	4.51708862083939	4.37293832870251
chr8:92119554-92120055	LumB	1.30261461889295	9.29248493919682e-06	2.64465062703496	2.75008443757233	4.41140206256493	3.14229646027683	3.65322374225932
chr1:31174523-31175024	LumB	1.30222648406374	1.64555450541629e-10	3.7671670382217	4.50449714065836	5.20151010383998	4.69057501600801	5.0488063873875
chr3:158913894-158914395	LumB	1.30215359671288	6.90621565366673e-06	3.10540751764349	3.00163360735274	5.0832718334237	4.70418811532157	4.4959486986955
chr17:39509734-39510235	LumB	1.30212607978531	3.66844972511087e-12	3.12935572847107	2.97829957790887	4.05825096392862	2.94169257681883	3.60621448437879
chr4:95125633-95126134	LumB	1.30203092477741	1.9607286579894e-07	3.26281558452693	2.92030388331495	3.20589781674294	4.11872052605209	4.25277108944851
chr12:70417212-70417713	LumB	1.30181185563138	8.43150148333742e-08	2.78047590688617	2.20611601433104	3.40300891841556	4.43139278742559	4.05457977209019
chr12:6243121-6243622	LumB	1.30109767682194	1.0917671394661e-10	3.77388820024464	4.48894453875851	5.30918478831967	4.17574040047627	4.87098577691208
chr5:129382055-129382556	LumB	1.30100345346839	1.07785133725063e-09	3.04999177223357	2.23810413860422	3.65719771382006	3.8360710695069	4.00695384083753
chr20:45994694-45995195	LumB	1.30077985076219	1.31161451323798e-10	3.8586749339974	4.40771277859732	5.50559150834281	4.57181275991007	5.10804512072591
chr8:138390382-138390883	LumB	1.30073523177604	7.2322530133291e-10	3.11321989993441	3.09125820511411	3.18646462134629	3.56826192649811	3.74245555877144
chr11:130537873-130538374	LumB	1.30059342695019	9.75256664984654e-06	2.77526964387883	2.18677676309901	4.33380301931935	4.00174613132152	4.15310207234669
chr1:224364381-224364882	LumB	1.30057235096463	8.38718249578822e-16	3.14186075134605	3.21341237453379	3.5740852930351	3.42632415158018	3.98868587315465
chr8:86383255-86383756	LumB	1.30029253377629	2.61239767882208e-12	3.26756594041283	3.23317553260855	3.80326867194935	4.02598353589119	4.23035246455983
chr14:22164542-22165043	LumB	1.30022127413609	5.99706413891918e-09	3.14355675720559	2.25456987114975	3.39107360158065	3.19199605075666	3.79313037300764
chr11:78576495-78576996	LumB	1.30016612854936	1.03165610370357e-05	4.42653412911215	3.92486407139807	5.55889235842629	6.07020106017833	5.44376726969513
chr3:27364600-27365101	LumB	1.30007204729217	1.74160944434966e-11	3.4117013445524	3.04592540550051	3.94755185355681	4.55540337545777	4.54556869794477
chr11:113338106-113338607	LumB	1.29947957918548	7.17740491126246e-06	2.67864948947112	2.09659078114167	4.16074657574493	4.03896879638817	3.97052272636023
chr8:138391718-138392219	LumB	1.29946461630346	4.20093036675587e-08	3.09934914748747	3.01159540677642	3.51117886151074	3.43796628928204	3.975438247011
chr21:39450245-39450746	LumB	1.29929134191066	3.750934086366e-15	3.55650368709966	3.99373270670189	4.34008107098171	4.49821678724548	4.73621886501219
chr11:40228617-40229118	LumB	1.29894320916113	0.000228147789311155	2.67907560395348	1.99193901149015	3.90625264632457	4.19579188688766	4.1780604262458
chr3:79575643-79576144	LumB	1.29848017877872	2.1569471371866e-07	2.52811084821362	2.46961906042632	3.57287047737636	3.52144222004831	3.61366265600546
chr14:80764865-80765366	LumB	1.2984629569932	5.34153191062661e-08	2.7630418511787	2.48425976332007	4.14376487771695	4.13580086389141	3.9028147107105
chr7:52271946-52272447	LumB	1.29843275208176	8.55570318037084e-07	2.93770517063458	2.51686715427197	3.38994039824062	3.92837242518119	4.12374158735216
chr3:57203764-57204265	LumB	1.29817882206583	1.2966374749792e-09	2.7473519787479	2.4719231101992	3.4113730104248	4.0310240376805	3.87638495074055
chr16:23323604-23324105	LumB	1.29781823980988	3.01183881773953e-07	3.70633500404895	4.94415730562693	4.96368234885898	5.33331234031327	5.19661223687501
chr6:3459585-3460086	LumB	1.2978138835319	4.83264749515525e-11	3.68579229207442	3.24020629185679	5.41890296632259	4.68732598228661	4.90205703650222
chr7:135514812-135515313	LumB	1.29750799403348	1.02594561586235e-12	2.97133530309677	3.0098736433268	4.1886474502284	3.33306057022674	3.8799396937227
chr17:66947288-66947789	LumB	1.29747207989553	5.68315036527784e-14	3.49486747115989	3.57506321419995	4.17728114568866	3.72282220168076	4.60907622243727
chr1:57011613-57012114	LumB	1.297459658966	1.18274398197782e-05	2.70193840100752	2.94399305990185	4.51877300925698	4.09650562312921	4.05085153020706
chr8:128423202-128423703	LumB	1.29635864986774	6.76511336061341e-07	2.99548253362879	3.2504402317812	3.75325801668549	3.81127064951734	3.93262367139598
chr1:156694556-156695057	LumB	1.2963505857448	2.66868544292474e-05	4.53124691172201	6.55007305942914	6.37681643943687	6.23219100951904	6.34856451098474
chr12:74827424-74827925	LumB	1.29589021666289	5.79296223851897e-10	2.58937223526051	2.06112070042762	3.01824861576107	2.53700270254133	3.42704502730288
chr11:62224401-62224902	LumB	1.29524506040195	7.60783873253283e-05	2.39824533890467	2.36960362070012	4.97006311586722	3.62041098010882	3.56729573554606
chr19:57809063-57809564	LumB	1.29517991938659	4.40695780466644e-11	3.70450449660918	3.59101180672066	4.50673286176201	4.79503900947923	4.98157728448161
chr10:127328439-127328940	LumB	1.29508664277765	2.43095435051832e-09	2.90806491141252	2.45221968266363	2.94783390154634	3.73559241376073	3.94592862694042
chr8:124245095-124245596	LumB	1.29498468228931	5.44601020449016e-07	3.56785189250628	3.52495038726153	3.94583229728062	4.09734754557551	4.36117261007917
chr15:60448619-60449120	LumB	1.29483254536419	2.64918884944586e-06	3.37867501322208	2.77686422826828	4.75433369501078	5.09137759077834	4.88659971231869
chr16:27129331-27129832	LumB	1.29478848039536	3.20697348758668e-08	2.77605342725449	2.58632615027022	3.87887931992307	3.25119125885612	3.72330417487851
chr4:58665483-58665984	LumB	1.29475683933796	0.000745829680021936	2.76470735283958	2.17332493400496	4.20685623465642	5.07892125871549	4.14361074528579
chr3:6910396-6910897	LumB	1.2947395078078	9.19984119124273e-07	3.08743410712668	3.41992168179512	3.72590436354664	3.73562694297261	4.14053151252059
chr1:202601132-202601633	LumB	1.29458140493276	3.6891527717699e-06	3.73032449593746	4.32785356642514	5.96900887530474	4.45973707656025	4.89755804868045
chr11:70064302-70064803	LumB	1.29418533662247	3.53782107381191e-05	3.45089733237087	4.72881355002753	5.42554202659599	4.73370052433525	5.06095741886743
chr8:115643753-115644254	LumB	1.29372121545448	3.42182823751708e-08	3.65142509688632	5.3521504369202	4.68216832851378	5.23855706023766	5.02384691637987
chr16:14076014-14076515	LumB	1.29317911189364	1.59256305666349e-18	3.11403881587848	3.07357980275316	3.48819497309261	3.9664595838825	4.19815149532255
chr5:71752773-71753274	LumB	1.29289961980769	1.99640444234597e-05	3.22877295786127	2.08926283673394	4.78026267350557	4.82277955936866	4.80377326271684
chr8:143767302-143767803	LumB	1.29246157060212	2.96558627644601e-05	3.8768643341499	5.61397242044918	4.79655422831341	5.19634529063889	5.30123210198795
chr12:45688144-45688645	LumB	1.29209285226784	4.96254992862974e-07	3.0397459477619	3.15041225051355	4.66279807355923	3.83049259750689	4.40699787698534
chr8:101612189-101612690	LumB	1.29168073087722	2.3762665726747e-08	3.47814576031896	3.4438875141401	4.56983502352142	4.33337269041159	4.82517752951558
chr8:91834989-91835490	LumB	1.29154608504668	2.02013284619013e-08	2.52931254321541	2.64066051333248	3.16081963248989	3.31997692026243	3.14995100264665
chr10:116654163-116654664	LumB	1.2915238079396	7.85442537066105e-06	2.92668862487424	3.28734688550524	4.51423886336885	4.30142905754082	4.31645062399707
chr1:223440295-223440796	LumB	1.29136710724574	2.65775103499938e-07	3.17495909082588	4.07804763631082	4.74059629849179	4.62740891044121	4.36746306172392
chr14:34738940-34739441	LumB	1.29135217640371	3.20356322934643e-08	2.55761093139884	2.20337764466339	3.12582773629039	3.41786708897397	3.48977118471761
chr6:38801235-38801736	LumB	1.2912502423428	3.37878479669056e-06	2.84722488020732	3.12312264748568	4.60713082980297	4.09569975667583	4.14257165128646
chr6:33989169-33989670	LumB	1.29122453585496	1.12049353772128e-07	3.90386380078825	3.58357481751695	5.50091374388344	5.3462048057847	5.39575357903334
chr9:34485748-34486249	LumB	1.29104085117419	8.51170329624271e-11	2.87750240485598	3.3876389700221	4.08453717458134	3.49649746757393	3.85397869919625
chr12:69432974-69433475	LumB	1.29094896945779	2.54762507648393e-09	3.19529289647411	3.22818188427051	4.09876345170882	3.82370428323889	4.28864316734606
chr20:41267617-41268118	LumB	1.29081591899267	8.62259388762317e-10	3.41152789762177	3.09138357293076	4.12542298158966	4.25983108464226	4.41194757056186
chr10:22089503-22090004	LumB	1.29041310056225	5.78855369517004e-08	3.42970930514353	3.10091044799978	5.24583044879187	4.18212024990651	4.83293277145589
chr7:18857122-18857623	LumB	1.2902868093201	1.90123762168344e-05	2.59242562726193	2.05650265407975	3.31420846709262	3.59215701219593	3.54643412104276
chr3:103351356-103351857	LumB	1.29014765277466	1.51544966023753e-08	2.60080449639658	2.28193245839263	2.23667506127565	3.36933910796238	3.48617799164553
chr12:69472986-69473487	LumB	1.29004869263551	5.98257694990608e-11	3.54712320530753	3.01691183156415	4.11504582592112	4.22612168676002	4.42438732349293
chr13:70463714-70464215	LumB	1.28996391650484	6.1141776456472e-09	2.51522567281137	2.19500044230625	2.7192068940755	3.53575331907411	3.49618527894963
chr8:99876691-99877192	LumB	1.28987947842589	2.35789479109079e-14	3.81586007664985	4.08192369233527	3.91378512597961	4.57416810696914	4.80175035908031
chr1:159627200-159627701	LumB	1.28965494060006	3.46180844707446e-06	2.86325581799331	2.80440450145608	4.19097826961504	4.04889698788081	4.01207186395248
chr14:76531639-76532140	LumB	1.28964488468998	9.04348915921858e-05	2.85348338902194	2.40832598105449	3.4039612513421	4.13647802766902	3.91852166357593
chr1:212077855-212078356	LumB	1.28959922924051	9.10086993906588e-08	3.04902793434359	2.97703147200663	3.46944007808469	4.07486087022144	4.24175089373316
chr8:80381771-80382272	LumB	1.28939488704651	2.53409073389057e-10	3.3145380167848	3.30929113758997	4.08602832809137	4.49543430227406	4.44961494285204
chr11:78098756-78099257	LumB	1.28928598388754	8.50586021388224e-05	3.66475718910157	4.06220632271361	5.30792709794405	4.82689188203767	4.88502973504348
chr4:95071833-95072334	LumB	1.28920902461942	4.04721039178695e-06	2.89302948516405	2.42637263413075	2.76158486083082	3.60438096878194	3.72873338688669
chr18:36136234-36136735	LumB	1.28905330115774	3.28512349646087e-14	2.83640415057184	2.75484262381685	2.69395549320502	3.70604497355314	3.64795240727467
chr1:180365414-180365915	LumB	1.28884464141533	2.59506602805284e-12	3.19974803363884	2.83801032160652	3.83078223857503	3.99389895196417	4.15388591642173
chr12:116114088-116114589	LumB	1.2886538995231	7.55613775944243e-11	3.50774710891309	2.96271915036531	3.65921745854607	4.12889051936775	4.44938985755779
chr17:47676469-47676970	LumB	1.28863254659831	1.78341316883913e-06	3.44620743439008	3.30432175452811	4.71243812761265	4.67025054942168	4.72471598901581
chr8:143874960-143875461	LumB	1.28820594650798	3.91418042262407e-10	4.61725736262637	5.30672485947281	5.78099520533438	5.71129675169083	5.8939187074713
chr21:39448919-39449420	LumB	1.28813343887392	5.54981942357638e-25	3.64953981774624	3.82624122996977	4.19189305917372	4.33956901257104	4.75218870696451
chr7:155315926-155316427	LumB	1.28780358321812	6.26407436349795e-11	3.31724053413033	3.24532690391303	4.08649551906884	4.01853966625878	4.47166317482079
chr10:106411279-106411780	LumB	1.28771233858083	3.03008916248569e-06	2.34641238132352	1.72196946841657	2.81127573554128	3.72461395361609	3.46786549658221
chr14:49957969-49958470	LumB	1.28737143758121	1.06369992146991e-10	3.66839860769784	4.33810948176839	5.42089830664972	4.90362961060818	4.84815445456437
chr1:204998645-204999146	LumB	1.28731231228801	3.64199409399251e-09	2.98564331687949	3.15314928759858	3.84122437570755	4.06575445700249	4.22862194530609
chr11:69633793-69634294	LumB	1.28729187276021	5.29118934815182e-13	3.79883361303126	3.56128766321174	4.09616778454035	4.41927709422044	4.80513157748863
chr17:61449606-61450107	LumB	1.28726007049401	2.95607675675864e-08	2.76600705136159	2.34378312883131	3.13275798424186	3.86720436413689	4.07702066126961
chr8:96356142-96356643	LumB	1.28702357564977	8.80306544534224e-12	3.59802185084639	3.75579760698268	4.25246807854034	4.65039107696848	4.69489782706493
chr5:100568187-100568688	LumB	1.28702312206959	2.30485861340845e-10	3.00752520749146	2.33980449989205	3.91300920528509	3.72907830559705	4.23394819245751
chr17:39508995-39509496	LumB	1.28649645533609	1.17393338175726e-10	3.05499294906436	3.01841142886772	3.88096578418133	2.92401451655983	3.44570750667761
chr22:27690581-27691082	LumB	1.28631108486334	1.01908588076657e-06	2.94765733279649	2.97349952623671	4.29174846310568	4.0918671906396	3.77577385873835
chr3:41097218-41097719	LumB	1.28595459267838	5.75418493135401e-10	2.89706797836185	2.50321782328385	3.64952703454473	4.12958341805586	4.04102458811753
chr4:124117539-124118040	LumB	1.28572213974926	7.44588762491542e-07	2.90772597041761	2.58685619198103	4.48931401373746	3.74417827865225	4.10035223832631
chr9:134089958-134090459	LumB	1.28569719763642	2.02067222213207e-10	3.4687054338443	3.51164334608306	5.12535096988322	4.53913387551082	4.6456782504954
chr8:18211699-18212200	LumB	1.28566441488191	1.01594510794377e-09	3.20247768044998	2.40217722018837	3.88668194338232	4.28682162038198	4.26048719605964
chr11:120551147-120551648	LumB	1.28545621233966	3.22278970698786e-07	3.2661610805283	3.16382790529804	4.24595488225206	4.31907306070113	4.38650469651837
chr11:70805281-70805782	LumB	1.28491396896903	3.79235381401317e-06	3.2523241293346	3.36922167700654	3.60920380502929	4.50244883052742	4.67688945889498
chr1:109199102-109199603	LumB	1.28463871169161	3.75229275431036e-18	3.82569746298987	3.8714665456531	4.09585060043695	4.82621409113279	4.84035671051953
chr14:73559629-73560130	LumB	1.28452682459698	6.31383754473315e-08	3.4013782800668	3.22013559253599	4.64397572506023	4.74093039762593	4.78667704048183
chr3:168337020-168337521	LumB	1.28437709643629	1.13826330245122e-06	2.87661287022468	2.87122277188749	4.15586859758738	4.19798333670937	4.06070449097983
chr8:76738072-76738573	LumB	1.28418758001842	7.00342565867912e-10	2.88648580322816	2.9303695873234	2.83442467957693	3.24497957949539	3.60276641623072
chr8:58010414-58010915	LumB	1.28412807477002	1.60432281679113e-08	3.32720430612	3.95773510689935	3.89659199708456	4.38510877438016	4.55609732723364
chr8:42281294-42281795	LumB	1.2840916600525	6.05301157434622e-14	3.86184758101718	3.75020046257416	4.9708877088875	5.01940360181384	4.97358201785756
chr10:48814870-48815371	LumB	1.28405989503523	1.28915882714705e-06	2.84137447062341	2.37927510988111	4.09576994074594	4.26666362888508	4.10287855174361
chr20:54068251-54068752	LumB	1.28402676264922	7.01173721680696e-06	4.74624978870387	4.02293405240616	5.78422229592384	5.53431068001254	5.78810310936693
chr22:19785462-19785963	LumB	1.28340669701855	3.95156824712758e-13	3.38935986288572	3.79517556462852	4.20634817912872	3.626711989604	4.06124006457587
chr5:90562221-90562722	LumB	1.28325736067191	0.000124768615527995	3.90389781594706	2.8087151088863	4.99518304625882	5.45288454650465	5.4922933521607
chr12:99940854-99941355	LumB	1.28308613167768	3.17428043570479e-05	2.74607327662176	2.20471212469251	4.02392343063751	3.81541195063935	4.13685384700492
chr5:87956989-87957490	LumB	1.2828721749195	6.59795929493201e-08	2.5829426166539	1.83491782333536	3.04879670224266	3.89415357518109	3.6431851515059
chr1:38642297-38642798	LumB	1.28282687666574	5.34274667946101e-06	2.69844294830272	2.28867612381677	3.56924882696626	4.57614329188873	4.01603226854174
chr10:111071489-111071990	LumB	1.28280650173426	9.74583188466207e-06	2.87510068236781	2.76979601057066	3.71116105537462	3.96945077720221	3.75970106913958
chr15:47047652-47048153	LumB	1.28256667872767	0.000172556507152397	3.28087563398846	2.89975707440529	4.97779433188915	5.23217031473457	4.73814301370952
chr3:102103191-102103692	LumB	1.28253677806959	4.94991737179115e-07	3.74924323828165	3.59941229342855	5.35080314552942	4.58647777996267	4.79459056921578
chr3:11799184-11799685	LumB	1.28244609764351	6.41332036873004e-07	3.32195213045052	4.22690317232252	5.44364478043083	4.33550327367695	4.6276042157853
chr7:133477300-133477801	LumB	1.28241443358073	1.12795241874516e-08	2.97356901033312	2.66766021199208	4.09530803085752	3.93541606167223	4.00705800297714
chr8:111964847-111965348	LumB	1.28238033174493	6.80872844637186e-11	3.1621893148883	3.13393766424765	3.71158050737753	3.52898244531397	4.15497890318113
chr1:43038308-43038809	LumB	1.28219894335351	5.92947239925179e-08	3.05681744411643	3.05356877204602	4.2909722991783	4.1998689780167	4.25936012368414
chr2:65044293-65044794	LumB	1.28219396056592	6.76811241304232e-10	3.84106835067	3.66821289785243	4.98233716238417	5.20733842463916	5.0319866580599
chr2:41755021-41755522	LumB	1.28173554495087	3.09452277385978e-08	2.51131130090711	2.58376523336566	3.64932343743302	3.4176720973881	3.26016934749569
chr14:65739590-65740091	LumB	1.28164682579155	7.85591545463935e-07	3.08688973463631	2.50795730592233	4.21391532924574	4.08210305136479	4.4612466434458
chr1:223518573-223519074	LumB	1.28110252615637	0.00106960420175173	2.83517575983201	2.1228865678788	5.53046399887856	4.15801680823726	4.66965724754164
chr8:133617263-133617764	LumB	1.28108540989467	2.32380821454843e-08	3.23917006961909	3.63043987972239	4.29091862581742	4.82175482284544	4.56068650905772
chr8:86202960-86203461	LumB	1.28107627688565	4.91252036769254e-08	2.68128644698356	2.66681813443531	2.76679585409642	4.0260556566608	3.97462488662048
chr8:117296769-117297270	LumB	1.28105434457267	1.29110218009961e-10	3.3201903634865	3.38086807285354	3.8650661057515	4.06644327246719	4.35642000237427
chr1:77783067-77783568	LumB	1.28069138531415	1.67396224784124e-05	3.11199200573641	2.68364174244762	4.33360768403812	4.80627759609557	4.43757796742886
chr17:68287136-68287637	LumB	1.28060890146048	1.73032131948287e-15	3.25438213981353	3.27586932110596	3.63708965116421	3.79797724493153	4.34445238032102
chr1:48903191-48903692	LumB	1.2797600684781	3.40077187689896e-07	3.05937277534988	2.64588498621754	5.00512387054791	4.48211504781599	4.368649553235
chr14:21307353-21307854	LumB	1.27944522396812	3.56830932851123e-10	4.13461870285873	3.87893370316407	5.64582310367647	5.39026804211391	5.42561724455971
chr20:42361334-42361835	LumB	1.27943830026606	7.14990455018376e-09	3.05596557147089	2.84820454428426	3.77501543770643	4.03974606565104	4.27207008668174
chr3:34284368-34284869	LumB	1.27931932936154	2.85268439347019e-06	2.69204195309489	1.98915834397704	4.32195062936394	4.14415110625677	3.95928547214816
chr3:121837183-121837684	LumB	1.27927074215416	1.89147887893863e-12	3.36484149018592	3.07452761759382	4.65638705099086	3.83237435816978	4.16065817032572
chr8:86309030-86309531	LumB	1.2791135864839	3.84500689489744e-10	3.10713918331956	2.82275334460623	3.90754089197236	3.66897188678835	4.14862400345501
chr21:27644663-27645164	LumB	1.27870412777338	1.98659827517575e-05	2.86317910146449	2.52294785704271	3.82366430036437	3.59653892241089	3.97391474798808
chr8:40407934-40408435	LumB	1.27853472001191	3.76483318710506e-08	2.44165942963624	1.83105864578223	3.26583402287161	3.46625950953298	3.64816511420508
chr17:41540258-41540759	LumB	1.27827625814271	9.40158919382926e-07	4.3124026547109	4.62144066607307	5.33889794182371	5.7155297693427	5.79511663082461
chr4:140699412-140699913	LumB	1.27803559669229	8.9280401221531e-09	3.15002180164814	2.81001232614936	3.98326650034362	4.4428076458957	4.52511965633407
chr1:174384988-174385489	LumB	1.27779620226947	4.38064377009374e-09	2.79233055980606	2.66589429031338	3.84102423145406	3.86674322621891	3.84835702591902
chr17:76173976-76174477	LumB	1.27737883380289	0.0016420223023324	3.47795075773737	2.21517619190935	5.62103206455118	4.97687691887013	5.51036457804235
chr15:39583359-39583860	LumB	1.27733243814677	1.74410684246515e-09	4.6343516264569	4.59598027763656	4.99957883423513	5.7424722579592	5.93178266598015
chr22:45199213-45199714	LumB	1.27732849534489	6.44103071028582e-11	4.15629021793255	4.51919392213579	5.77307860742698	5.22350885366894	5.51956964655445
chr6:80192307-80192808	LumB	1.27698548657093	7.37761546593115e-08	2.65746239839516	2.31017795957964	3.98446112591635	3.65614481253208	3.64389673263199
chr16:54171525-54172026	LumB	1.27672728873843	1.54408818278164e-07	3.14237754794048	3.29830694962794	4.45184153812626	4.63285159330265	4.51520175550974
chr10:61246542-61247043	LumB	1.27661504564314	3.55716479951711e-07	2.43122568132549	2.03915269180364	3.09892418278854	3.40241872134617	3.51161319299342
chr9:101346348-101346849	LumB	1.27650094642279	6.5557635096628e-07	2.67775512324832	2.00426238850547	2.31814352328952	3.42968109953333	3.28157914131438
chr8:140197989-140198490	LumB	1.2762895522359	1.51614809340856e-08	3.75573861386578	3.84415479309924	5.64746143927685	4.82051714161904	4.98347101606389
chr8:57595001-57595502	LumB	1.27623948724259	4.47182504881925e-09	3.08782744006966	2.64850588785004	3.72508985194572	3.97456329741534	4.03504327769046
chr12:26792454-26792955	LumB	1.27602083552797	1.94715791936167e-07	3.7143962079155	3.4847694686388	5.12203016308737	4.8005653368735	4.80111692982633
chr1:79290227-79290728	LumB	1.27590507102218	5.94936556527958e-06	2.71775520059765	2.45230406346785	4.33697169738947	4.02355313613543	3.89779846818463
chr7:77498042-77498543	LumB	1.27569805864189	1.80161864512895e-07	2.80173200203639	2.32182297072736	3.46245811680315	3.71705477721462	3.90714024694569
chr8:119662238-119662739	LumB	1.27560944199927	2.65799724294005e-08	2.92571605248865	3.24091574232249	4.14673045880473	3.58198185386091	4.14129965002106
chr13:27326911-27327412	LumB	1.27541951429394	4.44614220984597e-10	2.58162364965613	2.41761360583448	2.80857003619146	3.29946870595878	3.36632264718553
chr3:34729473-34729974	LumB	1.27537841523181	1.42639155567907e-06	2.74481504169299	2.5215324979842	4.54259609138544	3.68674657485189	3.90432244556795
chr1:154193016-154193517	LumB	1.27533709650764	6.12616577227959e-11	3.67886304528831	3.7402023197935	4.67451797701616	5.14872480059428	5.05529390503909
chr20:38457391-38457892	LumB	1.2753179286216	4.91990882735169e-10	4.05484258783776	3.85274306227639	4.42721011834845	4.77535408448897	5.12021279296806
chr6:56438697-56439198	LumB	1.27509866903985	1.55177971908108e-09	3.11341667536412	3.00318099018243	4.08120128943771	4.17814385802121	4.15998284911273
chr4:111317357-111317858	LumB	1.27509590436905	1.38088534915557e-07	2.66668860708129	2.15670072846934	2.7839903739532	3.45277502927099	3.6424165384367
chr14:93860751-93861252	LumB	1.27509566503545	4.20908126069373e-05	2.78557904587845	2.51756858246069	4.31218381004136	4.42926419625528	4.25388258021822
chr8:101387654-101388155	LumB	1.27506949785332	1.79363055971692e-06	3.58424316026287	4.69209469992884	5.81696301944695	4.85560205114788	5.11739985207538
chr10:25319037-25319538	LumB	1.27501852954607	4.34081130331004e-09	3.12746898208742	2.74331787478051	3.57073142520522	4.04197983853674	4.30566466801276
chr6:157177668-157178169	LumB	1.27489931919765	3.65039774701153e-09	3.72369197409769	3.71897073595831	3.5360067268508	4.30409034477132	4.59018040643721
chr2:109645926-109646427	LumB	1.27483016085096	2.20738675259099e-09	3.90354964067367	4.29572970568903	5.72464186218689	5.0060113358115	5.18796069673006
chr2:136178934-136179435	LumB	1.27479144250127	6.65197002107067e-05	3.22513637040966	4.50138731408095	5.17848919929359	4.74926913314379	4.82400381408534
chr17:39501067-39501568	LumB	1.27476565668497	4.37941355812386e-10	2.64036215577975	2.63510858180476	3.49187714123486	2.33786613798658	3.08292542521901
chr16:3139401-3139902	LumB	1.27474610923168	3.72606455020514e-09	4.45403128350152	6.0615811694189	5.25463278279592	5.59009466770567	5.58941501575302
chr12:80477765-80478266	LumB	1.27464419394729	0.00151275266108578	3.36337489882155	2.77156163572764	3.34960789854322	3.36205791078411	4.39290402555554
chr12:70794759-70795260	LumB	1.2745060618225	2.07223258908585e-10	3.10851626266469	2.05843099691628	3.78596812715391	3.37503842571704	4.10333181407293
chr10:124690292-124690793	LumB	1.27441545371213	1.33422833829733e-14	3.95883501481959	4.46031213481201	5.3998136115197	4.97788382239246	5.31833314025915
chr3:186979748-186980249	LumB	1.27410571652644	2.64505113493627e-06	3.73116990798917	4.8760451121505	6.29194161840858	4.7794382066801	5.055904856013
chr2:58532607-58533108	LumB	1.27393474937315	3.13105517180367e-08	2.94061382386476	3.16047913915772	3.8496554145909	3.47821179292388	3.82367813747679
chr17:40581608-40582109	LumB	1.27342594081183	2.15376226737988e-07	4.08388895154659	4.30276046143994	4.82956247581805	5.48859034824185	5.55098791062387
chr14:101749284-101749785	LumB	1.27334794048983	1.01276775255589e-07	3.29804107347299	2.83361971387567	4.07578231193598	4.43416335662003	4.60213323701743
chr17:39735988-39736489	LumB	1.27330033071065	0.00382579440021754	5.38805276039823	5.57373171880588	9.16852855850571	6.11062909173051	7.01807252475532
chr17:75016802-75017303	LumB	1.27327712757296	1.30796316252448e-21	3.47719276889565	3.53711506198081	3.84141672512327	3.53846154978316	4.23373894216299
chr1:26118546-26119047	LumB	1.27326675558735	1.0590012763775e-10	3.39297968644989	3.46460281801255	4.97147225685987	4.11296877442967	4.57134005430154
chr17:74772795-74773296	LumB	1.27319143383553	4.95968240539585e-16	4.71637724440416	4.9343441416764	5.31747454717967	4.8811627264469	5.68904776383086
chr2:222888503-222889004	LumB	1.27300660732832	1.08642349039242e-05	3.21690069432118	2.89735575909389	4.36350250288491	4.6112639094943	4.70089547152997
chr8:82094475-82094976	LumB	1.27292187552267	1.43266919755342e-06	2.72776485425586	3.1912425800325	2.99721036169323	3.6606691886637	3.58748126749048
chr6:3347276-3347777	LumB	1.27233920517059	3.24870428087397e-13	3.7232653129213	3.35562739378291	4.46887677544174	4.66706450422109	4.65598083016208
chr8:112570272-112570773	LumB	1.27204106022151	5.93044550018494e-11	2.67085699908753	2.56416882929073	2.82139232658516	3.452340183988	4.03882273720653
chr1:57043910-57044411	LumB	1.27202878762269	2.31014045269442e-05	3.05565987982051	3.02199262480283	4.98793105569289	4.48337537412581	4.39134012136165
chr20:42145375-42145876	LumB	1.27196066516181	2.50999257783431e-09	2.68232996136307	1.81384159278533	2.68014529295209	3.35544354384214	3.54988704485389
chr17:68316007-68316508	LumB	1.27194153824247	1.01023091166859e-13	3.21935386599209	3.23975117268311	4.08478539019593	3.82292736319118	4.18292649859329
chr14:69358075-69358576	LumB	1.27135793780896	4.48271311174083e-10	3.83999928164734	4.77893993640386	5.32300942977606	5.06426120521721	5.23506344328656
chr3:188963831-188964332	LumB	1.27115384699251	2.21450716232896e-09	3.17091271528832	4.37057513594672	4.28458654382427	4.32052651976779	4.438794289889
chr10:50429145-50429646	LumB	1.27101210531627	2.09193321297609e-09	3.49774386851947	3.724421776158	5.36741301774823	4.79146199715818	4.82964953610693
chr3:4564368-4564869	LumB	1.27089313170574	4.2615097271988e-09	3.23061674530111	3.16679050435544	4.41521944853971	4.1602488267402	4.33452025225615
chr4:69500079-69500580	LumB	1.2707996393995	1.66547188307366e-05	2.649888686703	1.9546565870526	3.38311383242505	3.89516648397834	3.81460768123243
chr8:128097334-128097835	LumB	1.27020589408716	8.53581481667785e-11	3.61416572635311	4.00726800650619	3.95148732286263	4.13902782987042	4.48157858161948
chr8:115936446-115936947	LumB	1.2699733796284	4.5604625136511e-08	3.243398975694	3.64464746030466	4.6469397656183	4.44913667840681	4.55846630913273
chr15:46572575-46573076	LumB	1.26988826179749	4.46486627965024e-09	3.05634144207848	2.79558625823776	4.16850047108755	4.18937537907564	4.22098198279419
chr11:116371307-116371808	LumB	1.26949587224098	7.32774583046251e-07	2.95572543950334	2.60800290507416	3.03271202584101	3.72319946461405	3.595757369408
chr3:125924680-125925181	LumB	1.26941752892403	2.3549172723615e-11	3.75348821460661	3.56221550861958	3.91875181571336	4.4417831957434	4.63366692874434
chr8:126311872-126312373	LumB	1.26928690677858	4.43026894296088e-10	2.82234440706226	2.86555158631815	3.66465319066537	3.7078739577806	4.03690397309187
chr4:44680634-44681135	LumB	1.26905324138133	8.41611303855116e-07	2.99689282974582	2.54199829083033	3.37170808896209	3.8140055908573	3.95937587558905
chr2:68672691-68673192	LumB	1.2689231414488	9.79641554092509e-07	2.58187769286642	2.21713444694349	4.01039895129249	3.74574814666147	3.39026345101402
chr8:128270228-128270729	LumB	1.26886555999312	1.32955273131867e-08	3.16021437754639	3.15173758121213	3.29597237510982	3.9682202789932	4.18877162010752
chr18:36125527-36126028	LumB	1.26886257233441	7.86601735804202e-12	3.00133593167897	3.06356941656668	3.23644246340539	4.07520995471027	4.01478860026166
chr3:104915788-104916289	LumB	1.26883082882861	7.39601631757375e-05	2.76227577040811	1.92743784794397	4.14985628857879	3.56265156951394	3.87128517826158
chr8:66540960-66541461	LumB	1.26868043860503	6.65939909822706e-11	3.89182871181451	4.04015257572219	4.33357775455737	4.44256177817311	4.96291082591703
chr10:38169094-38169595	LumB	1.26867605059084	2.70595012028173e-09	2.96960742019144	2.66916402033062	2.84082296770761	3.70007667162352	3.64123894165556
chr17:39546988-39547489	LumB	1.26837712736556	3.06368543441194e-10	3.26759663421746	3.23064612104178	4.50278629322121	3.28314791355039	3.92342086912933
chr11:102636100-102636601	LumB	1.26800636035034	5.68687202684187e-05	2.90396249955111	2.2485317357486	4.1987325161455	4.12683290518767	4.29105316880327
chr5:42426478-42426979	LumB	1.26728391195583	0.000612139800425992	2.85138278251186	2.23346367589005	4.60155598646831	4.16170629619097	4.58164977455984
chr4:56621510-56622011	LumB	1.26671150450612	0.000104026447429553	3.04262980218187	2.82896584258764	4.89256664637316	4.29790493637466	4.34697037185623
chr8:37137357-37137858	LumB	1.26637040620915	1.17000599851283e-08	2.82993471128573	3.01167826236242	2.8126445774901	3.74426174274357	3.62186072305869
chr7:47542000-47542501	LumB	1.26633824919843	7.7467363747126e-12	3.92585783263777	3.42042313425063	3.95137239798866	4.15840547991732	4.5497726718969
chr18:14863082-14863583	LumB	1.26632249200767	6.75143064544333e-08	2.71604565236156	2.55398611475665	3.56350327697091	3.42947990618358	3.36954144215604
chr10:69462575-69463076	LumB	1.26625859011012	4.87441060895923e-11	3.74084634905707	3.29231411040251	4.64047676412751	5.27300760207419	5.13932867227202
chr8:54088375-54088876	LumB	1.26582577943877	2.29280540011647e-06	3.65413929875586	3.5633631685147	4.95262636315011	4.81728677153778	4.89263120096812
chr12:74826099-74826600	LumB	1.2657980410314	1.80805446478389e-09	2.48720021082425	1.84249947447081	2.78990588279028	3.13995027567274	3.3937157487272
chr3:15904895-15905396	LumB	1.26572204273631	1.50499502153876e-05	2.83769600011099	2.45463952391879	4.80847852662167	4.18577308498604	4.23619295023595
chr8:112981423-112981924	LumB	1.2655945512475	2.11035513989003e-07	2.11802265224287	2.15509392864837	2.30987226842165	2.45203352486126	2.93903623031654
chr5:13928388-13928889	LumB	1.26549971260299	2.44118409618792e-09	2.72144779678387	2.36887094231097	2.86872183944494	3.63576179948358	3.76668727807782
chr16:2830588-2831089	LumB	1.26538526215432	9.88167517521619e-08	4.07471194731879	4.9268627091932	5.18275874879282	5.38560249183147	5.41701476459189
chr4:52936673-52937174	LumB	1.26530546306709	4.25140344142657e-07	3.26788841084131	2.67142072253333	4.95699438555782	4.14474019794078	4.5374672453797
chr8:102068554-102069055	LumB	1.26497099541631	7.34566079453699e-08	3.17803082031823	3.6336503815903	4.41179995555156	4.13324971846931	4.24197755650027
chr10:90204168-90204669	LumB	1.264830426352	1.07226329441855e-05	2.61329404061466	2.6222889414706	4.6849922016626	4.14807103984298	3.92709508223713
chr3:175546294-175546795	LumB	1.26482852560972	1.03022096307774e-06	2.92051559528783	2.62794598629351	5.26186368911799	3.4910481753776	3.64399591918689
chr7:99971799-99972300	LumB	1.264538002441	2.35847049678953e-09	3.58631299370974	4.10674967122296	4.87187389266198	4.88072614724583	4.898869115932
chr16:55681527-55682028	LumB	1.26450450584004	1.37546589594625e-06	2.64898684390016	2.8635545690097	4.17609313393225	3.82172396306796	3.68326360632996
chr1:103369001-103369502	LumB	1.26420615216196	1.82068460838573e-06	2.81688030195111	2.61550142743195	4.62645953472863	4.08339830681625	4.07469280869635
chr19:28148012-28148513	LumB	1.26359865499298	2.37970666705616e-06	3.18030653962011	3.46900064569154	4.19878835527048	3.85034015791466	3.92589627096139
chr8:95137754-95138255	LumB	1.26328885136982	5.33184887177592e-07	5.86684485090144	6.07665626901882	7.13918605511555	6.40784994963215	7.05079463382455
chr17:56160267-56160768	LumB	1.26287506518873	0.0021095401364749	3.14688761106741	3.29438620219116	5.39142191168472	5.24791650409169	4.67853092271417
chr15:39585738-39586239	LumB	1.2619829827695	5.76646093669993e-09	3.94433438516535	3.78575991381775	4.44102609448034	4.95903716999252	5.24977020643244
chr16:11828616-11829117	LumB	1.26190640930735	3.02284383691336e-06	3.2332183328116	4.41252132123141	3.93103351864737	3.8428042019608	4.02285428752594
chr14:37606584-37607085	LumB	1.26188379949322	6.02835943638611e-09	2.9936291084374	2.94079980860302	3.85765969985368	4.11373126784144	4.22519183016087
chr17:57856315-57856816	LumB	1.26158222713914	4.12145096187817e-13	4.01794535728583	3.70225378501895	4.30426734738651	4.78467985489473	5.0299808075502
chr3:152056429-152056930	LumB	1.26151793007045	3.66134429456747e-06	3.03385447276884	3.02869727097125	4.24694730712077	3.70322377560503	4.14281903720717
chr8:57585913-57586414	LumB	1.26150635926655	9.06722861850052e-08	2.75992061214456	2.30795092310547	3.47304990047235	4.17713054514604	4.07599408275575
chr8:69024992-69025493	LumB	1.26137950123608	8.43896718130094e-06	2.85214973338614	4.26410410460916	3.74114876797257	4.09810594181278	4.14441372965188
chr4:78081519-78082020	LumB	1.26130420379428	1.06078185993687e-06	3.15525880411984	3.86912025532162	4.19450608759618	4.47576459496523	4.49056948023655
chr17:50856878-50857379	LumB	1.26114642395517	9.91738836116131e-12	3.73829109977933	3.52473548441477	4.37244943307528	4.52014848843399	4.78294038443663
chr1:28358677-28359178	LumB	1.26103402811536	1.24341579684442e-12	3.52751805167741	3.35450684868895	4.05198961071895	3.86676869478502	4.21681764200237
chr19:57847784-57848285	LumB	1.26097224707519	1.05570721188916e-16	3.93647718176184	4.01841124960351	4.50001721143906	4.72524907993434	5.05543650411172
chr12:66442374-66442875	LumB	1.26080908934448	3.23563368025558e-09	3.11343957598724	3.45612168952475	4.06039045136182	4.19970568086172	4.15473044715982
chr6:51241375-51241876	LumB	1.26076936634898	3.79668741827099e-09	2.66613696225777	2.75229868898279	4.0131015666995	3.25218909941763	3.69495224304412
chr5:178127176-178127677	LumB	1.26062448056654	1.70816520263922e-11	4.12419315120604	4.81485884231205	5.35427099884851	5.23971575026305	5.33256202304186
chr11:77357288-77357789	LumB	1.26057713861343	4.03431092080993e-06	2.84568869415911	2.54310387214293	4.3594810478647	4.11071777929933	3.91184478646599
chr12:50229617-50230118	LumB	1.26041458777312	4.27859572462665e-07	3.92229791044125	3.18483707153456	5.94427444588488	5.08041332281881	5.38206497197479
chr7:37687885-37688386	LumB	1.26014819018264	2.4032553227468e-09	3.1075630132104	2.76983889047661	3.58068116652871	3.7743770118235	3.89325555081774
chr7:70727889-70728390	LumB	1.25988877153233	1.83633388013533e-06	3.92695315540581	5.26072314538098	5.22634225073313	5.41891620437797	5.38873271810477
chr17:62787306-62787807	LumB	1.25962160158268	3.94224293746821e-08	2.81466787711198	2.43071275607887	3.16645886899398	3.35902213713847	4.02515237077312
chr2:21418345-21418846	LumB	1.2593617256125	0.000125620781697566	2.72741705610952	2.17520049594901	3.435904848134	3.99599992223235	3.9916766793779
chr7:9030802-9031303	LumB	1.2592944500429	0.000155321177118401	2.94419735942674	2.47983163009824	5.36927295238999	4.2625913846765	4.1852219509749
chr17:57126601-57127102	LumB	1.25929391850587	3.27990300530105e-09	3.5257008905577	3.58527071076734	4.31944364793924	4.51618259430621	4.58163461159074
chr17:40583778-40584279	LumB	1.25928683413152	1.16966285258875e-07	2.82184192121919	2.77270329992495	3.51096930291052	4.0036178299568	4.00594528519539
chr2:237541963-237542464	LumB	1.25897992515378	2.02908548858312e-10	3.94706615691728	3.02458524722992	5.1068782919807	4.85496035241499	5.24925637379126
chr14:48688302-48688803	LumB	1.25889739796242	3.28449266727039e-08	2.71442074219579	2.33769546533911	2.94557865071423	3.69886603072151	3.79079833907059
chr13:31482865-31483366	LumB	1.25873413215035	9.41441940505374e-05	2.751337905013	1.88063776585555	4.18414577592533	4.72211330454021	4.31276035504167
chr12:96395939-96396440	LumB	1.25872593648183	8.22536465953523e-08	4.04341169809246	3.44331911176169	4.67220269936506	4.12035798777019	4.7017554039708
chr14:37648998-37649499	LumB	1.25870042826071	1.17447389873424e-08	3.25429821987045	2.65860089027401	4.76967339195359	4.46064012746425	4.61020328129852
chr8:46608532-46609033	LumB	1.25869133572551	7.43103535400445e-07	3.24138104895467	3.29871364474463	3.45416149401615	3.60301990110452	3.90107117747257
chr5:66633138-66633639	LumB	1.25867214490101	7.63208088338574e-06	3.33222453807428	2.68284850013072	4.57069063733344	4.92800586393165	4.79677412616818
chr4:69287387-69287888	LumB	1.25831790329164	7.75606241460273e-07	2.50573914097506	1.85180723857395	3.95683446321172	3.34561988415827	3.58889071070626
chr5:44707647-44708148	LumB	1.25803453233771	3.93082925135095e-09	2.75856573641448	2.17583357741297	2.5560036879961	3.72769788233214	3.4680175072971
chr12:103311021-103311522	LumB	1.25791048843531	1.5535607853668e-06	2.9281390869313	1.98369233140215	3.60057961983307	3.57228013738255	3.61942859884326
chr6:10418217-10418718	LumB	1.25780655964504	9.95627395411417e-05	3.94582176211951	6.56690241722156	6.17284723160259	5.70389685741609	5.74423702717041
chr1:158781851-158782352	LumB	1.25764489756465	6.79657602769301e-07	2.80651848832683	2.81076828666408	2.80740282931555	3.5666311571219	3.83625587195882
chr3:89524624-89525125	LumB	1.25751855197544	1.88835440570544e-07	2.49087067269875	1.979578747817	3.4410466538828	3.33276639685579	3.49862493112266
chr12:69575289-69575790	LumB	1.2575030892155	1.56704935776865e-11	3.59874443030754	3.02140573587291	4.31511157516696	4.46597775729363	4.6678587980893
chr1:111923358-111923859	LumB	1.25740157901702	2.8770479393769e-08	3.1546903993033	2.57941248829205	3.20397649227524	4.17957876534716	4.05829544761335
chr8:128260785-128261286	LumB	1.25729009237005	1.04588878697216e-06	2.60904021218584	2.37815922284357	2.6601213278016	3.3167455720946	3.67915266924448
chr20:44752691-44753192	LumB	1.25720725380346	9.4010506582009e-15	3.88034745089279	3.43292333246145	3.91062081967072	4.21392493058654	4.96274012322833
chr8:103702170-103702671	LumB	1.25704128807793	2.7763058019369e-05	2.45562451547875	2.00256213519633	3.14686953347594	3.35677310230653	3.41955009896118
chr17:28469506-28470007	LumB	1.25680977986025	1.66752086740307e-05	3.82995016026995	4.38214706506924	5.86041869142448	5.30497363981155	5.44134223880496
chr19:57839750-57840251	LumB	1.25634651152174	1.48588723693922e-09	3.2763026557198	2.68905974193626	3.76537296213261	3.98169161214676	4.52928541464596
chr17:41526101-41526602	LumB	1.25630522115169	0.000146918411916068	4.58578410325025	5.16407822287489	5.84359365232673	5.6461716312464	6.02307197604193
chr17:82758858-82759359	LumB	1.25629713896007	6.53378357995964e-14	3.77343524281747	3.90658122476349	4.03838675521087	4.79921564968707	4.90207986642647
chr13:44355607-44356108	LumB	1.25623015019372	6.59672772444692e-07	3.1794184319505	3.76800402133592	5.0903289418211	4.2717615671844	4.42722814858831
chr2:237536698-237537199	LumB	1.25604589002215	5.75136305216627e-11	3.93246882063153	3.10711982219651	4.92661616844019	4.79449822039947	5.18145219118168
chr12:81385310-81385811	LumB	1.25594513862264	2.35821955540726e-06	2.93574642637164	2.48547450176956	4.58144341986139	3.62834072345054	4.14083118406577
chr18:36135211-36135712	LumB	1.25585849419047	4.02730067257996e-10	2.58818401909112	2.52804946695866	2.43897838858597	3.23574554051992	3.57132690742651
chr11:79693129-79693630	LumB	1.25585615379623	2.69461695825107e-06	2.34810431764794	2.09332542320555	3.21479488432182	3.52521347055992	3.19019719364335
chr2:235923849-235924350	LumB	1.2558359640437	5.16098725551912e-09	3.3622411914741	2.96397718602753	3.73635297030835	3.74325487782138	4.23878307093025
chr8:139794634-139795135	LumB	1.25575745269989	2.90659542200888e-06	3.7854876417032	3.98378766253427	4.98192222093382	4.59412655937962	4.96504091226996
chr16:70132077-70132578	LumB	1.25572147669094	8.61557068307392e-11	2.77998548063905	2.70052701888868	2.2182559224976	3.14596451496362	3.24998575039003
chr8:95094798-95095299	LumB	1.25568104075543	6.66288971358756e-12	3.72376869879471	3.8562818639082	4.91551409287507	4.70993577676372	4.9461873418309
chr8:117175632-117176133	LumB	1.25525011796986	7.25922432561626e-06	3.18358317555183	3.78797856658512	4.40555167644363	4.25250736730137	4.37016521322184
chr1:211182632-211183133	LumB	1.25520059181014	1.41621352305168e-06	3.07078779887154	3.2103312609395	3.30466431732413	4.10397325470791	4.21248610917778
chr10:78775987-78776488	LumB	1.25511419600123	1.00720168636046e-07	3.59860750365778	3.67794405580834	5.27147007159412	4.79443420953057	4.90477857692642
chr8:37522975-37523476	LumB	1.25505951580401	9.88345635444719e-08	3.43095854379378	3.57444812433049	4.17941685732511	4.87237612730488	4.54049172233214
chr5:87208938-87209439	LumB	1.25502213702562	3.91948312689848e-07	2.570953785547	2.10732859555497	4.04253932215955	3.47905971815352	3.55319898637759
chr4:95028165-95028666	LumB	1.25448995910914	8.51229217551143e-05	2.89401797847946	2.40302615543726	3.16108259313704	3.44517783526695	3.72223417265238
chr12:74761336-74761837	LumB	1.25445746695441	1.70468485180242e-07	2.63104214929664	2.09211658612466	2.75236522302736	3.13281126189846	3.61691520666263
chr17:57412554-57413055	LumB	1.25430970105347	1.53874373559453e-13	4.00556389775742	3.4546178878061	4.35164979599015	3.91762115036731	4.79160982033746
chr12:33154060-33154561	LumB	1.2539842820542	0.000314721462276044	2.35272029218331	1.55609506086391	4.58255998126998	3.84319672920457	3.37310786507147
chr12:124365315-124365816	LumB	1.25381713712249	9.89331438661096e-10	4.61565172722818	4.59345691338368	4.98422304005785	5.62315369398925	5.83230671927769
chr2:141439481-141439982	LumB	1.25366772474303	6.32038897223376e-07	2.89212205388314	2.59726797709215	3.27914809009293	4.31718459166398	3.84622018558538
chr20:38960087-38960588	LumB	1.25351313394611	8.8764943227028e-11	3.4299071183402	3.75762412115391	4.70649233408465	4.16228707954097	4.42008556891022
chr14:69333810-69334311	LumB	1.25339527998364	9.58263467029103e-09	3.58698128314437	4.08645851500408	4.92647264986393	4.61432907126505	4.95355334474119
chr12:66649856-66650357	LumB	1.25319859508747	8.94357291863703e-11	2.90926861789731	2.67224637165112	3.34014951857279	3.25688587987239	3.60835068898199
chr17:34923811-34924312	LumB	1.25297169022907	0.000451134132125752	2.14318797684384	2.09194987434996	4.12531437484351	3.32163945988709	3.55925711867842
chr11:73431313-73431814	LumB	1.25293842376929	7.67072802718692e-08	2.99360960227942	2.58609767109175	4.0922938196031	3.58120257562357	4.10347344420263
chr4:41129851-41130352	LumB	1.25240411389709	2.62914381402904e-07	3.49280514491404	2.84258806835154	4.74831503911192	4.77797756854869	4.92295282684142
chr8:94557591-94558092	LumB	1.25234850141435	2.78070710979091e-10	3.97053985275784	3.92677177146514	4.93894763588778	4.35741859041061	4.75912506087335
chr2:82092899-82093400	LumB	1.25219625355499	2.45530770799355e-06	3.08916165449719	2.61459462401153	4.10195130212508	4.55639760583166	4.37541749221082
chr16:80608298-80608799	LumB	1.25207132944304	2.40205327485094e-08	3.26114689024363	2.92322384770961	4.19598507541713	4.46130450867309	4.53509954601856
chr1:224186755-224187256	LumB	1.25203007319015	1.19260329267399e-05	3.86439776671793	3.98507648023979	5.01979296101946	4.62215517524932	5.23574424460567
chr8:133624156-133624657	LumB	1.25178328255235	8.59885504839322e-06	3.41356240114395	3.69446660750815	4.7258956645168	4.65983837195183	4.80428614631816
chr7:53365142-53365643	LumB	1.25167950069462	2.44790279003344e-09	3.07357174297853	2.96918975689504	2.96804881056157	3.43226539298876	3.86303502097278
chr4:184893419-184893920	LumB	1.25163035595093	6.79677567615322e-05	2.86019636374923	3.13758125327723	5.11631958888258	4.50569684112366	4.43417145860335
chr13:77050720-77051221	LumB	1.25160564485675	9.13032203552904e-09	3.21387467720563	3.07321095416848	4.15250701523171	4.49119056880482	4.22095017196502
chr6:104231560-104232061	LumB	1.25091087686629	2.75245308073796e-07	2.79278824624938	2.81396266801249	3.3629621333425	3.29342998489708	3.77819610724317
chr19:57775925-57776426	LumB	1.25077269243868	7.08366387312339e-13	3.69138617206921	3.80069681575794	4.56898385690621	4.75640707985971	4.85241795262356
chr8:40372549-40373050	LumB	1.25071897531269	2.69316019880013e-06	3.4763902472365	3.31896155820116	4.83041757001922	4.69774450074807	4.8110443364026
chr3:50127916-50128417	LumB	1.25055133918587	2.52030683772331e-11	3.74263402303881	3.72908650659997	5.21190493140826	5.12930365988564	4.97289894584891
chr8:98829466-98829967	LumB	1.25053280406845	1.70830087866493e-11	3.19922045761689	3.35767468529261	4.67428403440009	4.15075903271797	4.31890634798498
chr1:85203011-85203512	LumB	1.25039129458256	1.20364780220535e-13	3.82230563385067	3.95375943287498	5.03541287496315	4.87354969982845	5.03767310782717
chr4:95068326-95068827	LumB	1.25033191584576	9.52912833026659e-08	3.27549093908896	2.53168300570303	3.10774588365217	3.92664132609799	4.15351203384146
chr4:143205929-143206430	LumB	1.25031121866543	4.08412028779869e-09	2.75792206979391	2.75487501105216	3.77859632624391	3.7502475408826	3.9768189415342
chr14:70812110-70812611	LumB	1.25021865377424	7.66340290949176e-07	4.28874572830068	4.76574971660517	5.53196281041994	5.38454990199007	5.5496736485019
chr8:86394419-86394920	LumB	1.25021466447632	1.56732375060908e-09	3.43091223691408	3.30338046679243	3.8216488312405	4.13619699818172	4.4234944092594
chr18:14098407-14098908	LumB	1.24995957748136	1.72309685605491e-07	3.11190880484926	4.27794264481627	4.20243588456742	3.6368280574288	4.04058915544897
chr11:40885554-40886055	LumB	1.2497198305656	1.12903417587915e-06	2.94336385343366	2.54243945005597	2.7658699262229	4.12434644375564	3.84571765694893
chr13:32257611-32258112	LumB	1.24968088901438	7.65507173540572e-05	2.99563034088189	2.07440662860534	4.18181065356947	4.60752261731327	4.49094914424057
chr11:69493406-69493907	LumB	1.24920572389538	2.27905251680243e-11	3.30751044728672	3.36052756682866	3.79938945410697	3.98357583676466	4.31127031568143
chr11:80728337-80728838	LumB	1.24918970210465	1.70428438921112e-06	2.56729952362874	2.18749630955087	3.65322876949096	3.97287786360732	3.80042288286355
chr20:53952515-53953016	LumB	1.2490522176309	4.67199319186369e-11	2.99035616815222	2.68362461638917	3.66721132378642	3.28929087403216	3.50123355037091
chr13:72252724-72253225	LumB	1.24880931510807	8.42396489380736e-07	2.91019228996404	2.52614465707201	4.48909255328676	4.33186979854136	4.12201387914402
chr1:117211607-117212108	LumB	1.24879778768867	1.23112880527484e-07	3.40700658881168	4.68961414896717	4.78090008174291	4.59803488866437	4.59513504032395
chr12:52200574-52201075	LumB	1.24876403414687	9.19865086488288e-07	4.51597325442303	4.31614370037736	5.07607807560613	5.04800383953698	5.52675646429305
chr4:138896212-138896713	LumB	1.24875460209013	2.16880415676426e-11	3.03421886610345	2.67147991212792	3.72993233199047	4.05356915491369	4.13304462291868
chr8:122210261-122210762	LumB	1.24859487684502	2.4859104403763e-08	2.77836377626792	2.77490436832137	3.36968539415439	4.16252576542282	3.91557017206221
chr8:132677402-132677903	LumB	1.24840160909913	2.10398687536907e-16	3.64510364408183	3.44034010114473	4.13150505624603	4.79157503718806	4.81361079344567
chr3:32491808-32492309	LumB	1.24822600431017	5.25211776760364e-11	3.36409413911126	2.81520700422645	3.86567782739035	4.13411988144582	4.31996370600318
chr19:39152391-39152892	LumB	1.24810975480855	1.57194803050265e-09	3.59380941840064	4.69624361953018	5.48634640433744	4.60630420675808	4.8079121617448
chr1:155077249-155077750	LumB	1.24786819499085	6.25070753043778e-08	5.07446379798789	5.50321902333307	6.45565774166867	6.28686791676085	6.27957333691974
chr10:125289434-125289935	LumB	1.24774066037054	0.000549588139285782	2.57380258221611	2.38336291828927	4.83164156225619	4.23770365267492	4.23308048858794
chr4:2907352-2907853	LumB	1.24773987652465	3.62970597117521e-09	4.17244284108868	3.65802472005294	5.16285431723631	5.1861988287181	5.48500028440677
chr1:20459090-20459591	LumB	1.24741857362048	1.33247072284514e-05	2.96091964615706	2.86620179254564	5.42450647175219	4.32550091071558	4.08632625194806
chr17:62970793-62971294	LumB	1.24737697606262	6.40231626023012e-08	3.80335991366833	2.83109170993415	4.45417379816038	4.52969280147295	4.99932286093301
chr1:224178804-224179305	LumB	1.24709842638118	1.41124938844322e-06	3.4845737573864	5.03685718839119	4.7190229017724	4.38929616785166	4.79069561560566
chr2:154482063-154482564	LumB	1.24688886987584	7.07900831209495e-09	2.84514407178814	2.19929206758056	3.2215696377849	2.87528684490426	3.76667311692924
chr8:119099578-119100079	LumB	1.2468750781658	1.12445053762811e-06	2.85112358771208	2.86680760500832	3.88169396996304	4.10297789148471	4.10999146467194
chr15:77376716-77377217	LumB	1.24651275401141	5.98266767792138e-07	3.228802605982	3.09081232138624	5.21299949888765	3.88619522163406	4.19102305942966
chr5:56347953-56348454	LumB	1.24644106886281	6.40521974646072e-07	3.00163139143486	2.37503228640648	4.0623543876322	4.47727328965642	4.17010947496136
chr8:128024287-128024788	LumB	1.24622381397695	1.38212283006821e-09	4.46331200264645	5.60657317488512	5.57533069006825	5.48713542625317	5.73714926028567
chr8:93285884-93286385	LumB	1.24620338660381	1.37814481979037e-06	2.93202638195348	2.45634882665837	4.22040723731621	4.41745532630493	4.06108723963322
chr13:53602239-53602740	LumB	1.24618087018055	5.141639882602e-09	2.42889431747075	1.92671441539396	2.85898373335479	3.12494367664378	3.31214686933692
chr10:124913150-124913651	LumB	1.24613766643141	2.353101541156e-07	3.90925100988819	3.67484051148392	4.97813692203578	5.26235185222927	5.27993154928797
chr17:39499055-39499556	LumB	1.24602297929547	2.03408659108506e-10	2.47044569693238	2.42272971906304	3.49138288698689	2.45698620864547	2.94689715928984
chr8:121270960-121271461	LumB	1.24597671898724	6.69793121644722e-10	2.77521457936912	2.7035066301157	3.17914355326048	3.80184586309213	3.83692443269943
chr6:86186476-86186977	LumB	1.24579139627137	7.75281292350196e-07	2.9254463814482	2.34482794986344	4.62099478570798	3.93586369203128	3.99848783941659
chr8:130093318-130093819	LumB	1.24576933133215	8.51843992118873e-10	3.64683764402302	3.68556379399136	4.60790718566177	4.71033256940211	4.8758479270052
chr11:70171334-70171835	LumB	1.24562876532836	1.75804857882564e-06	3.37114746295541	4.05238981367791	4.64568839589024	4.3637809585222	4.64233222423141
chr14:37625537-37626038	LumB	1.24534021740546	9.21226830830218e-08	2.83470071336874	3.59685173390374	4.03104049150317	4.11918338229907	4.18335391660408
chr22:46531567-46532068	LumB	1.24513413941603	4.73074479801098e-10	4.34991015164322	4.29501905705377	5.07337388364385	5.23031222581325	5.69062323945644
chr1:216703201-216703702	LumB	1.24494760561503	6.53061951763872e-07	2.88830256257515	2.65248341629906	3.56694155504014	4.37122522562568	4.16066039028371
chr12:69575919-69576420	LumB	1.24491763544298	4.31051420177519e-12	3.50470473621997	3.09223247529408	3.90743224986521	4.25327424884254	4.62013569103989
chr17:65943025-65943526	LumB	1.24478204078228	1.52032362036945e-06	2.27776751045014	1.79161779845205	1.79024671257571	2.87828510525575	2.77087922430315
chr8:46490964-46491465	LumB	1.24461703817341	0.000223139792511443	2.85646300933854	3.71106185651595	4.56258929262535	3.31031624974945	3.27665243681804
chr1:218128467-218128968	LumB	1.24460601004652	1.35458114240877e-08	2.78223398484177	3.66216233453622	2.80365748140807	3.78924698487249	3.57755022499163
chr1:175167810-175168311	LumB	1.24455817183794	2.04900422558541e-08	3.56261592673395	3.60473992013004	4.8721991801254	5.08205842294933	4.85027498814578
chr10:104477086-104477587	LumB	1.24455457754062	5.43666772037887e-05	2.56753048321186	2.54604562105961	4.50239033547542	3.5844047320866	3.97729835572591
chr3:189437943-189438444	LumB	1.24450206081477	2.35340086593277e-07	3.71713202077904	3.32813181654797	4.57796924586317	5.2308817812667	5.01720741539247
chr16:15409480-15409981	LumB	1.2444945828567	1.17396147719066e-11	2.98028601500422	2.51637931257112	4.084848699914	3.63468295862178	3.93097717197944
chr6:137587546-137588047	LumB	1.24440309370451	1.62397306843569e-06	2.90587861946615	2.90472069830464	4.13319138170646	3.22691736201341	3.86701189650001
chr14:105661151-105661652	LumB	1.24439990332455	3.12874165697296e-10	3.27563602047009	3.10986868264713	4.14787982156138	4.039652615341	4.32893777977823
chr8:128098549-128099050	LumB	1.24386119859078	9.42445047988724e-11	3.57136125611523	4.04578683402881	3.81909324615781	4.04664173178003	4.5349362839562
chr3:40689832-40690333	LumB	1.24371330392932	6.68540889689827e-05	3.91405408892233	4.88547913066728	5.27287173754202	5.78767075648957	5.50534380341092
chr3:128435575-128436076	LumB	1.2433664856555	7.62138046740282e-05	4.32627244824593	4.58723071729847	6.20121689808298	6.02653669597454	6.04626354687381
chr14:36683852-36684353	LumB	1.24313493859223	5.08618852770638e-05	2.61676042131611	2.76753017479485	4.95550650857622	3.90331695286636	4.14536153415276
chr18:44824314-44824815	LumB	1.24284050619912	1.42258644240953e-10	3.66824593348928	3.58127834140927	4.46828965662901	5.06293378687361	4.86160096867437
chr4:6625149-6625650	LumB	1.242437828163	3.41724956512022e-06	3.59607598524109	3.22593477914253	5.13477677820926	4.95570725790968	5.09390766472377
chr4:165918631-165919132	LumB	1.24237734117859	4.11546913496716e-07	2.7956062227753	2.31270195183627	4.05579950963708	3.69199391675956	3.68744939673908
chr17:40962688-40963189	LumB	1.24229144845001	3.935802218446e-10	3.21463284608292	2.84721262923874	3.23961174652701	3.80332876620736	4.11283439569961
chr1:164596725-164597226	LumB	1.24228116647075	5.7306755809783e-14	3.33354295919948	4.02818372828226	4.3995985740353	4.25562414524911	4.53532500714659
chr14:104819660-104820161	LumB	1.24224664346104	2.50047029045495e-12	4.3313884899036	4.33498585155482	5.86786762462708	5.63869659033934	5.55166747737912
chr8:86240667-86241168	LumB	1.24224046491731	1.12411259462419e-07	2.5716587053125	2.28208905217984	3.47826248848393	3.70284370829381	3.66950897046369
chr11:72083377-72083878	LumB	1.24208996544077	3.31200392622582e-13	4.35778332418106	4.24043244978092	4.95198483139656	5.64093202995849	5.59288769308522
chr8:99891980-99892481	LumB	1.2418183208686	6.00598279107876e-12	4.34324729441552	4.75845545479445	4.50057442891258	5.04818647816214	5.23049282772064
chr5:155146170-155146671	LumB	1.24169264723428	2.18357479261228e-07	2.7697923055133	2.1864565939033	2.87415921991726	3.88721916207586	3.82970990196313
chr11:68871444-68871945	LumB	1.24156158469787	1.64126366912363e-06	4.06158069892771	3.84961582798572	5.42708407897559	4.57258150973436	5.13303031320893
chr8:126330718-126331219	LumB	1.24148761834805	6.76936386816783e-07	3.15928167268465	3.4490699623655	4.57921045323555	4.23383056903423	4.35785802273127
chr6:168396030-168396531	LumB	1.24142318328767	1.94205422183428e-07	3.14963205580493	3.08806437803562	3.57478180994674	4.76928967550739	4.36372766040621
chr20:50817699-50818200	LumB	1.2414100814284	3.50780629546108e-09	4.52196563405107	4.3968406036997	5.51860885881147	5.80908334005838	5.83670875538198
chr15:61682245-61682746	LumB	1.2413022189832	1.70898397669851e-05	2.945995050112	2.47437958777847	4.36408471520521	4.80044506086653	4.50048023696817
chr8:125835893-125836394	LumB	1.24124322343482	2.52525279161108e-05	2.75147244619852	2.30264195936367	4.00008849376716	3.80129776457496	4.20251601784818
chr10:43532883-43533384	LumB	1.24121362413549	2.93619520033863e-07	3.03468587591242	2.66211860237968	4.00174754359403	3.56241422137357	4.13525758245271
chr12:66753365-66753866	LumB	1.24098791047383	1.01351069633581e-07	2.90600200113765	2.16923984619315	3.9152648244456	3.51127195107934	3.55653623969461
chr11:62272044-62272545	LumB	1.2407315814585	1.20276299771103e-05	2.52585371933316	2.67567654304721	4.08631421592136	3.62879617295046	3.46393464303215
chr5:179068989-179069490	LumB	1.24057669938187	9.55308964815062e-05	2.51689274577247	2.65301831365359	3.35874186692645	2.90141029497371	3.23326283192689
chr17:49375136-49375637	LumB	1.24057000897179	2.81863633615729e-07	2.93057028105982	2.95729622574037	4.5640833103768	3.85810580632404	4.23300840176409
chr5:166787989-166788490	LumB	1.24050755396525	9.56495244966198e-06	2.79143255514386	2.00543851390978	3.94785120748277	3.76759360918685	3.76545881111568
chr16:19008762-19009263	LumB	1.24023206361661	7.28498207777201e-08	3.57018281188334	3.71911141485879	5.30427606331576	4.32848286217369	4.80875123840109
chr21:34793435-34793936	LumB	1.24001369315834	2.66786910389475e-08	4.02125602004264	4.16974427244065	5.1113539688001	5.08206008842686	5.33277339270856
chr16:24773995-24774496	LumB	1.23989053811452	5.14006850077333e-10	3.41971756494626	3.09185138861234	4.16423155280706	4.41499154726036	4.43373401947607
chr8:100747258-100747759	LumB	1.23985618192393	2.20212749501412e-06	3.26209694333797	4.56861022489195	5.04792324615479	4.20619843869435	4.66703393464234
chr2:191716170-191716671	LumB	1.23972953382466	1.21773416265659e-06	2.57847501594699	2.5930462533561	3.6682788507468	3.6427719876374	3.49305573646115
chr8:111966011-111966512	LumB	1.23919992667932	5.2850585870692e-08	2.86734743679754	2.85780679318649	3.43797569810987	3.2463651576987	3.75423997063541
chr14:22407526-22408027	LumB	1.23913964644296	2.94252065593748e-07	2.67376616992705	2.54625259349765	3.4467210635908	3.66304843953661	3.58970757241936
chr14:100028386-100028887	LumB	1.23911243161511	6.50662189952031e-11	3.23565885407019	2.6628451069973	4.07386152698092	4.20150353731269	4.42846284974281
chr16:5773137-5773638	LumB	1.23885187508123	4.0689134312758e-09	2.8116958077084	2.63504480036187	2.77778220057243	3.63512426848666	3.69338409684661
chr10:115579973-115580474	LumB	1.23858545672322	6.45569942780269e-06	2.5747532181872	1.80936695590265	2.73960232510997	3.41656102920622	3.72277483316509
chr8:99845245-99845746	LumB	1.23839993096162	4.04738497538767e-11	3.27323339203442	3.14804561570401	3.68772711011686	3.87604359297928	4.05536615739479
chr10:107609666-107610167	LumB	1.23826738151889	7.07284065911229e-08	2.68396502932504	1.98426936003208	4.05446846693704	3.57234196378067	3.80099090575988
chr19:57796446-57796947	LumB	1.23810240772546	2.1871865613817e-11	3.54322657597944	3.75179696522343	4.57728750671585	4.52917118811227	4.74273875868308
chr8:117102217-117102718	LumB	1.23805152328794	3.7770170751159e-06	2.74703364502118	2.44113908200414	3.3272447645852	4.12904935531393	3.93782145556609
chr12:89226633-89227134	LumB	1.23793859114855	1.37364712269156e-05	3.66273837564678	4.01751115606216	5.27437245189435	4.91952778066495	5.13891356448345
chr1:167363677-167364178	LumB	1.23792445790224	4.86436365195857e-08	3.01530091930168	3.03223192265922	3.64700891630771	4.28605924205693	3.97539944355883
chr10:102207049-102207550	LumB	1.23751090428695	3.02331030242946e-07	2.99066790647922	2.73471797641771	3.10082177296612	3.76073946814177	4.04569407958719
chr2:211816684-211817185	LumB	1.23711666508712	2.10560400225149e-06	3.05359552517424	2.43579885939848	4.17151050477598	4.90020282127766	4.4961308921002
chr3:42579512-42580013	LumB	1.23706821197413	1.04276956533023e-13	4.03789933208734	4.06404471956266	5.11028891561122	4.60458991559112	5.1274492009539
chr14:50903900-50904401	LumB	1.23703370203491	4.63855303219422e-10	2.86450732512533	2.66389030173037	3.28810031935938	3.37157636569327	3.67210748009982
chr10:14299065-14299566	LumB	1.23697203450628	2.60366530654156e-09	2.81817602056368	2.77671663175808	3.85806516193862	3.59723125728131	3.77661093632216
chr17:78418177-78418678	LumB	1.23679411948548	5.1260116994657e-12	3.75555137786934	4.69259652018585	3.68793380650021	4.33423720754769	4.82893488788312
chr11:48085591-48086092	LumB	1.23665705043051	3.34696917468162e-07	3.81435284803103	3.70938611955965	5.19739873744053	4.98315099856598	5.21396210251183
chr8:86538540-86539041	LumB	1.23662859123358	1.23311337886329e-11	2.96570383843607	2.98861361344603	3.38393244389893	3.88720418321321	3.94951576535151
chr2:196529981-196530482	LumB	1.23634657729014	2.84958369682298e-07	2.77892558969897	2.15698026733499	4.28768262336594	3.57621163088525	4.00970220691941
chr4:160873309-160873810	LumB	1.23613237391341	3.45244098725613e-06	2.47345816918137	1.87268502741983	2.87119905657635	3.17126479387453	3.50290983005966
chr22:32946713-32947214	LumB	1.23597282739605	0.000332851083566331	2.86459646546739	2.29913297052638	4.13600567049423	3.97851717236417	4.12475519334594
chr10:9205391-9205892	LumB	1.23591411597551	1.28492399267253e-05	2.70084159713844	2.57417639830184	4.70002164610854	3.95706995789604	3.98859599638294
chr3:149279823-149280324	LumB	1.23572247458202	1.22270000934382e-05	3.79802638986053	3.63439787404409	6.15292750004993	5.03879211106275	5.11598750096253
chr20:32514536-32515037	LumB	1.23561814978912	4.7541588139174e-13	3.79182382715748	4.09005351695801	3.76076379571184	4.3461872069358	4.64117841362504
chr8:129964206-129964707	LumB	1.23560463332063	1.09026974043197e-09	3.46780946804548	3.96054010375172	3.9514649285044	4.46118972457532	4.5533207583981
chr2:130127690-130128191	LumB	1.23533524821016	0.00341793468727833	1.96100230229919	2.29138054452855	2.94336396806946	2.53330770475965	2.87942876162234
chr4:96773890-96774391	LumB	1.23525270866645	3.98371206188407e-05	2.99821339177578	2.12249864575782	5.74455951847969	4.19909548539466	4.40911087778329
chr8:47549234-47549735	LumB	1.23525120186677	4.61602853168752e-12	3.26656852767015	3.01953599748879	4.00644443362552	4.11115820146065	4.18516772454549
chr12:5639074-5639575	LumB	1.23521601042738	2.36661754936295e-09	2.80161876398817	2.60375669094263	3.44797267084986	3.03424342155053	3.52117087679857
chr8:128118188-128118689	LumB	1.23437089785503	5.71274956172938e-06	2.85486697534476	3.75497243685798	3.57419926700029	3.96719479748026	3.97210890072104
chr6:90750198-90750699	LumB	1.23423232222912	0.000256872194306258	2.90466576525072	2.16156143313623	3.943071718224	3.96884065680919	4.41618717777705
chr8:88395487-88395988	LumB	1.23414491987141	3.81107431863805e-05	2.80540377352069	2.54898381167865	3.80629810263178	4.0792832209729	3.86292202604442
chr8:37699116-37699617	LumB	1.23383835700244	2.03811371817044e-06	4.89871144603989	4.85617530338152	5.71050361125772	5.97157319999868	6.26352089400766
chr4:14874971-14875472	LumB	1.23380013622492	1.69305677706537e-05	3.34767156902364	2.73499323301157	4.53443351165449	4.88408408901263	4.9289720033177
chr17:39506017-39506518	LumB	1.23379005215573	6.10236287215293e-11	3.4591597187807	3.37039747863204	4.42408703140223	3.53030393445873	3.92869822770561
chr2:100053849-100054350	LumB	1.23348425723065	1.00299730856137e-09	3.39399244560793	2.69878120542968	4.08546140324181	4.5104024430698	4.63127921427834
chr1:164594782-164595283	LumB	1.23346364745901	9.7736840601707e-12	3.66596197455925	3.96947497944442	4.67915788542261	4.64503872750054	4.79897836420286
chr1:94252220-94252721	LumB	1.23345576881184	0.000148723342880488	3.34740316111209	3.17126690994708	5.08192259520756	4.92406213287532	4.83384332775131
chr12:88504416-88504917	LumB	1.23337834312827	2.42942719510086e-11	3.03481651631243	2.41947689461252	3.70275772961995	3.48681897973974	3.88523239820518
chr12:69441858-69442359	LumB	1.23327571926672	1.65260456445992e-09	3.00533345611328	2.38376219404297	3.41338038531316	3.61093386777866	4.13802311166796
chr8:37699630-37700131	LumB	1.2332001475208	1.16424519962964e-07	5.36439854122885	5.31770406975987	6.0871608491541	6.24125036639526	6.55388980595777
chr17:38321261-38321762	LumB	1.23319917194045	7.56612566633566e-08	4.00711932596793	5.00248506306139	5.33293390333942	4.86301236844341	5.11114065048625
chr20:44751164-44751665	LumB	1.23306543266546	2.82076404556051e-16	3.6519246802768	3.10215754089169	3.68622666334544	4.01356578687474	4.60370177162061
chr18:30588753-30589254	LumB	1.23292349914317	1.67493999003331e-06	2.5397345441881	2.38790454913072	3.45137912063627	3.86203436290159	3.77782807304027
chr16:11381396-11381897	LumB	1.23284634825855	3.18693500990957e-12	3.31626646110668	3.48681934183084	4.13512016104	4.45942234847485	4.40562805745168
chr21:41845354-41845855	LumB	1.23266306716868	1.7809801959277e-12	3.2884383643294	3.20126078471159	3.87498927707995	3.49582772480837	3.95470546569661
chr3:55248997-55249498	LumB	1.23257995096691	0.00131422200833278	3.22796222255358	3.88413996865978	5.43862350636379	4.72944675952226	4.94964675596446
chr2:56810122-56810623	LumB	1.23253784633075	6.50487833769818e-08	2.79229294535815	2.69652979418402	3.58734865660092	4.43979591438654	3.75495776942954
chr8:37693708-37694209	LumB	1.23227758005982	1.71757971930689e-07	4.97422200720976	4.6872248119578	5.74927754317284	6.00746818517988	6.26550481413266
chr14:102724574-102725075	LumB	1.23196922746069	1.43315540443168e-08	3.24437580917467	3.07549824341133	4.92442710535274	4.48383346995269	4.42407495132861
chr7:142305111-142305612	LumB	1.23193939073476	1.54244510301398e-07	2.55342126464775	2.61840507261247	2.70071507427537	3.61165753282595	3.47319815998448
chr2:51959505-51960006	LumB	1.23171135330272	1.04009127651401e-07	2.43337757295	2.14311373455024	2.61006962787994	2.98325116670242	2.95087251053166
chr20:48829009-48829510	LumB	1.23152938400976	9.67674159267244e-11	4.16291176679538	4.03296905874394	4.96409997800799	4.97996269847286	5.32504822345586
chr2:6108861-6109362	LumB	1.23145212499799	3.1382514379666e-05	2.96524809869937	2.94180305637727	5.00353543845574	4.16457243858647	3.98312247968776
chr6:146536239-146536740	LumB	1.23125207659182	1.68561725375364e-09	2.9189381040662	3.0490081902974	2.93495481015017	4.02635933033975	3.6099653668369
chr10:123011837-123012338	LumB	1.23119068880245	3.4303781485292e-08	3.77281359275516	3.78007670780057	4.98603924072791	5.16661776197737	5.0768923372053
chr1:84190894-84191395	LumB	1.23111277328878	2.72612126295453e-08	2.67136052185719	2.356056560999	3.47137434421965	3.30494596401842	3.39328165353509
chr2:11560828-11561329	LumB	1.23079394871	1.69350925604229e-07	3.42034962877718	3.57927656472795	3.66100067853394	4.31492800448832	4.78716056610762
chr2:216582523-216583024	LumB	1.23075294002629	5.42514604024547e-11	2.93261963077177	2.7517662832123	3.17472562366528	4.2481480332846	4.05110426785402
chr15:70276166-70276667	LumB	1.23042903572328	2.43299676634913e-06	3.22032953741636	3.02181680899529	4.22474053512102	5.0492763219495	4.63118306778395
chr12:121403656-121404157	LumB	1.23029632546418	8.66486496336283e-06	3.48724935865626	3.04968491459469	4.68745476530224	4.58081482362416	4.71905067511768
chr10:74821533-74822034	LumB	1.22988005376112	0.000114635663897993	4.80076321377504	4.13639418027931	7.28082455184234	6.09365656661307	6.45072357635571
chr12:83492026-83492527	LumB	1.22971310039053	1.35756146727786e-07	2.72542051252804	2.08784582528159	3.60582976895262	3.77699842011353	3.89590839188156
chr19:54134067-54134568	LumB	1.22966841233005	7.28268103993401e-09	4.08771967842692	3.85586280879979	4.38677726923871	4.40281980805082	4.79828752091757
chr1:163626437-163626938	LumB	1.22960115292783	0.000179449727880386	2.63137913108517	2.21344316020104	4.73635577607819	3.45340091844129	3.60045166310713
chr6:6610823-6611324	LumB	1.229564567032	7.51721130429237e-09	3.00651861790252	2.84845779600843	3.25291677585392	4.06169890709675	4.1326202827889
chr20:53639482-53639983	LumB	1.22945354883319	0.000844557963830665	4.09064732744937	3.65011977681658	5.47246293785621	5.16896375070239	5.54392554837977
chr21:36610136-36610637	LumB	1.22917268156945	7.04924098852304e-06	2.89499220911999	2.81202971268981	4.07775043483437	3.9919435851809	4.16667703978984
chr12:3542640-3543141	LumB	1.22880966890602	0.000925785058324721	3.65109274188928	3.08477302061012	4.90352396898414	4.25833961454037	4.9808517026496
chr10:29108332-29108833	LumB	1.22862616340355	2.65905725030917e-08	3.42487548302096	3.71947669941728	4.96420618150659	4.73234481538611	4.75398224714706
chr11:69492808-69493309	LumB	1.22830791808097	1.85705389633761e-11	3.34096690301176	3.21107452822766	3.75563436817409	3.87663437739136	4.38034698423479
chr1:107744620-107745121	LumB	1.22827205820537	3.91600785434293e-09	2.81155573778911	3.16182097730813	3.89371957195153	3.93120888886614	3.78111596547141
chr7:107101487-107101988	LumB	1.22818248727077	6.33307382368188e-06	3.02264585887196	3.40152922875461	4.14323584562832	4.26731454739782	4.34913613750101
chr6:63239175-63239676	LumB	1.22812529056628	8.71706029682436e-08	2.34099914237762	1.9791605541563	2.0001687160378	3.38606502946417	3.19678516474682
chr17:39735206-39735707	LumB	1.2279447684594	6.57535982262708e-05	4.03468164307423	4.04449912955248	6.88190003744536	4.21418346587719	4.96066792934092
chr19:12908540-12909041	LumB	1.22785898572991	1.90361099019951e-12	3.96310039967791	4.48045586895709	4.09733165504762	4.59105852732643	5.03834766176833
chr20:48288279-48288780	LumB	1.2276312078082	8.40165105625547e-10	3.27409317226817	3.11440072386268	4.21204188639411	4.7890089281614	4.49764629653965
chr8:95117896-95118397	LumB	1.22763015053038	1.89006274774248e-11	3.69750884593035	3.99531341590692	4.58014342671179	4.70508879481424	4.8219537797147
chr8:86151245-86151746	LumB	1.22758729021826	7.42272102726071e-08	2.3707373115353	2.15497781377215	2.82400504841551	3.5726919657903	3.4118675188527
chr11:69534813-69535314	LumB	1.2275065487581	2.5573360514212e-09	2.78554045286178	2.60817435151412	3.12806771165988	3.47460344314789	3.83516104469215
chr9:126606739-126607240	LumB	1.22730484126256	1.6936291435061e-09	3.22739601579275	4.43251464584094	4.52865141225836	4.2875266402441	4.49768306837122
chr13:72316652-72317153	LumB	1.22722509722765	9.44144411027393e-06	2.7088750850405	2.22511777112007	3.536508789672	3.62539775516602	3.76866833027609
chr15:38458577-38459078	LumB	1.22704192781173	1.30710492573474e-10	3.70786208562618	3.54996144720707	3.93972345528229	4.69170883541763	4.74778961728402
chr3:174480709-174481210	LumB	1.22656333829139	2.4890883107095e-08	2.84112174072854	2.4606988619912	4.03201058586459	3.2971851241924	3.79398196503398
chr8:95141317-95141818	LumB	1.22637745448937	1.24534208484536e-12	3.68797163260905	3.63960532257542	4.57905567131263	4.44683062509637	4.73323933415169
chr7:8552541-8553042	LumB	1.22636836095456	7.3659457271171e-06	2.61237752682889	2.27981725176157	3.46957122153665	4.0452534885607	3.95026669907369
chr3:68419929-68420430	LumB	1.22627806200296	7.31726829226425e-06	3.02738282758179	2.54790311192759	3.73686747556729	4.28947759014462	3.84886192295072
chr15:71111133-71111634	LumB	1.22621395442286	3.07316002735313e-07	3.78212802195823	3.11739334011981	4.72250260951446	5.23009200389492	5.12453341611499
chr1:226528847-226529348	LumB	1.22569702583237	2.05715535791465e-07	3.33946188724241	3.73686214015156	5.22818636967635	4.33281810639368	4.30188426268316
chr8:101489429-101489930	LumB	1.22548387946836	9.7940741849743e-07	4.13823847814519	5.54242770629678	6.01737954602363	5.27760388326443	5.60046513014577
chr8:96418792-96419293	LumB	1.22546952625112	2.81981488116184e-05	2.55662185035501	4.0580692838353	3.17901723604883	2.80774312362225	3.41584419511047
chr13:82436189-82436690	LumB	1.22542616867217	7.42577710389503e-05	3.03787435748326	2.57478974313133	5.0193714092813	4.25177538416384	4.46899372909208
chr2:57626927-57627428	LumB	1.22534535438172	6.84907689547619e-10	2.74699050130491	2.3986009900007	2.54936392200291	3.13527004175486	3.53511523945263
chr8:127858708-127859209	LumB	1.22529391122161	5.72530179552696e-09	3.98430718547451	4.70241836653511	4.82471900960764	5.13884505867203	5.27743137906452
chr13:78588575-78589076	LumB	1.22511266212149	2.19133736116961e-07	2.50494459911542	2.08787493662704	2.99082383527554	3.04531965548482	3.04422888672174
chr8:101453473-101453974	LumB	1.22507536229254	8.78595713166487e-06	4.16780742523076	4.49264028192171	6.48299931062258	5.08983801458011	5.455951670336
chr11:27367880-27368381	LumB	1.2250007304159	2.96304159310356e-07	3.88087483934769	3.46672585058886	4.09055746170047	4.86759128935544	5.05480487688479
chr1:211216621-211217122	LumB	1.22492090204515	3.89063772393123e-06	2.56164643950062	2.30715684256184	2.4687227959346	3.50241341004661	3.47857695803368
chr8:99908149-99908650	LumB	1.22486791900067	2.94252065593748e-07	2.91077747437945	2.8601609731064	3.20389017597238	3.80025526455997	3.97693652761921
chr1:246092501-246093002	LumB	1.22477353072547	1.87873323937518e-06	2.50319590654685	2.56731433551171	3.33844455855937	4.04864550362027	3.7734217556223
chr1:215539071-215539572	LumB	1.22468498893545	1.91897160619677e-06	3.30174758712448	3.91526194763646	4.33926727629788	5.07214159236555	4.67554079219141
chr10:92894043-92894544	LumB	1.22467223183597	3.26717291345734e-08	2.99331235558007	2.43885443647317	3.69840036381698	4.12284830650037	4.14583166469578
chr14:105994673-105995174	LumB	1.22443448042405	0.000143326263753089	2.77496734930236	2.15085710883484	4.1467514060524	4.44816135001121	3.92572348303223
chr15:78289604-78290105	LumB	1.22436992301628	3.58994122636274e-09	3.4795959715618	3.75489037600847	4.72640902624838	4.31167058069679	4.61440555163905
chr8:95155019-95155520	LumB	1.22427915507554	4.84522494785305e-09	3.56477376725143	3.45034046206293	4.39945099855133	4.29768730013861	4.77454619610085
chr2:50595765-50596266	LumB	1.22420185916092	2.8105633425649e-06	2.79599656541573	2.9061101731457	3.91635406219346	4.13024516432778	3.66226305239326
chr15:81484346-81484847	LumB	1.2241856197859	0.000273771142537775	2.73740974212372	3.47812779378833	4.37131266097887	4.8091118073111	3.90572028988546
chr8:116439957-116440458	LumB	1.22415368272824	2.08782249762071e-10	3.36988850995489	3.95636963965906	3.92385699201454	4.10961408141061	4.26401915827767
chr3:27367604-27368105	LumB	1.22411393148206	7.99066910141583e-12	3.47097944718951	3.32307215507134	3.56851578191941	4.87704692385483	4.56935650739632
chr3:128421396-128421897	LumB	1.22354601189107	1.27800164432122e-09	4.1637377533011	4.18755985900548	5.15153840207893	4.81478087057385	5.21754941734171
chr2:7611684-7612185	LumB	1.2234406514295	5.1287349525731e-06	3.03695180004357	3.22855273229734	5.87593439328341	4.15284427616832	4.36261955166017
chr1:224222219-224222720	LumB	1.22285038907245	5.13417839400795e-08	3.7987603057205	4.0689878171455	4.73638032618317	4.54391683491522	4.85738953682631
chr2:142602583-142603084	LumB	1.22279722751669	4.72403036709865e-08	2.8423708792511	2.20479368278954	2.9891164093401	3.87049301330563	3.91185528634105
chr4:95085361-95085862	LumB	1.22267215970762	5.89716465122667e-05	3.39702429597843	2.37421596675441	3.82088572805644	4.12832619001067	4.34546964078833
chr14:38329823-38330324	LumB	1.22257852943094	4.70959478137969e-07	2.82568858375428	2.14555093753432	4.07484826669876	3.6862567793656	3.89201504419772
chr8:37616194-37616695	LumB	1.22231081128469	1.10285227982121e-06	2.66597876054911	2.06989842102536	2.96031607050467	3.56677494180563	3.43374240170376
chr7:8404046-8404547	LumB	1.2220932155445	4.18541988884394e-06	3.18969857912399	3.04124640573201	5.10277586815136	4.51522408561458	4.49487682102525
chr13:108882944-108883445	LumB	1.22206571539465	9.91699646571516e-07	2.9829919156726	2.83875604342429	4.24032002286285	3.94853107959678	3.54126868069081
chr2:216680272-216680773	LumB	1.2219365980232	1.58478610954973e-09	3.70555743545143	4.09860442591402	3.91263534057837	4.3902050554182	4.54434384419271
chr3:6810244-6810745	LumB	1.22133355392494	2.47527762763266e-06	2.90630396033953	2.69131313328675	3.37430294123835	4.02751623107748	4.09727209973848
chr12:69552428-69552929	LumB	1.22103461442783	4.96465121783119e-11	3.38442759116854	3.26054954397671	4.10912636281685	3.801250302674	4.36675606057395
chr15:78864262-78864763	LumB	1.22091572236353	6.53079401437694e-06	3.69210337180715	3.23418255656174	4.81056983472834	4.60743613240814	5.07203864745136
chr6:9463762-9464263	LumB	1.22081951154279	4.71690554610799e-05	2.50125443940818	2.16055112809051	4.20752348847979	4.1948633464682	3.93755671514256
chr8:74061617-74062118	LumB	1.22081227176995	5.79314210002279e-06	2.81570969930202	2.65421743832197	3.52078271139956	3.69651862735557	3.92089452718657
chr20:48289861-48290362	LumB	1.22077666101813	2.18755837280101e-09	3.29454873609039	2.90753004963098	4.4160299715682	4.47287960495488	4.4468736823051
chr3:53880044-53880545	LumB	1.2206969471491	7.85670288540722e-08	3.81073763283546	3.54600925405558	3.69543331751688	4.90500644497668	4.6724773625399
chr8:103643954-103644455	LumB	1.22054025938836	7.05314584529154e-06	2.74197809737598	3.09801110699067	4.04780576387998	3.29147656296407	3.60514441441814
chr1:210475266-210475767	LumB	1.22047846571125	1.63297054844758e-06	3.04975552627558	3.7296714007273	4.93575976143116	4.2785224366857	4.30214116272647
chr6:38241057-38241558	LumB	1.22039666791007	2.78575693322955e-07	3.08748941242664	3.25019465093775	3.80415569567833	4.16119815844043	4.2663804508175
chr8:95140420-95140921	LumB	1.22032447104023	2.95287855904233e-11	4.09944703593434	4.1385906867471	5.06432978861865	4.85190561432391	5.18379711720998
chr2:125365692-125366193	LumB	1.22032104213693	3.15921295022929e-05	2.78863303080146	2.14210552361219	4.77295394282071	4.86261600787285	4.1747593514533
chr17:41342098-41342599	LumB	1.22021553473564	0.000494728465025358	3.28754799790767	3.97724989335019	4.13167903395256	4.13450678793703	4.46812799509781
chr5:152912938-152913439	LumB	1.21992965647333	2.16759235306667e-06	2.61648757207865	1.92302828702198	2.91524567573542	3.92882185318808	3.55252995254564
chr8:66524587-66525088	LumB	1.21971477346709	8.36933394788623e-06	4.49902080768052	6.89825946813303	5.509418230695	5.35378957389338	5.89366577922863
chr5:19133732-19134233	LumB	1.2193353730824	3.53441214179999e-06	2.32310407884852	1.70114877339734	2.82311300701349	2.83994227699758	3.26822036450947
chr7:111613905-111614406	LumB	1.21917571052464	6.29203894595705e-06	2.89459908792909	2.18128631034345	3.81559629707408	3.9184461891552	4.12725324354678
chr1:164566970-164567471	LumB	1.21902593041494	1.85664440406927e-10	3.17277037965585	3.69025310537233	3.80544002911202	4.10730816576507	4.17834499542528
chr15:71097824-71098325	LumB	1.21893939114435	5.55117907961906e-05	3.17619535105743	2.40251713815944	4.3830676521711	4.69358465708566	4.72522616976066
chr2:237734277-237734778	LumB	1.21890168467505	5.34888446496618e-06	4.71791289752321	4.12555294895031	6.30006059980476	6.40894554586796	6.24316193062363
chr2:204069398-204069899	LumB	1.21850538428004	8.18364184042213e-05	2.80505529017299	2.4982044853149	3.66291436713937	3.95661408435833	4.19191983838233
chr15:79736905-79737406	LumB	1.21825106154147	6.95976118815906e-06	2.76575312776806	2.23538847035509	3.58236799101185	3.71644458158471	3.55214359372449
chr1:24598086-24598587	LumB	1.21813851864988	2.27276999651103e-05	3.04284457754469	3.09366062755653	5.28970463225783	4.04748424993692	4.4405257137914
chr3:2735315-2735816	LumB	1.21801988756699	4.20732640886913e-05	2.91985211613162	2.38449783107951	3.12450304249252	3.76578338778696	3.73914618646627
chr10:95919400-95919901	LumB	1.21779252680705	8.99174005232119e-07	2.8525205600298	2.90525203192615	4.78463001830742	3.86264665913996	3.88898391773823
chr8:99877229-99877730	LumB	1.21766256858901	3.16185621521523e-11	3.01412765768053	3.08587465061632	3.18289801869748	3.76019328545225	3.97937179473443
chr3:179866134-179866635	LumB	1.21758693461032	1.95816484378446e-05	3.04419987303112	3.00698707051438	3.84683368419634	3.91251290412582	4.51077138065547
chr11:60758564-60759065	LumB	1.21716571659452	3.50951548782399e-05	3.42834558191952	3.92695154721855	4.90827534201596	4.24476713925746	4.77046355343954
chr17:54819660-54820161	LumB	1.21704960868056	6.32169007609367e-06	2.51861614679951	1.6676577338242	3.27653702383258	3.05928428388322	3.54860549202954
chr8:53078901-53079402	LumB	1.21683352608679	1.88032487795376e-06	2.93509892373754	2.58305071013882	3.56291397071341	3.47512852311331	3.62391303820016
chr14:23090212-23090713	LumB	1.21680194618692	0.000419247623835234	4.04232166039981	4.1751104819611	6.05848935450409	5.60347555966718	5.54673811344132
chr11:4490760-4491261	LumB	1.21674900069038	4.09760048842027e-07	2.72140202178392	2.28255763617128	4.02670890069436	3.74262111714266	3.7409284674047
chr17:62707399-62707900	LumB	1.21642882978576	2.91170619162766e-15	3.56217124513029	3.36504988895563	4.1376560939756	3.99474481065788	4.50273345153468
chr8:115856552-115857053	LumB	1.21614682492453	7.04479694447937e-08	2.68561463131976	3.43048380168697	4.20670507664145	3.73829656538659	3.88114034105905
chr8:98782939-98783440	LumB	1.21602831937735	7.90045549360019e-09	3.41041000166984	3.78170546400019	5.0733131326546	4.22127187639526	4.53658322625676
chr12:72364322-72364823	LumB	1.21548463675051	5.7934086840534e-06	2.83318325454081	1.77301759434045	4.28950243507879	3.29272808896108	3.80619317922932
chr8:37691936-37692437	LumB	1.21538036676907	1.64024675282851e-06	4.37250248518816	4.52506368148656	5.11362120081494	5.61805649593085	5.56096638370276
chr10:106573062-106573563	LumB	1.21502606406275	5.2928716204563e-08	2.98287189682175	2.74604151118248	3.80382442342034	3.53078798996403	3.85227135931169
chr10:93722491-93722992	LumB	1.21499072387375	1.24312897673082e-05	2.92712314612661	2.90464798859868	5.80691425814396	4.32430623062941	4.23664366380864
chr3:193921330-193921831	LumB	1.21475043234212	1.95523975936777e-06	3.54716849065118	3.167965419497	4.96593782052907	4.68777110303892	4.9768467505904
chr2:237494836-237495337	LumB	1.21469427557657	3.47723183819557e-08	3.72904919248038	2.72806821115096	4.64105247576035	4.92404440419159	5.13224362177221
chr12:89237691-89238192	LumB	1.21464003678606	7.34228601875665e-07	3.41525886515	3.62444424753417	5.00870853888122	4.31846831245849	4.42424956234712
chr1:204761568-204762069	LumB	1.21448013881669	3.27738178252925e-12	3.18602643292943	3.59124456365653	3.91746215608491	4.09326238548746	4.2967430827858
chr16:54170678-54171179	LumB	1.21420850114536	3.71076117616648e-07	2.68858991497861	2.77777670925162	3.65034775204754	3.92455024417195	3.79710621758452
chr16:54920217-54920718	LumB	1.21412811477818	5.22990626429864e-06	2.32499322970431	2.30988208844386	3.4463885782289	3.18114795504556	3.60755082918423
chr16:2227838-2228339	LumB	1.21411401791803	2.2538075241199e-13	4.50526668235718	4.7000304360066	5.49536353558872	5.20849038680165	5.69351170288174
chr14:37598891-37599392	LumB	1.21407795472327	9.39436256190651e-05	4.56988281871986	4.40372017879793	6.96050425787702	6.11457509555879	6.2855264599163
chr12:96261412-96261913	LumB	1.21404964563602	1.68914861076014e-16	3.79388539039385	3.32912308472769	4.28334449907913	4.50233655922637	4.75050202378827
chr11:60704755-60705256	LumB	1.21353257480197	7.51721130429237e-09	3.36109709501232	3.63644001886644	4.68460760635366	4.04977908082413	4.51266659877822
chr7:91932709-91933210	LumB	1.21338835442925	4.32753980069146e-09	2.72424946727811	2.54244679035746	3.40741354654208	3.22046355718084	3.61769134254354
chr17:37142881-37143382	LumB	1.21312623842796	1.16639507017598e-06	3.13169030591107	3.87346659050742	5.19769116057148	4.1119672445256	4.35556108658599
chr9:5440331-5440832	LumB	1.21294537457199	3.65063966229963e-12	3.70162799234688	4.10743592810243	4.39100100274385	4.70916732499675	4.58058445615313
chr17:49886122-49886623	LumB	1.21289781336569	2.29260645746542e-07	3.7367949610749	4.5622877692701	5.59045949042299	4.88913404025706	5.14456720118258
chr20:52564587-52565088	LumB	1.21268456036669	2.39010430048316e-05	3.02519834156332	2.8555724438608	4.99996815017446	4.22895128547398	4.06075112759345
chr8:37698145-37698646	LumB	1.21266207489048	1.51151893002887e-05	5.43984077102611	5.54918319496469	6.53996254846458	6.65373376991789	6.73964881584158
chr16:796133-796634	LumB	1.21199719504193	1.00286072622085e-11	4.51553506349661	5.53093420723511	5.63710969301396	5.39707637404348	5.70415792058609
chr14:77110267-77110768	LumB	1.21194874769104	3.92120812685915e-06	3.72265391904798	4.31914277874549	4.70157922391986	5.42674569335985	5.14545068840144
chr2:30806470-30806971	LumB	1.21177232339679	7.15368657712485e-06	3.72099264500555	3.93680346637656	5.50800398631723	5.0474338580406	5.25836420094506
chr2:131581037-131581538	LumB	1.2115290183547	2.99535501030396e-05	2.75873020237333	2.30531648562715	3.00992077016508	3.12261234494639	4.02666456586576
chr4:105924305-105924806	LumB	1.21127447975787	6.73654244788386e-05	3.60162318508516	2.4974100010766	4.45849326213504	5.10849996673877	5.10721219075126
chr14:21319349-21319850	LumB	1.21116598853354	6.83580721573401e-08	3.88656702814623	4.17761366464659	5.28248293299298	4.97460635111591	5.10613685211366
chr17:79820627-79821128	LumB	1.21113768368974	6.22852697051379e-19	3.66885248963606	3.34284971327531	4.12794169166461	4.08338033345508	4.56631381912691
chr15:39179525-39180026	LumB	1.21102531748134	1.19935374453483e-08	3.04832842977801	2.56326408184638	3.97530563895753	4.09209442051674	4.21772898707078
chr6:151682845-151683346	LumB	1.21100297209481	1.11106277255265e-06	3.20500850997177	2.74709624716972	4.02546903091827	4.27984951097037	4.44968783458474
chr12:116529684-116530185	LumB	1.21100047080893	5.15388885501865e-10	3.86766848129988	3.80008419645267	4.71567830689568	4.88441428937076	4.73260278813596
chr17:49888187-49888688	LumB	1.21099775644332	1.74845372521065e-06	3.42894331536371	4.46583098476229	5.23339632522076	4.68329454380577	4.89353743074772
chr11:121132071-121132572	LumB	1.21098367098507	0.000150034557367683	3.23497229532176	2.20893395742078	4.76524132547262	4.14618316260779	4.54608739588333
chr20:33644893-33645394	LumB	1.21098255543911	1.43623860137714e-05	4.38644829740991	4.54096176065437	5.38142911779858	5.40474857785577	5.89202013398281
chr16:4737508-4738009	LumB	1.21094927302217	3.07896328792107e-07	4.40750304784082	6.10499067833718	6.0290483752239	5.1927855896834	5.56498944233918
chr14:60629778-60630279	LumB	1.21066776802662	5.67787721977152e-05	2.97004963033017	2.52607957137509	4.35820721279915	4.0458329129904	4.23701457736018
chr5:2592672-2593173	LumB	1.21052258427071	3.03315301592837e-06	2.65159632663148	2.27301534376033	2.83339252364336	3.57765878608306	3.31519870123179
chr17:68311049-68311550	LumB	1.21040728918099	1.07200491212176e-13	3.2359679727423	3.0799832240963	3.89659834633595	3.58527747857007	4.23808962714114
chr3:13477209-13477710	LumB	1.21031500799147	9.48706769737499e-15	4.02421442709243	4.14039032620291	4.69935155520822	5.0563894160873	5.07075871139482
chr14:35728402-35728903	LumB	1.21030839121303	1.62591976086252e-06	2.86732339286529	2.62020088723795	3.25540806432187	3.15634016536263	3.68287108468076
chr8:93956120-93956621	LumB	1.21005744433705	1.33121429298876e-06	3.70389138726283	3.604120348791	5.99587201372763	4.7675997666579	4.92616525110774
chr2:20374826-20375327	LumB	1.20947841769094	2.45362749871924e-10	3.47130705267557	3.44514993799022	4.73775642648126	4.50796776415062	4.59124267497541
chr7:78447325-78447826	LumB	1.20899819394278	1.61838972124018e-08	2.64138349750784	2.33343560439714	2.40899776837752	3.04493150705113	3.25832281078862
chr17:39380200-39380701	LumB	1.20896360633548	1.60671659507935e-06	3.19305074533987	2.64581426837634	4.47376200696128	3.52116019989099	3.98704250519007
chr2:5265144-5265645	LumB	1.20893139781645	0.000456911031123075	2.33385381206104	2.03524364885699	4.1633595787314	3.57871838802455	3.58162769082287
chr17:67054780-67055281	LumB	1.20892947595562	1.57569624157173e-14	3.55010919186347	3.10109148930802	3.98865405661139	3.69401513061972	4.48901439234908
chr3:57039394-57039895	LumB	1.20874696863771	9.23166721634863e-12	3.34335526306228	3.05295283710883	3.72381675959155	4.24824169824504	4.18563901045531
chr8:126035905-126036406	LumB	1.20828447888299	1.24486467838756e-06	2.85026178958562	2.75665356444225	3.24539293796235	3.27014813417431	3.73108729716034
chr5:104289340-104289841	LumB	1.2081560398519	1.4672199033899e-07	2.52252077095468	1.66753899365393	2.29970143712503	2.65263307072203	2.70923980804758
chr3:84896594-84897095	LumB	1.20805412548956	3.27369683998232e-08	2.79998371997335	2.21492270224894	3.16572104942196	3.34683698042689	3.72031123239061
chr11:130452892-130453393	LumB	1.20791827451285	3.92289426021872e-05	3.25353986696701	2.55831979460383	3.61098437205643	4.80456088904723	4.49276596898792
chr3:136720143-136720644	LumB	1.20771734773852	1.16587464746291e-07	3.27528250452702	3.06582558907981	3.1298326456744	3.93409898908939	3.84867148802703
chr2:216678363-216678864	LumB	1.20705437704401	2.04621039630539e-10	3.99900158375873	4.61252422885411	4.19178076761663	4.48260756544274	4.8011647384045
chr8:96803959-96804460	LumB	1.20627703705291	8.83556273807186e-06	3.06757702195398	2.77099980237185	2.90144055139995	3.22825782176044	3.78659435211262
chr17:40578032-40578533	LumB	1.206121155125	1.25452482230919e-09	3.12347935782332	2.96676347101087	3.7723047168854	3.99257498270631	4.18036577096893
chr8:128136334-128136835	LumB	1.20604712514529	1.22630468812451e-08	3.29555929707178	3.19438284763498	3.63144306042166	4.3682353123843	4.45325539386497
chr8:86346351-86346852	LumB	1.20599205180703	5.29619686868177e-11	3.3423641959183	3.21126169372496	3.44655564454078	4.15579711553991	4.42607374781258
chr2:232635288-232635789	LumB	1.20592988561231	7.87514291774704e-08	3.64780298750211	4.56049380007065	4.67356821814055	5.1323542817663	4.99230919482901
chr7:140307273-140307774	LumB	1.20588076318873	2.80029656797221e-06	3.51533145658623	2.95618041488991	4.24930394643016	4.18497416791719	4.22046972322643
chr11:82006133-82006634	LumB	1.20573865535565	0.0052003642429872	2.45353787576427	1.92850733577739	2.82410877626905	3.55180362420907	3.7581554549596
chr17:28922962-28923463	LumB	1.20559282827621	1.27838701936568e-09	3.57405340772048	3.38179234100159	4.51606441441969	4.60931401312727	4.65658813685057
chr14:80588036-80588537	LumB	1.20519453024307	1.16065121017414e-05	3.32115090419606	2.73664301152089	5.12750903143653	4.5903749715977	4.70150447372708
chr1:211183151-211183652	LumB	1.2051265157887	1.45578197653729e-07	3.17404337487234	3.2126316680492	3.32522986745749	4.12857234575296	4.21430640321301
chr15:25450109-25450610	LumB	1.20491485667553	3.5354928023228e-05	2.80088114987678	2.25281920727081	3.63484135243964	4.35584859171322	4.04471223109928
chr12:82458000-82458501	LumB	1.20458269886004	8.00225381510777e-05	2.99727243912203	4.63298984080645	4.40603146119568	3.48280120925185	3.97062877523683
chr8:58136172-58136673	LumB	1.20457633043359	1.35593503965831e-07	3.39087062774352	3.47055088238952	3.80081174044419	4.42766441846081	4.47798412320553
chr2:172956101-172956602	LumB	1.20435584197505	1.23914175009207e-05	3.19800586965625	4.87246579968669	5.3836243895988	4.57495124877093	4.55892016860141
chr5:136494750-136495251	LumB	1.20429349185849	0.000357710272064845	2.59802145086603	1.24340951593423	3.71633795352347	3.92386421499825	3.8296805099783
chr6:53111374-53111875	LumB	1.2040386524638	9.45929440554509e-07	4.1019188566872	4.41453556562639	5.59437705839333	5.30774354048296	5.41936219789765
chr6:53278474-53278975	LumB	1.20400386631585	3.86200203959066e-10	3.68027709484044	3.49156316891634	4.88328543057476	4.96585092258529	4.87517809691266
chr2:237535989-237536490	LumB	1.20399679939577	1.44309577697364e-11	3.81039292219507	3.04846658397929	4.65483907213852	4.58460445104633	5.06598376136873
chr8:18338200-18338701	LumB	1.20398653727988	2.081946019208e-06	2.58756575381935	1.9465819258661	3.41476752329215	3.53172236129891	3.4206375572416
chr8:101468515-101469016	LumB	1.20396138968138	5.13097282843289e-07	2.9977916399556	3.40763500092091	4.313097970389	3.75445933238353	4.21250772567581
chr8:120079459-120079960	LumB	1.20395758326008	5.43218099739435e-08	3.55720331357476	4.07104731391908	4.00323224510856	4.51516601944146	4.68073523839955
chr8:100735540-100736041	LumB	1.20305628878248	1.29716738322424e-09	3.29136847905465	3.84739657833674	5.21125610856639	4.07731727315507	4.44041049664243
chr11:49938554-49939055	LumB	1.20282440996983	7.3409503669319e-07	2.82986787656608	2.26037045478621	3.70694350097401	4.19535269950471	3.77581586393007
chr16:28923342-28923843	LumB	1.20258553298824	9.0390007521231e-06	4.95975789394137	5.23563068433554	6.78207827724338	6.2425044285682	6.41895956943801
chr12:69419051-69419552	LumB	1.20249051564067	4.32279563325632e-10	3.02424828237874	2.69337842519557	3.37102996507486	3.75814935110277	4.10487748815825
chr11:91607567-91608068	LumB	1.20245088094496	0.000585584755509162	2.91732574525038	2.71224809477222	5.33262135849144	4.36496324996096	4.19718007845485
chr18:36137007-36137508	LumB	1.2020576400373	1.38666945042902e-11	2.79310195232585	2.81255063471173	2.50244664060228	3.6599390461538	3.6637273087444
chr19:10584481-10584982	LumB	1.20201177844371	2.58818459201202e-11	3.25962377144566	3.89766566305663	4.32139662796158	4.57734048965105	4.38487254848932
chr17:39501802-39502303	LumB	1.20179310022831	9.77147879919934e-10	2.96959056845113	2.7523040611777	4.06759043149756	2.92844210707043	3.3115291134378
chr6:75841947-75842448	LumB	1.20167007509314	1.90156299882192e-09	3.31525220646753	3.44088482186994	4.34250401744332	4.43810741036345	4.45674739535473
chr11:70249340-70249841	LumB	1.20126370552286	8.44105809720139e-09	3.45070704547097	4.17462175984166	4.31697140306885	4.20541414132987	4.51927114778008
chr1:225703867-225704368	LumB	1.20117429689955	3.09613288185719e-10	3.19279333254798	3.85592353619787	4.4167915368956	4.26099749805198	4.40460797418009
chr1:204567567-204568068	LumB	1.20098761131537	4.57778297375996e-09	3.76347575275664	5.01677894103774	5.17737113390828	4.99360911194413	5.05044105158664
chr20:50824919-50825420	LumB	1.20096455710361	1.92372229885962e-09	3.95656829626491	3.61098906732162	5.68551070920887	5.04962242687466	5.22989293072785
chr10:124104001-124104502	LumB	1.20085748090172	5.21907229233579e-08	4.14080632578539	4.15738820468057	6.19867569141604	5.33069598655858	5.49744622125242
chr1:201082299-201082800	LumB	1.20070526467308	0.000147306235511959	3.18063270840726	3.08366561152948	5.04845069567461	4.16848478536576	4.33104961598405
chr18:13164926-13165427	LumB	1.20042963705161	1.84781424247084e-05	2.92832306469546	3.85388227290372	3.82829935011799	3.37570147378204	3.67317234240096
chr12:69565466-69565967	LumB	1.20027225122085	1.24984707930122e-11	3.28559212440466	2.83424644165482	3.78699955140814	3.74721804360185	4.15050523872695
chr8:91534321-91534822	LumB	1.20018074144063	5.94545802300324e-07	2.63105535465339	2.3973979722775	3.74114934463613	3.15290888283963	3.5278358711055
chr17:48520748-48521249	LumB	1.19989392665252	8.25609544929705e-05	3.22714928724781	2.66655985651288	5.73945456136747	4.71389636432959	4.66978512119061
chr17:40581053-40581554	LumB	1.19988055887639	1.35474119473202e-07	3.70426454638647	3.76160442062246	4.46489091088077	4.84332124899878	5.00877548057525
chr4:95054029-95054530	LumB	1.19976257046001	2.19517547096093e-05	2.70215199380058	2.23551791190039	2.31390634956376	3.37860759780702	3.47594268365654
chr3:85846121-85846622	LumB	1.19946951322271	6.37826777978216e-09	2.88275184645854	2.5968476509281	3.05314013164577	3.60079987694045	3.66391592432202
chr13:81318043-81318544	LumB	1.19945650506063	2.19937369779254e-07	2.97699517942985	2.66291583556091	4.5573222348061	3.66861563973717	3.64540905416343
chr1:234958918-234959419	LumB	1.19933425967177	7.39803232718196e-06	5.58036111764508	5.39518578654945	6.7977875216743	6.90992936005481	7.02269813864692
chr11:134023221-134023722	LumB	1.19915439071493	2.44027323773255e-05	3.24623847946082	2.6581079513987	4.36331128742514	4.53812319632505	4.19948760869909
chr10:77124198-77124699	LumB	1.19914992014769	9.70823072030315e-08	3.05772716145301	2.76112578174547	4.15450386765781	4.4017133994773	4.27549878802893
chr11:120551674-120552175	LumB	1.19868400084392	2.03501586444914e-08	3.09504065037252	2.75233769922682	3.63488306045432	3.66394578844935	4.00612543114681
chr8:128092713-128093214	LumB	1.19866973722779	1.2263961884924e-09	3.5189109432137	4.10348458230205	3.96836643992766	4.31423410553503	4.55114741958917
chr3:89543482-89543983	LumB	1.1986426604639	4.94358171919088e-05	2.23996921201898	1.88933939895793	3.21624260848295	2.8785271442997	3.37796467448747
chr6:55735275-55735776	LumB	1.19843110012375	5.61670804245512e-10	2.84090529909398	3.26572115803268	4.0572984983213	3.48804007735331	3.81087467652812
chr3:144383614-144384115	LumB	1.1983557198233	3.0126863803816e-07	2.69273240321842	2.43224973053876	3.85445176175965	3.42900069517005	3.62159611046248
chr8:54091764-54092265	LumB	1.19803777152687	3.9298873306206e-08	3.467751056294	3.70825497468872	4.56154477013481	3.93837980568708	4.5124385192642
chr19:47649538-47650039	LumB	1.19800375413462	1.0365287160549e-11	3.70610735318613	3.43297202842098	4.48011647391903	4.5312544689935	4.83166839591717
chr3:149023251-149023752	LumB	1.19799723944208	2.46507945552331e-08	3.39464435862408	3.74399150450363	5.13912828127066	4.46685173141117	4.54009727280903
chr8:37597689-37598190	LumB	1.19785120627503	7.10372937443447e-05	4.19827645306719	3.74343260339265	5.1183174818458	5.5359423965134	5.50839594952988
chr2:232624952-232625453	LumB	1.19778937409244	3.87927559642788e-07	3.34302306554195	4.38028729831717	4.99219272289764	4.46923038478103	4.66720383400551
chr17:47674026-47674527	LumB	1.19761285702921	1.04753849002003e-08	3.27763381092675	2.99834019631548	4.06060472091865	4.06124419934111	4.34318689613477
chr8:127774089-127774590	LumB	1.19741728774448	9.33802281722572e-08	3.08439432533837	3.38251527430346	3.42482771963788	4.39924340316872	4.22766438128462
chr17:45897359-45897860	LumB	1.19738445078222	1.84278228532341e-06	4.01543174410123	4.06969630731531	4.31096762096113	5.51476838975066	5.34959226900516
chr3:85771930-85772431	LumB	1.19731038423467	9.60195716033839e-08	2.40494813713458	2.17534386688274	2.19022315956638	2.71604587559642	2.9737614127332
chr8:128259542-128260043	LumB	1.19701537224364	4.66250180290869e-08	2.72095572346787	2.54470806510732	2.83168787379305	3.52818143467597	3.74340145524555
chr2:239768801-239769302	LumB	1.19632536992407	8.4762696359218e-05	3.36285399550472	3.36787572155151	4.98474225215361	5.01194661743515	4.65393523771793
chr4:95093330-95093831	LumB	1.19627055708265	0.000840376583966489	2.86644459462036	2.30300132551917	3.04146250403967	3.45134153629508	3.80723208319624
chr10:19209250-19209751	LumB	1.19589486569349	3.33125870433437e-08	2.83988152937999	2.78028267581925	3.2585674771035	3.56665356069815	3.56176818592079
chr1:207850172-207850673	LumB	1.19571071429046	1.02855957956386e-12	4.27527847541739	4.29078265581942	5.85386321700438	5.25295929437144	5.43093042931494
chr2:133566158-133566659	LumB	1.1957058872146	3.33635555757982e-05	3.92496920795821	3.78499081617979	5.08697351709724	5.04018687385309	5.31440868729467
chr5:66887137-66887638	LumB	1.19559921611588	5.34153191062661e-08	3.30580869964287	2.43723462979349	3.99434718127104	4.5246103273052	4.37482631670544
chr16:14107567-14108068	LumB	1.19540563375563	5.75479536486726e-15	3.97741174492382	3.74611367565015	4.57140574419374	4.51519511907988	4.9818861227866
chr5:122849153-122849654	LumB	1.19539400014051	2.24125332633811e-12	3.80894476867955	3.46433657475307	3.82114439764255	4.88322244449287	4.9239810182372
chr1:175913159-175913660	LumB	1.19536976204363	1.00784926003587e-05	2.8681161700037	3.39621793097378	4.45641167251979	3.63234727490444	3.94941100283977
chr4:75546890-75547391	LumB	1.19516674976171	1.66313315157034e-09	3.37994117133969	3.60419911609324	4.27577540561404	4.22358100997209	4.47978338114447
chr17:68308682-68309183	LumB	1.19498232776612	6.05301157434622e-14	3.72031204927692	3.48451931046973	4.53285096547653	4.15164104113603	4.77545750500635
chr8:115966446-115966947	LumB	1.19486747511244	5.46341263209525e-05	3.07917431638891	3.96976120049454	4.57614218941214	4.48644404999649	4.32768118635116
chr21:36508352-36508853	LumB	1.19474797728785	1.49814023694184e-05	3.92468809877915	4.46878012273035	5.47404269399417	5.27397325572812	5.45408870629107
chr8:127869165-127869666	LumB	1.19468540408562	2.77209566114634e-10	3.58920404290726	3.62313145810199	4.38962688760986	4.50117952105926	4.71355895986837
chr8:93275184-93275685	LumB	1.19465843526869	5.68674951707675e-07	2.74062082521364	2.42814957436406	3.93912759123573	3.7018666314922	3.76036433849915
chr15:46504459-46504960	LumB	1.19463475578205	4.0823821376507e-07	2.57619406899331	1.93736493999603	2.8227958747405	3.61261720665065	3.31985185823985
chr15:61561081-61561582	LumB	1.19461397722435	1.20616099639008e-05	2.66172194466054	2.16832733847732	3.51243519757881	4.25589328519359	3.96883663923545
chr2:237552869-237553370	LumB	1.19452842988663	2.17718267362829e-10	3.81534494283347	2.82951859428089	4.52176940866293	4.42867890845754	4.9354391672591
chr13:31090049-31090550	LumB	1.19451851339118	1.4143446345602e-05	3.5422748181188	3.80178707020391	5.03525580045988	4.87955741749704	4.78773344980418
chr1:36490184-36490685	LumB	1.19447576566138	3.27299673784875e-07	3.03977760135783	3.07348750924449	3.90664872932013	4.67535528088867	4.32127026627502
chr14:105995228-105995729	LumB	1.19434501449448	2.45423056600234e-05	2.96138859099061	2.27622607313419	4.26810234528533	4.65996179630764	3.91462641542682
chr17:62706815-62707316	LumB	1.19433044410786	1.43180448571604e-14	3.9763908599571	3.8418543399411	4.49454049928354	4.16060922279298	4.99785878244929
chr11:69648598-69649099	LumB	1.19406776161705	2.8273069959102e-09	4.6885247992745	4.78783347535489	5.06632542544956	5.23755958607005	5.66143087172666
chr8:40404228-40404729	LumB	1.19391666038606	1.59234837718901e-07	2.81045788700095	2.58804813947112	3.59444833985683	3.66736221491352	3.89220788302471
chr17:59867654-59868155	LumB	1.19390852990403	1.11539675586552e-10	3.89523378650484	3.96028031790072	4.88770779062107	4.32984520163805	4.95688050073858
chr8:91028126-91028627	LumB	1.19377419106588	5.82031115862317e-06	3.14567517961169	2.69678171699664	4.3791684706002	4.20682333902177	4.18722217084537
chr17:14097676-14098177	LumB	1.1934185466396	2.4414550735432e-05	3.07364525000681	3.62460904479233	4.83135385528602	4.07410141824884	4.34787930659989
chr16:2228903-2229404	LumB	1.19337885865629	1.17323212427586e-15	4.75250612601303	5.22651914059923	5.70782896232517	5.46242998380197	5.84460777054104
chr4:75167702-75168203	LumB	1.19331689627488	4.89380297877207e-07	3.06199456889813	2.55126215789772	4.19131314076055	3.80566092886772	3.94938724487582
chr4:138913266-138913767	LumB	1.19281859481658	1.08642349039242e-05	3.61100316125895	3.51621125942695	5.03503981030922	5.06725255601705	5.13616222348559
chr8:40375897-40376398	LumB	1.19273932775702	7.4328598414299e-08	3.08089203710938	2.62669950473767	3.98940329180826	3.9729650249764	4.135512273719
chr14:70539283-70539784	LumB	1.19264945816373	7.28892485576988e-05	2.88713156038199	3.12216776720316	4.75325099086233	4.25558275463078	3.97702572005823
chr8:40375386-40375887	LumB	1.1925840280795	3.76193995920063e-07	3.08713539667561	2.61883524242051	4.03850666506965	3.86629215367775	4.22818685563895
chr18:74948752-74949253	LumB	1.19225939891101	7.19221185513848e-05	2.74411282608814	2.49835398434023	3.63129028836797	4.00501077947973	3.95833489858528
chr7:38886275-38886776	LumB	1.19218906017715	6.26303783989568e-07	3.67994733626356	3.39879072662454	3.96344309554611	3.60407009242295	4.17831628630231
chr10:125626142-125626643	LumB	1.19217472521409	0.000227687415894365	3.4605350829121	3.29129219927195	5.17283197115852	5.10996821712399	4.99628850730063
chr5:106465379-106465880	LumB	1.19204934588625	8.61630079676216e-05	2.78320901739715	2.31043472045137	3.7017514212358	4.03238643187112	4.1646503975732
chr14:77677372-77677873	LumB	1.19186262593254	2.27138390703693e-10	2.97246642743547	2.4050006418066	3.66876042032477	4.25693603633672	4.07747941390203
chr1:109879305-109879806	LumB	1.19161255336796	7.78316509840067e-13	3.52102163315695	3.83045785063767	3.72199208284161	4.56728703381733	4.52893272803485
chr17:50311004-50311505	LumB	1.19116189858391	7.40927889534138e-11	3.50192221955426	3.52794012484818	4.91864538249776	4.11434094191223	4.42712068154822
chr5:96455760-96456261	LumB	1.1910956461078	3.54322200204368e-08	2.80358019569467	1.97437878050855	2.67955993288816	4.30666282515388	3.853315070087
chr8:95738785-95739286	LumB	1.19094928195642	1.54244510301398e-07	2.85677941114589	2.73383045024572	4.09848085402122	3.31501225084541	3.86390659015173
chr14:98249378-98249879	LumB	1.19087342929756	6.34494306521703e-05	2.98711377610808	2.05063465631915	4.68297666023307	4.3917972284328	4.04024925994361
chr3:193919740-193920241	LumB	1.19055261353372	1.04025237128736e-08	3.65270915263908	3.56542106383151	4.70395516997536	4.58500671670321	4.92529987381715
chr7:40976956-40977457	LumB	1.19054367552874	0.000107334598290139	3.24115997356777	2.72037492414799	4.75709919460981	4.80352502080569	4.61820731488277
chr5:172908595-172909096	LumB	1.19033918236526	1.02997112748987e-09	4.19313163032399	3.84753754591595	4.47710638408998	4.52562139027333	5.0056957797641
chr8:128210841-128211342	LumB	1.19019458264982	8.71143810862663e-08	2.94308143012347	3.2034214966914	3.27115718076362	3.95263712353388	4.02470289064694
chr5:87850746-87851247	LumB	1.19014017630692	3.33365964511568e-06	3.0253220833472	2.39508893779135	3.08210056204903	3.7552485734073	4.10421767606334
chr14:38432115-38432616	LumB	1.19004192077222	0.000776107922042577	2.21214163288387	1.44968333471928	2.94092316375663	3.50930551940721	3.64951953995688
chr10:8868153-8868654	LumB	1.18999771801951	1.2153183853569e-08	2.86139858486227	2.89306897214234	3.51646996911594	3.46517401015954	3.92440071658595
chr10:93444109-93444610	LumB	1.18993383756729	5.70329392319482e-08	4.69155735585212	4.03503508892779	5.94216264662634	5.69130332182458	6.00130099476279
chr7:110279651-110280152	LumB	1.18966452060482	8.02233250738203e-06	2.83157230539807	2.51414917156666	4.65746261785236	3.22363265027665	3.78647411640636
chr20:51161275-51161776	LumB	1.18953789325403	5.0056136317068e-06	3.1134713299616	3.54171657151009	5.1268774861866	3.40800687705838	4.12301620203305
chr4:10492392-10492893	LumB	1.18935603787138	0.00318989228625307	3.19788215705595	2.38803097024684	4.33466392211732	3.39869151231993	4.27176961609007
chr10:125524424-125524925	LumB	1.1890006761426	0.000291024871468524	2.67166279227954	3.58396090010659	4.34812349889945	3.91196875897022	3.72672064898858
chr2:122680427-122680928	LumB	1.18895360497873	1.48025732577755e-06	2.83554879776081	2.34962757728218	3.4237632785654	3.94017926258611	4.02677579246717
chr8:116946838-116947339	LumB	1.18889525975317	7.46193931020313e-06	3.27962219823677	4.12179141180832	4.31118272323903	4.00469333279363	4.19773496217989
chr16:48249919-48250420	LumB	1.18887738989741	2.04087889662633e-10	3.40867341368362	3.17321168520788	4.88105304965507	4.43781624293884	4.53053252995042
chr17:68377246-68377747	LumB	1.18884018129088	2.411117440477e-07	4.13052263415815	3.73142109965894	5.05358922876984	5.26095500654284	5.49024921701642
chr20:57002113-57002614	LumB	1.18875555374348	1.77780696236658e-07	3.23465295517707	3.96668921902598	3.88216158236357	3.35845610920824	3.83421492584369
chr13:54128072-54128573	LumB	1.18857800567189	4.63555486991164e-06	2.98937477709238	2.37190012779277	4.60754716341014	4.14205649942308	4.13822983011684
chr1:167591777-167592278	LumB	1.1885595054115	5.66204466582146e-07	2.96675101886396	3.27367170832495	3.84712083767301	4.1428116583463	3.93424615383416
chr18:24254091-24254592	LumB	1.18839347684834	1.0563714893813e-07	2.57837091142356	2.86348957905728	3.11590945584399	3.57645278253927	3.51619238640596
chr18:23604101-23604602	LumB	1.18831721703348	1.0818821583296e-08	3.17575869907672	3.29600334869108	3.56358040296351	4.03927882742463	4.16293998575124
chr2:140473821-140474322	LumB	1.18816246761369	3.62730877394981e-06	2.88467532549166	2.08441242169721	3.97629835346072	4.31829650112351	3.78225872213316
chr8:123074606-123075107	LumB	1.18789429318852	3.07017039402473e-07	3.767230072933	3.59976533316569	5.29736371093521	4.68664033388844	4.98220229984641
chr7:99981056-99981557	LumB	1.18752419101682	5.55324095486832e-05	3.85941690293265	4.03538631204936	5.30421848110237	5.2507843032675	5.35693283330413
chr16:62723999-62724500	LumB	1.18742063478518	9.00961610426414e-07	3.12117914357167	2.95096958198334	4.33281266449707	4.61937575244527	4.13696174662299
chr7:120720947-120721448	LumB	1.18728789836516	3.58529567778519e-05	2.73357130402249	2.33923600666036	2.78777485345951	3.78509309507362	3.59147186510829
chr2:83085637-83086138	LumB	1.18699079276222	2.05397807047741e-07	2.59463178547264	2.32355540146731	3.56089918571512	2.95520191795268	3.31813602177676
chr14:29078570-29079071	LumB	1.18693826970429	1.15396944705397e-07	2.94158668927285	2.50324064290769	3.18472905080878	4.11782480414431	3.88139700084026
chr18:13826565-13827066	LumB	1.18683333321854	4.17074371574828e-05	3.34990297815076	3.22408889652369	5.39737323591988	4.3377102465498	4.56378232251707
chr17:79486991-79487492	LumB	1.18654982115667	6.7029051654462e-10	3.11065162059221	2.79812323389241	3.31551906851122	3.27721890815582	3.79957659828323
chr1:241588592-241589093	LumB	1.18587449670832	1.9330239637454e-06	3.3130503222447	4.10746640583791	4.94674665056111	4.62229483911688	4.4335729314031
chr1:108033485-108033986	LumB	1.18583620863782	1.6118507379191e-05	2.78048285647177	2.85179307764707	4.2712680985201	4.01933249413818	3.9723688772812
chr17:57411792-57412293	LumB	1.18571712323336	4.46708918003351e-13	3.96993000220374	3.74758575561637	4.13667112552278	3.78429717458339	4.83942879750623
chr18:13247631-13248132	LumB	1.18522236574106	1.72309685605491e-07	3.20474068305522	3.45378052314776	3.81252686035486	3.92407332475696	4.28433134478469
chr17:44019404-44019905	LumB	1.18496806646999	2.99851350009627e-06	3.58440093745906	3.16495079531997	3.38131312527867	4.75177400436216	4.76886447920706
chr5:175637290-175637791	LumB	1.18488829959446	6.89432447962745e-09	2.63578861476027	2.85198765593529	2.63611712908778	2.77867432795409	3.31153413220045
chr8:37140082-37140583	LumB	1.18482115663672	1.2911344080678e-06	2.45218142163587	2.20823089238197	2.70674586553784	2.98392274095318	3.00927419935324
chr1:36330825-36331326	LumB	1.18475552243949	6.81478351402405e-11	3.67957399101592	3.35728427751141	4.46164101220855	5.35963601955461	4.86896972223324
chr16:19140921-19141422	LumB	1.18444986840706	1.5055657515627e-06	3.54225093795835	3.63346023849304	4.85660257261626	5.04619566867775	4.71347234354875
chr10:125600702-125601203	LumB	1.18420499546856	5.30453141172444e-06	2.61550686184387	2.62002104159414	4.27241111466498	3.8617116112744	3.76388578333556
chr8:116358102-116358603	LumB	1.18418208314225	1.20029090112825e-05	2.47920449490639	2.58974730348218	2.9740394531255	3.5318159770636	3.51799962020748
chr20:43977234-43977735	LumB	1.18384752586138	4.91295594437633e-06	3.05791410055321	2.32495234828784	4.34286632361522	4.0342973990872	4.06172239590104
chr10:37942194-37942695	LumB	1.18327846482672	6.82351247175149e-08	3.32839746617422	3.30604586340862	4.32667334662175	4.3650352911786	4.36455705786513
chr8:80082288-80082789	LumB	1.18308432668915	2.51423808830114e-06	4.63976969764343	5.51339566207264	6.31420887109471	5.50790593477529	5.9585570075211
chr8:120389836-120390337	LumB	1.182941389932	1.49867946911582e-05	3.32812890889525	3.24576726306891	4.2770061825738	4.27346966341386	4.36396058522089
chr17:39518056-39518557	LumB	1.18261807851544	1.83286085848304e-09	3.18595323328236	3.2835413880747	4.43622818656177	2.90991002774037	3.69297278619247
chr8:124479314-124479815	LumB	1.1824916157539	2.11050752719303e-07	4.30985873840872	4.71259611559802	5.29564390322718	4.96336539528238	5.51401470135826
chr5:58144266-58144767	LumB	1.18229178037903	1.93219338127004e-05	2.38332954767857	1.62499388412474	3.75174720151996	3.60376818578606	3.49987215360493
chr7:109599640-109600141	LumB	1.1819004213163	1.98896003854686e-05	2.90707787456568	2.65374932487787	4.30258319699795	4.08015265828821	4.21373262307342
chr12:69544251-69544752	LumB	1.18157582098058	3.03709524327001e-11	2.99784853672642	2.60683865269729	3.39356418203216	3.39233725449242	3.89551281149967
chr5:171039682-171040183	LumB	1.18145868514386	0.000330399397343898	2.47600108039579	2.24064876104748	3.74834976405902	3.73472419047024	3.83111142813822
chr1:210371506-210372007	LumB	1.18105390471976	5.60897068117073e-07	3.49258357524713	3.87370102892434	4.06574935579662	4.84229774353153	4.87304439810045
chr2:109406858-109407359	LumB	1.18103335927514	1.48000797293828e-09	3.53605133169589	3.69636634501744	4.54475089679153	4.4731330894905	4.61297180160822
chr16:9040698-9041199	LumB	1.18059026926545	0.00141801996646475	3.02364718960234	4.37746918414642	5.06980390441596	4.5973834938822	4.53494525778714
chr3:61076748-61077249	LumB	1.18031819116755	1.86142044871444e-05	2.57852144024786	2.11467518701935	3.0148674324904	4.01396576873135	3.81247299052587
chr15:49074025-49074526	LumB	1.18022289335736	0.000815113337744871	2.60190285765603	2.6015849722729	4.96211181269737	4.12261113695494	4.03981063950561
chr20:56736212-56736713	LumB	1.17997373784344	2.96314891421886e-06	3.05647868007949	3.24631310729263	4.60597273974935	4.28773847769078	4.30183014080056
chr17:29910223-29910724	LumB	1.17993789345276	4.7027887398255e-07	3.16012333039738	2.41871224608534	4.30201957266399	3.92817515239575	4.14277612344699
chr9:100848183-100848684	LumB	1.17985924740498	3.36713331353838e-06	2.66162393247909	2.3271514225525	3.10575108700208	3.49700859021234	3.56903469962316
chr16:20074293-20074794	LumB	1.17983968117197	1.46758056720372e-06	3.13279490497799	2.77661007894751	3.11330570681589	3.73047982785392	4.0901289415701
chr16:65479983-65480484	LumB	1.17967659903135	6.14754343848995e-06	2.96232287062713	2.56919356923268	4.8221281607226	4.42352198908448	3.95798073091415
chr1:175305174-175305675	LumB	1.17957175781053	5.13619456822462e-08	3.01435821025625	3.26838047045956	4.01059601955116	3.73033080844651	3.93233112922925
chr5:113950653-113951154	LumB	1.17955890249578	0.00071601901103172	2.95767631114916	2.34728753676763	4.06747517980005	4.71263851354428	4.56281912018199
chr17:74771956-74772457	LumB	1.17934148292592	1.10394558274523e-12	4.79630940516733	5.05665840576383	5.36300414691377	4.96799898140032	5.78708114382006
chr2:213266424-213266925	LumB	1.17911540953664	1.00404936059867e-06	3.19860036496754	2.96693484895298	3.06552064722351	3.42346069940989	3.91660838596048
chr2:227648843-227649344	LumB	1.17888520776014	7.51586409161906e-06	3.0605483437462	3.27317540915354	3.51363265139212	4.29597467745212	4.21291960864144
chr5:37206097-37206598	LumB	1.17878507147991	3.59095758552585e-08	2.89930507270357	2.70816855423218	2.85230739373475	3.71675827017875	3.53915238583694
chr5:35231010-35231511	LumB	1.17864809660338	1.32492646939645e-05	3.94382576769579	5.25816671058973	5.38707355453259	5.17388335534068	5.35763141772856
chr12:51470024-51470525	LumB	1.17847087434862	2.40497975584002e-06	3.01319281695909	1.95485927874613	3.99473921597464	3.86863326299759	4.19414209776738
chr5:145902369-145902870	LumB	1.17824009420529	5.86621695118139e-05	3.14978644951729	2.56439947049094	4.49116794462562	4.48420570485739	4.55093153952614
chr17:39522718-39523219	LumB	1.17787931700425	8.47146581217735e-11	3.29364521599678	3.1084087349423	4.30618293545934	3.2574769084078	3.81976410659104
chr17:36191048-36191549	LumB	1.1777152775525	1.8922755400308e-06	3.33666029613087	3.09294032034275	4.5819622137772	4.18689559217684	4.48093206498581
chr4:68462643-68463144	LumB	1.1776073856599	2.15272848570752e-06	3.25211746428542	2.43630868945689	4.16724783942887	4.80860278242202	4.35273375014645
chr1:234655438-234655939	LumB	1.17759984793731	3.87847470953981e-07	4.26474402986665	4.85755499680828	4.8577362235403	5.03320918650487	5.16516402935607
chr6:142725823-142726324	LumB	1.17738707999436	0.000207321893144447	3.05322832629482	3.03432192119507	4.91032257525276	4.66490358555999	4.45207910025405
chr18:28728213-28728714	LumB	1.17736280204915	0.000105298203114256	2.3641000964911	1.76211806817234	2.72239915442148	3.56303997843743	3.40844128859434
chr8:86541387-86541888	LumB	1.17718883972033	8.99910717251334e-10	2.88515456070407	3.00533851098344	3.24281486479073	3.89276415438682	4.01549800270269
chr17:55154746-55155247	LumB	1.17702612710514	0.00137574814747645	2.65086121108222	1.88347089266236	4.03897438143744	3.48914549065152	3.88877634206816
chr16:1685788-1686289	LumB	1.17695102275415	9.52638061901999e-08	3.44359744955662	3.45539251981944	4.03550069805987	4.49408554186313	4.70037505938627
chr3:50598198-50598699	LumB	1.17644383334323	1.2838107455311e-11	3.87233091871849	3.79448715609453	5.05312755142556	4.91936772979556	4.98147869653663
chr8:37595867-37596368	LumB	1.17640455346032	2.55494386409948e-07	3.84129621313015	3.85423095823387	4.42818628043088	4.86429607013212	4.81990850613123
chr8:40290429-40290930	LumB	1.17639463021554	2.17491834932093e-06	2.52495845182573	2.52121205240327	2.87534046179631	3.38975225566279	3.29318111751761
chr6:10417591-10418092	LumB	1.17624172488802	0.000345051099853616	4.04697524062251	6.63685312792368	6.23444383947567	5.73927535398219	5.75690117689896
chr12:120047613-120048114	LumB	1.17577109989204	8.89500541828465e-06	2.97551450275522	2.00953562272022	4.50936359215091	4.15643446016539	4.22171604991883
chr2:72329912-72330413	LumB	1.17571924429692	2.17228208374361e-05	2.80111309754987	2.44977194584136	4.39933674496994	4.52909323751221	4.06358564712267
chr13:107761764-107762265	LumB	1.17536013641085	5.74032664429834e-05	2.85579734987434	2.21703174354909	2.4916284558641	4.07139040423645	3.64044143638714
chr20:19459325-19459826	LumB	1.17526681879916	1.93728163291349e-08	3.06254467826448	3.41180809774943	3.98579281602798	3.66353756758807	3.89007311641991
chr3:89698182-89698683	LumB	1.17524605126628	5.68674951707675e-07	3.4157468206692	2.82869755139145	4.97441205666476	4.669146192566	4.52732656817599
chr17:73290433-73290934	LumB	1.17499023082722	2.77263137425083e-10	5.33075244529557	6.16521472581955	5.71731965093994	6.0788971546898	6.38547950741013
chr19:57811358-57811859	LumB	1.17497480918187	6.96110687922234e-07	4.14805218617949	3.7407307642327	5.17833746989411	5.38174855407049	5.49458499524515
chr8:125088339-125088840	LumB	1.17489446679637	3.08148451288953e-12	3.77958749590517	4.07582451826729	4.7669933852014	4.46762000094471	4.78000928121484
chr10:8058439-8058940	LumB	1.17472789966254	4.68266056593842e-05	4.2822609059998	5.56582485862812	5.96585379435949	5.80894201403669	5.89485731796281
chr12:69567571-69568072	LumB	1.17466081780394	8.36727845691874e-10	3.53941496418479	2.78175628792857	3.67893912912363	4.16967372804473	4.43796640531702
chr19:45128062-45128563	LumB	1.17432385406846	7.45680140874479e-12	3.74323209702959	3.71094732642346	5.03942480939741	4.11624608993149	4.61083379377235
chr1:232816220-232816721	LumB	1.17424864164532	8.40251909481872e-07	3.00310205248048	3.35360828743035	4.24766545704195	3.69905430258882	3.85341492957235
chr1:221691274-221691775	LumB	1.17406726058048	2.16837968927634e-06	2.88418281077209	2.75905705482681	4.28844818787182	4.2667175507283	4.06625135815927
chr2:100268765-100269266	LumB	1.17401936474743	1.39180299446743e-05	3.47584818662994	2.83180673886434	3.93607149633611	4.20585336713956	4.69628603149875
chr2:197625021-197625522	LumB	1.17400096556366	9.92287258013817e-08	3.27127650459576	3.37997293146493	4.69358505124533	4.14601465233365	4.318318369564
chr20:53236538-53237039	LumB	1.17393045320358	1.34199532700537e-06	2.9710378196542	2.41673323097089	3.38339340927056	4.10618255263438	3.95060445592367
chr6:20210025-20210526	LumB	1.17390806453871	6.47816729429846e-08	4.44837077419191	5.39556983519552	4.46017410338184	5.29586536391752	5.64763276414224
chr1:42467190-42467691	LumB	1.1735250012383	5.89452992320127e-06	3.30766660223325	2.68144215753318	3.81288735193952	4.39980868356386	4.17417947950954
chr8:143872239-143872740	LumB	1.17344589337034	1.53574660197699e-10	4.63004704788739	5.06971247114754	5.53530624199529	5.40312283629768	5.76424425272388
chr11:9127270-9127771	LumB	1.17342150591694	0.000145224069650728	2.58690668987354	1.63525769504707	3.34126081003247	3.9532414058164	3.93636255650371
chr14:100137368-100137869	LumB	1.17301767108929	2.1546204904727e-11	4.25489911135486	4.07991181507855	4.97739286004601	5.31489567222467	5.41238991513075
chr8:73191756-73192257	LumB	1.17301433229955	1.41688032885117e-05	3.58823818461587	3.47068643690306	6.31687097340922	5.09079082616926	4.82883608010356
chr6:167864501-167865002	LumB	1.17300088362928	1.01125636501418e-12	3.32110404373643	3.37023882268036	2.91364257704989	3.36041149983225	3.84313761328249
chr18:2156191-2156692	LumB	1.17294915274675	0.000822512923547261	2.41815128821661	3.58111868371032	3.91228564201569	3.96567166514512	3.59632179227857
chr12:45596876-45597377	LumB	1.17284466374673	2.54730052220907e-07	3.09098505053077	2.53792210898227	3.88405939988194	3.99971933378253	4.39721338682635
chr20:32542565-32543066	LumB	1.17266548155221	1.86501126754043e-11	3.73928463152626	3.54985897731614	3.8991954574186	4.36308391964419	4.63324594884411
chr8:86377378-86377879	LumB	1.17258041770018	2.69493550989746e-07	3.20783694676136	3.19102625607457	3.39899659346119	4.18451806252464	4.26625701982997
chr8:80749254-80749755	LumB	1.17228817189052	8.29149993158728e-14	3.60348234657534	3.78471167410522	4.45073963523497	4.32045734197407	4.59489532195591
chr5:113935400-113935901	LumB	1.17227275570671	5.47306581431358e-05	3.13628843668948	2.4561715587583	3.9622762292786	3.96230463862508	4.20577792359901
chr16:2831104-2831605	LumB	1.17225438996793	9.33610785391344e-09	4.0313804081491	4.70939421801885	4.78745157676889	4.98640232794196	5.05223197937071
chr8:128116607-128117108	LumB	1.17225113458676	9.48156100207336e-07	3.31273407195738	3.88315295237288	3.66321672336302	4.28951339813182	4.42515962682259
chr1:197429674-197430175	LumB	1.17174487141115	7.5088046262349e-06	2.76523033898414	2.6570960540941	3.17125108306752	3.50898912978315	3.85822147427106
chr17:57410840-57411341	LumB	1.17159692389559	1.11929315856554e-15	3.69771734828013	3.16606954082739	3.99387885867578	3.79756860059678	4.52539520863689
chr8:86617975-86618476	LumB	1.17155157253762	2.94393828304722e-08	3.62420562485458	4.26055277361953	4.19333992656102	4.69909673867741	4.64192320975937
chr8:82995794-82996295	LumB	1.17134165888567	0.000211171766029872	3.24125356383368	3.87527816026236	5.04589289840684	4.0879684866121	4.38324058120462
chr4:105710553-105711054	LumB	1.17125132479863	7.7394720330452e-06	3.34588537598617	3.25022138957931	4.64967038170627	5.07718283161671	4.63549241739692
chr12:6086521-6087022	LumB	1.17099841253163	2.59612303272688e-06	3.66408158429468	3.26152648896989	4.69208923214767	4.06438852909414	4.63465640255824
chr7:91416391-91416892	LumB	1.17068638136251	2.38428199756512e-05	2.89993474259697	2.45117373699924	5.00333034048931	4.05986551605968	4.07040305063666
chr6:49553938-49554439	LumB	1.17053380327594	1.61475778766324e-06	3.43358591760814	4.26007289129277	4.4044130052769	4.39592952269537	4.44523960624806
chr7:138222221-138222722	LumB	1.17049577004128	5.24392593403276e-05	2.92358143047446	2.31469033765831	3.79091261819634	3.39416702041791	3.99468029204971
chr12:66649059-66649560	LumB	1.17047040346236	5.95455907732908e-11	2.75798225529657	2.33507508574259	3.28340969122619	3.17909909541378	3.47164878416204
chr6:152003955-152004456	LumB	1.17024709831785	6.29266291802421e-05	2.79797636406096	2.70724396006868	2.81403332383471	3.87040595740032	4.16819173607144
chr12:97158051-97158552	LumB	1.17015767210812	6.82351247175149e-08	2.44164569178202	1.93316138133594	2.50032116876072	2.75366007449183	3.11534984629398
chr2:30756736-30757237	LumB	1.17003774774767	5.55416569626842e-07	3.7657009917226	4.30082929704302	5.82856076183043	4.80516961969935	5.14388666772777
chr20:50869845-50870346	LumB	1.17003054705849	6.70871170126794e-09	3.75850777108212	3.38993872225385	5.39148374585983	4.4585714672694	4.83688516351781
chr12:13045744-13046245	LumB	1.16992391496947	5.76130398195125e-06	3.84993206079842	5.11855445189517	4.80006905350122	4.71543776817026	4.93263072165085
chr11:85206939-85207440	LumB	1.16979925422309	2.46464668786089e-08	2.71259670768022	2.33355655039791	3.07188527278036	3.05298942805005	3.51094746171271
chr8:139821888-139822389	LumB	1.16970315259071	0.000420756081409115	3.86987024871505	5.47853827653477	6.14402138720215	4.23590227723803	4.85642267904229
chr13:23836370-23836871	LumB	1.16959416030745	0.00222737648254496	2.37659351414054	1.62527214908929	4.2207396228993	3.1499937696431	3.89415279055084
chr1:195414463-195414964	LumB	1.1693750268674	6.35015828851667e-07	2.88356737258659	2.60850968152371	3.43161443414787	4.13691358544626	3.79911306971065
chr19:57797792-57798293	LumB	1.16935346804568	7.72841709541098e-11	3.87385765092701	4.10986637921816	4.90797191753844	4.83485931413641	4.98677217481538
chr3:42883320-42883821	LumB	1.16934835600361	1.53461031326913e-07	3.48288789920741	3.22769773005578	4.58964690190537	4.73554886223675	4.75678825011845
chr12:110948007-110948508	LumB	1.16928027412169	9.99546114440697e-05	2.44843884159829	2.12775873470847	4.40828373136042	2.83536965272254	3.44125299348218
chr18:36139219-36139720	LumB	1.16925574381506	6.80637813260688e-05	3.28194530300603	3.43429085650292	3.18604492656549	4.07136137743312	4.33080229156383
chr1:207710530-207711031	LumB	1.16911028474476	1.27800164432122e-09	3.38933821699681	3.17751685563097	3.84007066035805	4.42202337709852	4.40977558752505
chr8:115933070-115933571	LumB	1.16907431532952	6.0959976890411e-07	3.00436905451549	3.36412855449274	4.01768989921873	4.173419348158	4.12679503374714
chr21:46289651-46290152	LumB	1.16888447772537	1.07647103845087e-11	3.64388320608893	3.99560194936792	4.38097704136973	4.44452542061392	4.57583886339309
chr3:8801576-8802077	LumB	1.16869879780293	0.000414139455934349	2.39189073044784	1.87978558393136	4.01355206752	3.64688092292516	3.83592096259749
chr16:19112101-19112602	LumB	1.16859158229755	3.87356699804228e-10	4.46617184290694	4.14336191956689	5.22452593209034	5.54378053770058	5.45554492971496
chr10:74823607-74824108	LumB	1.16835025070884	6.97781820093009e-05	4.82623762929117	4.39355176490871	7.044156873712	6.13104310083838	6.34872528419415
chr6:131716685-131717186	LumB	1.16821291876942	7.10677540705248e-08	3.08542181235663	2.93193823326087	3.81260836875967	3.6955660055923	3.91641234051428
chr6:78022142-78022643	LumB	1.16809676310079	9.90871031659501e-10	2.7909101176379	2.78013592658717	2.58160458224355	3.08651758379681	3.4729365580369
chr12:88686572-88687073	LumB	1.16802562045511	1.42400868603022e-07	2.08989005964191	1.43595275242802	2.39526876302467	2.75151121337923	2.85191172823803
chr17:68425494-68425995	LumB	1.16796824440215	4.32286004467191e-08	3.78022328638689	4.15481234398678	4.9425265257035	4.5665296233207	4.83386804247469
chr20:48225929-48226430	LumB	1.16795124105934	9.73322799558816e-08	3.12597636157698	2.98921451246777	4.35142013972822	4.1946175005945	4.3529873967816
chr11:18694072-18694573	LumB	1.16788793251684	5.33889018018832e-09	3.21520871385909	2.99438019800017	4.9154207105488	4.40660351105925	4.18926506122497
chr19:57816551-57817052	LumB	1.16784748230353	7.33300243670224e-07	4.33302732454459	4.27438521394565	5.22181930477727	4.93324446017736	5.30880835794006
chr3:148777126-148777627	LumB	1.16759392132531	2.66646842452622e-07	2.41446872702913	2.17988280275021	3.3100676472138	3.30560685130946	3.47215871268998
chr20:24990886-24991387	LumB	1.16757854456266	2.58257613991434e-07	4.64327590340112	5.29896651973841	6.16087040907277	5.79937354090111	5.83581853870149
chr9:1453763-1454264	LumB	1.16723475851187	5.32064879166618e-07	3.50223311081796	3.39142347220926	4.00523457319636	5.10846952758128	4.65976852791521
chr3:149286959-149287460	LumB	1.16723030738131	4.09621439743946e-08	3.48466409232322	3.63484222946981	5.38289009338692	4.19714461901789	4.50659438065836
chr5:133872866-133873367	LumB	1.16712779696747	9.26653569361994e-07	2.75161317359368	1.80381635325583	3.9909900343835	3.53657590942977	3.80869756921276
chr10:112440391-112440892	LumB	1.16686931673677	6.29870965586971e-09	3.20438088342648	2.92699469613866	4.13688371958601	3.65822024232414	4.00531140661525
chr2:114320856-114321357	LumB	1.16642387341056	4.96088722971213e-05	2.42251523267791	2.17052124001312	3.48612281133358	3.36476351120839	3.06229459340655
chr3:120794083-120794584	LumB	1.16641735968218	8.36058281204054e-10	3.32856799749447	3.17871712384707	3.88937045050607	4.43635718260339	4.31632642093754
chr8:101491447-101491948	LumB	1.1662451316474	0.00149555976394714	5.21166712938556	7.05287477010131	7.1499181669319	6.60923295144329	6.92339592875282
chr6:53193671-53194172	LumB	1.16588777279942	2.38031333716532e-07	3.32486607090658	3.58638465885654	3.98009294478826	4.48126075143006	4.46832693991412
chr11:11489422-11489923	LumB	1.16574981250103	6.60186690957818e-07	2.84724035753486	2.49767855297636	3.27096398910946	4.21569992981867	3.85858565855027
chr1:178338473-178338974	LumB	1.16538654627709	1.49120050720416e-07	3.32060058151974	3.70189637869257	4.61773884855149	4.13902801397366	4.20484041307724
chr15:73712031-73712532	LumB	1.16533899474744	3.32085640164005e-12	3.82895662623648	3.67422734861706	4.2852227739097	4.13234387679507	4.77962674207439
chr3:131713386-131713887	LumB	1.16523110421318	9.68955725447916e-05	2.86349350375877	2.1208561874499	5.52503576307388	3.43270771854832	4.18899833791327
chr14:37620843-37621344	LumB	1.16492741082893	4.98425058486118e-06	3.20797914609697	3.21846248653862	4.66025753528369	4.62783541332316	4.48267644742238
chr8:117664466-117664967	LumB	1.16467165420085	3.99297871470818e-06	3.06996800787138	2.88175882483725	4.08961146898501	3.46967385674197	4.16993690189774
chr1:178904068-178904569	LumB	1.16450634182938	0.000100950254066977	2.63448866194152	1.81148433037017	3.41794703484835	3.61374441779739	3.73081675122196
chr8:102957983-102958484	LumB	1.1644772701713	7.27029692482425e-05	3.01373348699766	3.21035294963693	4.05929106685975	3.90842536624588	3.96638406602336
chr1:218648149-218648650	LumB	1.16388717478624	1.53303293883677e-05	2.43975476875373	2.2795617674679	3.26586108014942	3.63275612520046	3.63214589267145
chr15:47366083-47366584	LumB	1.16380563435759	2.38866479996829e-09	3.00089177070411	2.49975876835278	2.82677271893679	3.36489051571193	3.52635585494001
chr8:128079566-128080067	LumB	1.16366698794749	1.85255859386527e-09	3.32599855258241	3.54742662043943	3.60437577673243	4.08768147393491	4.34966631849142
chr7:93869976-93870477	LumB	1.16357462842073	0.00180677529222995	3.54465945421982	3.44526367872001	4.71780038299124	4.1719910213136	4.90487762313906
chr4:96561958-96562459	LumB	1.16347916079873	0.00316369067493481	2.8207365094288	2.00587499906359	3.97036491179565	3.84306191685721	4.47323201532359
chr16:1197972-1198473	LumB	1.16345585287422	1.25314950164323e-09	3.91993601852788	3.59375626036483	4.35193486998667	4.41715911583735	4.91469654789373
chr13:95659683-95660184	LumB	1.16344336194118	3.34827183957962e-05	2.85305730595409	2.23892215868236	3.85950607580546	3.73437597920202	3.87073131365286
chr14:94396558-94397059	LumB	1.16341388299856	3.6525010888541e-07	3.78721675130022	3.72251237103766	4.02398229085066	4.52770723065066	4.84222474908797
chr8:37563380-37563881	LumB	1.16329117790362	3.10386070869162e-08	3.59554153430729	3.13564060509199	4.31850287377201	4.56137318975475	4.68641872270128
chr18:36131088-36131589	LumB	1.16327949423486	3.09450391783204e-11	4.32630877411602	4.44497528876763	4.51569967807349	5.15977199985768	5.37070578365886
chr2:215049991-215050492	LumB	1.16325483509102	1.33520105578732e-05	2.55618767348347	2.34351743897321	4.34419167330443	3.87203037506949	3.66077891709585
chr13:70393863-70394364	LumB	1.16314455515001	3.28583661361689e-06	2.81105559720713	2.16401616928688	4.082411278318	3.72332253188064	3.38249139991006
chr10:73695234-73695735	LumB	1.16302245763432	0.000534731473567232	2.24724404311532	2.92231243018223	4.29435015110347	2.57242263543122	3.31234445396241
chr17:39545637-39546138	LumB	1.16292470499234	2.6992248834454e-08	2.8216849768563	2.69531561387252	4.14644308511486	2.99012589493866	3.42309855020757
chr8:42503462-42503963	LumB	1.16282922791689	6.39612727451182e-06	4.27608697182444	4.66576825962883	5.5241790175541	5.55661662091128	5.59980128462832
chr8:82401954-82402455	LumB	1.1627557088637	5.95167283689093e-07	2.32171236593102	2.12070347541628	2.48093342687119	2.85702084623115	2.93841549862863
chr6:7046671-7047172	LumB	1.16264519536907	1.11442212434512e-07	3.6398218626436	3.33470233395103	5.21674115945031	4.44364360851551	4.74210267452661
chr11:130092622-130093123	LumB	1.16241751402063	2.97154341714301e-07	3.429887820592	3.50673916378393	3.71280719429223	3.67048377455407	4.13716517001161
chr10:37468317-37468818	LumB	1.162350190929	0.000117179413557656	3.06712634664326	3.39808523872449	4.08653217277639	4.64408445840681	4.15466996446171
chr2:129140646-129141147	LumB	1.16217713505679	0.000124666209424702	2.36399340624271	2.81717223250467	4.31963849622054	3.58574677787467	3.41602374730277
chr3:149287787-149288288	LumB	1.16202871167895	2.79971339263181e-06	3.88690257951031	4.05054505883937	5.89809164898623	4.44922139862238	4.8856202457923
chr17:68380250-68380751	LumB	1.16189526778915	6.45535791028866e-08	3.95132381285531	3.47896212015316	4.74063459934036	4.90469837042711	5.17712812120097
chr1:162302922-162303423	LumB	1.16179937153634	2.00283220394028e-05	3.2449687856554	3.39793324125681	4.7679499370289	3.76347378885414	4.30583424325094
chr8:117275663-117276164	LumB	1.16176390350105	2.54860876030737e-06	2.80817534821906	2.70374545717442	3.59721648762499	3.20998898448406	3.90569161058172
chr3:8708501-8709002	LumB	1.16155297020087	1.2056026642429e-07	3.43038363204939	2.91931859947782	4.74053763278429	4.52212308938649	4.67439225218218
chr8:87141147-87141648	LumB	1.1615364203641	1.7445024722512e-06	2.46388074578663	2.3529360060729	2.6070650928483	2.91414981491314	3.20008744145032
chr2:138488175-138488676	LumB	1.16140432350272	2.38030112258147e-07	3.10098960867073	3.02337629062258	5.03400164169637	4.42234764731657	4.36631566132534
chr14:69529425-69529926	LumB	1.16137275305908	5.1055463396061e-08	3.46942624332627	3.51080563727289	4.68315842409612	4.89352248566071	4.79352913732286
chr16:4088429-4088930	LumB	1.16121095863051	1.10251618072245e-11	3.55542872124459	3.25461748419259	4.16892769019321	4.50723849786977	4.57330067017508
chr8:33868271-33868772	LumB	1.16095701479166	4.28296909266061e-06	2.78476614937095	2.34581024584014	2.69398515048407	3.7948935550266	3.61971852268014
chr1:176744094-176744595	LumB	1.16095108293227	0.000285740728781948	2.95416833639439	2.49645767641261	4.34599354361998	4.51759779993326	4.42012446332944
chr17:36193239-36193740	LumB	1.16083675314989	8.03277105384175e-06	3.38289647116839	2.965150942559	4.40081891382257	4.27859593948338	4.46298505956122
chr4:8426951-8427452	LumB	1.16075839575546	2.00514961522098e-10	4.65778989648923	5.20117811311661	5.69597362296361	5.76045549627913	5.8026306716473
chr2:64753332-64753833	LumB	1.16066480262135	9.80856284360859e-13	4.19979297567376	4.42058730258229	5.02499125138645	5.40413970580452	5.32178184667243
chr9:98145443-98145944	LumB	1.16040041801174	1.3575988593609e-07	4.75375346805853	5.18182769558996	5.45847625662893	5.89006161512501	6.04723587512245
chr18:39435145-39435646	LumB	1.16024583395185	0.000154140462505589	2.85786246958113	2.74876278385927	3.74761238805872	4.06770442012447	4.04515923992444
chr15:40803033-40803534	LumB	1.16022119816492	2.40464089011859e-06	4.21344480840446	3.8187251676111	5.76596364746313	5.52660386982258	5.6193939636907
chr8:115803574-115804075	LumB	1.15943841318235	4.88495025773937e-05	2.50306344059711	4.40691243920482	3.2956559603232	3.62939192830729	3.67949730364553
chr20:47984262-47984763	LumB	1.15926896065195	4.40466573620872e-06	3.55179831866174	3.28383308134955	4.26298621255475	4.90981735304935	4.86560761910476
chr17:73566141-73566642	LumB	1.15876124868032	0.000196036255273847	3.22371728886467	3.54925515640862	4.32549103918101	3.98389824154029	4.44139650890388
chr2:223189385-223189886	LumB	1.15875367507496	1.14002595698795e-06	3.11247133158877	2.68862435383575	3.95432019866859	4.69358842479766	4.3588440827419
chr8:115662222-115662723	LumB	1.15777066011025	0.000235088898997243	3.47555952201148	5.4978629066834	4.57894267841439	4.98820594221511	4.86738380234474
chr6:155491289-155491790	LumB	1.15774091936062	0.000171574954109401	2.70113991743599	2.01905215123142	4.09708778937415	3.853463193192	3.62323375992915
chr14:45495534-45496035	LumB	1.15735768201367	1.08904964634294e-07	3.0533648368908	2.5138997328466	3.97337557278786	4.14602024420201	4.07160025660577
chr22:28795884-28796385	LumB	1.15725393930572	3.63455609117654e-07	4.4751944795275	4.0585392710246	5.78698162852703	5.51840462065435	5.60758373905148
chr3:27363308-27363809	LumB	1.15704919730481	7.48832210673941e-08	3.40393617417332	2.8494648594713	3.67397028561304	4.34101007421608	4.468387948161
chr22:44569055-44569556	LumB	1.15681059108423	1.10487860921921e-05	3.04770176060893	2.82824731689581	4.6295483806752	3.68507347612944	3.90599635836694
chr17:79835336-79835837	LumB	1.15642448155017	4.90590312537833e-11	5.8289975037184	5.88177821342741	6.57170958160916	6.29005880456571	6.88665795016004
chr4:17149631-17150132	LumB	1.15602673148463	3.97047043210989e-05	2.40155344999801	1.77815461249636	3.84771964641789	3.72145457308363	3.51673530115393
chr8:95301494-95301995	LumB	1.15583086331056	4.40102925843149e-07	3.42214793930835	3.36916894548121	4.74287273808916	4.45364489519808	4.49580608522477
chr5:160640-161141	LumB	1.15533582667703	9.87276143910993e-07	3.25335377243878	3.90896847130691	4.9350751814331	4.91730952029992	4.37459551728917
chr2:72551841-72552342	LumB	1.15526838327238	0.000351246202770534	2.6681929442199	2.29925392953487	3.56261161934077	3.83330689327278	3.93793330707685
chr19:8814091-8814592	LumB	1.15506445266943	0.000193677671155428	2.63627381081668	2.78986699231342	5.81312091473659	3.29666399028972	3.69029304672668
chr4:103930707-103931208	LumB	1.15488620422608	3.32495377483808e-08	2.97244808580867	2.82729526035852	3.77686346202459	3.82469828174147	4.06050073057358
chr22:25841577-25842078	LumB	1.15459449460806	2.41144565211701e-06	3.11186708504971	2.53837210684644	3.62385453885855	3.63191136807319	3.55692298454542
chr1:230837840-230838341	LumB	1.15450658500789	3.65279521586011e-05	3.36368177700604	5.01524792303234	5.87885572109848	4.24515609905548	4.35741734784007
chr11:75289822-75290323	LumB	1.15438443439198	1.69402577514887e-10	3.81809908207282	3.78325938997778	4.7078055474866	5.02469687057243	4.95744043106934
chr14:40367674-40368175	LumB	1.15428890186535	9.17275206981289e-05	2.52552197363009	1.96719162772144	4.95242393469302	3.93318012008009	3.90577740766038
chr19:57802270-57802771	LumB	1.15400666251715	4.21441112116073e-07	4.31190640592322	4.38571659502053	5.38911245355272	5.2049719704128	5.52580885132721
chr8:76935755-76936256	LumB	1.15329037623892	6.75446177762744e-07	2.73514430215789	2.59918746123918	2.79211766063985	3.6491079920583	3.55985858621303
chr7:149840596-149841097	LumB	1.1529958039202	3.96861462128822e-09	4.13662726108163	4.55892902569052	5.7857313337207	5.48672557467462	5.18464128579458
chr3:9295852-9296353	LumB	1.15286948862079	1.65123343857904e-07	2.73270856339587	2.25576054826013	3.71309864687264	3.77000221579001	3.83417872859506
chr19:14069992-14070493	LumB	1.15265117526511	5.47306581431358e-05	4.0962074634795	6.22409358621396	5.49213992936205	5.53587013939009	5.57195251947283
chr8:86544332-86544833	LumB	1.15260428710395	8.26664827286881e-09	2.81865858864443	2.8663119643034	3.14135857126046	3.85886824576448	3.67914808694633
chr17:31566007-31566508	LumB	1.15222384825204	4.91430856322529e-09	4.05502120674103	4.9319242737252	5.33813233107362	5.12311294597381	5.33317796619905
chr8:80751933-80752434	LumB	1.15214732381745	6.21836428121039e-05	3.93347278965283	4.3519854592525	5.50762835892447	5.11650537731926	5.28623489335844
chr2:7791200-7791701	LumB	1.15165467479997	2.53408742535211e-05	3.20226676186509	4.86374151919004	4.86639576856869	4.44480769876354	4.510941417339
chr17:79824262-79824763	LumB	1.15111663141555	4.03558743870262e-15	3.6531856007006	3.71614925786292	4.12881300447149	4.29121428950205	4.55035770833995
chr2:236704132-236704633	LumB	1.15091015618832	1.28661002196931e-08	3.45691840983498	2.85178701854413	3.89759965381546	4.52045986970255	4.67297131630372
chr1:147114252-147114753	LumB	1.15084588651048	0.000206167780827983	2.87299995271628	2.66271671887551	4.61955853709437	3.7817492402728	3.69657447752545
chr9:117390097-117390598	LumB	1.15051145095138	1.26374856999888e-06	2.76100931127483	2.34598901206065	3.37370109304894	3.43887164231914	3.75559146392158
chr2:177394113-177394614	LumB	1.15022844829654	2.1595819293036e-05	4.38937211151468	3.88593328186367	5.96023963502949	5.66311586749981	5.69454255385345
chr1:189719672-189720173	LumB	1.15017438966006	3.87391225438462e-08	2.82785325726299	2.67354219542086	3.04201905618761	3.84394407879783	3.82128615573928
chr8:102618459-102618960	LumB	1.15002381452991	3.54700906294701e-10	3.66793920564254	3.97620177414082	4.5778715184651	4.38067879788025	4.63280369396525
chr2:45991104-45991605	LumB	1.15000985844507	9.01198803055848e-06	4.22224774602915	4.48636185008915	5.93590369746881	5.63745989240183	5.64166152832247
chr18:50133269-50133770	LumB	1.1499677371771	2.16923610253723e-06	3.77949352165062	3.75375672627703	4.91585598097231	5.12054545907652	4.9725061321063
chr8:128207081-128207582	LumB	1.14980363047899	2.19660550097701e-07	2.97581978361657	3.37553560074663	3.70633027593343	3.96112432707058	4.12381209574374
chr5:34234437-34234938	LumB	1.14952172802747	0.000489204198345253	2.81669351522171	2.30724467843627	5.00594597634015	4.2820394795217	4.26214212178012
chr8:115665119-115665620	LumB	1.149517657175	0.000144554207670642	3.9361473114173	5.71656314239272	5.34215727894019	5.1925978657964	5.20637806496647
chr11:15605859-15606360	LumB	1.1494866698583	6.57512904192467e-05	3.55123622634995	2.96632952918333	4.77826281059633	4.25362146637003	4.64364768576478
chr4:786084-786585	LumB	1.14901314253818	1.546514241793e-12	4.810559066449	4.59637488169456	5.19154040005376	5.72487609279669	5.99264493206237
chr18:23985845-23986346	LumB	1.14895492725501	5.62296256867696e-12	3.0710669401432	3.13294225965233	2.96466190299373	3.87721458847302	3.99747306815247
chr1:206899633-206900134	LumB	1.14857316134602	2.13151269525171e-10	3.58830232727033	3.72412062275945	4.21507774712247	4.51929858868078	4.70690571571134
chr18:38127712-38128213	LumB	1.14841455037618	1.05810865403461e-05	2.85236843493915	2.48913767277442	3.45324733193955	3.87206470342957	3.82966690540394
chr7:76051790-76052291	LumB	1.14807007018115	3.96420166975526e-12	4.3905615001891	4.20917962852605	5.8891545758269	5.19150647563769	5.6025744016976
chr5:166915390-166915891	LumB	1.14783436944599	2.92295653683173e-06	3.05316635762286	2.64389677475467	3.47735117506785	3.51577440314903	3.78016484149339
chr12:1050241-1050742	LumB	1.14774287776309	1.44869052433708e-06	3.55575317332949	3.9429110211679	4.31896662999869	4.37756785612268	4.62276152684521
chr12:48024619-48025120	LumB	1.14757189872464	1.00524613103789e-07	3.35292941552984	3.04061783148421	4.2392398329053	4.67589363028784	4.54527975809796
chr1:201282122-201282623	LumB	1.14753747403035	0.000766156642671601	3.95739521469108	4.22956675273137	5.26666535351211	5.68029334107041	5.68808030764598
chr5:34449104-34449605	LumB	1.1475164133166	4.72939611913321e-06	3.5614358803682	3.25484630137039	5.52862433258958	4.79337339330106	4.91751263191272
chr6:127847046-127847547	LumB	1.14735550783669	7.09922843784003e-05	2.64760160397186	2.19991526749176	4.29705122419411	3.95079076676002	3.90224155605755
chr3:60197670-60198171	LumB	1.14713805247448	6.47953124733886e-07	3.0229944035069	4.15612501687614	2.95828408552021	4.02190983770646	3.92888101214378
chr1:49925764-49926265	LumB	1.1470153556859	1.53670122250179e-05	3.01550506761186	3.07959523597419	4.85770880942399	4.06139195402587	4.02461419086895
chr11:18078179-18078680	LumB	1.14681297381167	1.23914175009207e-05	2.59674916168665	2.07395502568836	3.21206293871498	3.7692952116096	3.84014468136723
chr4:140740834-140741335	LumB	1.1467774059172	1.10142094914341e-06	3.40370549493298	2.81963451955928	4.25065758271886	4.70833946002945	4.72880852986906
chr10:101092381-101092882	LumB	1.14667802255573	1.34738144786979e-09	3.58222177056355	3.12632423796724	4.49992552092711	4.49374493771034	4.59193054252569
chr3:187922967-187923468	LumB	1.14580649955069	0.000150648347477398	3.28293976850196	3.36063369009358	4.25965480451897	4.64923749081396	4.62008725639867
chr1:199284505-199285006	LumB	1.14577650876817	3.8254175180977e-07	2.75446025802493	2.70101535100907	2.72414400187243	3.36642138855343	3.4163597113544
chr4:10521266-10521767	LumB	1.14552899937998	6.11556117574336e-05	2.68913016627574	2.37415139304163	3.82581275533056	2.9256410871492	3.38859104437679
chr19:57844796-57845297	LumB	1.14536197904532	3.38445782316081e-14	3.7574494816058	3.65983817019951	4.20836167612505	4.51550708492634	4.68681401619644
chr4:84101658-84102159	LumB	1.14528831151968	8.11295692521844e-07	2.56250920029736	2.06163104243572	2.95792024503287	3.66149315237045	3.69859034755825
chr12:69479216-69479717	LumB	1.14448117891267	1.63328858242388e-10	2.98594768000604	2.24782636178196	3.16408644436523	3.3944456464051	3.68257173042908
chr17:71395887-71396388	LumB	1.14437804726228	0.000108526251118493	1.99032352109874	2.95017529215377	3.62815418528511	2.6333300601277	3.01649837539938
chr19:40808382-40808883	LumB	1.14406558102718	5.50249807652399e-19	5.17052528101807	5.48625021892435	5.2359809906859	5.54072142497075	6.06634088326833
chr6:165468311-165468812	LumB	1.14406433838896	0.0019293589230151	3.07058219162572	2.03016169792781	4.50947550669677	3.97458968513772	4.10705713788166
chr3:6809702-6810203	LumB	1.1440561710544	4.13817116753997e-05	3.11538363308971	2.92135008519741	3.58179396169001	3.97018065321181	4.21351107711118
chr5:141366421-141366922	LumB	1.14391264145193	0.000944543522702779	2.83691557903381	2.43452419769752	3.33910561299678	3.43029880643172	3.82072003343494
chr2:229288887-229289388	LumB	1.14375621633867	4.97772633745759e-06	2.77214030987005	2.89434659294781	4.0384811190274	3.17335625812684	3.51629497221894
chr1:178727825-178728326	LumB	1.14358613009249	1.57793324556263e-06	3.9606429444981	3.26595299791757	4.94590103161217	5.10980948665205	5.16620197027888
chr4:27065289-27065790	LumB	1.14334267494345	1.82261299783052e-06	2.6834523228472	2.13956727141446	3.04590435566563	3.325775601747	3.30644834304374
chr17:6750330-6750831	LumB	1.1432965048586	7.11250334405478e-08	3.0803378136143	2.86055960215884	3.46256289000457	3.92335078688685	3.96805637763159
chr12:88479383-88479884	LumB	1.14319074500957	4.05229721612401e-12	3.23620796051836	2.86718425911648	3.68656845140118	3.51693224486332	4.01478039465598
chr8:62911774-62912275	LumB	1.14301638054678	2.91808031200442e-07	3.10512022772009	3.21300052675026	4.35451362549069	3.83101474121852	3.81728727478419
chr1:151561544-151562045	LumB	1.14275057886825	4.68795053625611e-08	3.9966972954494	4.68230511572231	5.1392866957983	5.0882713548086	5.17418818882856
chr15:69988808-69989309	LumB	1.1427435034792	3.47086934048633e-07	3.29432205672374	2.88398629403526	4.68411936418051	4.86855802817401	4.57378351960242
chr8:99845849-99846350	LumB	1.14274070831092	2.54492585145745e-09	3.26875851924728	3.22065373600579	3.7007343427597	3.90980399886236	4.28255061948277
chr8:37149746-37150247	LumB	1.1426869310126	1.92877618612193e-07	2.36935310079546	2.45522952687488	2.39650401289095	3.33824135347998	3.01194475668934
chr17:39458694-39459195	LumB	1.1426254752623	1.13832378661621e-10	3.84288072991253	3.79867221880872	4.92775186462023	3.53214643318359	4.40264421482143
chr5:174320014-174320515	LumB	1.14248154840882	8.46348614625405e-06	3.09406924561039	2.62294703782161	3.57402880759007	3.51810667464143	3.91288375372396
chr8:37593349-37593850	LumB	1.14235396715641	6.81736498427885e-06	3.87605435044776	3.86056175418175	4.4018312375076	4.96962258058068	4.91521116448647
chr6:109856405-109856906	LumB	1.14228800374555	4.36681707987553e-06	3.16963099744383	3.02840666530288	5.08159822410294	4.39955604682966	4.3844402846453
chr3:45815847-45816348	LumB	1.14222045705043	3.03838413233763e-09	3.74342080635232	4.45139881043969	4.82561127227632	4.78978979195233	4.80468955245865
chr17:57158000-57158501	LumB	1.14219678103035	3.61845313347161e-05	3.31198511121438	3.15933182122626	5.08212831680815	4.1055343354489	4.68360728235287
chr1:200732365-200732866	LumB	1.14205600188231	4.17953081417757e-06	3.16337069719479	3.36360663836312	3.80495704347408	3.90678251232407	4.19022012984827
chr7:99974281-99974782	LumB	1.1417963518712	3.30716263198313e-05	3.66814624401601	4.85188984547171	5.26919034633288	5.07544427838543	5.06156918392025
chr12:78325409-78325910	LumB	1.14174960019276	6.09189059453836e-06	2.97885106920943	2.44837552236691	3.10202019316842	4.10695959945394	3.96948229291344
chr3:139620412-139620913	LumB	1.14151033972967	3.77361812434212e-06	2.98559511632375	2.91592351888726	3.89327023678608	3.49917647693799	3.81666805159016
chr5:34111801-34112302	LumB	1.1414153855757	0.00011211787665696	2.50388934362987	2.17881530927256	4.02592433679097	3.83396847118717	3.63828881894911
chr3:179288784-179289285	LumB	1.14113620539949	1.71461752989534e-06	3.00213955365891	2.76893869192001	3.29633438446563	4.11590351863867	3.84829779441921
chr14:94614636-94615137	LumB	1.14106267778099	6.12814799573659e-06	3.60814226571046	3.98219945206041	3.8921278467425	4.92804229344139	4.94570397010807
chr10:78581051-78581552	LumB	1.14093083735883	4.46259460076689e-05	3.45678652636591	3.31299816205051	6.01870051937448	4.58762174944739	4.6819060938119
chr12:66191681-66192182	LumB	1.14085790707144	1.28599946525702e-05	3.97745038580369	3.43518084912824	4.97097994640172	4.10747424988163	4.61789212924559
chr3:154234150-154234651	LumB	1.1408080319344	4.98440873943726e-07	3.20773206522571	3.2198917396574	4.8147838175425	4.00421300196969	4.28734164939627
chr8:123406054-123406555	LumB	1.14030254546931	1.64448834984565e-06	3.64922871032978	3.73423231672244	4.6130206259632	4.63435074128127	4.87065349692742
chr6:21087117-21087618	LumB	1.14029053243022	6.9409225490372e-11	3.21015857556231	3.80781919025902	3.68950293915458	3.89013031596677	3.89730944041436
chr20:38139073-38139574	LumB	1.14022143615053	1.16327168904376e-07	3.93143427388654	3.87459796174526	5.09070344888827	4.11722031192741	4.72735725383118
chr8:116473973-116474474	LumB	1.14011041653058	2.03219466380576e-09	3.4030408707588	3.99988492440729	4.18935883683956	4.38965115115221	4.35698272328736
chr14:91749736-91750237	LumB	1.14005098529612	0.000343107781562566	3.53888933547016	4.30142771976729	6.37034501215357	4.94601684716986	4.75926836346583
chr11:118397781-118398282	LumB	1.13964026578683	9.92274579633641e-06	3.21300951544313	2.97548816234226	4.14718840188034	4.62468260221006	4.38957276993605
chr1:214216097-214216598	LumB	1.13941318510957	2.30332831805202e-05	3.73693448334123	4.44269290076007	5.4141219871804	4.94124340481094	5.04775122021961
chr1:206863815-206864316	LumB	1.13940394868809	1.44546033090739e-10	3.10974709262886	3.24774303312531	4.040098782147	4.22828998318146	4.09061224277519
chr6:106441039-106441540	LumB	1.13936455500817	2.21825794935285e-05	3.13069794149053	3.20346135995824	3.75739494754972	3.58839643088474	3.57903149419412
chr10:28262485-28262986	LumB	1.13922265721684	5.05135963343605e-05	3.47305143697395	2.88075170720044	4.90329961296122	5.06798769645221	4.80530926622847
chr1:14368751-14369252	LumB	1.13918360844812	3.58548848106261e-05	2.68763928523941	2.83947434142367	3.41460377239042	4.13831317945866	3.42340723572604
chr8:66520811-66521312	LumB	1.13887692047814	1.59005147313178e-10	4.42429847053309	5.46298468107728	4.95710223066118	5.01649724493919	5.42153044651543
chr20:17104626-17105127	LumB	1.13886528263345	9.41098874499019e-08	2.88555449595673	2.41742147645624	3.24250432500256	3.10621737255397	3.402623343562
chr1:41448767-41449268	LumB	1.13855773476479	2.48400569516672e-05	3.85698600009698	5.31229875983371	6.26317764115543	5.32204432335071	5.23835731649285
chr8:37592524-37593025	LumB	1.13852249477468	2.09176359359131e-07	3.53450772867643	3.30317329262383	3.74955581420519	4.26459573150543	4.54991451091885
chr2:76448839-76449340	LumB	1.13838089108587	3.29705681906697e-06	2.97951063311515	2.63686663991611	4.64812088792704	3.75213556073447	4.08690181940774
chr13:43301546-43302047	LumB	1.13835697704943	3.42518372437185e-06	2.59090256436582	2.18229189645919	3.51099960163207	3.93479981746419	3.64115533959268
chr8:86185909-86186410	LumB	1.13789591185537	9.36482307566227e-07	3.14421232488971	3.00250268741246	3.72270204016853	4.28267055868705	4.39167391242144
chr1:155042444-155042945	LumB	1.13763410321111	3.12766183579913e-11	4.43536293622533	4.84980101764503	5.61310130326979	5.32921176886226	5.58821631159407
chr10:22110427-22110928	LumB	1.13743171397196	0.000519460349751094	2.99257177125298	4.87046062836107	5.54889546107387	4.4128112955557	4.5224767695144
chr8:128101170-128101671	LumB	1.13726952193947	1.98436865132552e-09	3.93827829748093	4.42758499924498	4.12768351344118	4.38551191370031	4.92575570557339
chr8:41558573-41559074	LumB	1.13723287065984	2.52846648382652e-06	2.23740416833358	2.08237877705596	2.34789838915497	3.71582734982247	3.35062802905304
chr17:67991518-67992019	LumB	1.1369688694481	5.71081079198147e-16	4.18943958866616	4.17145318006885	5.02422690849226	4.81478815804003	5.03045001220883
chr8:102858889-102859390	LumB	1.1369375522308	1.98436865132552e-09	4.51649016969242	4.54120415636211	5.54019244274152	5.01545030023584	5.26638279108036
chr5:116724927-116725428	LumB	1.13676223980489	4.08062064326408e-07	2.76446170803821	1.83478699662673	2.49037662168595	3.88152408089878	3.78259649113027
chr7:43931277-43931778	LumB	1.136595970594	2.83864217447109e-09	3.71858169495014	3.81391104482174	3.84596812574984	4.41647723942141	4.59486705821638
chr15:72513130-72513631	LumB	1.1363000987748	6.22615554728673e-09	2.84175270517303	2.56164161359884	3.76669193814266	3.56387750953464	3.79326249967847
chr20:54084058-54084559	LumB	1.13622568176133	1.42668142226414e-07	3.38677094977377	3.39872907687066	4.53345830221965	4.35704594348001	4.3672018614101
chr18:72634370-72634871	LumB	1.13605187062115	1.89590215706304e-05	2.5479687446535	1.97258840397664	2.5411902786265	3.93305466200849	3.59093395410659
chr8:113067688-113068189	LumB	1.13573475962237	7.24967819465338e-05	3.02333136041735	2.95621779306431	4.071523621785	4.01868609446563	3.96221957052862
chr6:19912519-19913020	LumB	1.13566420917893	1.11106277255265e-06	2.98304879755384	4.01706827457322	3.44064190625491	4.35006074021727	3.89821996310969
chr17:66971188-66971689	LumB	1.1356627407511	6.70550099622563e-08	3.46151698818792	2.80634768969712	3.71693397360136	3.82827939143209	4.49245559245186
chr11:69492202-69492703	LumB	1.13565540768313	1.85255859386527e-09	3.53827100128405	3.55569512759911	3.79252900254672	3.97385936068447	4.50073215916082
chr8:100659225-100659726	LumB	1.13526634381972	5.71648435136002e-05	3.02175652024051	2.96612089288592	3.93662609467263	3.65798337987927	4.07986017681555
chr8:116017523-116018024	LumB	1.13488633815274	4.78584647670383e-06	2.86175175909792	3.33604032926704	3.60813584647786	4.03807325637666	3.96909372416051
chr8:125346098-125346599	LumB	1.1345870088254	3.27699560425037e-10	3.49665672793292	3.30813412192399	4.25218003352302	4.12803064704876	4.45209266914352
chr1:173805851-173806352	LumB	1.13426817276951	1.87435299380782e-10	2.7125558560187	2.84394444153974	3.03524426184486	3.74112113086877	3.64215032599638
chr1:30193904-30194405	LumB	1.13410891618292	1.14173968005564e-05	2.9169187285656	2.68681966686674	4.12279062660263	4.0239304094049	3.9340611711004
chr8:115897804-115898305	LumB	1.13399802243611	3.16898247412739e-07	2.59183441811639	2.9848087394336	3.27049548125542	3.48449342168509	3.47231776521788
chr8:80710003-80710504	LumB	1.13395044579375	3.18846716713237e-11	3.52397271130522	3.49918868670062	3.54496722444903	3.90949011749542	3.9805034225257
chr9:5623715-5624216	LumB	1.13392973187647	8.40165105625547e-10	3.70627857691267	3.98039061479728	4.50827980697194	4.96078408838624	4.62149793105812
chr2:65471805-65472306	LumB	1.13375963156429	1.76505681376778e-06	3.08944609929246	3.07474307598333	4.93579378566839	4.1424400148251	4.27394350467596
chr3:4441733-4442234	LumB	1.13371311713008	3.32495377483808e-08	2.67094158802414	2.25887754650857	3.50256319369141	2.84589465369233	3.29310065534069
chr12:69518934-69519435	LumB	1.13323385175455	1.44084534843306e-11	3.14668287429282	2.86498490146253	3.42008591354397	3.57037974771012	3.98294719777714
chr19:4578830-4579331	LumB	1.13309783293405	1.2514614783037e-09	3.98129791010171	3.62593776694794	4.18581210886736	4.67305952633548	4.75191832115938
chr17:74135473-74135974	LumB	1.1330838221085	4.05930903977928e-08	2.98349153967451	2.48315604099476	3.42561512985409	3.2903790973357	3.76798390651065
chr11:70607192-70607693	LumB	1.13301911316701	1.63080771333142e-06	3.72106327798081	3.99328972130452	4.55899472626383	4.89192042585014	4.67193553990783
chr11:69508378-69508879	LumB	1.13290049611201	1.04753849002003e-08	3.1101961034984	3.03153095127354	3.22067542774739	3.55474604681986	4.10692811227344
chr8:37150485-37150986	LumB	1.13268071172134	1.12445053762811e-06	3.10284887684448	3.10101742564117	2.83181161601194	4.10258288265271	3.68803256886625
chr8:74698532-74699033	LumB	1.13263547736337	7.50439007457045e-06	3.17415580227452	2.98827517018703	3.30436351202673	4.39168521651999	4.26248354750361
chr20:48815945-48816446	LumB	1.1325058264273	4.22793117968077e-13	3.66502846689608	3.81437792662046	4.24910038099378	4.21408387720978	4.67315889417326
chr2:154715143-154715644	LumB	1.13243526048476	2.4604784883725e-08	2.67198653423257	1.99025868352075	2.20479492671786	2.84442997504544	3.34234474829475
chr12:91876361-91876862	LumB	1.13240449648136	1.91888577804582e-09	3.61610833288424	3.19259265114503	4.23496585236415	4.06167966951323	4.56205275428833
chr11:71104136-71104637	LumB	1.13238583389946	2.83538203174931e-06	3.4075389100895	4.43057896469026	4.28276337580074	4.16673975289608	4.47396735411379
chr14:44191474-44191975	LumB	1.13231186249364	1.12826454445942e-06	2.62508979245327	1.97500596441877	4.27053720383624	3.28596547023082	3.77839376098231
chr1:164604746-164605247	LumB	1.13187632608092	6.2555950901399e-10	3.8527065550759	4.34170091043984	4.8520246318986	4.9253305694604	4.98454717969263
chr3:31615434-31615935	LumB	1.13183776068377	4.91155327543617e-05	3.33459943196568	2.63098574266492	5.37276419114829	4.51243248412389	4.69275239742131
chr4:40241882-40242383	LumB	1.13169818638208	1.5419252431102e-09	3.75794190770177	4.12153327990634	4.47533804802564	4.83525561357842	4.87384849037121
chr8:86203584-86204085	LumB	1.13103890311729	2.40497975584002e-06	2.44526863633165	2.24549277394049	2.89070882865511	3.42331190158971	3.58348559470469
chr8:140107413-140107914	LumB	1.13099056954757	1.45314115630224e-06	3.90574873229205	4.71835131927202	5.58315223525806	4.49720848369256	4.72727121505793
chr12:31112718-31113219	LumB	1.13091502186956	0.00201033200501707	2.31395697635875	3.00706430458575	5.09956129135931	3.37834592614184	3.22945394797152
chr1:175318413-175318914	LumB	1.13072187740221	3.1382514379666e-05	3.91017320881638	5.04780633318038	5.83170294810461	5.48312857580423	5.25572218355482
chr17:20957810-20958311	LumB	1.13070215891947	2.52335213292462e-06	2.92485460995209	2.23736410270042	3.92451652820389	4.53616154121705	4.42329743992097
chr19:9014740-9015241	LumB	1.13058084977114	1.3422996122454e-05	2.8215149873781	3.31786186430122	3.39691365233071	3.44611428121343	3.91255757036535
chr3:170036987-170037488	LumB	1.13042615737694	4.78450718476192e-07	4.43695713973624	4.23696914635602	5.55304909415237	5.41377584451561	5.59337960231196
chr9:128001079-128001580	LumB	1.13041701362155	2.47619959860014e-07	3.78121090085746	3.31393398223155	4.76284480393961	4.93170862219923	5.00445681591738
chr6:139298908-139299409	LumB	1.13037355868038	2.58486843191123e-05	3.18557561585536	3.4519327744006	4.46138192603961	4.29994533280113	4.33512787227912
chr18:70355940-70356441	LumB	1.13029567990841	3.04567521042099e-08	3.41156984341915	3.82539868833299	4.15070336842637	3.98388940727231	4.25873789754038
chr17:81987315-81987816	LumB	1.130209956457	6.93516707760545e-10	4.06389986285558	4.52092899489936	5.13993492642099	4.1481917158629	4.7218627037419
chr11:17445335-17445836	LumB	1.13003062062492	1.41746426136683e-05	3.10014086931728	2.76195650231409	5.11158792150244	3.87663312198863	4.21822126188654
chr7:139677878-139678379	LumB	1.12990248175303	3.28750566451251e-06	3.33571791218399	3.24064807373696	4.70636905146226	4.64844646262886	4.43461843320304
chr20:59930964-59931465	LumB	1.12985996282437	4.66250180290869e-08	3.65848723822741	4.57991396571202	5.16930725421387	4.48087824697622	4.69891473817927
chr18:54501707-54502208	LumB	1.12979752506784	2.00642622275937e-06	2.83400852562707	2.62830929234752	4.7297788791301	3.59742665263893	3.84051783449721
chr7:17942186-17942687	LumB	1.12962122585881	3.71728577509589e-07	4.04601170680093	4.8480005443175	5.93646602883701	5.11667215384716	5.2538357139243
chr20:54082092-54082593	LumB	1.129544713621	1.53025170784339e-06	3.53126867651425	3.26867942812159	4.30799797060031	4.03644556531118	4.40744624601474
chr12:17619323-17619824	LumB	1.12951695370481	7.08734628859243e-06	3.09363764376323	2.55875293746232	4.04849641302181	3.7638778560914	3.90144844056335
chr1:242235512-242236013	LumB	1.12946606043976	4.50397613817428e-07	2.91950834270939	2.58328566954591	3.61819825917551	3.23029669997751	3.26721794373446
chr7:70268038-70268539	LumB	1.12945650407124	7.54868636439315e-05	2.95396382471865	2.81674650661281	3.75257153244164	4.23153190046556	4.15680714087129
chr11:69482911-69483412	LumB	1.12942823119446	3.31982090774239e-09	3.45439573834121	3.39473989068095	3.58967732605242	3.69425412565809	4.37417320042046
chr8:14539645-14540146	LumB	1.12930367214311	3.09326117474762e-05	2.7128880110441	2.49066356988171	2.19007393876505	4.26996280302176	3.60313579048673
chr8:126370320-126370821	LumB	1.1290879936473	1.05226652010905e-05	3.24516606658417	4.1474355278922	5.09015363243527	3.89234215499761	4.09044392800266
chr1:151560557-151561058	LumB	1.12891080824348	1.03454348115949e-09	3.71382919080041	4.13429153312559	4.53547316641521	4.61673223009571	4.82744557540567
chr8:40389957-40390458	LumB	1.12888277546328	1.46040808756957e-06	2.92248717712793	3.10257954907562	3.64962420605404	4.01696969085187	3.91441088557183
chr5:163542426-163542927	LumB	1.12888277365127	1.75435198364352e-05	2.34991027814767	1.79924113895643	2.19200465758915	2.89188367132959	2.72204727750374
chr8:114575482-114575983	LumB	1.1285645992969	4.58347182104739e-07	2.53151868583636	2.55562676316934	2.8415068450344	3.90407065394031	3.70433097214726
chr14:50004682-50005183	LumB	1.12851043471931	1.9372160552678e-09	4.29174509206442	4.19615482051941	5.20354062200438	5.10022002717905	5.22258309952598
chr20:48733107-48733608	LumB	1.12837938438943	3.80232347420299e-08	3.85193900948874	3.87454084656351	5.23008973414123	4.35129398833411	4.96256299513317
chr18:53770909-53771410	LumB	1.12814036283214	0.000143388319938652	2.60249292815179	2.12399152972291	2.79208367635901	3.64577756670796	3.80834984517495
chr19:8329395-8329896	LumB	1.12814008336605	1.02144943999298e-10	3.90226541795747	4.54715970191444	5.40333822665314	4.4789063194457	4.79945244356992
chr8:128214429-128214930	LumB	1.12813456334225	1.29635453567112e-05	2.75800267201709	3.42822811801074	3.04870512530707	3.50065963075769	3.73777982741947
chr12:122728084-122728585	LumB	1.12804937286443	3.59585349988251e-06	3.39237223694376	3.33812043359449	4.30058504998135	4.99758243154069	4.62942960302144
chr8:128208828-128209329	LumB	1.12783786554992	1.65460071592148e-06	2.72571409064618	2.91729190679739	3.17775476020368	3.80915412863051	3.87745047841016
chr17:63125073-63125574	LumB	1.12780940103474	1.48732124520812e-09	3.07688776583899	2.37910642440787	3.35116544649837	3.10000021705425	3.83970645256343
chr8:37141704-37142205	LumB	1.12770354628713	5.40415315674001e-07	2.96984114640682	2.88447918644245	3.1597972899032	3.84213586364941	3.4076216246848
chr17:66977668-66978169	LumB	1.12758705549473	2.35338860416868e-09	3.61004102083624	3.44507419930928	3.87536952746108	3.88617763704538	4.47693353518021
chr8:139742412-139742913	LumB	1.12698053648583	3.10759713969617e-10	3.61673830020804	4.03764502334003	4.78173431492691	4.15484621421508	4.51612650316239
chr19:53487251-53487752	LumB	1.12691517928383	6.2738132595383e-05	2.65608613895415	2.54493359807444	3.12133866128507	3.73392622281914	3.59477198196062
chr10:62090040-62090541	LumB	1.12675380516613	4.9828916406768e-12	3.40293891771928	3.4030374172092	4.0636431004013	4.1241085856134	4.37102860569067
chr1:27684090-27684591	LumB	1.12664579563485	1.5144453838068e-05	3.52871811961276	4.16008982470424	5.66775945730912	4.18181500354964	4.60249501048208
chr3:85792367-85792868	LumB	1.1265378069695	1.42400868603022e-07	2.72681936417705	2.01825360665989	2.73733750444831	3.2233806706004	3.44993525752757
chr14:70138548-70139049	LumB	1.12643308287577	7.2372753186357e-06	2.67785273251334	2.27685411913638	2.67114223634185	3.49041133343604	3.40335900361548
chr17:29958909-29959410	LumB	1.12610277081289	0.00565223152228917	3.3094231160891	4.86190288807783	6.77392877883689	5.18192736212142	4.83478214834596
chr7:97953275-97953776	LumB	1.12591533680889	2.28706008264805e-10	3.66265817153646	3.75529451158198	4.56013934381362	4.58764125337385	4.66903749092585
chr4:97555080-97555581	LumB	1.12586218882276	0.000995567095631265	2.69063569488754	1.81846137063514	4.21713561274564	3.3715471798672	3.81844304953857
chr19:34725364-34725865	LumB	1.12571952144558	1.36553921257324e-06	2.92998059312204	2.86384861776502	4.21913403201185	4.17112364117054	3.72711937011466
chr8:95082161-95082662	LumB	1.12565436517636	5.27581856314145e-11	3.25210392452678	3.35052122159957	4.05424325956118	3.92828497813379	4.22485855904755
chr15:99177336-99177837	LumB	1.12565163147308	8.64933500879706e-05	2.89027994742791	3.60330251817408	4.75219908978918	4.41999204646385	4.25365463938698
chr11:21723588-21724089	LumB	1.12558561973107	0.000340897433962311	2.98309799327968	2.24432750976965	3.55307631583364	4.38172198781192	4.28403098599579
chr8:40361223-40361724	LumB	1.125118701255	5.77667760386783e-07	2.70491595893976	2.4786886566675	3.16589796967225	3.5500793126792	3.658434845604
chr19:13696129-13696630	LumB	1.12504069582051	1.54291491396936e-05	2.7777372193302	3.21285652556093	4.63638154595264	3.80288115783633	3.55398162306353
chr22:43514249-43514750	LumB	1.12480724514583	0.000181423228987231	2.76539012439344	4.0776632456277	4.00519005717156	3.41280985688036	3.65729033184768
chr10:77871052-77871553	LumB	1.12467687025394	4.56408278098249e-06	4.10759516467057	5.42548197226307	5.13100052530981	5.52281986614196	5.5030209818378
chr8:127528364-127528865	LumB	1.12463749976882	8.20758354612108e-05	2.69937057784474	3.24057866623614	3.54858863616578	3.74660039775013	3.7164554689292
chr18:45528599-45529100	LumB	1.12431292452156	1.87085032022466e-08	3.16015581818846	3.43447378337877	4.18403805529226	3.99753428092505	4.08403840612946
chr7:52637072-52637573	LumB	1.12413195705796	0.000537066436293479	3.02592741809212	2.42149296274703	3.65765335191722	3.99070714833759	4.12570532035719
chr1:8706274-8706775	LumB	1.12411984784436	2.28356130772539e-05	4.19544213764077	3.52232933305414	5.99120982627196	5.43070124350599	5.51198251454201
chr12:67522163-67522664	LumB	1.1240327922809	6.48052955272701e-10	3.21151315860955	2.77856262203227	3.85195903802652	3.24406984462013	3.71402066720436
chr3:176902874-176903375	LumB	1.12399174198035	2.73758077207459e-05	3.16115293199524	3.71559784732319	4.54704788046727	3.56103255001112	4.0556799116119
chr5:56244654-56245155	LumB	1.12349921739523	2.21085870285908e-07	3.04257644317981	2.20266031456265	3.98167963060278	4.31194873614594	4.14674221897117
chr1:164567739-164568240	LumB	1.12324268384852	9.63589716539673e-08	3.59465979496362	4.23340634404593	4.09215023620006	4.38906841090101	4.58063043779432
chr15:71092154-71092655	LumB	1.12319440519786	1.08888277131944e-08	3.59928250115403	3.32261676834331	4.29818577781379	4.70603763545109	4.72352502462523
chr8:86196217-86196718	LumB	1.12302568704677	1.66053830808466e-07	2.97065936709453	2.77515736637031	3.1731973615517	3.84919035335043	4.16442588083193
chr11:77356764-77357265	LumB	1.12278351078873	1.6808166035485e-05	2.89873228461013	2.7363567405906	3.92660802371615	4.19018104600647	3.98481419151387
chr6:34540077-34540578	LumB	1.12248404023035	1.75954923442693e-08	3.86338095503126	4.34967974092664	4.98475541920465	5.09724376421007	5.11382381916139
chr19:33627441-33627942	LumB	1.12177210554949	2.29334829640887e-06	3.11280892070231	3.12596974618535	3.10080383063931	4.32431392724419	4.08604002489172
chr17:40591023-40591524	LumB	1.12173529347428	6.41949188928894e-06	3.20726340896746	3.09292886320884	4.19359726517572	4.33979170691772	4.31233058736214
chr1:156243377-156243878	LumB	1.1217004144137	9.95777850693266e-14	4.54144308962366	5.15461790330362	5.09952336442145	5.23329791022499	5.52168919585224
chr7:8622864-8623365	LumB	1.12159930945884	3.89160949157317e-06	2.9931873869841	2.44760192076808	3.40035556086053	3.76145148505247	3.90053674879574
chr3:38788913-38789414	LumB	1.12141209059355	0.000208868072975271	2.30190914716817	1.72111500610192	3.06297411371215	3.35594369630022	3.1412499840231
chr11:70068683-70069184	LumB	1.12103666850274	3.98427768757928e-05	3.56737044298692	4.64246968180324	5.01774584519477	4.37860701396281	4.88302777292213
chr8:139094228-139094729	LumB	1.12099279278696	6.68457866397815e-05	2.87459547552248	2.82027823025807	3.18648195887894	3.79252955058087	3.70063044691435
chr11:42034208-42034709	LumB	1.12090263481884	0.000160341476183196	3.03747668707891	2.47928550272562	3.93179001447952	4.02458223699285	4.15396792554644
chr8:73164636-73165137	LumB	1.1207445319352	0.000976641524516438	2.87697418835184	2.87539261298153	4.58409691765233	3.97200875841795	4.06968895126153
chr12:75859224-75859725	LumB	1.12069653463972	1.42659719190312e-05	3.32131769721023	2.84075351112964	3.62133419402862	4.10049237167475	4.34601406762848
chr9:63824788-63825289	LumB	1.12009546914044	1.39082104344329e-05	3.79674511548783	3.73583812454094	5.11848838642783	4.80208377616305	4.93480778416872
chr6:122694673-122695174	LumB	1.11977899229402	5.55220248775538e-05	2.83179934487434	3.44589595227987	5.34945145072083	3.75050143714675	3.96669519475171
chr12:60176749-60177250	LumB	1.11975388358745	3.07912591391375e-05	2.41435489590912	2.33382992231019	3.54628876693572	3.16872754347622	3.59630374633156
chr20:47991017-47991518	LumB	1.11966603028685	1.6202523146478e-05	2.84976644534758	2.49610387309134	3.95570552005894	4.23237648835734	4.17386686316114
chr7:74467840-74468341	LumB	1.11959856987053	1.33447174901695e-09	4.42761712681424	4.2346699491876	6.14095643272529	5.28500813898171	5.47449286988116
chr5:174698805-174699306	LumB	1.11940483705691	1.0563714893813e-07	3.08368213609175	2.52718250348246	4.38562055072546	3.94556752731034	4.1223280027519
chr7:139961474-139961975	LumB	1.11928058894929	1.59556180117724e-06	3.58192481894148	3.28278878852965	3.91550212191793	4.17362222230341	4.40836371346828
chr7:26116188-26116689	LumB	1.1191631973538	0.000134856220314833	3.12999118173704	3.83024100150637	4.97568359183436	4.23836206034618	4.19182075921681
chr11:69647633-69648134	LumB	1.11899979633512	7.6561169702132e-08	4.72405243861889	4.93188997594926	4.93397556177727	5.26871017276373	5.58415783451013
chr3:133711126-133711627	LumB	1.11893701909304	2.11859722509855e-06	3.05766229197296	2.84546236197117	3.9364368203207	3.99661399353977	4.0916755430396
chr12:81075450-81075951	LumB	1.11891381942462	7.44763218405759e-06	3.53688808929663	2.87208867177505	4.67678997190539	3.95640640252928	4.65070901847754
chr8:122398930-122399431	LumB	1.11882331368518	0.000374481920031775	2.87526795338664	2.85678681168707	3.19649097468001	4.49794322788718	4.05905625919946
chr5:2753980-2754481	LumB	1.11874983098153	0.00010995913930145	3.59617763915892	4.4377426884211	4.42534345565094	5.14967816516722	4.45666507836408
chr9:77737804-77738305	LumB	1.11871654411584	2.61387598902874e-08	3.20438659882871	2.89184846075524	4.84141213554751	3.97794696451245	4.09154416721013
chr12:69580042-69580543	LumB	1.11853139226735	1.7217723524479e-10	3.73350866579395	3.67338443629834	4.45688462327068	4.50735178811087	4.68400390515069
chr6:108278816-108279317	LumB	1.11834800258518	5.84502497968907e-07	2.94519175982428	2.58797033258194	4.45163439243099	3.21379945688403	3.7993521612323
chr1:57562782-57563283	LumB	1.11823760940163	8.89173290162162e-08	2.50805554414912	2.17465251138379	2.48363884170042	2.92747862764051	3.09394620855171
chr14:46687545-46688046	LumB	1.11811621598234	8.70659861491053e-06	2.69828879305261	2.2385817611405	3.79827236515965	3.53832979773334	3.45293891173195
chr12:89301289-89301790	LumB	1.11800002858162	4.26121028123371e-06	2.49656803267007	1.74384348360788	4.08958674000921	3.09450193972855	3.38376212207371
chr18:48205641-48206142	LumB	1.11799308594722	8.6360938452631e-05	3.05550201383838	2.90211529778037	4.68112196999959	3.50975617699706	3.74400181121487
chr12:69516325-69516826	LumB	1.11754493070556	2.15423982137438e-09	3.18324349015678	2.82365496732985	3.60935400815213	3.56749587107899	3.94420970455114
chr13:32837299-32837800	LumB	1.11734826258712	3.05858166169421e-06	3.21160504816114	2.55251633919815	4.54218789373289	4.13971523711734	4.13739378887893
chr5:19727251-19727752	LumB	1.11715990496565	8.58031175882566e-08	3.0209684321117	2.73584340738632	4.44736279943029	3.69159662821399	4.13838645318818
chr17:40580459-40580960	LumB	1.11715749458446	3.97049814617902e-09	3.74691153264372	3.78040787129135	4.32308181147705	4.72594612282609	4.86148746961716
chr3:101776963-101777464	LumB	1.11692624987931	2.83446374446927e-13	3.6258424719499	3.52375730149135	4.30176599919521	4.39239849011995	4.6072998546983
chr4:37643668-37644169	LumB	1.11681927294871	5.467681805712e-09	3.65789845422586	2.79835072214379	4.03660895082216	4.81340960757209	4.74962956313987
chr11:70109915-70110416	LumB	1.11681445570185	0.000214745642681272	3.41050686262324	5.20899782300293	4.91435183775723	4.57975332265153	4.525665613991
chr8:124966466-124966967	LumB	1.11611226467334	1.44415476366935e-06	3.62994513554799	4.28817311091909	4.78071679769615	4.22198271644733	4.55515433400172
chr12:69471917-69472418	LumB	1.11609234010108	1.25925854305491e-08	3.81083860283874	3.32562971984527	3.95180142957489	4.31565174072338	4.51449392225666
chr11:62264254-62264755	LumB	1.11598719204271	2.86451091038826e-05	2.98867603910439	3.68600407121324	4.74211201468011	3.75964139209988	3.87643646569841
chr5:38514997-38515498	LumB	1.11577381881457	7.5984533876425e-05	3.23823125633634	2.55033732993594	4.73549797142855	4.14428030382768	4.37028584326744
chr3:128506640-128507141	LumB	1.1157311179354	1.91324767554588e-06	3.49835865525708	3.06388099582353	5.02630664150956	3.93709675648995	4.48372667576234
chr17:75781152-75781653	LumB	1.11558222829685	2.63147849995942e-12	5.35989695267063	5.05294493766746	6.2098245098784	5.8957920455435	6.35799986853592
chr16:10581961-10582462	LumB	1.11549885163297	2.99747404513666e-11	4.08375810953297	4.02058577469478	4.66178289101042	4.61708742830286	5.14271234487033
chr3:148731488-148731989	LumB	1.11547790671242	0.000256172596643876	2.85268097762348	1.98626601029904	3.28839673441002	4.02849958094621	4.09999544048482
chr2:176816097-176816598	LumB	1.11527580855262	8.65966712636024e-07	3.36483307715791	2.97348984989036	3.99251958045891	4.90848082505485	4.57572378042059
chr16:20677500-20678001	LumB	1.11522394966331	0.00101641511956576	4.25808107969191	4.03264951427294	6.24421266903577	5.89878281226951	5.78643720520467
chr16:55463869-55464370	LumB	1.11510061053137	2.88081089211713e-06	3.5226040387497	3.3394470442448	5.52549906355371	3.76646524434635	4.27901798522559
chr8:127952906-127953407	LumB	1.11498274131057	3.02076022608523e-06	3.97626335096458	5.01484066416805	4.95613122128847	5.03237172211079	5.18661694306347
chr17:48515968-48516469	LumB	1.11498089557057	6.43318111874698e-05	3.37077208634678	2.94229340953385	5.42660216233961	4.53377011736867	4.65629223687624
chr16:69718930-69719431	LumB	1.1149084424855	1.39752395013012e-09	3.27718415615852	2.84855568697046	3.9884951469497	4.05892422376532	4.16494078574806
chr2:69440020-69440521	LumB	1.11469532690177	9.06380567754731e-14	4.15464083442239	3.99544139961505	5.35442747785147	5.0758253747787	5.18293808255905
chr8:128099735-128100236	LumB	1.11460894282678	3.88145733577771e-08	3.22814728144913	3.57772861858844	3.50819095048267	3.65856682449862	4.0523812178795
chr4:124132806-124133307	LumB	1.11442619536236	1.24497952521836e-05	2.7268652314558	2.36044685707893	4.38434068840292	4.06690379566639	3.90945425249193
chr2:218146273-218146774	LumB	1.11429621374052	8.08583705232629e-05	2.64126009643454	3.59233969019513	4.73062123535875	3.889111487387	3.91595758420318
chr8:133624932-133625433	LumB	1.11416620110334	0.000382832140932149	2.8627023293774	3.253256484045	4.128920964457	4.26101470242798	4.16732837655735
chr18:41693184-41693685	LumB	1.11415448869749	0.000128036023789557	2.71719916549968	2.37949956676839	4.45704125902006	3.78752134284272	3.67685444978941
chr8:58032514-58033015	LumB	1.11395332338356	2.3794793735633e-08	3.2634356939753	3.25190354891679	3.95506828014416	3.94059128978441	4.14135229012601
chr8:86262858-86263359	LumB	1.11388527977972	8.85029891158e-08	3.18986327863798	3.03261247796197	3.87108161999877	4.09626273245929	4.33630857142311
chr8:95135841-95136342	LumB	1.11373977058614	1.88240336950024e-07	5.02990671693524	5.21144495898796	6.07113194712321	5.72477023217562	6.1312643711543
chr1:184757827-184758328	LumB	1.11354504605812	0.00390575967057028	4.14002641712221	3.90912945600752	5.70272925893711	5.64551968693288	5.65275820797214
chr22:46535658-46536159	LumB	1.1134426876813	5.39023267818628e-08	4.50362381514263	4.49463823556647	5.42747768496452	5.55333776557987	5.76176906560887
chr2:140624061-140624562	LumB	1.11330900550433	0.000166932981941565	2.83914944164475	2.03042658356014	5.21634305776351	3.67101280963801	3.91808699278244
chr16:15706555-15707056	LumB	1.11319195810438	1.24902169401378e-05	3.4838647312742	3.87604334194963	5.4657936847553	4.85175327297677	4.7255565557319
chr8:37607216-37607717	LumB	1.11308530843463	2.32317527055705e-08	3.48794914404321	3.07900823329419	3.63474183066525	4.1642329213294	4.3377457434749
chr1:2307991-2308492	LumB	1.11280280490208	5.80202938651446e-08	3.92651916947319	4.24310003216549	4.92339465861966	5.25952429417234	5.01693878176687
chr13:55653360-55653861	LumB	1.11269401903249	0.000191165740413866	2.97392547079084	2.40415476650418	4.91426860671385	4.01334433926934	3.88462988120245
chr8:80696623-80697124	LumB	1.11246741444081	3.0534296441898e-08	3.50737834687287	3.49468912259229	4.67478620527149	3.86803373801772	4.41343214310504
chr8:95080713-95081214	LumB	1.11237756578639	1.1259198447607e-11	3.37430681277432	3.56958872999477	4.1097850897201	4.00835883666953	4.37496403627004
chr1:200593008-200593509	LumB	1.11203623311283	2.03501586444914e-08	2.93713525069556	2.99713827550692	2.92166476279069	3.49688166907535	3.64014952518983
chr17:45437766-45438267	LumB	1.11202825177634	6.57309101972037e-06	4.39112439227832	4.33714076496983	4.45903138565602	4.66558882800866	5.37392086515178
chr11:78509494-78509995	LumB	1.11199713834074	2.71449525942553e-06	2.19311867346375	1.47463383254587	2.8971701771375	2.93188990327267	2.91546175484471
chr12:68734893-68735394	LumB	1.11195275546503	3.40643818183173e-05	2.75072062083378	2.49436621000569	3.6364822304209	4.1299297964127	3.90303933846461
chr7:149287653-149288154	LumB	1.11193743605056	1.92026974909978e-08	3.93688055362456	4.5470862571847	5.57567514113129	4.58889849547273	4.96233512075638
chr4:75827251-75827752	LumB	1.11182946439967	5.61946489924475e-05	3.04755000655303	2.63451561905858	3.50485018086603	3.37761745348045	3.74737297322799
chr12:88412323-88412824	LumB	1.11142141250286	1.54229896081413e-08	2.51368377845859	2.23434329207008	2.93952505569436	2.72496702554338	3.20202863653581
chr2:21391625-21392126	LumB	1.11123969958285	0.000417242638676846	2.7968984614927	2.5629156698622	3.38887224396445	4.13064081211986	3.73689753543053
chr6:3499571-3500072	LumB	1.11122536668788	1.16866608262528e-06	4.01081591551181	4.64767990827288	5.76814189291341	5.24941438904344	5.21859519352222
chr12:131410463-131410964	LumB	1.11082357512646	8.24419033017906e-05	2.78249908186824	2.31050765715104	3.48531430402738	3.86490371071815	3.39683106719162
chr8:115664588-115665089	LumB	1.11076456485859	0.000314523451710773	3.98906083648187	5.63797193499269	5.18133568396806	5.21068542105616	5.27463187931703
chr8:74666630-74667131	LumB	1.1107246145949	2.01096796085679e-06	3.2026215980228	2.91961173546389	3.07909703214865	4.14343134445181	4.08834921077723
chr4:12538056-12538557	LumB	1.11071632604093	6.64875631444256e-05	2.86579960450937	2.75475850427534	3.48716520826557	3.4529928947503	3.78624760080375
chr17:73640662-73641163	LumB	1.11069432779514	1.32299240247139e-08	3.41731687355648	3.8813743836436	3.82160051066146	3.72499353725557	4.27245987093607
chr21:21025548-21026049	LumB	1.11053988090654	2.5066125596083e-06	2.69611811550798	2.36297767095283	3.88159773800231	3.5506686055706	3.79911546662809
chr6:35304295-35304796	LumB	1.1104425845717	2.276576435671e-09	3.92092281529831	4.11262363477931	5.06386871616155	4.31295004379444	4.79622008644585
chr8:97028617-97029118	LumB	1.11026686838238	7.38603304426563e-07	2.69163551530015	2.83145217363961	2.86322895640457	3.74287203809413	3.93688823030233
chr12:82959662-82960163	LumB	1.11017515261614	1.86936781350152e-05	2.9671279926413	2.463065227815	4.50236441124975	3.80055991651914	4.06975398484061
chr8:80079447-80079948	LumB	1.1099110592355	8.3689354531186e-05	4.41012667647879	4.99704288474412	6.01565825429382	5.2823932737785	5.77957130270613
chr7:90488937-90489438	LumB	1.10990114194544	0.000206393883387782	2.45661235576458	1.90750791655783	3.47279452772701	3.27127310936604	3.56594415548135
chr2:168826025-168826526	LumB	1.10977911077981	3.58840589922802e-09	3.07553210081185	2.23814171811517	3.18525782226417	3.97886447969298	4.0919118091759
chr2:161471676-161472177	LumB	1.1097256025953	0.000956488297166768	2.96441546954931	2.6138434822782	4.47975866527445	4.48697063297377	4.36647199536542
chr8:133579466-133579967	LumB	1.10954937485058	6.53571100175176e-07	3.37411041619205	3.93072024522514	4.35248812186056	4.10696899491617	4.34442289297423
chr18:54831315-54831816	LumB	1.10928399145264	1.02588087345515e-06	3.33510343793287	3.29313473888628	4.98452904842435	4.36646073504686	4.49941926370517
chr17:41533429-41533930	LumB	1.10918583571968	4.34885764583366e-07	3.84169812232675	3.83288597613588	4.2905654272876	4.86770705155677	4.99466990314749
chr17:39520231-39520732	LumB	1.10918268312784	8.40954540695908e-10	3.28613529543009	3.23549389134936	4.31134390029829	3.28660312664579	3.73231412353577
chr8:128154416-128154917	LumB	1.10889988745638	1.25514223917624e-06	3.46913658331856	3.59507174488559	4.53188410556712	4.57756119554366	4.61335272820208
chr8:42294952-42295453	LumB	1.10885965959062	3.98317241540943e-10	3.34290315289919	3.25793835950364	4.21287115815958	4.54900463501577	4.38455525143903
chr2:154710004-154710505	LumB	1.10832924362101	3.07144319323193e-05	3.1584809422575	2.33596718716563	2.8415902201609	3.25290599420168	3.82431230798503
chr8:74737076-74737577	LumB	1.10801412570905	1.80369844464561e-05	3.25899619699419	2.92442083239157	2.99342368474079	4.50941969740864	4.17560918997095
chr10:101087940-101088441	LumB	1.10800241177397	8.86288607870611e-07	3.33395529087987	2.63083125577786	4.31991347321064	4.37166091117492	4.43272635094718
chr4:184488985-184489486	LumB	1.10791206779672	1.54823830777759e-07	3.29847880040935	3.23084290403732	5.0581541753972	4.4585287845227	4.41951953754184
chr13:73763418-73763919	LumB	1.10789414451782	1.47682058376177e-07	3.09062030690512	2.59429561240735	3.69635497054163	4.09091223838536	4.03991573593936
chr4:138918434-138918935	LumB	1.10762539949608	1.41948883520107e-06	3.96845852931403	3.61518150495106	4.84163572186758	5.4457931454489	5.28745388693327
chr17:49365228-49365729	LumB	1.10755648442518	1.02702626253255e-07	3.84356754264149	4.10436837874663	6.22589103222256	4.55001944197611	4.98872206803665
chr9:135389809-135390310	LumB	1.1075528971729	1.42469375962754e-07	3.24120586447734	2.91426343319813	3.86720908296772	3.99864981334882	4.39985105299072
chr17:8237785-8238286	LumB	1.10744569284958	3.79907444700812e-07	3.82394761675701	3.60755529907935	4.7988813980515	5.31236044995123	5.06417035789776
chr15:61381374-61381875	LumB	1.10728188873679	4.25230667030707e-07	2.48141187805824	1.91730430835696	3.46175843617237	3.73095915790991	3.54802587277248
chr5:44800364-44800865	LumB	1.10717281600682	4.01502336666667e-06	2.79501908277346	2.3554682123506	2.66548059840206	3.83041955091931	3.51909874953631
chr8:42278836-42279337	LumB	1.10694353904358	5.12668186529065e-11	3.53972128982492	3.47480434264522	4.41124627306139	4.45503243967113	4.46156543737374
chr22:33543567-33544068	LumB	1.10686059472291	7.11550793467111e-07	3.56847673996546	3.04802270487351	4.81800293702231	4.5282882732671	4.55868970752695
chr11:45687181-45687682	LumB	1.10676126288991	0.00049288441116824	2.80501968267952	3.27450079409558	4.68820715227208	3.59049941965137	3.73803740863246
chr4:24595542-24596043	LumB	1.10673946603178	0.000148277913909182	3.90784903319147	3.60648470945597	5.65928037450972	5.06535152254931	5.30721768110298
chr2:208552865-208553366	LumB	1.10671314868157	0.000106450772685507	3.48543645171161	2.60814129385144	5.07100223647372	4.34462390738006	4.51832493635468
chr2:232306499-232307000	LumB	1.10633216100488	1.49669551927104e-08	3.62699621220774	4.1724269755633	5.26925965851186	4.5181438081223	4.71224176790194
chr8:37137916-37138417	LumB	1.10603100763119	2.91311930295846e-07	2.97444430830922	2.78019615602648	2.90410272547335	3.70777629806048	3.57858981363435
chr5:93884230-93884731	LumB	1.10588226461854	0.000471468051855305	2.52897568007652	1.64616186708064	3.64236016183225	3.28526264918809	3.49442163670561
chr7:30036337-30036838	LumB	1.10580893175808	3.33544554701204e-08	3.32120046954689	3.02513598249013	4.50655764989991	4.36346622892845	4.21793335843057
chr8:37184727-37185228	LumB	1.1053524225958	3.44013114800097e-05	2.84653772683866	2.64646631115525	3.26315883903071	3.96477383243114	3.67076941865696
chr8:125138098-125138599	LumB	1.10529917891543	2.63147849995942e-12	3.78359508187089	3.80207199214001	3.97361752148959	4.33672475270791	4.53713676775213
chr10:29115227-29115728	LumB	1.10529600685958	4.92559520037242e-05	3.10748267705614	4.64354197922822	5.14923914346532	3.78859763494111	4.29238549483731
chr19:58041768-58042269	LumB	1.10515106863738	7.11853196098536e-05	2.71142305546981	2.9190048576651	3.37737209578221	3.14355242895907	3.58510521394771
chr13:34336152-34336653	LumB	1.10497029651388	0.000487278909286662	3.04562199508265	2.24528050189527	4.62941578432948	4.71494444837648	4.52122499696939
chr15:69699037-69699538	LumB	1.10469177844259	3.16751485049808e-08	3.26160041187118	3.69920771860142	4.49078590498374	4.07291358096922	4.25610635178415
chr1:207863296-207863797	LumB	1.1046168245163	2.94692885231789e-06	4.36724224995674	4.12599139244942	5.42136934084127	5.4763880000191	5.58290644565633
chr5:35358141-35358642	LumB	1.10438026460424	8.658058404869e-08	3.11809348247123	2.76195222619186	4.04888426330884	3.70803145768642	3.87061001510688
chr8:128099159-128099660	LumB	1.10417099094272	3.73638705366059e-08	3.62713694479918	4.19219047831053	3.97228898698316	4.22072321769401	4.54277434281296
chr11:43072534-43073035	LumB	1.10411435342254	0.00031100169957073	2.6594100933675	2.19049693851978	3.20011239041298	3.42690690033337	3.78796482403137
chr6:45680927-45681428	LumB	1.10346058579554	6.87912816973339e-09	2.77440767016173	2.89642081764985	2.91786246769903	3.37380986198257	3.36992804164471
chr8:95027211-95027712	LumB	1.10345591303318	1.345245969143e-13	3.95341121102081	4.09118163775933	4.73309709116931	4.66864055617954	4.80908531840773
chr8:100216387-100216888	LumB	1.1034034762246	1.25839223867459e-08	3.7366146448321	4.03791399498192	4.35405675116316	4.25338047766367	4.52640402536785
chr8:127848056-127848557	LumB	1.1030710295226	1.95847833649848e-08	3.7607738363663	4.40787776678708	4.60959613786404	4.56494490017873	4.81235557796443
chr4:125796109-125796610	LumB	1.10299023472443	0.0001384949020976	2.80922053814058	2.92757664370957	2.91702906342213	3.90742379118504	3.43334938956908
chr11:69964680-69965181	LumB	1.10278290767384	1.16101579856994e-07	3.58337871780015	3.78705544578662	4.68802258953227	4.2251501465155	4.68000993664472
chr10:82466910-82467411	LumB	1.10272172503291	0.00153218406597519	2.72213859979981	1.73614447317506	3.88929222896037	4.14055963589115	4.03679012191179
chr1:30250581-30251082	LumB	1.10269036845886	1.75632711108631e-05	2.59385674384847	1.99783408999279	2.56114800153606	2.99258453003114	3.27522583782857
chr3:85784293-85784794	LumB	1.10244078485527	1.25660688767136e-06	2.38503337458619	2.10898789511768	2.36080512651064	3.14666779739198	3.05259375082591
chr14:22250947-22251448	LumB	1.1020761066302	2.89835509990042e-05	2.84134106031491	2.15040261723415	3.14368171519863	3.70469978712188	3.72013385711213
chr1:210751828-210752329	LumB	1.10207200197528	3.98427768757928e-05	3.2073741872789	3.36055429385483	4.15636768372478	4.10170510945717	4.39321259847164
chr5:67219587-67220088	LumB	1.10206501453296	7.70702164753542e-13	3.49208320340195	2.89088887569439	3.37655494218753	4.66259493438594	4.5257255304926
chr5:35227710-35228211	LumB	1.10161285487548	4.94037913151858e-05	3.99049194053521	4.76230954998191	5.38940394938468	5.08681309581602	5.39298943745973
chr8:69638529-69639030	LumB	1.10093525132053	1.53003186142896e-05	3.14219383777693	3.06603233914017	3.9067181912807	4.37939616996048	4.15705372429285
chr11:69635668-69636169	LumB	1.10091033714494	7.17237347990415e-08	4.76544713985319	4.80516642025927	5.34377009478042	5.37115900951021	5.6268105623473
chr8:99881053-99881554	LumB	1.10075812378746	1.76126747778741e-08	3.36706832168351	3.71064340828048	3.43765653692402	4.10652158259781	4.17852846036871
chr11:70511496-70511997	LumB	1.10043028544709	6.43891118078735e-09	3.04102535749707	3.39621266789398	3.67772793515027	3.69120072823017	3.66363518556652
chr8:128096678-128097179	LumB	1.10038406015574	1.08224272625055e-07	3.80736002977202	4.35901527716901	4.15640770769799	4.22512880414083	4.52032684944706
chr20:32012597-32013098	LumB	1.1001787215637	1.15834114368714e-06	3.29078219712351	2.95092353244281	4.99674233340905	3.81437491510172	4.27664541929035
chr13:77420038-77420539	LumB	1.10001462381975	0.000860473386884887	2.46538567240334	2.22320200247686	4.70891274572816	3.15167214994785	3.42100148293931
chr9:92989493-92989994	LumB	1.09986517764798	0.000728978018803058	3.59098411720078	3.13017955816809	3.41724094353597	4.98308507532794	4.99034656470921
chr3:14670771-14671272	LumB	1.09939938605295	1.69350925604229e-07	3.33277049324404	3.57375198329728	3.89507116870835	4.0886275365934	4.23441438565802
chr1:85192084-85192585	LumB	1.09929941098743	6.30809958915343e-12	2.88352469678689	2.83908278086568	3.29830130215026	3.31619194458199	3.70286242034098
chr3:120892992-120893493	LumB	1.09919164437257	0.00189138399914243	2.66419064791925	2.23435769707878	4.06458551254327	3.72245298905069	3.68911553589548
chr2:237483989-237484490	LumB	1.09905444817293	2.09018752575334e-06	4.34711569853245	3.41092668492003	5.56410205830181	5.43394861309883	5.60079747460706
chr8:80086805-80087306	LumB	1.09899116106232	3.21473638943902e-13	4.11647371623377	4.68580920339955	4.87413871655962	4.64301905368073	5.13941641501602
chr18:57794366-57794867	LumB	1.09894138575421	1.17361520818389e-07	3.82805082845858	3.74217482101164	4.85039260937267	4.73462179430066	4.92891473753043
chr8:143871108-143871609	LumB	1.09863707942345	3.01943012443613e-08	4.49645047632325	4.97620668454327	5.27173194526709	5.23546606035247	5.51161449157277
chr8:126325437-126325938	LumB	1.09854680856648	2.76278597705586e-07	3.17573000968047	2.78434610549393	4.57892916591404	4.05900041004504	4.331588103456
chr8:101408676-101409177	LumB	1.09843751526925	4.97010603159511e-06	2.97326753960033	3.20087178932411	3.93696617180705	3.72943996960363	4.03077224347058
chr8:99878790-99879291	LumB	1.0982994111228	2.99302996753125e-07	3.34981497609717	4.28017339897247	3.32383717291398	4.18688867081165	4.24239526749263
chr1:206689779-206690280	LumB	1.09809887577236	7.672368978902e-11	4.5072250367362	5.02252722132223	5.09579558121143	5.47399789830155	5.54106648566813
chr7:55657944-55658445	LumB	1.09809302811166	1.08627938462497e-05	2.62747998899516	2.44191799756006	2.6301380634038	4.27459159404708	3.64317342027512
chr7:143140736-143141237	LumB	1.09794590291344	3.63744140612084e-06	3.02203037213439	2.97552872515666	4.00819192692051	3.82189827194974	3.99697823017538
chr2:55169196-55169697	LumB	1.09794048785743	1.67133262807597e-06	3.70935499001629	3.9450209132923	4.43495752440471	4.64349893454382	4.7400808632568
chr9:85291685-85292186	LumB	1.09775350718248	1.1527592998021e-05	2.59235334201059	1.9791991943716	2.62113629068885	3.88261479948961	3.43052486470675
chr13:70248096-70248597	LumB	1.09773755048415	1.56925455902943e-05	3.08499513702849	2.31496914246702	4.20275312943588	4.08748387290242	4.15378367745319
chr8:86345460-86345961	LumB	1.09749894096326	9.5051671920275e-07	4.22801006489268	3.83611480482117	4.71128863608138	5.04873796824397	5.21573020205626
chr2:216681157-216681658	LumB	1.09748575749699	7.70836330436733e-09	4.15339532378415	4.26019774287372	4.6031963113878	4.73968007737575	4.93941261622096
chr17:38691579-38692080	LumB	1.09699477029355	7.18707565216036e-10	3.71972532507778	3.62125643128056	4.72595073243948	4.28506923292381	4.73999714571645
chr21:24828542-24829043	LumB	1.09697551427477	3.53878854142806e-05	2.53574076733604	1.6201382819373	2.76481715146884	3.46994966711555	3.30979871157416
chr8:121268577-121269078	LumB	1.0967819207506	2.530696127959e-07	2.43073883603453	2.67279418475323	2.3871714854288	2.99268715516467	2.97249581861073
chr12:122658463-122658964	LumB	1.09642120818118	0.00022114167002663	3.04578757590879	2.72200176254638	4.31843519169322	4.54588771473185	4.37182215059513
chr8:130221804-130222305	LumB	1.09584541895958	0.000823378066021268	3.71631337762951	4.9867463619988	6.92084297804233	4.4327946582504	4.68396021902062
chr14:69723922-69724423	LumB	1.09581564255313	1.71503843891051e-11	3.4704069325067	3.3107509231647	4.17744445115998	4.57100526042709	4.54465983362689
chr17:39817780-39818281	LumB	1.09567766474399	8.37032422103189e-06	3.57346573348427	3.5996546535519	5.79658578395806	3.61534925673422	4.34168866419526
chr6:28458413-28458914	LumB	1.09564734750908	0.0213313024382923	2.97186095864345	1.99935617189686	4.71774192171988	3.60141465910893	4.48104351260597
chr5:180259053-180259554	LumB	1.0955695054526	4.77505599218882e-05	3.44539101052834	3.93737214582203	5.17230270890127	3.87954983218035	4.52363300219816
chr10:110916446-110916947	LumB	1.09538181588957	0.000232572163757451	4.7494381656781	4.47746015664583	5.56787354367336	6.10148837357474	6.18616863578967
chr8:37141175-37141676	LumB	1.09535238348619	1.43370707409169e-06	2.93985960636897	2.3629630708213	3.10915789580098	3.80634766386852	3.38065626353746
chr12:69443566-69444067	LumB	1.09516535512715	3.47931344689372e-09	3.24305296928767	2.61151244545103	3.59873205319108	3.85594349028671	4.28221114339373
chr2:65386233-65386734	LumB	1.09453519457032	1.77856956122727e-08	4.03568669547194	3.63153679205784	4.8717810935871	4.37162323088691	4.94126386566705
chr1:164691951-164692452	LumB	1.0945259747577	1.42625767473421e-11	3.49778837196883	3.66949646102027	4.05454757806104	4.30990405639803	4.34428004109528
chr19:28551840-28552341	LumB	1.09428891377932	3.58634133196959e-05	2.52296438061538	2.2178244441157	3.29869545786849	3.01927257236695	3.13421276518352
chr8:106326098-106326599	LumB	1.09426654735755	3.40989385252835e-06	2.77253517713251	2.89963389316856	3.2996418197513	3.66810744612375	3.5800663306275
chr17:57900314-57900815	LumB	1.09418938608642	1.26561234388831e-08	4.90913250171024	4.40925395099071	5.39841980374642	5.70294228838779	6.06189402905182
chr6:4911709-4912210	LumB	1.09401369616136	3.82333714153065e-07	3.35881020276638	4.14229767896676	4.78395166718958	4.10741614911041	4.31921416603399
chr21:39758434-39758935	LumB	1.09384821033895	2.17320552979562e-08	2.92536180768734	2.94772283768048	3.98020753119578	3.2039389148908	3.73759815097682
chr1:175304408-175304909	LumB	1.09374511665298	3.6931607100692e-08	2.85912988713541	2.87518040708342	3.63556635620814	3.41276362697042	3.43334436627451
chr19:41064905-41065406	LumB	1.09339044135136	6.97455346592675e-05	3.60221707581119	2.96684521513505	4.08869402904424	4.21541356272388	4.55321578351511
chr21:39318214-39318715	LumB	1.09331613783434	3.83767086507619e-13	3.68890597704429	3.73247132629623	4.74498254390158	4.27143698496086	4.61668801512014
chr3:24073777-24074278	LumB	1.0932994901816	0.00232110799329567	2.38861247957374	1.5573297570716	5.04055099893309	3.44653952771031	3.64648402208813
chr17:49579962-49580463	LumB	1.09277344151932	2.72464866464326e-07	4.17763457964678	4.57987745282335	5.91602738334474	4.9289790094204	5.28771854429778
chr1:31497966-31498467	LumB	1.09240293034392	1.33406427288344e-06	3.25104736614214	2.30276067657598	4.76118332868066	4.20376768082748	4.43590879819241
chr5:35226804-35227305	LumB	1.09232679863645	0.000112265045977386	3.65044275357197	4.14159038803145	5.00729937640797	4.73857904996784	5.03797140050854
chr1:218619605-218620106	LumB	1.09217798286268	5.88763081482038e-06	3.20353618508384	4.16223506717471	4.50180524953049	4.44039595789742	4.30370541372167
chr10:103540698-103541199	LumB	1.09181515131713	4.52398440380301e-09	3.47861344190639	3.48560835067364	4.44196655953849	4.43156437561369	4.58253200344621
chr7:152564670-152565171	LumB	1.091661547111	1.94321380749521e-05	3.13337556912887	3.46609711217499	4.37710750159809	4.47959778086479	4.26116357133944
chr1:161723731-161724232	LumB	1.09150563242935	0.000296980989284813	4.46685585994535	5.6858033515678	5.57687623985793	5.46500260334512	5.83924442016218
chr1:220798255-220798756	LumB	1.0913657754355	4.16584964196759e-07	3.52123285691636	3.90998946641051	5.26093025050472	4.21140677456035	4.36262094558643
chr12:76747333-76747834	LumB	1.09136042230062	7.09390687369258e-07	3.39008905379986	2.92026693244186	4.97642183059395	3.61936667732785	4.37161085212825
chr11:69657028-69657529	LumB	1.09127768115715	1.36003949032946e-07	4.29932051167274	4.49659615279325	4.64390243319994	4.77534204933966	5.20438126887757
chr10:121585166-121585667	LumB	1.09110815769498	1.41809602822881e-06	2.71812763414815	2.12039587469636	3.2573291448127	3.76098959109245	3.83222090240828
chr13:23841050-23841551	LumB	1.09097021412573	4.81938594197632e-05	3.00666200188647	2.43803982267878	3.92093462648511	3.98881255907126	4.18865978159445
chr12:16133329-16133830	LumB	1.09091401639406	1.27658740417645e-05	2.81889987958531	2.32848619419708	3.36972847885605	3.66208609593324	3.76257310602014
chr3:50149953-50150454	LumB	1.09059327621601	5.48129912087761e-06	4.37819327476993	4.76400976455183	5.70324604058851	5.79157353412665	5.65316205858922
chr17:82075512-82076013	LumB	1.09037137253618	0.000243459613057515	3.85574090181294	4.00851866748428	4.8966281756692	4.80360818169101	5.06925797441295
chr12:119100762-119101263	LumB	1.09026460020264	1.0088742002406e-05	2.91565660614565	2.00032464894479	3.7300031860464	3.61019117561887	3.65871025922822
chr5:162028958-162029459	LumB	1.08993324071725	1.45567736062026e-05	2.45324203691208	1.61159084896886	3.19137456686201	3.5427597230501	3.30226161875239
chr20:53634123-53634624	LumB	1.08991049573392	2.13862832108678e-07	3.50856239849975	3.64405407778143	4.13740314974072	4.40081059615783	4.4559436713199
chr17:39443484-39443985	LumB	1.08978132311817	1.78698159282727e-09	3.08295668827671	2.91135904028763	3.94666823714885	2.98155088457326	3.65384168852662
chr8:127953702-127954203	LumB	1.08949623126177	1.75169880703259e-06	3.56033403748734	4.66571931217855	4.19577104216978	4.70668922573558	4.82540428195499
chr3:163011541-163012042	LumB	1.08945577299362	2.22887672366191e-05	2.86901179757138	3.37315689204662	4.06803547090658	3.62769996292719	3.6003854446239
chr16:5781193-5781694	LumB	1.08925030031453	1.23436207204656e-07	2.69547714391265	2.32800917026848	2.76594726502036	3.43861325011756	3.29832934261955
chr8:144855972-144856473	LumB	1.0890638717838	1.70257549689595e-13	3.85564194528636	4.00743792330694	4.99949829910963	4.45389953926084	4.64089480643907
chr9:117302482-117302983	LumB	1.08900928008817	0.00212826402203687	3.26144816432576	2.31611415507736	4.30956163033503	4.46217640118814	4.67711522435643
chr3:85805661-85806162	LumB	1.08894172137356	2.3201003433076e-07	2.74578141099918	2.26522735513695	2.5540006891961	2.95278581029299	3.364447310014
chr10:30586388-30586889	LumB	1.08850008826369	1.0835329467552e-09	3.51451697862936	4.26203145115269	4.87951576907625	4.13757601743374	4.35966078248716
chr8:128644307-128644808	LumB	1.08835903307158	7.63455267899745e-05	2.02718350534704	1.90810858768287	2.0060706739881	2.3814963980001	2.63800024985331
chr15:92936066-92936567	LumB	1.08830890574938	1.41143866720653e-12	3.8036444644101	3.50245002902995	4.29367425327097	4.43677639060726	4.58067185168334
chr1:211330410-211330911	LumB	1.088210272732	3.51166708752537e-07	4.33517201544208	4.56053834171889	5.58423301602595	5.44708455696142	5.54489861332882
chr11:69491655-69492156	LumB	1.0878848336941	6.78490163291148e-09	3.47133176104268	3.48388791943282	3.75614627104042	4.01132898463803	4.37194621784739
chr1:204148380-204148881	LumB	1.08783272050103	0.000273765604170603	4.56899983329109	4.58287335096828	6.38811951787135	5.80565471857172	5.88913913786661
chr8:41566042-41566543	LumB	1.08781761890631	1.95712183015033e-08	3.14033405964094	2.92144391538765	3.25193977948771	3.96827368418993	3.99222150358796
chr15:87190324-87190825	LumB	1.0874610394888	7.37493921329148e-06	2.61327967246821	2.41543239195846	2.82929652497982	3.5806384037192	3.3271933863134
chr19:48423418-48423919	LumB	1.08724212064596	1.78259186909175e-11	3.81539364847623	3.64755822071645	4.74262421397019	4.55477471219268	4.75276433682231
chr8:128155496-128155997	LumB	1.08721363940257	9.56495244966198e-06	3.2610810620381	3.72837144781482	4.09384257176748	4.14362173766454	4.4546218975119
chr8:99709082-99709583	LumB	1.0870602899642	9.08336550676796e-09	2.70305479352136	2.6015832212104	3.22669904194337	3.1216807174782	3.72254235335684
chr8:117168575-117169076	LumB	1.08687648231623	2.0417922505357e-06	2.62543842634056	2.57309776355354	2.93147107248648	3.42311383282992	3.55357363260294
chr15:72460344-72460845	LumB	1.08673481419753	2.0840579088283e-06	3.18507438321521	2.85982787689707	4.50171913898647	4.85070801445234	4.32664279038923
chr20:46807941-46808442	LumB	1.08671396823955	4.38892029985541e-06	3.54201121307576	3.25682638693046	4.79242743681093	4.52660507001547	4.7843253715698
chr10:5495403-5495904	LumB	1.08666069614843	1.14534054825726e-06	3.68941476332889	4.88562367181649	5.11650776210318	4.70980360586125	4.86620356984593
chr18:14780727-14781228	LumB	1.08660052482925	2.54979068518434e-06	2.76241048615458	2.41353679870769	4.19752228760645	3.86500557588055	3.89224004755371
chr12:26180738-26181239	LumB	1.08625165717188	4.57368891424119e-06	3.53723185046841	3.5564984866942	5.22565759186181	4.50427009972792	4.6041479680226
chr15:39626924-39627425	LumB	1.08617994413841	1.13081168372106e-09	3.82642720861879	3.21074562456104	4.81694245732854	4.750961036755	4.95883813350806
chr17:54884464-54884965	LumB	1.08617967024885	1.20943539760453e-06	3.19387349836692	2.76594163409765	4.99858508942457	3.96241070401262	4.13329018256173
chr3:13107646-13108147	LumB	1.08590466490617	3.28195481643661e-06	3.64162405300522	3.42891735366505	5.21606803383196	4.65901735604629	4.86863116558356
chr2:225223307-225223808	LumB	1.08587307479588	0.0022113215196316	2.64433748496499	1.93394771043444	3.1710869050343	4.03925959593499	3.95342649836125
chr8:117088631-117089132	LumB	1.0856805632347	4.66981468940417e-07	3.17840104704878	3.22978281106276	4.01190684325508	3.78353624287053	4.24400800864409
chr20:57114499-57115000	LumB	1.08556848232671	3.72065556339798e-06	3.61277647515597	3.36663650958854	4.53320363338785	4.50157588820564	4.38041272461818
chr11:72790569-72791070	LumB	1.08519970952685	6.88654582885963e-11	4.68963291017526	4.41034284534311	5.75056663321798	5.15922333461899	5.52095223674466
chr11:78154054-78154555	LumB	1.08518372835581	1.88453826899757e-06	3.05599951364239	2.85099995625371	3.51613828585494	3.72270485937702	3.82814665828635
chr8:71581858-71582359	LumB	1.08506245783658	7.05410768913754e-06	3.61332685701149	3.61854835582186	4.47089629274042	4.30409511609671	4.72629548551292
chr15:47584295-47584796	LumB	1.08500932112232	1.39509610306861e-05	2.55534281420547	1.93670346361285	4.32457571202136	3.69270300447518	3.57225760076089
chr11:69645648-69646149	LumB	1.08450421269502	4.94364791351198e-06	5.19429257321641	5.5827943476656	5.36520946287283	5.8071860593001	6.1185697974731
chr4:40701691-40702192	LumB	1.08438639407024	0.000429408178906256	3.16741949409732	3.80671192609242	4.49135624701358	4.41124818500064	4.4944935606686
chr8:124893468-124893969	LumB	1.08415637271331	2.5329941930743e-06	2.93456855605519	3.02708021705481	3.92282727556602	3.58259208116326	3.82140954926678
chr12:18359185-18359686	LumB	1.08398091883728	6.05962738768434e-06	2.88802988221943	2.79553999754391	4.14561157384181	3.23310331163272	3.79026948225727
chr3:11665968-11666469	LumB	1.08372075050205	4.71335016622887e-06	3.19920226777561	3.41089869310553	5.29603900326736	4.07733284580419	4.21498356296045
chr8:70274141-70274642	LumB	1.08367570802703	8.78242961610318e-08	3.76866523975378	4.36504164310301	4.05972969886418	4.186882994062	4.46410466455839
chr3:148121831-148122332	LumB	1.08359811575212	1.53381389844297e-06	2.71279386214083	2.60366861202699	2.79460836175261	3.45559717756415	3.64139980465727
chr8:107265189-107265690	LumB	1.08341989632178	3.80367907620724e-05	3.24343163862054	3.06659218817932	3.70609245149026	4.34705137454599	4.18162481283027
chr13:81988500-81989001	LumB	1.0833731230797	0.00112134960872055	3.07665625672739	2.65077098540765	4.79803069261668	4.79970145122501	4.50046013836267
chr17:39380809-39381310	LumB	1.08331369514832	4.0809387878896e-07	3.16805207390539	2.79313760288398	4.17078704064783	3.44179358177306	3.79324395933696
chr8:95099434-95099935	LumB	1.08310461953342	2.2955877597279e-05	4.42388097418918	4.17468113463313	5.68536376760572	5.2292662448395	5.51294869161616
chr5:152991955-152992456	LumB	1.08305838411038	0.000175014366790992	2.84818745347359	1.98188442484115	3.94273231459016	4.65888962640199	3.95995242273028
chr17:58686953-58687454	LumB	1.08299807627075	1.19376612330687e-07	3.53050300360967	3.34420589660841	4.87272297759281	3.99792446183601	4.4607767242682
chr14:97831820-97832321	LumB	1.08295446759485	0.000137370428004343	2.74718137317362	2.27455257820715	4.60749494306375	3.89265246840689	3.4908980612667
chr10:35034283-35034784	LumB	1.08287239264749	0.000176471605938762	2.98019588439366	2.81462626606102	3.48007609140272	4.22381773459251	4.03640247984831
chr5:179627023-179627524	LumB	1.08282891577645	6.23658788450279e-11	3.94914364121815	3.58490568161365	4.44372726387771	4.37522657811133	4.76063720276408
chr5:38670016-38670517	LumB	1.08268128103077	7.48372713120498e-06	3.30792760055305	3.64526824082005	4.27772369551847	4.46743912860968	4.49208015714668
chr10:69726826-69727327	LumB	1.08250799694578	7.43665780050759e-05	3.42693769521111	3.04876637103846	5.49679701851637	4.38569589212059	4.60425305528775
chr10:8871218-8871719	LumB	1.08249844621895	4.48477922089176e-07	2.66722710303815	2.46131002172691	3.23307318623559	3.54517077131754	3.43219585230563
chr1:201598359-201598860	LumB	1.08234652245308	0.00117338185611129	4.59972137071465	4.22288438161424	6.16680467002566	6.21628736042779	6.22460845449288
chr11:76777267-76777768	LumB	1.08217884488605	3.9936210254634e-05	3.29925449814937	3.08625465562932	4.3289334474466	3.98223589446158	4.22951300606334
chr16:25118560-25119061	LumB	1.08213535785451	8.23765624149518e-08	3.85402154919535	3.63494089817511	4.82377591616029	4.76119915526004	4.90339737261964
chr9:136177128-136177629	LumB	1.08186234034387	5.31346633795436e-07	3.46882953236666	3.23167059036894	4.08278027994386	4.36979739339478	4.24277239524123
chr8:66019800-66020301	LumB	1.08184797106908	6.90178647784392e-06	3.42458198605499	4.77498199015329	4.62883572693812	4.35833195596545	4.56858425643096
chr4:69868242-69868743	LumB	1.08183454316836	0.000330471691790363	3.23200994920892	2.31610000692965	5.26662364923781	4.12718546222278	4.59460685637332
chr4:57308212-57308713	LumB	1.08182659832568	8.56863531260339e-06	2.85959152881058	2.17042175883046	3.56927066818327	4.24927560346517	3.85011518353626
chr12:106973475-106973976	LumB	1.08177907959091	9.53058523398949e-07	4.14138627276682	3.31025984396794	5.52434177420559	4.51631496277541	5.17776425980159
chr2:179854760-179855261	LumB	1.08173153065893	0.000672234069321648	2.63987173962964	1.94435288251725	3.94842273115843	3.0450744123122	3.5615886732758
chr20:21594275-21594776	LumB	1.08134028241513	0.000885664329639576	2.69879213445625	2.15940543900336	3.82694149075824	4.09947727382892	3.88649020301044
chr12:69487693-69488194	LumB	1.08123325311331	1.99130107512137e-09	2.97600663739593	2.52152076467695	3.59007402768947	3.38922700027397	3.8536513481968
chr17:78502676-78503177	LumB	1.08110346268881	2.04918367133027e-09	3.59553129600203	4.26383049581456	3.77433459708188	4.31935128382232	4.61818889115335
chr7:149204210-149204711	LumB	1.08089546911715	2.65509065306317e-07	3.37997973026911	3.54643945205544	3.27778596941377	4.12991243340724	4.17213404636245
chr3:128434260-128434761	LumB	1.08089522589668	4.10825323143501e-06	3.59664018075194	3.54234488242887	5.03708895080629	4.86594367228472	4.82346795709501
chr3:113535851-113536352	LumB	1.08083729861427	1.21476963199518e-05	4.26604407732934	4.38485721680414	6.31658025178342	5.56560675179337	5.61207734014673
chr15:95258645-95259146	LumB	1.08078002527977	1.67594952449607e-06	2.9149103182001	3.09872873058678	3.49273009829544	4.10623118692069	3.82525138623789
chr8:128089175-128089676	LumB	1.08077169858357	3.1111747262531e-07	3.93402174284909	4.56400890134774	4.62249715540133	4.78178360746736	5.00472292342122
chr8:128154980-128155481	LumB	1.08073145015347	2.86158428047277e-06	3.16566817585321	3.42760256408362	3.88319486813809	3.94570988909686	4.27506111951213
chr14:80312521-80313022	LumB	1.08070977348394	1.42909534575816e-05	2.69887671573633	2.0600434309259	4.27715382543087	3.57687330970256	3.61221810148292
chr16:29592920-29593421	LumB	1.08068120813276	4.34775824921235e-07	3.51711752600782	3.5248108564151	4.54678705180753	4.51016449205671	4.51840654608769
chr14:69001342-69001843	LumB	1.08067270877246	3.32067228110243e-09	3.5126742949711	3.75152756456984	4.41568090654426	4.84369224151674	4.63329433605503
chr12:66458906-66459407	LumB	1.08058198689878	2.15823567977715e-06	2.6534511890406	2.27032185271979	3.67465420645002	3.50414545676679	3.46614340430021
chr4:71815274-71815775	LumB	1.08034102027081	0.000532582491417355	2.68936268087826	2.13305852764582	3.11853169669392	3.61404255647996	3.39043016724561
chr20:33028931-33029432	LumB	1.08025632069171	2.27035259047898e-06	3.28304479178596	3.11180428545887	4.94467176102643	4.20424835415048	4.38418191762108
chr6:7657903-7658404	LumB	1.08022700789878	4.19182406580226e-09	3.02149447722743	2.93064635008004	3.02831801941205	3.54317076412756	3.77998125444581
chr2:11663426-11663927	LumB	1.08011276566977	7.36869723937258e-05	3.13246956926109	3.21509752015832	4.14412650025814	3.97535836496524	4.34590353099448
chr14:23150232-23150733	LumB	1.08002033216676	3.1406380945136e-06	3.74143590424982	3.29657340743927	4.43994157578388	4.88123548264543	4.91140619431703
chr12:69553126-69553627	LumB	1.08001906564578	3.40015923652173e-09	3.31099769618568	3.64967505340285	3.98318006296944	3.86263117663116	4.13629401742168
chr2:207664085-207664586	LumB	1.0800158899155	0.000829854049774476	2.98410634093506	2.69225094753062	4.18002652911971	4.21754918815195	4.31985416788801
chr8:95026681-95027182	LumB	1.0799870351309	3.95896617694181e-11	4.14762761258694	4.14486238490194	4.86608656751883	4.72717736459365	4.98736263079513
chr1:208333650-208334151	LumB	1.07953819065953	0.000282966926721983	2.92763318245911	2.83754030444578	4.69745289777606	4.19656815087847	3.9869043934258
chr8:52832764-52833265	LumB	1.07950949279836	7.48578164463585e-05	2.39447635118935	2.5280594701363	2.62251200386757	2.93537674356219	2.94676482695928
chr7:16097405-16097906	LumB	1.07925430037839	4.55311324404732e-06	2.87352043185353	2.29018687232004	3.73026178941186	3.368230453479	3.68400810475101
chr3:105152900-105153401	LumB	1.07923955196777	0.00430556107568513	2.36077106107648	1.62469869565994	3.78624624831289	4.08645344150116	3.75349766083872
chr13:46213629-46214130	LumB	1.07894994469877	0.000658550340030061	3.35238217840119	3.12578932368943	4.22026816674357	4.52288285660048	4.55591871776243
chr12:85373533-85374034	LumB	1.07892921102313	0.00131112310614354	2.79093783076034	1.97924947687389	5.06300793869587	3.83135151340713	3.84961418361231
chr6:99676695-99677196	LumB	1.07891363211236	1.84064101016651e-06	2.9509074161041	3.2220435233211	3.79244268489711	3.72008746873715	3.68944260570209
chr8:33867732-33868233	LumB	1.07891303736585	2.22851629598065e-05	2.63733062481697	2.05170566594019	2.46436288789039	3.47227623406386	3.17803433197781
chr3:9059425-9059926	LumB	1.0788541972248	3.82105335653987e-06	3.43807227372048	3.10177487955855	3.93362102924132	4.47909833514306	4.40885489983761
chr8:84893774-84894275	LumB	1.07859179165954	2.86790530800485e-05	3.12960734988943	2.88792008163683	3.48132844522656	3.63922986057507	3.89744879338114
chr8:39256285-39256786	LumB	1.07833301811488	1.07377620589231e-05	2.61468124472947	2.26293594315569	3.25361879797882	3.29767432052073	3.2914223490201
chr8:66517314-66517815	LumB	1.07821404075327	0.000798021139821101	4.24747503021676	4.89933290283195	5.01833299979866	5.16391578550621	5.59690856583543
chr6:38502309-38502810	LumB	1.07814068147722	1.96560339600496e-05	2.91389332235203	2.49309042294116	3.67593539733982	4.08673088708043	4.01383355572278
chr5:34449636-34450137	LumB	1.07807209381422	1.13673178955959e-05	3.56970946458437	3.30880283442559	5.4289980565236	4.82359881503427	4.7793244953396
chr6:152096436-152096937	LumB	1.07774070524469	7.36541375043039e-07	3.70530639147683	3.97520665752361	4.73702734730925	4.72331521212311	4.92264075263665
chr8:37601345-37601846	LumB	1.07765964305637	8.7524238824041e-05	3.83271330454085	3.34085790682829	3.87721331488957	4.44488976853664	4.67229918897743
chr6:34535181-34535682	LumB	1.07753704074686	3.49264819414172e-06	4.38562188826699	5.39539945228597	5.87223629288324	5.57309050923805	5.66394248100289
chr12:69547138-69547639	LumB	1.07744378390334	4.83127095649606e-10	3.31976809502026	3.03536805696935	3.74437323725293	3.69967572827629	4.07207791489089
chr22:28797341-28797842	LumB	1.07715504054421	5.26252824580641e-07	4.28652943933654	3.77968329927173	5.48715088120368	5.31996637330119	5.25413280968185
chr4:29305519-29306020	LumB	1.07694525080115	1.63877696316442e-05	2.67630316746025	2.20960444812353	3.68001809235746	3.65789273449547	3.52469495885971
chr2:164119338-164119839	LumB	1.07690945320254	2.1595819293036e-05	3.14540555866045	2.69646260536814	4.31547185431837	4.13880864022653	4.18936689102502
chr8:18333966-18334467	LumB	1.07662656711005	5.33078072765541e-07	2.65373724944085	2.04785182793647	3.07763619499095	3.05634253497143	3.44398001159262
chr7:81453706-81454207	LumB	1.0765923645997	0.00160618258393251	3.04073617916806	2.52879890005942	5.11457022810343	4.56927063066382	4.33956773608747
chr2:9947230-9947731	LumB	1.07644727297618	5.95368461091307e-08	3.45986520437225	4.09087395695369	4.24823507779199	3.9853528811912	4.29510380817031
chr17:79004022-79004523	LumB	1.07634504053185	3.21088123567478e-06	3.29661768559557	3.46366235839854	3.97847960889769	3.76347498222031	4.10532220669582
chr12:69434379-69434880	LumB	1.07623764354128	7.78427914246923e-07	3.11259797105535	3.16548351474653	3.83612465702073	3.95575350498964	4.03680442595012
chr5:112002273-112002774	LumB	1.07607130697352	5.46164561216262e-05	2.82153893691975	2.134647797845	3.29712070645326	3.97776942864081	3.82061835082955
chr4:40197688-40198189	LumB	1.07585463878535	4.97220980858217e-06	4.12146358398117	3.8910445366759	4.90287517323746	5.43346227414834	5.36159406545188
chr18:24166014-24166515	LumB	1.07571878632324	1.22328130825998e-09	3.07066820091687	3.48440728728264	3.25359343484605	3.90069600396427	3.74093446251408
chr22:45916437-45916938	LumB	1.07565202886051	6.2998286586262e-05	4.13423304035849	4.4687679587985	5.90308052750963	5.32100633452626	5.21336818113832
chr1:154590632-154591133	LumB	1.07558002887492	5.25140728312135e-10	3.49394023187626	3.87857694538107	4.19116113087666	4.41657782567667	4.43792138966373
chr17:39535684-39536185	LumB	1.07525316652739	1.78970226440648e-06	3.59902385495971	3.91106742538497	4.86726244159753	3.63731813440298	4.41750599830771
chr10:17389075-17389576	LumB	1.0750637440028	7.07020298181839e-05	3.84352338882822	4.40668724505434	5.4507323548733	5.22251021159357	5.23433559121574
chr8:125453114-125453615	LumB	1.0749908200362	4.45846862984505e-08	3.52404836418248	3.99210702092847	4.51090309257759	4.4030271275189	4.57325164119713
chr14:43789345-43789846	LumB	1.07489936536411	7.45995965231095e-05	3.02853543937708	2.13760636312026	4.52770054066637	3.83275943253781	4.26004324944121
chr11:69659980-69660481	LumB	1.07451436216966	3.22555190178003e-09	3.52481805870725	3.65612903974023	4.0072781085983	3.89496893134211	4.41239582279204
chr21:34774758-34775259	LumB	1.07392896313191	3.48003610996999e-05	3.24750148702421	3.30824205770404	3.87508642480971	4.27238011583946	4.17002708927526
chr3:123444685-123445186	LumB	1.07384434178374	1.53334123068456e-07	3.71257463726964	3.00517065857678	3.83648811720406	4.6626497457496	4.75672417541764
chr3:60693400-60693901	LumB	1.07383016551584	0.000156021537781699	2.92418120022581	2.10682447533707	4.11575612193996	3.86668179050563	4.04665245958549
chr16:954922-955423	LumB	1.07374181294365	0.00506121579511654	2.48982479238379	2.76416018146905	3.80326481867948	3.49335447862554	3.64892780299458
chr22:29519952-29520453	LumB	1.07367202963115	0.00147853390925968	3.3349722699684	5.50994034257022	4.79728349410225	4.38392853600789	4.6254388627826
chr2:216675960-216676461	LumB	1.07363254921919	3.27048778917242e-06	3.4473470606687	3.42990339501447	3.59701705189243	3.86427317020372	4.19752556189945
chr8:101756219-101756720	LumB	1.07359652553438	3.49488088507478e-05	3.85971214937227	4.30748745543059	5.41324462938207	4.91365886937595	4.94490532017676
chr7:132216798-132217299	LumB	1.07336624622155	3.86014025282752e-06	3.04733211842269	3.52517922365359	4.12076271233502	4.27855079707766	4.20126083054342
chr16:15673763-15674264	LumB	1.07333929032369	2.94440401689085e-05	4.43456733651537	5.38253023414882	5.79289172559118	5.5438052040557	5.74797988498312
chr2:86631015-86631516	LumB	1.07320678070724	9.99408951891604e-05	3.60943214563161	3.43486100274266	5.64981904657557	4.58326092903884	4.92737833651209
chr22:34286889-34287390	LumB	1.07268653362779	4.55430907952351e-05	2.1753568823131	1.77860886604676	2.72517389058836	2.64158767190103	3.12537114188965
chr15:61271821-61272322	LumB	1.0724842893777	1.63257617153099e-05	2.57364993882257	2.31810610563739	4.04568880839381	4.04730350053835	3.77889232132356
chr8:72393996-72394497	LumB	1.07244775245335	1.93445159374441e-05	3.57142388667133	4.42556288058198	4.46596431145028	4.69301914519498	4.69494622982764
chr15:41771715-41772216	LumB	1.07227973032256	3.90331391776787e-09	4.29829209321581	4.09219669739026	5.20679246651612	5.10384527449249	5.21576724871659
chr11:63771713-63772214	LumB	1.07193519062128	1.71443018981892e-06	3.5766148393134	4.37662383443349	4.32383604337835	3.95839509427931	4.44165595619999
chr11:129380416-129380917	LumB	1.07191061742435	0.00120836117994726	3.37146203412888	4.41986525862956	5.13761092927889	5.06437444790191	4.80550136244052
chr6:3762237-3762738	LumB	1.0716770869782	0.0001585658541321	3.78711646884259	3.57490820185598	5.3457675873968	4.68977925443417	4.79623030730925
chr1:91748357-91748858	LumB	1.07164272601573	6.25070753043778e-08	3.26214393261413	3.58806820461889	4.05537287177797	4.06928102353513	4.07736953719019
chr14:62800508-62801009	LumB	1.07163620668894	0.0213313024382923	2.80897283580216	1.86524803385451	4.728075984048	4.72367902753021	4.82802388562147
chr9:137484748-137485249	LumB	1.07155390431104	4.32207982287007e-09	4.48762188368551	4.66326449131186	5.50591916696069	5.28114350971322	5.60842859472003
chr3:55932238-55932739	LumB	1.07126382652813	0.000248711820180325	2.28123208336976	1.34644334297563	3.5763192891109	3.22145962900343	3.23282071048966
chr8:128229789-128230290	LumB	1.07122983532664	2.31207419181199e-05	2.29541094974808	2.4892143562861	2.32747900800868	3.30948774340477	3.28585972154122
chr3:78021386-78021887	LumB	1.07121592378976	7.51586409161906e-06	2.63512206635583	2.05774947112611	3.4975891921201	3.5059284208145	3.7463258298406
chr11:122871243-122871744	LumB	1.07106394883152	4.54234349549522e-05	3.02242584677948	2.37633122806331	3.49916964088112	3.87117943745636	3.48852786254722
chr4:152931341-152931842	LumB	1.07046386232172	2.36138122881899e-05	3.40218123467589	2.78508534933825	4.34820684840191	4.60242723322194	4.62791603337808
chr1:1111452-1111953	LumB	1.070248892023	2.87442975287712e-10	3.97001541723666	4.03905037565778	4.91244669217146	4.44928828814372	4.75026475869497
chr8:95098319-95098820	LumB	1.07021526890909	1.33918618110079e-07	3.55523569531868	3.47826055694148	4.72503569947213	4.45682384623629	4.64276012312493
chr8:17539437-17539938	LumB	1.06998188509036	0.000463707023182264	3.52228112741288	2.77243709884522	4.56589740908021	4.74241391587442	4.70112809028332
chr18:14753196-14753697	LumB	1.06993293357691	0.000141964532467527	2.19321467735266	1.9821185334802	2.69483919024668	3.03458852429728	2.94519547980197
chr8:114081197-114081698	LumB	1.06964009545287	1.07896005269047e-06	2.73228874263887	2.66758204236621	3.01565627998623	3.32119957852591	3.40939152004482
chr12:114587282-114587783	LumB	1.06963458771454	0.000347025059548664	2.97990351779148	2.25811243873348	4.66964733325987	4.30129884485914	4.29436617808002
chr21:46646498-46646999	LumB	1.06945358397075	5.32590206282917e-06	3.65855527338197	4.5704366580239	5.31274793282416	4.08532555754875	4.6333497514868
chr4:95100997-95101498	LumB	1.0692724777986	1.43166905592836e-05	3.05760132221233	2.28246188184827	3.05488571974795	3.5822743816753	3.74625492309224
chr16:20071868-20072369	LumB	1.06923091917842	3.20944956165633e-05	2.64035710620803	2.25651448604251	2.60673997919796	2.97655073538179	3.64845471697243
chr1:244880920-244881421	LumB	1.06908336579356	4.31480796746765e-07	3.02359203213288	2.86000632163544	3.51025129265271	3.66610717744984	3.83718246317291
chr21:46487195-46487696	LumB	1.06901354778596	0.00550217099094513	2.63510013512048	2.31327856046372	3.35187972824151	3.43954674289934	3.95077664200243
chr8:86340798-86341299	LumB	1.06896240382711	4.3569506013152e-08	4.5076178779097	4.89053349363654	5.1340706115823	5.33874492369983	5.60291967138249
chr5:172280884-172281385	LumB	1.06893204421471	1.69121035732971e-07	4.14636993145421	4.74080256541819	5.37868770429454	5.26990896008477	5.16180162693742
chr15:55193516-55194017	LumB	1.06884458800931	7.7501362353532e-08	3.27203251791436	2.63202886725274	4.87698187690329	4.39431855200516	4.22835772933883
chr8:127867686-127868187	LumB	1.06876143881178	1.38173450889403e-05	4.19159514215946	4.4074262760385	4.94796849541655	5.07173338297456	5.3569472754113
chr8:117328168-117328669	LumB	1.06820706301717	9.37650054929208e-07	3.06812967204598	3.10631205860545	3.9427546493695	4.00675973353292	4.12005048812074
chr9:125460263-125460764	LumB	1.06793626085708	2.84926743015633e-06	3.11625351959694	2.56123186273869	3.19342288887185	3.92122980336174	4.06276311561896
chr6:122697608-122698109	LumB	1.06785706501757	0.000174073113472513	3.22217687904907	3.35405426559844	5.98779059634464	4.07040467853895	4.28565948122526
chr12:117131923-117132424	LumB	1.06742313357804	9.14534051317438e-08	3.20326523178841	2.87690591666089	3.73921832429712	4.07611563937149	3.90331978923306
chr7:30012174-30012675	LumB	1.06733042785866	7.48459086938308e-06	3.19397037833436	3.22793167828486	5.12107856292658	4.22949288042194	4.31739582859351
chr16:48733358-48733859	LumB	1.06732498057406	0.000446571227475463	2.58273939479135	2.39902565193149	4.61586989710035	3.11308429255192	3.77941235068057
chr20:34310245-34310746	LumB	1.06731471530772	0.00253408638562077	5.0151062594592	3.82960756652545	5.83957093203818	6.28796617743669	6.6447661807745
chr11:69442054-69442555	LumB	1.06708681720531	7.39252318269757e-06	4.78741968040322	5.22740528490637	5.68966800979019	5.5897508204537	5.88730214707934
chr12:120727194-120727695	LumB	1.06707567355962	1.71663170179418e-10	4.38177288194615	3.93896441203647	5.21856933302822	5.53126121080383	5.32268600462881
chr8:93162807-93163308	LumB	1.06688062045656	2.07750903380794e-05	3.34177709487523	3.26273533663803	5.19824724030162	4.34296866381396	4.27168022432038
chr12:81183430-81183931	LumB	1.06685425892897	0.000743180590770404	2.80543288345891	1.7463941859756	3.79752393593188	3.15676940826049	3.90242854785467
chr5:42109158-42109659	LumB	1.06666882531232	0.000800074326622826	3.57600164733214	3.06575211957062	6.00186697232176	4.69724295758687	5.09962979624241
chr1:227900679-227901180	LumB	1.06656874979731	3.09533071120288e-07	3.66426823450798	4.2681207101438	5.50354287192121	4.77996975571787	4.72796104644305
chr17:57296716-57297217	LumB	1.06634634465983	5.25432819386998e-08	3.30123689190058	2.72338356957971	3.70726666785015	4.00618624705714	4.22051363456257
chr3:183986167-183986668	LumB	1.06628979456877	3.99846026771853e-05	3.33326238116082	2.90542282194516	4.69666081581762	4.26835939813528	4.43540064008995
chr1:151615901-151616402	LumB	1.06579216486792	3.44937005105593e-07	4.40441801740501	4.99169596015313	5.23438196237258	5.24700171801006	5.31854009452002
chr12:52330980-52331481	LumB	1.06575888218072	4.1784533800224e-09	3.79782218348139	4.16732231136106	4.56891738267819	4.7905506665628	4.69025354256977
chr4:142464724-142465225	LumB	1.06571581214114	1.64342274537401e-05	3.01400546018269	2.23971894821944	3.52279283521675	3.78398474551132	3.92431508112364
chr8:54092317-54092818	LumB	1.06533492345804	4.68549485910928e-07	3.28819911256443	3.36330239199792	4.17774955366801	3.75642267010915	4.21069172537062
chr8:76085127-76085628	LumB	1.06526261241758	6.61372636815327e-05	2.50389004687445	2.1675226451208	3.16462450794828	3.02378074475325	3.47998648314828
chr2:232301675-232302176	LumB	1.06513446142453	1.70651724374893e-06	3.67067694275693	2.94160881795924	4.72865591306515	5.06419931926975	4.93343683870207
chr20:48460592-48461093	LumB	1.06502210108271	3.98252039402409e-05	3.05108826872092	2.52290246807543	3.50027960877903	4.16711273614759	3.83980443417775
chr1:226380331-226380832	LumB	1.06501400652809	4.44741966585279e-06	2.97314997565234	3.33642256739554	3.08402771480877	3.73903516754601	3.73266467374034
chr21:33775820-33776321	LumB	1.06489934918377	4.08062064326408e-07	3.37759425844942	4.70892846642638	4.19420385549115	4.00392377082587	4.34482081811357
chr3:158970382-158970883	LumB	1.06482268358173	9.59097347821833e-06	2.7776152254013	2.71024278172692	3.83879537834348	4.02541492995378	3.84115452556757
chr2:96669540-96670041	LumB	1.06467463849264	1.8362466904925e-06	3.74850736026426	5.01561781778202	5.5930163783398	4.68229620138647	4.79205064143618
chr12:59876053-59876554	LumB	1.06447665788434	5.67777126254977e-06	2.83529055361605	1.99027207092719	3.80302503506224	3.20005089366118	3.54738762373613
chr2:106009938-106010439	LumB	1.06436599932284	3.74645604888998e-08	2.81031795683615	2.76568747396337	3.71147195299383	2.88563399188739	3.31963732530648
chr14:71992217-71992718	LumB	1.0638729612213	0.000312795596525937	2.59227981627307	2.26846847416728	3.41685479484698	3.35392995078817	3.58597485970184
chr1:184639415-184639916	LumB	1.06379478522958	0.000662365128858064	3.42137783678153	3.3475736706928	5.35373310007979	4.8024707583409	4.83210859789171
chr17:44022129-44022630	LumB	1.06377839992669	3.60453176019948e-07	3.55770766968025	3.21215530527966	3.3471925827159	4.45078133175285	4.61466873367608
chr13:85653766-85654267	LumB	1.06359284816902	3.36081215337383e-05	3.04132038009343	2.68568894146472	3.94925976885455	4.55212888100062	4.04908064022014
chr3:8716294-8716795	LumB	1.06342874529909	0.000337252428750354	2.62533409512594	2.02791296202305	2.96716833637803	3.13615821182963	3.35415606793748
chr17:28468000-28468501	LumB	1.06339009084925	5.09799040563116e-05	3.05103888364275	3.74335772501148	4.75571096123039	4.29215915107782	4.29231105793467
chr17:80667434-80667935	LumB	1.06326029170531	1.82868506506546e-08	3.10073382789478	2.98550593801795	3.29467218401614	3.37539302537028	3.70980016168701
chr8:86539087-86539588	LumB	1.0627032795147	3.14264652039567e-08	2.85324546550764	3.00574041885258	3.15921927390605	3.86569445000509	3.66395447781102
chr16:10545771-10546272	LumB	1.06249730368439	2.71765895183629e-06	3.30474964862421	3.94228138854537	4.79080173500858	4.43194993693124	4.32611413994831
chr5:34651747-34652248	LumB	1.06236977408797	4.05846471792377e-09	3.74454544678659	3.75245550633983	4.12673270169725	4.40967995378735	4.64190390986397
chr7:95547999-95548500	LumB	1.06236393657604	0.00235407961542176	4.32851927962563	3.04984923665448	5.48499822836217	5.95288290836136	5.81860990261335
chr14:91837676-91838177	LumB	1.06228909333984	0.000346526367245698	3.79201515870553	3.6796430896446	4.99651049024868	5.32855947563787	4.94684943277439
chr3:175133834-175134335	LumB	1.06224407624012	4.4321637976476e-08	2.74594933824661	2.71351961600644	3.09577851103148	3.41655099848896	3.53236353659491
chr17:68435352-68435853	LumB	1.06220070931229	1.51961785436859e-19	3.91880298418667	3.97826001749421	4.41176570882921	4.45796100397972	4.8760467097771
chr12:28459463-28459964	LumB	1.06217168861648	2.33641638022178e-05	2.92470538632544	2.67462323476064	4.23615718149168	3.96729617770886	4.00827373132008
chr2:81529580-81530081	LumB	1.0621363271111	2.71373241559746e-05	2.34471418901912	2.39495934778301	3.7699169473202	2.54560098032889	2.615931401154
chr8:80364775-80365276	LumB	1.06199599455312	4.45211038421516e-10	3.47742180889506	3.7685116286681	4.02658251228176	3.93875596234392	4.30761981961981
chr3:79999098-79999599	LumB	1.06194471433457	2.18438162658698e-06	2.77826352508448	2.42695632271321	3.90563903023048	3.53483543095031	3.79188580372776
chr12:69547693-69548194	LumB	1.06193633988083	8.45057929434223e-10	3.21463891744392	3.01267596991877	3.42504285302478	3.52948579388694	4.01253807186725
chr3:185120093-185120594	LumB	1.06147319088838	0.0022154301851595	2.61918660679703	3.31811716228684	4.57195129140999	3.86447906754518	3.82527634656018
chr6:100174633-100175134	LumB	1.06115383786183	0.000406460696824429	3.37111867115805	3.01175961547933	4.87252883297532	4.70051469826225	4.65886932366977
chr6:164819951-164820452	LumB	1.0611155802129	0.000545702643135147	2.62912933918725	2.16449351557559	3.74542219010984	3.37336247546443	3.54126522270418
chr3:16490594-16491095	LumB	1.06101811484644	0.00015054252458101	3.26670558595981	2.80944240000039	5.52674189674283	4.48799718566863	4.53347434898083
chr9:108088638-108089139	LumB	1.06070607513139	0.000442412590066763	3.45066156389897	3.20472087957225	5.13691170981976	4.74441656158312	4.57823748218344
chr8:93313551-93314052	LumB	1.0604185455462	1.27572860009801e-06	2.99138848683699	2.69354647402921	4.02304264451885	3.68809646084952	3.88448490330073
chr3:54371759-54372260	LumB	1.06014087997675	4.22148432308969e-05	2.4347719329901	1.72829274087275	3.78065135959471	3.11145855712609	3.40636264071932
chr8:65654705-65655206	LumB	1.06004688377553	2.51158028675777e-06	3.30292506657125	3.53859634460057	5.38358207328031	4.02268419021124	4.23959476730257
chr5:137280169-137280670	LumB	1.06004462225549	0.00533442887363608	2.76518285265571	1.4784801703301	2.95075740636972	4.41988363726963	4.36516376275335
chr15:76313793-76314294	LumB	1.05987677968527	0.000297388594781672	4.33237888546989	4.10981953732634	7.1576699368817	5.32615545920988	5.55089584946992
chr11:77578896-77579397	LumB	1.05979576513379	0.000233170970345779	2.48956314456675	1.79063896902847	3.05106651951615	3.4463021769975	3.43021715468893
chr1:37536511-37537012	LumB	1.05971585310118	2.13888802499338e-05	3.4388332721116	3.31123177084385	4.5263865518483	4.69982336773635	4.59887656581696
chr2:100044947-100045448	LumB	1.0594031614209	7.08734628859243e-06	3.13051877511074	2.66150580508607	3.30747624558232	3.82688450700808	3.94738664496249
chr6:152006717-152007218	LumB	1.05939941626128	9.14541652353926e-05	2.85026721452871	2.62228476004191	2.72928925336456	3.64979859369442	3.98702191059746
chr15:45675518-45676019	LumB	1.05933861115371	1.91911167979334e-10	3.37527583239912	3.27856666318772	4.1605226834781	4.26370780608236	4.32777734889986
chr8:66532295-66532796	LumB	1.0591754811403	1.51827482762793e-09	3.82047053119384	4.79874859566035	3.99535291508594	4.29763134499351	4.74010016527598
chr1:204312999-204313500	LumB	1.0591611656647	2.62974633702824e-09	3.82405821142893	3.70455785923734	4.79386177486949	4.86700799738738	4.8587146434057
chr14:94615238-94615739	LumB	1.05906903095087	2.07236873873544e-05	3.81732992518388	4.49101601168655	4.07566865493481	5.09241435902116	5.03535355079888
chr17:67782137-67782638	LumB	1.05903431515303	1.44908070348166e-05	3.59274495989711	3.60990596571861	5.01250104224237	4.55829725257905	4.69823094930027
chr3:25399288-25399789	LumB	1.05889865930035	6.44865564586778e-06	2.73721807377852	2.71563792953154	3.39660809308549	3.54825255563817	3.54572660708568
chr6:151656349-151656850	LumB	1.05875638607397	0.00106633092380371	2.6515109480905	2.14624250585162	3.48855186619486	3.88536450340982	4.10234770334089
chr1:201600683-201601184	LumB	1.0586332915519	0.000331917739052059	4.10544251151411	4.48154601363635	5.60390596203163	5.68730719779103	5.54164433974953
chr11:71249898-71250399	LumB	1.05860784645449	1.01828898462898e-07	3.77472035733269	4.14791870808953	4.45159805702058	4.37145332923635	4.74114052003605
chr17:59834088-59834589	LumB	1.05851812367913	8.51225054776669e-14	4.60848604668495	4.43344131474988	5.12739058218486	5.05538012688582	5.48875159900415
chr4:24594289-24594790	LumB	1.05840567812018	1.57112132341888e-05	3.82454687782962	4.69610165029507	5.48305290062395	4.81486342326349	5.06203240273504
chr3:43417123-43417624	LumB	1.05831480794709	0.0146426550405894	3.65104859968004	2.95071754105003	5.71308715539072	4.54611484379165	4.81856409166576
chr1:247797766-247798267	LumB	1.05827038998975	1.85413233335037e-05	2.83735206545695	2.71633766180814	3.05238778638998	3.89249719984582	3.58004735417393
chr2:237519519-237520020	LumB	1.0582056154747	2.18129820216076e-07	4.11640687595854	2.90578145900784	4.89573950768047	4.93530473739656	5.26243221932376
chr11:17440474-17440975	LumB	1.05815665085302	1.14508348537557e-06	3.64281981715618	3.15023165746166	5.14643978409554	4.9438061653778	4.79148285536528
chr1:187453599-187454100	LumB	1.05783650512449	4.92559520037242e-05	3.02129855056042	2.95538301875693	3.37021103485881	4.32052507904334	3.72148972136481
chr22:47596943-47597444	LumB	1.05769782690836	2.91533147149967e-06	3.09359488723596	2.70516740569102	4.10730932390553	3.7368626617607	3.63373757356875
chr9:98148425-98148926	LumB	1.05727505608878	4.20732640886913e-05	3.76591375247243	3.60589041890915	4.56230591882685	4.94848950967322	5.13579342844089
chr11:71201196-71201697	LumB	1.05727498576199	3.78158146339722e-07	3.37497339779533	3.5004286280048	3.89385430748562	3.92371988371717	4.34219360300488
chr8:140044360-140044861	LumB	1.05694109514151	0.00164871700043653	3.6447502128944	4.61512650203389	5.62904489854894	4.68089535066647	4.96710107770636
chr9:81014152-81014653	LumB	1.05630295734824	5.90657462097936e-05	2.93720028276463	2.56987370642661	3.72935710390335	3.90045008665191	3.87973314423353
chr19:33807818-33808319	LumB	1.05619889499264	1.34932715586937e-09	3.40637321615715	3.60174045413034	3.69154043858614	3.52855168715013	3.93599577140682
chr3:15798875-15799376	LumB	1.05619887241603	8.1028795519621e-07	3.90641434090526	3.23198126778946	4.66892019291659	4.92776603928379	4.99264899721954
chr8:40362973-40363474	LumB	1.05618218857363	1.38087542020506e-06	2.8897506706087	2.97534060897943	3.39945767151419	3.67447213735105	3.72274717456325
chr8:65843633-65844134	LumB	1.05607408576257	2.29899957802307e-07	4.38860356103354	4.55849751243738	4.94278293223298	4.84935348695603	5.27786587460957
chr2:11541586-11542087	LumB	1.05582218758252	0.000695161500793449	3.95397165150182	4.62639995941145	4.39676346611099	5.39240928617627	5.45775541156201
chr6:72019054-72019555	LumB	1.05562133728428	0.00031306625380702	2.7982412155193	2.1338755152007	3.76344974707756	4.18854034750023	3.92423881958464
chr3:172539747-172540248	LumB	1.0555740913167	9.02945721171333e-07	3.6100191159959	3.90971674291567	5.03033246017697	4.46245555799855	4.63338537446338
chr2:227468255-227468756	LumB	1.05553426836025	4.26240543871019e-06	3.76645446006156	3.54982475310831	5.47578537757651	4.4805679537797	4.65894878031079
chr5:58078743-58079244	LumB	1.05506353310722	9.35811644740767e-06	3.08226877915382	2.50505447952996	4.27796715798824	4.20878990615387	4.16884381841816
chr7:42093585-42094086	LumB	1.05502442172439	0.000596722087447906	3.38849010020215	3.1829021306977	5.06298119126684	4.81274567121827	4.74001735123375
chr20:53756021-53756522	LumB	1.05501944228481	3.24138940184104e-06	3.72674275685827	4.23135669801918	4.79775703444203	4.57545653951195	4.54920326115323
chr10:125646196-125646697	LumB	1.05454844766869	0.00445085569456728	2.81041722746579	2.32206134213418	4.14883271709539	4.47471910805568	4.34000650580252
chr2:30805150-30805651	LumB	1.05393484258522	0.000200080698942558	3.556986339833	3.88254530134702	5.76123529246417	4.7646962520243	4.90114204783849
chr8:100945982-100946483	LumB	1.05381164017865	6.43491729114499e-12	4.27692048602742	4.2569870201079	4.61375882967933	4.66251754404358	4.88419878417893
chr14:41552703-41553204	LumB	1.0537348429646	0.000152473499615997	2.5783598794357	1.84128802429848	3.29147377546972	3.34257822689536	3.51379557085968
chr17:51424163-51424664	LumB	1.05339819490188	1.65144402630784e-05	2.57229881412148	1.90478720770764	3.29552061461171	3.2465471048185	3.48066239803689
chr7:23742624-23743125	LumB	1.05333583228091	9.91181273501064e-07	2.93643451113688	2.31989132805741	4.29892550986977	3.30678576983886	3.64480194549064
chr8:37136061-37136562	LumB	1.05332276587487	2.87589554834942e-06	2.85414285112544	2.69918924055307	2.71197111104814	3.46558702419968	3.34360525468024
chr14:21719694-21720195	LumB	1.05323573209101	0.00080106732877641	2.95828502315506	2.43674815462521	4.71785576908455	4.16209791532506	4.16016785396308
chr2:237048090-237048591	LumB	1.05302899102035	0.00034874213334559	2.68807102478233	2.61829796807403	4.06501601961873	3.47367359189134	3.69810564945929
chr8:128095859-128096360	LumB	1.05269548842602	1.7099163025167e-07	3.53049975041132	4.02188905673246	3.93393755644941	4.06389720677059	4.28922907611913
chr8:124178991-124179492	LumB	1.05256437970241	1.70445016670722e-08	3.70858907797024	3.91411628228477	4.83862222605163	4.06078173793448	4.57027519723262
chr17:39495066-39495567	LumB	1.0522443711661	3.54796319367439e-08	3.07175530386085	3.02665180761463	3.86636036655227	2.88766492223357	3.52414337337865
chr8:125100577-125101078	LumB	1.05216930012313	8.67099334986482e-11	3.738768894647	4.17921122862052	4.30687108385018	4.39704204098876	4.45490612238302
chr6:74696687-74697188	LumB	1.05199849677643	4.30259457862134e-05	2.62827986861475	2.74835683223606	3.92103914117817	3.70615229700775	3.74390258007041
chr20:63743294-63743795	LumB	1.05175786431342	1.21010737329575e-12	4.60296305526849	4.50144594506342	5.61583394881369	5.24645389424429	5.49259360280115
chr7:156643189-156643690	LumB	1.05174067618458	0.000104342456456038	4.00152865019406	4.64104017083673	5.93377657579724	4.50713366375491	4.95981265072426
chr8:133481766-133482267	LumB	1.05159977975034	8.11059000289765e-10	3.69876643020707	4.21392107706471	4.46542414421236	4.54309198963419	4.7498101664007
chr22:49071671-49072172	LumB	1.05150748211719	0.00225011737350396	2.52912440571255	1.78390957330637	4.05562661048305	3.50246193568819	3.10856282122385
chr13:69028806-69029307	LumB	1.05133534500882	0.0031227143663653	2.46775631508724	1.95841996020719	3.8315432601196	3.71333014847368	3.93760248546118
chr8:140361016-140361517	LumB	1.05127410436908	7.03953024410904e-08	3.56273603940044	3.72924851547329	3.90004063914641	3.83523213041054	4.16344727112005
chr20:53334809-53335310	LumB	1.05113403472367	5.71868144993217e-07	3.03211017535742	2.7724210677399	3.71175509893129	3.78830248218386	3.63588798220062
chr9:123491578-123492079	LumB	1.05088528086675	1.39110438822026e-10	3.26904679339176	2.78578255671193	3.71610391741891	3.52865901008812	4.06853026503789
chr12:94058988-94059489	LumB	1.05070157477823	2.3719292613025e-07	3.34599730978053	4.04623833432236	4.54996533272505	4.12870134552723	4.3545275948225
chr11:78074636-78075137	LumB	1.05068967324763	2.40165328797652e-06	4.07312979624601	4.28502755940786	5.5433853241633	4.80115379311581	4.9544192200929
chr22:48335635-48336136	LumB	1.05052462491942	7.42630236417369e-07	3.08513122808776	2.52997427084021	4.16347645458949	3.33913501116247	3.70842674892886
chr11:39944498-39944999	LumB	1.0504885154372	0.000230542518502285	2.58386623603083	2.02198801301096	2.85444877373717	3.37104236677829	3.46679195581442
chr17:62802523-62803024	LumB	1.04999729374555	6.43942824984939e-06	3.73694766928912	3.36040393156117	3.99228458660275	4.12125337151423	4.87962822507699
chr8:126585566-126586067	LumB	1.04985717355326	0.000108738014389312	3.57368568780275	3.60706827548914	5.0486336504638	4.21023818293329	4.50835634837035
chr12:90635999-90636500	LumB	1.04977032705542	0.000176523965425464	2.78306261041809	2.29182510305998	4.10382689941935	4.15263972042786	3.94384556281837
chr6:4711063-4711564	LumB	1.04962208328834	2.95177646709504e-05	3.22650877916726	4.17894420224242	4.61092094402486	4.15210553006076	4.09922007521654
chr17:39776434-39776935	LumB	1.04936785853459	0.000315629497561811	3.19960694831574	3.28321775205071	5.03699358650665	3.28306750304676	3.99558292255143
chr19:3344654-3345155	LumB	1.04929927105327	2.44305028410542e-07	5.03800458405794	5.59129371145373	6.536570704783	5.93230070471842	6.11938694559825
chr3:86269335-86269836	LumB	1.04914498525767	0.000137787225799994	3.0192972895503	2.59753378996659	3.05081002891972	3.90633712832515	3.97032819652231
chr10:127330676-127331177	LumB	1.04913058705543	1.03110580024623e-07	2.96304162916117	2.89081808434807	2.92219716203314	3.62844709735283	3.73709606167752
chr5:172908000-172908501	LumB	1.04903461183285	8.2873862506613e-10	3.87765204348089	3.46847825414137	4.07601353668389	4.04460355433902	4.49198126283329
chr6:157193351-157193852	LumB	1.04899545896012	1.878913395103e-07	4.02283254811519	4.31407113635257	5.33567959319675	5.05390357431566	5.13442205162216
chr3:89576259-89576760	LumB	1.04896643907102	2.14353344374546e-06	2.29707759776935	1.86597196491298	2.2086943650939	2.5637906332907	2.83696441526647
chr20:56980676-56981177	LumB	1.04885390314016	2.2913668307398e-05	3.24673183874271	3.68495638989848	4.63422551565828	3.82821700244962	4.09812897690908
chr5:2267883-2268384	LumB	1.04874567496909	0.000614941642382076	2.63550403346979	2.38760319738364	4.21832601716882	3.83775392817186	3.17461089054322
chr12:69568244-69568745	LumB	1.04851226051694	1.10440101158807e-08	3.33895407256871	2.91011853938388	3.5694091870973	3.67514574775379	4.14124657382008
chr11:83941070-83941571	LumB	1.04841667877228	0.000160495403491559	2.69379847391304	2.37466010028302	3.52691033715365	3.18631595267535	3.52541465823239
chr12:96395154-96395655	LumB	1.04822915581847	5.9171254389742e-12	3.70975700684378	3.22600055349274	3.89353793408876	4.06972205661056	4.32353668786221
chr6:119491028-119491529	LumB	1.04820716079953	0.000290283720120718	2.85537485274945	2.43915886006955	5.23993974620205	3.95987378802203	3.7043672479497
chr5:76380874-76381375	LumB	1.04819670537842	8.16624907802182e-06	3.41159854123971	2.60354638327537	4.58941340580856	4.95325508158301	4.5532177397148
chr2:74558789-74559290	LumB	1.04817238416903	7.56048932007478e-06	4.6017518821605	4.30100680051368	5.67943987552889	5.91194742031151	5.77738754402142
chr12:88505315-88505816	LumB	1.04813072864602	1.82717222133925e-08	3.17578092517269	2.60995331762791	3.64490207709064	3.34184596170222	3.92933617052363
chr2:169170418-169170919	LumB	1.04761730144989	6.16175978449215e-06	3.01584346814782	2.5564222882318	3.02921231098245	4.02382530533283	4.01453402982751
chr5:25255104-25255605	LumB	1.04760447222138	0.000809906063121957	2.65396568882188	2.28175373421084	4.02762835065066	3.65241909527467	3.7917957903171
chr1:151564200-151564701	LumB	1.04745402676647	1.48235813610605e-08	3.88003048850282	4.1307313976616	5.14155815856317	4.65120809785055	4.93761906372153
chr17:50311521-50312022	LumB	1.04729548595949	5.0141550540719e-07	3.65061575957179	3.72726470244169	5.31087777198295	4.14634953934115	4.57431259874575
chr11:79871034-79871535	LumB	1.04727045114252	0.000244399498423962	2.42263088533785	1.85846001220048	2.84199194547373	3.80832702119366	3.41266812660711
chr17:68218695-68219196	LumB	1.0471768915794	3.97239295164661e-11	3.03003163092497	3.02644314963574	3.20172428962855	2.92836472811487	3.65926967239676
chr2:32440304-32440805	LumB	1.04678403502834	2.73724154826159e-05	3.37283356055406	3.06245052204819	4.97318252833556	4.10360475263151	4.34624008137488
chr11:8345073-8345574	LumB	1.046715726271	0.00188310400825255	3.42992999310694	3.09078531910169	4.62531333618894	5.06331631436748	4.94434826743131
chr8:100487085-100487586	LumB	1.04661589513544	1.41275866626049e-06	4.42399870746502	4.36569869078687	5.75790253560344	5.18662521960242	5.4782544574924
chr1:156704108-156704609	LumB	1.04631111456975	2.04474090296418e-05	4.50636051168212	6.11136614981454	5.74182868152279	5.9603508386248	5.88166146311368
chr7:47853636-47854137	LumB	1.04627964517988	1.37211479205189e-05	2.79187259822527	2.20491401509707	3.00929029331079	3.74569779259473	3.50390811056953
chr2:42557243-42557744	LumB	1.04619861884077	4.80115184419329e-06	3.31668608095284	3.35032736857006	4.72246709734814	4.22943135755275	4.3602644679643
chr12:78663062-78663563	LumB	1.04616229103137	1.59884202728929e-05	2.95839950825315	2.29052220374313	4.15920595613559	3.77304509235016	3.7851080647226
chr5:173323377-173323878	LumB	1.04579012099307	6.57605788738539e-06	3.97182190847297	3.40183311528167	4.01398851730034	4.98047317037076	4.84317855292624
chr8:37094315-37094816	LumB	1.0457766658356	7.15214679938404e-07	2.6996615502799	2.48232125148445	2.63500549060324	3.15985034808778	3.00412879071405
chr5:4383411-4383912	LumB	1.04572526639897	0.000362802340749153	2.58636005471635	2.81086842972588	2.66616541615189	4.26630645145886	3.47011027252412
chr8:56315796-56316297	LumB	1.04572418103265	0.000167572439786413	3.64387051657918	3.30302861862485	5.67013490094549	4.97151095398917	4.28476442107307
chr19:58040720-58041221	LumB	1.04568231611024	5.05010159493536e-05	3.07872220427619	3.06358524503614	3.65560725784771	3.35139908821843	3.96007777443677
chr21:36197253-36197754	LumB	1.04532091961202	5.51962973736083e-08	3.82646818946969	3.63543371553887	5.03335560304517	4.5099290539439	4.9418746718761
chr3:154217888-154218389	LumB	1.04522341364697	0.000514974598606766	2.93034762572241	2.5350399973336	3.87717211805312	3.91849854427283	4.13899318394607
chr14:50872521-50873022	LumB	1.04520656532269	2.42059128074817e-07	3.25169399587817	3.38355345461996	3.62086257906999	3.91112464884134	3.881871586684
chr20:48608725-48609226	LumB	1.0450084883378	6.00734866118282e-06	3.01258807618653	2.62366290066388	3.97083567655867	3.80146155870717	3.92639546489419
chr14:100130213-100130714	LumB	1.04466283683582	6.41393333814867e-09	4.04313779772721	3.97083326599884	5.03057551832165	4.99746474798245	5.12793341047153
chr3:183983643-183984144	LumB	1.04450045186027	4.16252774074161e-06	3.36512327433801	2.9613334099715	4.14389021766146	3.84076280283659	4.26634645756606
chr1:164614454-164614955	LumB	1.04440145325021	7.43049329241434e-09	4.10576929244661	5.030377832326	4.73746899167265	4.82930540433276	5.04046801540158
chr15:63855674-63856175	LumB	1.04436855099694	3.52832172319327e-07	2.84486070176887	3.03290188087739	3.54472117210703	3.98548864873696	3.48987763036005
chr12:54326469-54326970	LumB	1.04436853238463	1.43562874576452e-09	4.33385137573876	4.59827603790269	5.00636165049865	5.16756439274661	5.16318848793754
chr16:10576338-10576839	LumB	1.04435653285712	3.34780894070222e-08	4.05601110638376	4.35060477164519	4.92567249814075	4.85468318865419	5.08019471425894
chr4:57462310-57462811	LumB	1.04429235250666	1.50095529182186e-05	2.87396345746458	1.7399023869338	3.46592919363455	3.88487170068612	3.74112814443902
chr17:39673396-39673897	LumB	1.04425979974732	0.000132187648933855	5.00507248816324	4.94959553533467	7.60760664825369	5.04683845047505	5.65928628033771
chr14:33631917-33632418	LumB	1.04387893920208	5.77247308949421e-07	2.60344775707013	1.92447666731365	2.66630707511024	3.17836663071151	3.2548381950645
chr10:78481766-78482267	LumB	1.04369466636552	0.0417886705551151	2.75569085416058	1.96045052814643	4.7218719067047	4.73610389312131	5.01789923666718
chr4:86562807-86563308	LumB	1.04365784146222	0.0002325555012922	3.03775831073058	2.34086908626238	2.92270278986628	4.04500643864814	3.89252081592537
chr8:128080220-128080721	LumB	1.04360714368971	2.7205830533624e-07	2.90218702619589	3.08216443934753	3.196365708506	3.63449581100592	3.88403450444401
chr12:69480310-69480811	LumB	1.04351875893956	4.11676755875642e-08	2.95901539803831	2.24578040582746	3.28895837816014	3.33806170810371	3.56286251273978
chr7:80638921-80639422	LumB	1.04346708962731	2.74237704885654e-05	2.91566710948983	2.68534130939487	3.11669146119314	3.41645221243796	3.66919036331347
chr6:34534633-34535134	LumB	1.04325306189621	1.55233376608906e-06	4.28371568085985	4.91004361761876	5.54538783108942	5.39617707203669	5.43312004875786
chr12:95787015-95787516	LumB	1.04297978527545	5.00436007520676e-06	3.84202878153803	4.29617286886868	4.67294049168326	5.25654833021381	4.80797441842721
chr17:30255045-30255546	LumB	1.04284348686845	4.59887482872258e-07	2.97053335934264	2.8060232620275	3.92862970629112	3.74371113856291	3.8678419794725
chr8:116628417-116628918	LumB	1.04283816498836	3.06380000996436e-06	3.32712572596412	3.7561927827264	3.98906615112383	3.85540024995245	4.19505431065244
chr17:68331631-68332132	LumB	1.04247233436627	1.85700749661548e-06	2.90551392573167	2.88757562668235	3.58917551314748	3.3383378927456	3.87409429203203
chr2:225861691-225862192	LumB	1.04226487476844	0.00217066157297671	2.67892484881248	2.04206361123462	3.12052383397422	3.42140468517339	3.83762568160079
chr1:188371376-188371877	LumB	1.04225853166293	0.000116774647237478	2.74979737317446	2.38540994429468	3.11771456615384	4.09906158746578	3.77221748403293
chr14:51267612-51268113	LumB	1.04224823539885	4.63555486991164e-06	2.93106004794415	2.44859508608893	4.28283889201297	3.43561139110538	3.81107176938887
chr10:106506427-106506928	LumB	1.04201289290784	0.000509008613005894	3.2546514093398	2.54136635099119	3.39341937401061	4.02955740246325	4.23732969243711
chr17:59872875-59873376	LumB	1.04200989430295	9.287049807808e-09	3.38034967300135	3.38950170843529	4.03543090179361	3.53698870771877	4.1742148466111
chr9:14407200-14407701	LumB	1.04193526233606	0.00121371541344729	2.60317126407173	2.61169021503659	3.68932556883083	3.62481255943468	3.57000015793497
chr12:37510230-37510731	LumB	1.04184007608819	0.000785449745152573	2.85108998666134	2.51851818395366	4.09274899291115	4.36650368365466	3.80157801065524
chr12:116695690-116696191	LumB	1.0417528287608	1.71024970589845e-13	3.43203299342214	3.35163229364695	3.74718408189671	3.97490970360267	4.16013915476506
chr16:14073368-14073869	LumB	1.0417002115812	6.95478105625772e-09	3.48556172362774	3.23766697192412	3.67744076140511	4.03214221753097	4.42901349118731
chr6:56435313-56435814	LumB	1.04159363552624	7.57265245730633e-05	3.28632350750633	3.33401764754217	4.65507561799837	4.09340278446267	4.27770491023532
chr3:197416552-197417053	LumB	1.04149781129191	2.78932610309256e-06	3.24676501853911	3.31182979416214	4.41648570827887	3.98854305508425	4.13462366543483
chr11:37402647-37403148	LumB	1.04147174214447	0.00041399307114674	2.70390616792264	2.36343322722155	3.67485634909544	3.19548831234674	3.60411260109983
chr2:47185488-47185989	LumB	1.04145932525388	3.9858934770833e-05	2.77722979343406	2.91254701362135	3.58036179799421	4.19267881338558	3.81986704502054
chr15:98747988-98748489	LumB	1.04128496623283	6.79562499119698e-06	3.27423581527779	3.13120576753693	3.13888464952748	4.33204549332706	4.31934849927983
chr4:76746234-76746735	LumB	1.04128231786494	2.59195411269853e-08	3.48971018464112	3.45301663897713	4.51537388869376	4.65704726585361	4.49642556092233
chr1:85197489-85197990	LumB	1.04124522088742	1.87484447961743e-05	3.43825674631863	3.76439731819109	4.045738125938	4.04984858856639	4.58488692775408
chr19:51074375-51074876	LumB	1.04122215822981	0.00206410444448696	2.13330525494404	1.65337365932193	2.94743273327344	3.51983676687449	3.47430839496057
chr8:128212409-128212910	LumB	1.04088774024534	6.88835415603468e-07	3.0869458604736	3.3211051497194	3.41700904171203	3.68029284541067	4.11175005028483
chr11:68877384-68877885	LumB	1.04069869309446	9.65044207026308e-06	3.71337048334142	3.51410243094152	4.65623022958561	4.48874758809187	4.60745053882117
chr8:120393216-120393717	LumB	1.04027251970674	3.05336804939565e-09	2.80565980383621	2.96948123028322	3.20727830083543	3.16625213862186	3.55317033509486
chr8:67736495-67736996	LumB	1.04015338427151	2.75430067397659e-06	3.15723952844736	2.72930773302026	4.19346038365039	3.74953148234765	4.09969254478381
chr3:53645119-53645620	LumB	1.04013374391253	0.000168645870550995	3.08111546030911	2.50654569014037	3.79378487252939	4.52387513076119	4.13569257100979
chr21:41143426-41143927	LumB	1.03990454952493	2.13481388577172e-09	3.51918840279036	3.92804942033072	3.6732016935763	4.37508718198833	4.44150342245946
chr15:62327903-62328404	LumB	1.03961066641481	0.00014355888529778	3.00323669943255	2.28185979992122	4.63222530774453	4.35759702836549	4.25736563328539
chr1:217080231-217080732	LumB	1.03950879836547	3.21315558341515e-05	3.15456591325747	3.09672729515594	4.55344978158504	4.28372228941751	4.03837313215443
chr3:71894002-71894503	LumB	1.0393438317252	7.41924511936466e-05	3.36584987095619	4.13402059095368	5.25526211601211	4.46955634315341	4.53180066545628
chr6:11395392-11395893	LumB	1.03908994016404	0.000339333878612264	3.52908105493085	3.36133159734146	5.53762068874758	4.59834143537907	4.69529600705245
chr14:56790370-56790871	LumB	1.03905794077769	3.49264819414172e-06	2.43451986411706	1.96896943304604	2.3741926964542	2.6855889790956	2.84415506087777
chr8:80033844-80034345	LumB	1.03903609530977	3.06094499211523e-12	4.66654819515937	5.14292385772021	5.39300792828985	4.92963095280977	5.54497570358566
chr8:143867995-143868496	LumB	1.03892287484351	5.85192938480371e-10	4.05214730355679	4.49276557565422	4.63983219633169	4.69852032753295	5.04900599351826
chr8:95058697-95059198	LumB	1.03874028665262	1.93424435881176e-11	3.65759292049764	3.79384727314018	4.25782598009559	4.19969256696698	4.58535410906372
chr1:211861687-211862188	LumB	1.03873800721428	2.23298589032415e-06	2.5540636033774	2.6629370582803	4.01016176857309	3.34844897765958	3.61605191900932
chr5:34422279-34422780	LumB	1.03816224748833	0.00179374407978417	3.11610204264071	3.02303229747018	4.86360230197001	4.24940805164104	4.54887734594603
chr19:16223704-16224205	LumB	1.03789488520736	5.81404467725521e-15	3.76777995957621	4.12242254873705	3.97772055677784	4.14787498528541	4.54623227617674
chr3:50607698-50608199	LumB	1.03783608500039	1.24125704596018e-05	4.98320520754805	5.83638693129331	6.49303048754419	6.42864880930036	6.23902265340139
chr17:68424348-68424849	LumB	1.03757057314521	2.68744329886355e-05	3.72336467064951	4.21714046372552	4.87478868548666	4.5496503545322	4.74469214757338
chr1:204149523-204150024	LumB	1.03745802178454	7.09922843784003e-05	4.94334894850869	5.20856635596161	6.48968481680935	6.14218251365951	6.1444514907943
chr6:69178268-69178769	LumB	1.03734574392287	0.00164364720882599	2.71366721273609	1.93821084085754	3.87504918048763	3.63972503867559	3.72978094851183
chr17:66693661-66694162	LumB	1.03722672392602	2.84851818854039e-06	3.18601035520511	2.93363106397709	3.5890951164944	3.21576926883191	3.78615082102958
chr14:52548252-52548753	LumB	1.03718719125659	0.000359005909837814	3.70609092669907	3.1746878205287	5.61964424989344	4.88139314285919	4.78014288602505
chr8:37683688-37684189	LumB	1.03712120780884	1.94264087633353e-06	3.08157690389417	2.552897698385	3.28679913847073	3.7782121319943	4.02571924115603
chr19:43058448-43058949	LumB	1.03710902153156	0.000250086938786284	2.42860632319264	2.11010099530872	3.18699498186015	3.31629857101154	3.20035934039931
chr12:70810754-70811255	LumB	1.03676770866568	6.11407164758001e-05	2.95128431684333	2.0443681913362	2.89672350316917	3.29762371106075	3.48845802743584
chr2:62298256-62298757	LumB	1.0367532753997	4.16907073728363e-07	3.55199164610063	4.5452165580659	5.48441661858621	4.35882859561235	4.53438051225764
chr16:714013-714514	LumB	1.03633370646154	7.84105049934008e-10	5.51012583810541	5.58177790238822	6.27921845230995	6.27931245099194	6.50774568679183
chr8:89802310-89802811	LumB	1.03628027082822	1.64041906590006e-05	3.20303057915227	3.69082344362312	3.18936948728275	3.28268713627012	3.89571127134948
chr6:38859517-38860018	LumB	1.03614726521879	0.000386146459369027	3.36170851524776	2.91181410000499	4.23970280126737	4.40540209717895	4.54819597776306
chr11:62247652-62248153	LumB	1.03605036923838	2.18295988637397e-05	2.70220783548306	2.49058274186461	3.66051458522531	3.65572447857574	3.53166561571968
chr2:216009264-216009765	LumB	1.03584696263455	5.72847813241877e-10	3.65914632939231	3.51725922710504	4.44485172132057	4.46738698643515	4.59747838284411
chr11:69495453-69495954	LumB	1.03536094010468	2.15450587940816e-08	3.76609309070449	3.79861746291288	3.91498477159604	4.33057965052256	4.64091464415685
chr6:170738162-170738663	LumB	1.03528342820825	0.00596693023528825	2.07182095370903	1.72232922101916	3.20339440728983	3.92508478632838	3.20012794676424
chr8:127792909-127793410	LumB	1.03522595852608	4.65124999943346e-07	4.74852742986941	5.83353150317778	5.41035807400748	5.24774952025074	5.66433567754547
chr6:53344093-53344594	LumB	1.0351976787592	4.68232231829523e-07	3.9146469680231	3.75642643307909	4.28673618455198	4.69899015738488	4.78756555615767
chr17:39733799-39734300	LumB	1.03511973305355	9.78271194114422e-05	4.19590312242917	4.18340239104456	6.51950022096618	4.29983999006965	4.88910707418906
chr4:95003644-95004145	LumB	1.03478309102506	0.000645771404179128	2.81591112573551	2.21336636097783	2.29780534066408	3.60263630901858	3.37154029052519
chr3:88429065-88429566	LumB	1.03464136241943	2.73758077207459e-05	2.58218474949914	2.86325508086658	3.1969336790484	3.19761193131861	3.32451506487095
chr4:101921337-101921838	LumB	1.03462078203651	0.0129063939343004	2.83319396306927	1.81741613871807	4.99712527277369	4.03427948298547	4.4094308314167
chr2:26301724-26302225	LumB	1.03446079502703	1.85819560764421e-06	3.73759842762725	4.86430027720768	5.96218431346197	4.82840572096342	4.79356819523615
chr7:23601498-23601999	LumB	1.03438400826267	7.56765019289529e-08	3.31537963477144	3.24610128222538	3.83603191730579	4.21304041697387	4.07285589952082
chr5:44765204-44765705	LumB	1.03436332899632	2.4853633532702e-05	2.9103861636246	2.52251487616144	2.7822243997639	4.16450518419114	3.56228125888053
chr10:95332523-95333024	LumB	1.03435756156695	1.9221351728958e-07	3.33783494803254	2.49355745307102	4.54827198622643	4.54634591693851	4.30472000187378
chr2:216010781-216011282	LumB	1.0339960707501	1.93661859698393e-09	3.6406261441119	3.78237543473083	4.28531524762215	4.30693532633785	4.40752796279063
chr20:57770285-57770786	LumB	1.03391224216278	0.00216614459074631	3.46650015463165	4.20675388492222	5.52452807517757	4.36380743744551	4.5217072964497
chr11:34671030-34671531	LumB	1.03380707706926	0.00121162231597099	3.17555732238831	3.32503983540467	4.27708034719298	4.3440848988185	4.39816381099959
chr6:168389581-168390082	LumB	1.03378782564502	0.000118855329952661	3.40957856647172	3.26668286113149	4.1743006526091	5.11202891123646	4.66477875230067
chr11:63534049-63534550	LumB	1.03378761157905	5.34930601992497e-07	4.05802746369911	4.73384419614316	5.50567730697018	5.09349051910542	5.14469221846182
chr12:69605904-69606405	LumB	1.03378376673808	9.05555556039697e-06	2.99102854884611	3.22433347002887	3.58358621159349	4.00800618007781	4.05951956082509
chr12:96806239-96806740	LumB	1.03373133930017	0.00110585579493766	2.85935410579734	2.2534985775827	2.62039347261381	3.2973721671288	3.50097872713819
chr18:35925655-35926156	LumB	1.03365171478545	0.000128400584500441	2.76569793145343	2.80026975881485	3.94318568616888	3.74176680653632	3.73824348066373
chr17:59750168-59750669	LumB	1.03362440507001	2.91837311687338e-09	3.88273563057969	3.66925375142194	4.74194867715443	4.53052275695772	4.69168724812105
chr8:101490668-101491169	LumB	1.03356516766163	0.00254336150978342	4.38630196702279	6.33094938276439	6.37242268108009	5.64527158048749	5.94083513775113
chr8:115665719-115666220	LumB	1.03351898680298	0.000809521477698008	4.62004777432832	6.32801646602646	5.88678808528544	5.66219939670853	5.78305547411181
chr8:127941622-127942123	LumB	1.03312452412773	3.80227398853629e-07	4.00975623951801	4.45051609653826	4.74373326622371	4.8141485851941	5.04362194973444
chr11:75791861-75792362	LumB	1.03286939002087	8.47355747232923e-06	3.53391533530672	4.00145769200108	4.47349816804164	4.60278301826494	4.40829833477773
chr4:3790099-3790600	LumB	1.03274596692097	1.13687490800577e-06	3.69540328356279	3.07559861225235	5.1778997548251	4.88139291254985	4.65914499351397
chr8:127842405-127842906	LumB	1.03272094255103	2.56693971882978e-08	3.73808121916605	4.09300796707051	4.16989316956903	4.37579279024116	4.69504217175676
chr16:28586380-28586881	LumB	1.0326029869863	1.14781439212795e-06	3.29558961386646	3.78638195379903	5.17766164696073	4.46614746859321	4.28115599155923
chr20:57778750-57779251	LumB	1.03255872857619	5.3695968828291e-05	3.1188766138612	2.87087732347805	4.52962242401779	4.14999084348565	4.05108409699507
chr1:161609643-161610144	LumB	1.03226922506589	2.05540351872204e-06	3.58268342473398	4.45683222312212	3.95442755293231	4.48136516387735	4.53928051176525
chr14:45701337-45701838	LumB	1.03220224247859	3.657483105109e-05	3.04800594844241	2.35638710134493	4.97824775538085	3.54857920555282	3.94005553578739
chr17:39731720-39732221	LumB	1.03213532222325	0.000249486452876686	4.55407972375162	4.77509024429552	7.12609010745601	4.65955765080224	5.30104094778751
chr5:74822247-74822748	LumB	1.03176083733099	0.000282284321343724	3.16909883138045	2.29789015823082	3.77251044406534	4.86195169521419	4.22322541697027
chr12:111159470-111159971	LumB	1.03128999690969	0.000502356472784683	2.44771384263693	1.93038890095041	3.18094382559	3.21879962382619	3.27902608464382
chr3:84880238-84880739	LumB	1.03125409644201	0.00140119212372514	2.52696684177443	1.78116618022289	3.06871972424761	4.08635581755398	4.07004864253816
chr1:168190471-168190972	LumB	1.0312280776744	2.72060682604933e-06	2.86783691192472	3.48843409101974	4.25358868543588	3.85883675181718	3.86771821548707
chr8:96061078-96061579	LumB	1.03096297063107	4.03431092080993e-06	2.93469490559517	2.93319570589538	3.55176437126517	3.79490318472368	3.71852203861262
chr8:142588750-142589251	LumB	1.03078081984222	2.77755361583162e-09	3.35522539509904	3.59290915574204	3.87102244913192	4.08142404785984	4.27879896868892
chr2:211603935-211604436	LumB	1.03052631824784	1.98659827517575e-05	2.54993889749521	1.94084116312148	2.85812386345525	3.44980076641262	3.26304990164553
chr11:78150876-78151377	LumB	1.03051964129984	0.000487758867755185	3.35274963219189	2.7569607455685	3.84965108558555	4.21794967638635	4.24799591346663
chr1:39174908-39175409	LumB	1.0304886139605	3.71783262625677e-06	4.13940025146583	4.43450982998542	4.4528757170903	5.24145277839326	5.16947991464891
chr17:39523495-39523996	LumB	1.03048738593508	6.90075047885601e-08	3.17767950791384	3.29982206854071	4.35582653425097	3.33672449210397	3.52329232762733
chr1:119068079-119068580	LumB	1.03030458520886	7.00265160193242e-05	2.87584294615985	3.28564045449601	4.65757534606372	4.1135037945033	3.86837769598886
chr9:120568763-120569264	LumB	1.03017836810739	0.000205352446140755	3.14115449179811	2.79877160395883	4.30352060389458	4.43402196193019	4.08082091735254
chr2:235900528-235901029	LumB	1.03002155350598	1.77920616581912e-05	3.44895552566176	3.25123706607385	4.18277619178867	4.2130579944045	4.09060327952914
chr20:58886570-58887071	LumB	1.02992363578109	8.43896718130094e-06	3.95956679574681	4.47128797017475	4.67383286158407	4.72455052847987	4.74556364848796
chr4:160257284-160257785	LumB	1.0298907348629	1.88543819942706e-05	3.02761329954929	2.41312945783531	4.00819161653071	3.72513984393709	3.81095642461393
chr8:95138375-95138876	LumB	1.02980248367408	1.4231397875645e-07	3.61594147429862	3.77567752842836	4.44377688496182	4.30256161639175	4.62618586611983
chr2:171528189-171528690	LumB	1.02975732302024	1.36051429894204e-06	3.23117131188828	3.01325825885985	3.86385994430082	4.68920011192426	4.1362732225276
chr9:120662313-120662814	LumB	1.02972240585	5.52065194185082e-07	3.07134838364254	2.3044278931122	4.06810339325091	3.58747432515958	3.97099541781724
chr3:70054076-70054577	LumB	1.0296786196163	0.000147031835995838	2.74461600600484	2.98291097666575	3.25569175093102	3.66285223248023	3.40122036180688
chr3:169596345-169596846	LumB	1.02955243497651	1.92697437157348e-07	2.81415511937987	3.32713207100066	3.14738820373591	3.24920195157253	3.6258259379341
chr11:69124592-69125093	LumB	1.02929681977227	8.04946682552516e-07	3.43889522594583	3.50636093513808	3.75345377265619	3.73253720860208	4.15745046039689
chr8:86197467-86197968	LumB	1.02921598761534	1.02881493412228e-05	2.89597759502233	2.7551510946089	3.07059015257841	4.03358115564325	3.95493492560792
chr1:162000772-162001273	LumB	1.0292151999134	2.28705032665099e-05	3.24194840450635	4.07157928192146	4.88610377200908	4.64433100987263	4.23378025629062
chr1:151733928-151734429	LumB	1.02920554538706	1.3665432086736e-10	3.83453018949156	4.1738157552421	4.64107662062776	4.49270914471787	4.76356735841516
chr4:151603307-151603808	LumB	1.02913413765534	2.20966314989718e-08	3.22852237578632	3.16364704819277	3.95660680629907	3.89584509538044	4.04755559974078
chr8:127954413-127954914	LumB	1.02899776095307	6.07693614292438e-08	3.98834051589761	4.78048157783008	4.79684690041598	4.85390491648828	5.04185855115578
chr20:63541290-63541791	LumB	1.02894103691818	2.91533147149967e-06	5.18661895178669	5.43356062137085	6.65319897901116	5.79701096299933	6.19923474890275
chr11:84870434-84870935	LumB	1.02869539770115	0.00055689328150764	2.68785107231118	2.53151434175488	3.38838955589398	3.20227749081334	3.68538227672687
chr21:46379820-46380321	LumB	1.02858069368108	9.27966978870229e-06	3.55589229819714	5.3036149776977	4.04070234116368	3.76232714195468	4.13728454666463
chr14:93999450-93999951	LumB	1.02835436803378	4.0689134312758e-09	3.70764228610203	3.46983760428714	5.12195207384665	4.5961119959763	4.69761060358072
chr1:166552787-166553288	LumB	1.02831151432783	2.74412591004975e-05	2.913128758554	2.6519628510846	4.02949489889367	3.88700924913432	3.79164346853092
chr6:34540992-34541493	LumB	1.02817315011766	9.23476482637131e-07	4.23065849559172	4.55584131131268	5.56367568815746	5.18953444761375	5.4329910668368
chr6:10127125-10127626	LumB	1.02797681152808	0.00025109076238513	3.07530340549233	2.92629458377942	5.35233139033533	4.03789339530774	4.19458381435978
chr12:9640742-9641243	LumB	1.02797604979921	6.28912363845679e-06	2.55654816669537	2.61214953373157	3.89464012159601	3.37832625093476	3.44705237604877
chr17:39472387-39472888	LumB	1.02772821842697	7.02887975256025e-09	3.26851149926405	3.27929129775667	4.1411802249196	2.9431228230085	3.67563998181225
chr2:168492393-168492894	LumB	1.02772678368079	1.44138769583854e-05	3.1591331542376	2.60799136801809	4.32813655885009	4.38202900737583	4.2041063732251
chr2:73648952-73649453	LumB	1.02743674388258	0.000980630132865922	2.98505128170059	2.29812050404477	3.47396801169273	4.42615725851325	4.29099886302148
chr6:713779-714280	LumB	1.0273162991454	2.83145090989189e-10	3.48670907709858	3.38005265095575	4.01154230335719	4.11908186759117	4.33908935878791
chr17:59169328-59169829	LumB	1.02718547933999	3.68780607983144e-06	2.68471248486375	2.67114012216322	2.88548322513573	3.26194752182069	3.48595635912627
chr8:58118299-58118800	LumB	1.02701538104495	3.15029271591351e-05	3.18082520243629	3.12370676722635	3.86839994197328	4.39157664356878	4.14327641702696
chr3:187789892-187790393	LumB	1.02675041890161	8.26479547161353e-06	3.05003531846582	2.72644611930654	3.68224575334308	4.1262266134414	4.0189186878606
chr12:20713272-20713773	LumB	1.0266300675008	2.14660580934019e-06	2.99815380821054	2.53882277310634	3.44317925952941	3.13923381182771	3.44802775870754
chr9:115129042-115129543	LumB	1.02648240412543	0.000237658034680772	2.62925297379321	2.17588018519639	4.62826965140077	4.37006499261489	3.52844771213531
chr3:31157849-31158350	LumB	1.02576568387089	6.29402395294105e-05	3.25055241186402	3.77491976130842	5.23718197292906	4.26666383951277	4.15690517249498
chr8:37697576-37698077	LumB	1.02567898615512	8.81685165410941e-05	5.48376613812928	5.77727513282803	6.27130462541267	6.52924866099423	6.48343800484584
chr10:77856227-77856728	LumB	1.02543609617748	3.23764704391378e-05	4.40522999159089	4.44333648270709	5.82879286130688	5.72410489201122	5.70088277433501
chr1:244454386-244454887	LumB	1.02471827772177	0.000757999802417506	5.02081040312706	6.21825016603024	6.34067566438103	6.33081317767213	6.43591709697662
chr20:50776345-50776846	LumB	1.02469142084203	2.17034615379431e-08	3.7607543887316	3.66569577743527	3.93429941110386	4.42897192936076	4.51120737476957
chr5:80935320-80935821	LumB	1.02459824929895	1.68145575820851e-07	3.02798513331492	2.53067748226921	3.64033659538194	3.88347995958615	3.81693279895151
chr8:37425282-37425783	LumB	1.02449277379254	9.46914814085656e-06	3.07650807969536	3.25829099634562	3.82590100967342	3.66564726902242	3.95978746176524
chr10:124416711-124417212	LumB	1.02408165599304	0.000134152994727931	4.60983997772063	5.12775730607508	5.99974543530773	6.08152048211979	5.89481562857711
chr17:39496757-39497258	LumB	1.02397480400636	2.96688656941358e-07	3.0449496406446	2.837160691471	4.01922818750036	2.78489001105276	3.2868148798664
chr16:65872462-65872963	LumB	1.02396772009724	6.17871289782923e-05	2.9105444455117	2.49261885711232	3.85234612314617	3.99158605009084	3.7265055799684
chr8:101386874-101387375	LumB	1.023781770611	3.60007025096652e-06	3.63403832297827	4.63700915588439	5.14891309838163	4.45324512662732	4.76478687002985
chr10:118285787-118286288	LumB	1.02375139041262	9.55402318176716e-06	3.10639147006856	2.71608699910324	3.40690802269094	4.12150881250835	3.81373316210925
chr7:80541793-80542294	LumB	1.02365670437139	4.28707536618887e-05	2.92971832449638	3.0658747287925	4.1790982516232	4.45034906297016	4.06158338248598
chr11:101438087-101438588	LumB	1.02354370908576	1.88979832713601e-05	3.17579157909038	3.21149050735129	3.43794508563531	4.27567209959538	4.15372610732653
chr1:47058536-47059037	LumB	1.02349670290079	8.4865944683368e-05	2.67506785771139	2.43259682495244	3.48434203523334	4.14166955432661	3.54328794772394
chr3:85806978-85807479	LumB	1.02342682628646	3.73163653741014e-06	2.64814927851041	2.14683521402294	2.47577366452861	2.8944291235299	3.25130272356842
chr8:116156889-116157390	LumB	1.02335850060191	5.96606602709181e-06	3.10559076047429	4.05073245350882	3.62964370438334	3.67125758678637	3.73631862804917
chr14:79765434-79765935	LumB	1.02319070859314	0.000137330460539293	2.859157318476	2.25241056022948	3.68399491880957	3.61145452594209	3.59741105762007
chr20:20454102-20454603	LumB	1.02316365688407	1.10022181698221e-05	3.53833070136407	2.96006774862356	3.94294900195523	4.57182099787042	4.50750001805104
chr5:154516455-154516956	LumB	1.02298068724889	9.65481919132392e-05	3.38608111744265	2.94676566343472	4.33044977208891	3.81035790007921	4.28817764435944
chr12:52607553-52608054	LumB	1.02295968321076	1.11256193215757e-05	2.93345776287021	2.49979062187601	3.97801280254602	4.37136149735374	3.9981617505128
chr8:40337584-40338085	LumB	1.02288633196555	0.000177269390737904	2.4200965708171	2.29301915330519	3.15212963756856	3.18977606370364	3.43411832330988
chr14:75457606-75458107	LumB	1.02275656484718	1.2263961884924e-09	3.82557117478345	3.76720610447321	4.71494098571999	4.93879002420604	4.80030073590504
chr3:105616308-105616809	LumB	1.02265237186439	0.000207997673306152	2.8327089048751	2.26069972393366	4.17951659033439	3.22066084807274	3.44182847439021
chr6:133783299-133783800	LumB	1.02260048434041	2.31589375902142e-06	2.60356187089397	2.54557442124346	2.62828282118786	2.81303805277254	3.02422912950624
chr17:39441452-39441953	LumB	1.02259068542089	3.80232347420299e-08	3.15845616769831	2.74172336301242	3.90906628491206	2.78387677874579	3.66582514480296
chr1:202749262-202749763	LumB	1.02251992500949	2.42059128074817e-07	3.4661593196552	3.76401782416561	4.14691641185256	4.38496398553442	4.36512816307558
chr17:78374159-78374660	LumB	1.02251913684587	0.000118022046996357	4.30366204812141	4.52951959913425	5.00150142360553	4.96430378886267	5.49924088331491
chr17:27431345-27431846	LumB	1.02241193507304	7.58405721727506e-06	3.09513823633363	2.85965090985598	3.97169246084567	4.42963428353268	3.91476885088103
chr20:47933381-47933882	LumB	1.02229064338027	2.35521640103982e-05	2.75765839218317	2.22838361712371	3.39414146708686	4.21118494944089	3.82210033929387
chr8:144688373-144688874	LumB	1.02227243679924	3.3103268258541e-09	3.95087105466665	4.36080478851607	4.86475508658268	5.13918745948055	4.88610566174206
chr20:23604115-23604616	LumB	1.02223980835461	1.09798560897013e-10	3.21161684069196	2.93493021551535	3.0833119244625	3.86845229650032	4.19388440311471
chr8:142546640-142547141	LumB	1.02219028091423	9.04427959597576e-05	3.93569408605578	3.92088983574168	3.87963085479085	4.48873219208771	4.7993349265513
chr9:92668127-92668628	LumB	1.02218929928409	3.29600475669344e-08	4.29943821564067	5.48226247772932	5.45690878359444	5.31785666174421	5.30736473681608
chr1:30314991-30315492	LumB	1.02190738031058	3.6834443780618e-05	2.81230453799453	2.32848465247042	2.8891352065984	3.61754760897338	3.51633721119089
chr18:41909880-41910381	LumB	1.02180051845697	0.00127330809420878	3.19852923289747	3.08477033970688	5.04292813694022	4.67364923074209	4.61130578649025
chr17:10727546-10728047	LumB	1.0216484031276	0.00199861737251873	3.50054109889539	2.87051121283132	4.20352684860619	4.86437341852557	4.77371475440016
chr6:53345550-53346051	LumB	1.0216421530718	1.58836263622318e-06	3.96037107753403	4.08750217378531	4.77719510011897	4.92766168822861	4.93490713918931
chr15:69565947-69566448	LumB	1.02149902497284	2.00576429883752e-06	3.55735816432528	2.92449476871826	3.79671480132608	4.46873325592988	4.44948639340751
chr5:44788504-44789005	LumB	1.02132346015778	1.64362048310005e-06	2.94045942268481	2.10025407580093	2.83623849063065	3.9393722064818	3.74750778335639
chr6:114545038-114545539	LumB	1.02131558516728	9.46438959369048e-05	3.01879202467657	2.77415731267867	4.35294149429427	4.25248205116271	4.06723379898908
chr3:53580442-53580943	LumB	1.02099134105144	0.000107717834358558	3.10831234919008	2.79263773167193	3.65951338107857	4.22275819679476	4.12531346718389
chr3:85845426-85845927	LumB	1.02098710016387	4.63357409265886e-07	2.93896414015162	2.38611042648338	2.73935999810833	3.15866821620007	3.6405343824122
chr8:101496551-101497052	LumB	1.02071298418648	7.70375861443178e-06	3.9657165345003	4.8382502466897	5.07942422129711	4.47130046989802	5.02342574502039
chr12:52946305-52946806	LumB	1.02053039727964	0.00045158410752787	4.89884583053284	4.03840134984266	5.92980163918342	6.06624865404738	6.28913399191586
chr17:39420428-39420929	LumB	1.0203425452056	7.73730271616425e-07	2.76433036536424	2.72467070980124	3.47790943889917	2.51699721836291	3.25263273747883
chr5:44803672-44804173	LumB	1.01990938398851	7.11781154711524e-05	2.77022882725854	2.40352628627785	2.65280508912965	3.89774741025178	3.39979472698763
chr8:128115849-128116350	LumB	1.01989458024881	2.80597651798181e-06	3.37679006885231	3.84377711749341	3.72494478036866	4.18408737390944	4.34733640237001
chr8:128093418-128093919	LumB	1.01985294787845	1.84976541110777e-07	3.4597112757681	3.9790507033111	3.83611826104543	4.09131425759168	4.42172042346077
chr11:43161917-43162418	LumB	1.01977633209579	0.00106650499416784	3.07472237260516	2.64582226248311	4.52656871454315	4.26582711576946	4.28957819755824
chr8:86205063-86205564	LumB	1.01963450958719	6.78904748940553e-06	2.6607317691083	2.73602119983276	2.88282900810893	3.66414956427266	3.73820111946612
chr12:28491987-28492488	LumB	1.01953358254833	9.37790392199378e-06	2.80747559457287	2.27634778299106	3.29286519554793	3.33354300149189	3.42552605800445
chr5:77172264-77172765	LumB	1.01952872912933	2.81001116459098e-05	3.11852490486554	2.78354497703756	3.3787483256459	4.07524937524805	3.96446172526366
chr1:176000187-176000688	LumB	1.01941115390979	1.80618964914021e-05	3.47662656081656	3.53341619371695	5.30798363430293	4.40847366493778	4.58353469379018
chr8:86424494-86424995	LumB	1.01917897919166	1.10853565251451e-07	3.34331893222084	3.39264211709952	3.87977678225277	3.99597298602999	4.30527145198163
chr8:109479486-109479987	LumB	1.01901213879521	5.46450199855873e-05	2.67326422767361	2.45143581087817	3.7343342534987	3.26642570294414	3.60418122083079
chr19:2787091-2787592	LumB	1.01885672240517	7.16777294063891e-11	4.12267040846764	4.37598564188469	4.38908674911374	4.76758345963643	4.9226034596914
chr2:42561593-42562094	LumB	1.01876342827307	0.000356616837946055	4.15963118222132	4.3560590005243	5.88345001870873	5.70154728259873	5.53771168974452
chr3:8323963-8324464	LumB	1.01869844098456	1.08047573512109e-06	3.13971591690058	2.58015327955273	3.30314793355433	3.96182858394094	4.21665182220756
chr17:67018409-67018910	LumB	1.01860781631584	2.40826202154929e-05	3.86987363225556	3.78585625598445	4.75386979593901	4.25032975942338	4.92610078463118
chr5:13669137-13669638	LumB	1.01822933620972	5.33823328216406e-05	3.09120810801091	2.65951778861167	3.24360529100624	4.01188701933059	4.04968236706998
chr19:57868984-57869485	LumB	1.01797766543519	1.84404832057185e-08	3.70395528200483	3.66219247255473	4.06595957634212	4.22777170931027	4.55273178604311
chr2:11543227-11543728	LumB	1.01775287727804	0.000552322786569929	2.98961496343936	3.77750470544614	3.48451749938838	4.13622469970422	4.24881600827429
chr1:155075544-155076045	LumB	1.01718243869805	1.01987210168057e-06	4.75620440462768	5.73436015834541	5.97237159431849	5.872283910847	5.74352465684033
chr2:131538304-131538805	LumB	1.01715197779992	6.87524059374004e-07	2.51080998756219	2.21047867470863	2.44618545601433	2.78010948831957	3.17111405713517
chr1:38295504-38296005	LumB	1.01702559902751	0.000421120372539207	2.67612943984187	2.33532704276802	3.97511857977451	4.15238799378096	3.81859352194184
chr14:103772059-103772560	LumB	1.01701613155591	6.56577057774305e-05	3.20555590818767	3.01435376039138	4.91741264603547	3.82074831863994	4.22916968420457
chr18:566993-567494	LumB	1.01693933100538	0.000599313562819018	3.09158674237925	4.08010432549023	3.9079822731412	4.26770539811815	4.29777907199366
chr8:82937612-82938113	LumB	1.01693731153084	4.43494200477342e-05	2.83201320143614	3.48291094604911	3.24544933281896	3.95629416016178	3.58266381399181
chr5:20056829-20057330	LumB	1.01669391655602	0.0109143502975755	2.38842637013998	2.1774492860909	3.37322909924402	3.65368501728955	3.71768409283984
chr8:94000108-94000609	LumB	1.01667868051458	0.00358015116596737	3.60329488388665	3.39430234303889	5.41090718255148	4.41922709341554	4.86493823779705
chr1:244635301-244635802	LumB	1.0166095931085	0.000432624342567238	2.87638557794925	3.1688161472987	3.40898632805662	4.21578685857468	3.91657899237612
chr8:58033018-58033519	LumB	1.0165410327895	1.71246267154398e-07	3.24239095906893	3.01890949035402	3.8851977897927	3.96277217314794	4.06937535323833
chr11:69491142-69491643	LumB	1.01643644583509	9.70615162889283e-08	3.62648632887416	3.66606154464517	3.96811714495564	4.19561630264031	4.42379968257144
chr1:118488072-118488573	LumB	1.01641094520576	0.00094978960428015	2.93246253818125	2.38982221902641	4.14547188375491	3.50853270436112	3.76641518563768
chr6:168531204-168531705	LumB	1.01630098048913	5.05719762723871e-06	2.88326372003057	2.63587270775283	3.20614216504833	4.04041622501669	3.86750568146344
chr6:53356483-53356984	LumB	1.01620432521027	2.28179917927468e-09	3.69505177233919	3.49021144471732	4.33155877873427	4.17036199123621	4.54147384616001
chr2:149004158-149004659	LumB	1.0159226788396	0.000544712051677338	2.76720870017735	2.13624054038421	3.27000587791004	4.23281786225949	3.99496499563936
chr10:127349682-127350183	LumB	1.01588286264267	1.25989940067293e-07	3.24805077144094	2.85584513877373	3.46735672718211	3.99346510456517	4.06235194242269
chr4:64954130-64954631	LumB	1.01566361842374	0.000534458516734224	2.76211284402076	2.53135162768202	4.73366482874008	4.05940013545257	3.81147676107272
chr1:203422012-203422513	LumB	1.01560866165054	1.39228193744428e-06	3.39998621005833	3.67846425672731	4.16768555844014	4.69050449051941	4.46281376758193
chr17:31601247-31601748	LumB	1.01552772781982	1.0724612169847e-08	3.36731038296234	3.73161791824513	4.18062667092484	4.22138585411965	4.41631565818946
chr8:95026144-95026645	LumB	1.01533628215954	2.52626659892973e-06	4.43679239291153	4.63341691204981	5.17185199094112	4.73426020365261	5.19017325970713
chr10:77851651-77852152	LumB	1.01515120350381	1.56824365352659e-09	3.87113652221391	3.935464393349	4.72956970828838	4.6798740582783	4.9161741013355
chr20:53390675-53391176	LumB	1.01509552814923	0.000254782288769854	2.65780830288845	2.67453654297591	3.43537847166621	3.37741337035171	3.42070982913458
chr4:3114323-3114824	LumB	1.01482506275631	6.73973033726401e-07	3.38799731346593	3.07121976873445	3.49795020375015	4.24764802121696	4.40093897990641
chr3:52607330-52607831	LumB	1.01461786728496	2.03429902692308e-06	3.84452250670966	4.38507924385152	4.61894582949791	4.79163205879874	4.74202165888272
chr17:42805652-42806153	LumB	1.01458494501273	0.000236143340487389	4.19679938307556	3.92965344547862	4.79787227046004	5.32791093510672	5.4810951659928
chr8:138174452-138174953	LumB	1.0145368329158	1.29841044074134e-06	2.80887434106232	2.46888843446922	2.71133354795172	3.19150483404784	3.3987205883174
chr8:81716333-81716834	LumB	1.01391516083691	2.27905251680243e-11	3.35939446518668	3.64136732769229	3.49051274429215	3.7598981410088	4.03611826565563
chr20:57758342-57758843	LumB	1.01364679434681	0.000369391993713992	3.17197399647631	2.97364508199947	4.63890722909358	4.18031805825747	4.11903408962305
chr20:41532773-41533274	LumB	1.01353985534447	8.82266443223044e-07	3.9894955805075	3.73581031148855	5.49599756430966	4.84327834317594	4.98723907036508
chr22:25614717-25615218	LumB	1.01334558219388	0.0046985483748001	3.15608340824381	2.98066487131892	4.69926545483055	3.84898846637364	4.17176491123588
chr4:97477918-97478419	LumB	1.01330240590167	0.001208381726044	2.32125219717579	1.55045613289278	3.1403327273081	3.27804840031339	3.50371870635159
chr2:109469724-109470225	LumB	1.01328039053804	1.56419872346248e-07	3.61906804733354	3.16885416845266	4.85520408194913	4.52150729970445	4.46843161026637
chr8:95098888-95099389	LumB	1.01308284982697	1.56842379614256e-06	3.8666917409108	3.75656087378173	4.87332319881734	4.54293507019885	4.82063196587173
chr12:64019745-64020246	LumB	1.01305037058112	1.08749461961101e-05	3.06486958100543	2.51985224284538	4.25128581167633	3.68117763933489	3.97454210655488
chr4:169359863-169360364	LumB	1.01288000447269	0.000491982234606249	3.29751970401311	3.09090861212414	4.16709831551398	4.16980669887374	4.500513815981
chr8:86340239-86340740	LumB	1.01271693342716	1.48430355227776e-09	3.83582764086517	4.07531501185449	4.33183244916397	4.48843349200706	4.78258570201522
chr8:116063230-116063731	LumB	1.01267540079593	1.56877601007946e-07	2.73434767532771	3.15573856080527	2.98840853632564	3.52636963647444	3.71649803002567
chr4:40320202-40320703	LumB	1.01264808683412	2.11913279259038e-09	3.94694568905775	4.35544115958877	5.00605584999004	4.95895255505231	4.96574220568452
chr6:10416071-10416572	LumB	1.0125415672791	0.0015065713824445	4.11378645873817	6.62410150429835	6.2717854048597	5.53826109425154	5.62754693913036
chr8:98894911-98895412	LumB	1.01252486018975	7.09517256071876e-05	2.98170307795436	4.23786169452764	3.72815764155949	3.09665321200741	3.71134932959542
chr3:15565087-15565588	LumB	1.01240120308522	1.85775606551909e-07	3.29106726759739	2.90557285426145	3.86076999648657	4.05087089751738	4.11860190785833
chr8:27865108-27865609	LumB	1.01229634805936	6.64413605073818e-06	2.74809055363986	2.08782639853136	2.60072484389063	3.96625145314662	3.51315024739628
chr1:223863728-223864229	LumB	1.01220327384108	4.80167158412222e-07	3.39151132692436	3.63383236124811	4.38420519870971	4.43339776629333	4.36399173701192
chr9:128300195-128300696	LumB	1.01214899149016	1.04725233918587e-07	3.68161191098519	3.88125931643038	4.53080491134149	4.39798463560363	4.6189897075862
chr5:158832072-158832573	LumB	1.0120179220728	0.000388736832705959	2.77105206495742	2.16348120138193	3.38265098719172	4.01175332993299	3.52286819483049
chr17:49393361-49393862	LumB	1.01181961146324	3.48600170276195e-07	4.03395419595813	4.35036768983926	6.06979135922511	4.68618964353465	4.98642531280211
chr8:122273333-122273834	LumB	1.0117935458471	1.67702733858504e-06	2.98712491421981	2.69657777104447	3.76303432086351	4.12869270375622	3.98150111415716
chr8:125021165-125021666	LumB	1.01146410817513	2.1718527366526e-06	2.89395966142609	2.87191960860455	3.12897173641905	3.56259722979638	3.65725271488711
chr5:2676119-2676620	LumB	1.01140621093687	9.83911074844159e-05	2.90995712119762	2.64606396143052	4.59769199936745	4.17182496761093	4.0675632239214
chr8:37705577-37706078	LumB	1.01140186371504	3.07263206454009e-07	3.23371723122807	3.02206119200325	3.42402382834628	3.63431043640589	3.94616952966759
chr10:65335280-65335781	LumB	1.01087385780652	0.00100906332045586	3.10919651430959	2.45077397999427	4.61251969768688	3.83195093058585	4.09287386492254
chr5:107555364-107555865	LumB	1.01085515481266	8.95015754085186e-05	3.04796710713805	3.19642353216989	3.04218541691415	4.38050318700126	4.02436075290202
chr7:80924704-80925205	LumB	1.01038079212565	0.000599313562819018	3.7125344657532	3.60163961992064	5.29682143735686	5.12316333864845	4.76546957262219
chr14:105034820-105035321	LumB	1.01032373774497	1.04508040620764e-05	3.68045811920056	4.12033567079634	4.38480876891105	4.43058021003537	4.52282900946439
chr5:44798620-44799121	LumB	1.01021531573325	4.87517018555607e-06	2.77052313439758	2.52326499929203	2.64323879050099	3.76610789657044	3.51283530979391
chr2:237485766-237486267	LumB	1.01012849918703	0.000440621987226649	4.49102197503622	3.75429950491817	5.98488024830557	5.71638798190184	5.84862751160749
chr5:2696919-2697420	LumB	1.00945286756025	0.000928301694399176	3.10119015224207	3.17938107001735	5.47094291263055	4.90791145687154	4.44647575727635
chr15:61256131-61256632	LumB	1.00945162481019	0.000531222240701485	2.38550838849675	1.88417076105308	3.96741330441999	3.42027356760637	3.43137164072727
chr4:11181063-11181564	LumB	1.00935874281147	0.000350973925316234	2.73241989486944	1.93299914601639	4.17572679496186	3.53767227378538	3.42857565867541
chr14:75518161-75518662	LumB	1.00930227597811	5.90701233396008e-07	3.30485293544191	3.28348396551966	4.86819368028579	4.32148475696301	4.33211903414181
chr7:56697002-56697503	LumB	1.00926805376862	0.00336588756634151	2.25859601192128	2.39424028291882	2.8037841448559	3.0801332536028	2.83756053954423
chr16:48747530-48748031	LumB	1.00905060292012	0.000477244670066053	2.38922336950853	1.92102462236498	3.28458138847463	2.72546705491451	2.77965386438142
chr20:19941952-19942453	LumB	1.00877677505092	6.35789162273215e-07	3.82310500663104	4.30997405753669	4.89968979504446	5.08863516157266	4.86716838020497
chr16:47586064-47586565	LumB	1.00868962487887	2.60158233520233e-06	2.83422319841214	2.68584986271007	3.23393596297303	3.40215011495183	3.58120165293642
chr11:61503338-61503839	LumB	1.0082593785586	3.89579521912673e-06	3.63352095832992	3.55933803203542	5.16118526589457	4.73851232081749	4.63867570267122
chr3:14883683-14884184	LumB	1.0081721551813	5.02044968177351e-05	3.39672532942329	2.81381942885058	5.56993800031786	4.47632241662213	4.56162652701155
chr17:41532264-41532765	LumB	1.00814352171011	4.49688579626007e-06	3.87585153928018	3.87194707416917	4.36758484101281	4.75545181323208	4.92953840584314
chr11:69890299-69890800	LumB	1.00802558109451	7.14110120850296e-08	3.82838240946372	3.69146383861484	4.71000630108231	4.44564314207067	4.7074255334073
chr8:86186412-86186913	LumB	1.0079810063213	4.57839107486832e-06	2.9363272149705	3.07679202818439	3.29238595055967	3.78002001479325	4.04843337349809
chr5:170189274-170189775	LumB	1.00788832121128	0.00054315072208275	2.9011881095909	2.54637127055066	5.32186845326066	4.07164121279652	4.02596271424399
chr12:66532667-66533168	LumB	1.00788622901911	0.00134376362436367	2.98912331420742	2.56132344371954	3.60451862084361	4.73676506658182	4.28146083002538
chr2:125711811-125712312	LumB	1.00784050680406	0.000971319739445912	3.21588800314892	2.51557925327463	5.18038491977861	4.59194385555142	4.58865769893959
chr2:99709763-99710264	LumB	1.00781779151958	0.000203288723111251	3.34333198184358	5.05418685577274	4.73120833680223	4.36155324175964	4.44547724407205
chr5:15592696-15593197	LumB	1.00775215463156	0.00799935795334331	3.06489734596036	2.59926140998414	3.76957956339122	3.99723174534928	4.33194163672613
chr15:98867320-98867821	LumB	1.00775032487148	1.04034705416961e-05	4.11304816743381	3.83368462693132	4.82762611054023	5.11704344890248	5.12209773444106
chr10:5487440-5487941	LumB	1.00757821061336	0.00222138328980687	4.16819734931616	6.10722765997715	5.41604313191708	5.10826889889491	5.381335474602
chr12:18484-18985	LumB	1.00741661385372	5.17255906884631e-05	2.64679678438309	2.54011183083412	3.7344777282836	3.04205316492803	3.57122978074797
chr11:69629074-69629575	LumB	1.00740027141598	3.60628861256978e-07	3.18624060405386	2.96963073291517	3.53195675550725	3.50492949758248	4.02241779751016
chr8:137472501-137473002	LumB	1.00733229808062	2.73973737576964e-06	2.83506126271143	2.74045892460247	3.41302410419028	3.62862460642434	3.67188021250665
chr13:47091727-47092228	LumB	1.00725561507536	0.000286521227674413	2.67625276718377	2.12877775250657	3.99444530635125	3.99651365322348	3.68881909635235
chr1:207711778-207712279	LumB	1.0072542274935	7.83731612736115e-06	3.37554530983525	3.16549505453814	3.96902929213611	4.42969378375459	4.32009487123525
chr8:127833843-127834344	LumB	1.00687520502225	9.9483082000491e-08	3.6896335315649	4.24021650775171	4.31815061428108	4.22638915411388	4.57584924958447
chr17:39516248-39516749	LumB	1.00661259089968	1.4794544297013e-07	3.19132956931492	3.16852938726963	4.24192536294249	2.90508473777671	3.5198211156532
chr3:164479902-164480403	LumB	1.00657254626505	0.00136564346246763	2.66751645580337	2.13759970849762	3.13519565004005	3.72117174637083	3.69342346140033
chr6:130320261-130320762	LumB	1.00652689679629	4.44152662727749e-06	2.54384368627468	2.36996839946757	3.04629104682801	2.54861075750341	2.9137180294893
chr17:50936768-50937269	LumB	1.00652038502229	7.12659626726259e-10	3.97373535880182	3.47223376884732	4.9400936037393	4.31448297773163	4.7520045230036
chr8:80073349-80073850	LumB	1.00650565732533	2.57968765755393e-08	3.68508298935679	3.68657080748129	4.51722118510936	3.99416260282034	4.55020536939214
chr1:79232723-79233224	LumB	1.00650380039937	5.86682996791036e-05	2.75916739192585	3.25803377947325	3.72272760232258	3.99646521196321	3.85837207008459
chr8:126575821-126576322	LumB	1.00645908441321	5.35489184551136e-07	3.3007745067441	3.38032325218807	4.563822328229	4.30131498705552	4.41611149047421
chr9:112714654-112715155	LumB	1.00620946734427	3.2212952638367e-08	3.89043094065721	3.35988544968781	4.78295230486906	4.54061067123969	4.8898959955919
chr5:3724735-3725236	LumB	1.00611462270373	4.98531474984191e-05	2.89402569944163	2.90726323328584	3.61415952554787	4.3091351313222	3.68760799432163
chr15:49212918-49213419	LumB	1.00606269644872	0.000603883486394757	3.08429628163272	3.09188629089727	5.06973603850633	3.92929259802733	4.24535807544759
chr2:216685932-216686433	LumB	1.00595451243095	2.48742919686569e-06	3.3041501906688	3.45030871457715	3.56474029346389	3.73852305326107	4.0063831552364
chr3:159013651-159014152	LumB	1.00556975749082	0.000113875810474456	2.62027522510607	2.84797985719613	3.38657643714768	3.97148436348566	3.5995882773026
chr12:115867787-115868288	LumB	1.00555714761097	2.52899621763948e-05	3.95848356151612	3.74311149830238	5.26250479354296	5.07483069050433	5.11016735983645
chr10:116154624-116155125	LumB	1.00551912932525	3.59109562656941e-05	2.9123460128679	2.54862584283795	3.10057237991793	3.36633726293198	3.96310090636488
chr11:67026476-67026977	LumB	1.00551573605239	5.10891088812069e-09	3.8710925911503	4.85018868450411	4.9418876242708	4.57051944027372	4.85085483028647
chr8:100653312-100653813	LumB	1.00550693294181	7.48253346158452e-07	3.28120085928707	3.58810414362776	4.16476812534099	3.40987648084422	3.90847279411424
chr3:130114923-130115424	LumB	1.00549989811832	4.32338387316957e-07	3.8185577041146	3.58337564979601	5.34349164042367	4.5242779447195	4.84169100916356
chr11:70259648-70260149	LumB	1.00533227759334	1.93584982436586e-07	3.18051045291237	3.92285479771309	3.61370750587095	3.53600645371441	3.93175456120377
chr19:54809046-54809547	LumB	1.0052896306628	0.000374934413838428	2.4719775175811	2.24843018369322	3.68018753524424	3.23801782784183	3.18533771409827
chr6:152087355-152087856	LumB	1.00517927450465	2.56441117045942e-06	3.09983913295573	2.91130440393524	3.30282024510365	3.93706378715446	4.09281660446404
chr8:128276818-128277319	LumB	1.00516419825962	2.82529296580616e-05	3.1503611800101	3.5036631910057	3.34286520166618	3.31850821426818	3.81486228698625
chr1:160130885-160131386	LumB	1.00494008143913	0.000126891290152906	3.61587986387699	3.26533435575707	4.35073608615621	4.46015399377565	4.84317651034842
chr7:69743090-69743591	LumB	1.0048888426229	0.00145749967715802	3.15324744098107	2.85651151780615	3.8277840091525	4.02173024467004	4.36790636065578
chr7:126796414-126796915	LumB	1.00488180505142	3.02788478021478e-06	2.92570956311838	2.50906374435195	3.24237283829116	2.81591916923425	3.39823037202139
chr11:118818412-118818913	LumB	1.00463743503419	0.000271805579756728	2.80617349059968	2.76753327195605	3.26270050257356	3.81144753843697	3.69219240066544
chr5:19885406-19885907	LumB	1.00458888918567	2.58779890046259e-05	3.01720630565369	2.63711438458855	3.2329555124235	3.47894485807221	3.92597067326862
chr7:17664226-17664727	LumB	1.00449139781845	0.00104289340909359	3.08588345995712	3.02014299046993	4.16300881927165	4.43765393711894	4.18087692390213
chr8:117083534-117084035	LumB	1.00449032506964	3.07233463206407e-06	3.08799755088347	2.88653072557448	3.64887517459132	3.86511907591395	4.0828717872232
chr10:22152731-22153232	LumB	1.00445261571644	1.14259276034878e-05	2.52545315359586	2.48938204219888	3.50672838247593	3.36571091245119	3.44224381895921
chr2:85549037-85549538	LumB	1.00438636506764	9.08042198538572e-05	4.89457879576964	4.79940937533368	6.3943133363886	5.3564153450036	5.91293805730175
chr17:39577655-39578156	LumB	1.00433624882955	1.50572841228813e-05	3.29550365821917	3.14180896639027	4.81651649148819	3.30006758540275	3.79811330806699
chr17:78210057-78210558	LumB	1.00425017706624	2.8157480449527e-10	3.61418588602623	3.4920179504041	4.26698183534188	4.36896607789169	4.56702906576215
chr3:123154827-123155328	LumB	1.0042221821288	2.01656914817895e-07	3.81560364615821	3.48028309255946	5.26452448464498	4.48394780893634	4.77227980552882
chr20:43387011-43387512	LumB	1.00392933815902	4.85730252677929e-05	2.51173002123479	2.07222688920114	3.52392539584981	3.46881119828347	3.59997736756149
chr8:133634462-133634963	LumB	1.00389498861861	8.54435584301768e-06	3.49113040981073	4.16616750981647	3.88155982897844	3.98964682364149	4.38803637536245
chr4:40203292-40203793	LumB	1.0038444258642	1.34495722092771e-06	3.56108222490024	3.35708618601779	4.40279167080742	4.61354887166033	4.7015335508832
chr8:37704889-37705390	LumB	1.00382235742453	2.54979068518434e-06	2.65261811750219	2.44093707149418	2.70026824515734	2.93955144448862	3.36173568164772
chr5:35231711-35232212	LumB	1.00375813221966	2.21321827979171e-06	3.4724934208441	4.01170234348587	4.38687389731856	4.04383361880386	4.51678965024887
chr1:151835041-151835542	LumB	1.00344354467023	1.04372734737157e-07	4.66156725895619	5.16745236351882	5.2503324177346	5.52804131188461	5.53038988955592
chr15:75015088-75015589	LumB	1.00322857318935	4.68258482066355e-05	3.78344117025969	3.30819568968815	4.19891791648701	4.95218309948523	4.88997196938257
chr20:56670587-56671088	LumB	1.0032219148125	8.69930212256437e-06	2.96183348218592	3.55981412736482	3.44121996629989	3.34980455601043	3.80307106196591
chr18:14745053-14745554	LumB	1.00298489140053	1.20314378680658e-05	2.53442484207223	2.40985467028017	2.96563609558313	2.9465798538239	3.06904588636317
chr17:39814382-39814883	LumB	1.00292954504174	4.54234349549522e-05	3.27758253692344	3.43853936493043	5.34998968308522	3.24014109699293	4.18428673618611
chr1:41659379-41659880	LumB	1.00283461509102	1.02553306445913e-06	3.60507676330924	3.85945272801418	4.26471780459823	4.3777564462601	4.41514719208731
chr19:13749851-13750352	LumB	1.00279421186723	5.78620880453518e-13	4.30707155848265	4.66101771796782	4.54939515266528	4.99930313088442	5.18360853186964
chr13:64793083-64793584	LumB	1.00277502573301	1.19037863856186e-06	2.94336494167409	2.54436861710861	2.59734700309877	3.14080799983889	3.32875543272687
chr8:57235869-57236370	LumB	1.00269821325086	4.62032335487278e-05	2.82140841360363	2.69305181882677	3.28530471113075	3.89398232396591	3.56144208012937
chr16:85015732-85016233	LumB	1.00230652901294	0.000130953589141434	4.46048279248134	4.36319467620694	5.21536174829814	5.63143321171159	5.71843051197516
chr10:9926151-9926652	LumB	1.00222727116586	0.00420442744581849	2.08026660790027	2.16207458583949	3.27385644218428	3.83457281440528	3.04548670659629
chr11:60369760-60370261	LumB	1.00205198559991	4.03431092080993e-06	3.36783647267879	2.48667435260857	4.49861232425477	4.67858916328476	4.46991541714848
chr10:37480354-37480855	LumB	1.00201123801282	6.14246602627422e-05	3.08036504368461	3.10196428978318	4.06040943740278	4.37003724336118	3.98283767256171
chr4:122946116-122946617	LumB	1.00185645076685	0.000251100059699737	3.08683965364633	2.56423567135315	3.08607867848928	3.97158422586814	4.13256667106004
chr8:101582656-101583157	LumB	1.00179664484228	0.000711878059550851	3.91037413966931	4.32045426814754	5.60687766513086	4.81964055540164	5.19166235524376
chr8:95144151-95144652	LumB	1.00161323927212	5.61433466059419e-07	3.51700184800983	3.50750536620503	4.17201920642242	4.20739931047361	4.47256208841218
chr2:79265846-79266347	LumB	1.00155684278303	0.00920195316501586	2.92830870928202	2.72855711400151	4.69787901018413	3.37985773433463	3.69514091657779
chr10:77972158-77972659	LumB	1.00119526906956	2.34956195516415e-07	3.97782716379975	3.95646813175185	4.4297670152922	4.9835378210471	4.92981127076768
chr21:40316854-40317355	LumB	1.00114509922505	9.9072554686368e-07	2.51335398650332	2.13587050188704	2.75907257816669	2.81375201314648	3.2384032834837
chr21:39316609-39317110	LumB	1.00094313082755	1.23236547494003e-11	4.41460731947738	4.5344924700932	5.28055727319837	5.06842208108293	5.34045949553519
chr1:233022205-233022706	LumB	1.00084620979533	3.28049878085321e-08	3.64613666883401	4.54809398061523	4.4763904059202	4.30373910480426	4.43507127471162
chr12:96255936-96256437	LumB	1.00055983021102	4.40089663325802e-14	3.97364641412507	3.83475502817457	4.2269930253771	4.40489670636958	4.71553847399787
chr17:35590204-35590705	LumB	1.00055133838163	2.17462925046805e-08	4.08226288688877	4.17889813459155	5.24951866203921	4.86745608538707	5.09945041575324
chr18:36833653-36834154	LumB	1.00047133655241	0.000149490193646001	3.32144953259989	3.08605530884016	4.55330074973044	4.14603449031069	4.38407031470232
chr11:126095708-126096209	LumB	1.00046882475756	1.59401329928707e-05	3.29117883745532	2.61830942638517	3.96401396989047	4.67416551999673	4.2896978150459
chr7:39883559-39884060	LumB	1.00038236179689	0.00189715828766431	2.56248222877765	2.72250323610585	5.23725843469663	4.06627148456355	3.74289181651204
chr2:99999879-100000380	LumB	1.00029127656715	0.000487519434443962	3.13912543502555	2.36849156478395	3.41577343395096	4.29611548268158	4.28450822759593
chr8:125449241-125449742	LumB	1.00024679357333	4.89654799161111e-09	3.50107432830155	3.76206265937529	4.07718889861668	4.03215894246345	4.42849437407465
chr12:64623187-64623688	LumB	1.00021018952162	3.98394904382453e-06	3.80032680008166	3.20253346812744	4.51253629763696	4.36891057708754	4.8475175918162
chr2:154833717-154834218	LumB	1.00016094212215	9.73050494713605e-05	2.93435403662747	2.41009148037622	3.64801113486195	3.66836799180633	4.03383437785021
chr2:241352144-241352645	LumB	1.00008922797089	0.000149503416970582	5.13726367117753	4.07204521396698	6.15621057589313	6.08950271039464	6.27448426816219
chr12:39911714-39912215	LumB	1.000036785501	0.000266195120582284	3.46521014164494	3.49494152092962	5.37263190437227	4.8939641204036	4.79207184875752
chr12:3215942-3216443	LumB	1.00000595751344	2.79971339263181e-06	4.28739842838639	4.6032926256448	5.99241131905777	5.51160522183474	5.45527996392506
